pincode,city,state,pickup,delivery,zone
100100,CONNAUGHT PLACE,DELHI,N,N,d
110000,Delhi Ncr,Delhi,Y,Y,d
110001,Delhi,Delhi,Y,Y,d
110002,Delhi,Delhi,Y,Y,d
110003,Delhi,Delhi,Y,Y,d
110004,Delhi,Delhi,Y,Y,d
110005,Delhi,Delhi,Y,Y,d
110006,Delhi,Delhi,Y,Y,d
110007,Delhi,Delhi,Y,Y,d
110008,Delhi,Delhi,Y,Y,d
110009,Delhi,Delhi,Y,Y,d
110010,Delhi,Delhi,Y,Y,d
110011,Delhi,Delhi,Y,Y,d
110012,Delhi,Delhi,Y,Y,d
110013,Delhi,Delhi,Y,Y,d
110014,Delhi,Delhi,Y,Y,d
110015,Delhi,Delhi,Y,Y,d
110016,Delhi,Delhi,Y,Y,d
110017,Delhi,Delhi,Y,Y,d
110018,Delhi,Delhi,Y,Y,d
110019,Delhi,Delhi,Y,Y,d
110020,Delhi,Delhi,Y,Y,d
110021,Delhi,Delhi,Y,Y,d
110022,Delhi,Delhi,Y,Y,d
110023,Delhi,Delhi,Y,Y,d
110024,Delhi,Delhi,Y,Y,d
110025,Delhi,Delhi,Y,Y,d
110026,Delhi,Delhi,Y,Y,d
110027,Delhi,Delhi,Y,Y,d
110028,Delhi,Delhi,Y,Y,d
110029,Delhi,Delhi,Y,Y,d
110030,Delhi,Delhi,Y,Y,d
110031,Delhi,Delhi,Y,Y,d
110032,Delhi,Delhi,Y,Y,d
110033,Delhi,Delhi,Y,Y,d
110034,Delhi,Delhi,Y,Y,d
110035,Delhi,Delhi,Y,Y,d
110036,Delhi,Delhi,Y,Y,d
110037,Delhi,Delhi,Y,Y,d
110038,Delhi,Delhi,Y,Y,d
110039,Delhi,Delhi,Y,Y,d
110040,Delhi,Delhi,Y,Y,d
110041,Delhi,Delhi,Y,Y,d
110042,Delhi,Delhi,Y,Y,d
110043,Delhi,Delhi,Y,Y,d
110044,Delhi,Delhi,Y,Y,d
110045,Delhi,Delhi,Y,Y,d
110046,Delhi,Delhi,Y,Y,d
110047,Delhi,Delhi,Y,Y,d
110048,Delhi,Delhi,Y,Y,d
110049,Delhi,Delhi,Y,Y,d
110050,Delhi,Delhi,Y,Y,d
110051,Delhi,Delhi,Y,Y,d
110052,Delhi,Delhi,Y,Y,d
110053,Delhi,Delhi,Y,Y,d
110054,Delhi,Delhi,Y,Y,d
110055,Delhi,Delhi,Y,Y,d
110056,Delhi,Delhi,Y,Y,d
110057,Delhi,Delhi,Y,Y,d
110058,Delhi,Delhi,Y,Y,d
110059,Delhi,Delhi,Y,Y,d
110060,Delhi,Delhi,Y,Y,d
110061,Delhi,Delhi,Y,Y,d
110062,Delhi,Delhi,Y,Y,d
110063,Delhi,Delhi,Y,Y,d
110064,Delhi,Delhi,Y,Y,d
110065,Delhi,Delhi,Y,Y,d
110066,Delhi,Delhi,Y,Y,d
110067,Delhi,Delhi,Y,Y,d
110068,Delhi,Delhi,Y,Y,d
110069,Delhi,Delhi,Y,Y,d
110070,Delhi,Delhi,Y,Y,d
110071,Delhi,Delhi,Y,Y,d
110072,Delhi,Delhi,Y,Y,d
110073,Delhi,Delhi,Y,Y,d
110074,Delhi,Delhi,Y,Y,d
110075,Delhi,Delhi,Y,Y,d
110076,Delhi,Delhi,Y,Y,d
110077,Delhi,Delhi,Y,Y,d
110078,Delhi,Delhi,Y,Y,d
110079,Delhi,Delhi,Y,Y,d
110080,Delhi,Delhi,Y,Y,d
110081,Delhi,Delhi,Y,Y,d
110082,Delhi,Delhi,Y,Y,d
110083,Delhi,Delhi,Y,Y,d
110084,Delhi,Delhi,Y,Y,d
110085,Delhi,Delhi,Y,Y,d
110086,Delhi,Delhi,Y,Y,d
110087,Delhi,Delhi,Y,Y,d
110088,Delhi,Delhi,Y,Y,d
110089,Delhi,Delhi,Y,Y,d
110090,Delhi,Delhi,Y,Y,d
110091,Delhi,Delhi,Y,Y,d
110092,Delhi,Delhi,Y,Y,d
110093,Delhi,Delhi,Y,Y,d
110094,Delhi,Delhi,Y,Y,d
110095,Delhi,Delhi,Y,Y,d
110096,Delhi,Delhi,Y,Y,d
110097,Delhi,Delhi,Y,Y,d
110098,Delhi,Delhi,Y,Y,d
110099,Rohini Sector 23,Delhi,Y,Y,d
110100,Delhi,Delhi,Y,Y,d
110101,Delhi,Delhi,Y,Y,d
110102,Delhi,Delhi,Y,Y,d
110103,Delhi,Delhi,Y,Y,d
110104,Delhi,Delhi,Y,Y,d
110105,Delhi,Delhi,Y,Y,d
110106,Delhi,Delhi,Y,Y,d
110107,Delhi,Delhi,Y,Y,d
110108,Delhi,Delhi,Y,Y,d
110109,Delhi,Delhi,Y,Y,d
110110,Delhi,Delhi,Y,Y,d
110112,Delhi,Delhi,Y,Y,d
110113,Delhi,Delhi,Y,Y,d
110114,Delhi,Delhi,Y,Y,d
110115,NEW DELHI,Delhi,Y,Y,d
110116,Delhi,Delhi,Y,Y,d
110117,Delhi,Delhi,Y,Y,d
110118,NEW DELHI,Delhi,Y,Y,d
110119,Delhi,Delhi,Y,Y,d
110120,Delhi,Delhi,Y,Y,d
110121,Delhi,Delhi,Y,Y,d
110122,Delhi,Delhi,Y,Y,d
110124,Delhi,Delhi,Y,Y,d
110125,Delhi,Delhi,Y,Y,d
110151,Azad Nagar,Delhi,N,N,d
110200,Delhi,Delhi,N,N,d
110201,Delhi,Delhi,N,N,d
110202,Delhi,Delhi,N,N,d
110203,Delhi,Delhi,N,N,d
110204,Delhi,Delhi,N,N,d
110205,Delhi,Delhi,N,N,d
110206,Delhi,Delhi,N,N,d
110207,Delhi,Delhi,N,N,d
110208,Delhi,Delhi,N,N,d
110301,Delhi,Delhi,Y,Y,d
110302,Delhi,Delhi,Y,Y,d
110401,Delhi,Delhi,Y,Y,d
110402,Delhi,Delhi,Y,Y,d
110403,Delhi,Delhi,Y,Y,d
110501,Delhi,Delhi,Y,Y,d
110502,Delhi,Delhi,Y,Y,d
110503,Delhi,Delhi,Y,Y,d
110504,Delhi,Delhi,Y,Y,d
110505,Delhi,Delhi,Y,Y,d
110506,Delhi,Delhi,Y,Y,d
110507,Delhi,Delhi,Y,Y,d
110508,Delhi,Delhi,Y,Y,d
110509,Delhi,Delhi,Y,Y,d
110510,Delhi,Delhi,Y,Y,d
110511,Delhi,Delhi,Y,Y,d
110512,Delhi,Delhi,Y,Y,d
110601,Delhi,Delhi,Y,Y,d
110602,Delhi,Delhi,Y,Y,d
110603,Delhi,Delhi,Y,Y,d
110604,Delhi,Delhi,Y,Y,d
110605,Delhi,Delhi,Y,Y,d
110606,Delhi,Delhi,Y,Y,d
110607,NEW DELHI,Delhi,Y,Y,d
110608,Delhi,Delhi,Y,Y,d
110609,Delhi,Delhi,Y,Y,d
110610,Delhi,Delhi,N,N,d
110611,Delhi,Delhi,N,N,d
111000,Delhi Ncr,Delhi,Y,Y,d
111001,Delhi,Delhi,N,N,d
111100,Delhi Ncr,Delhi,Y,Y,d
111105,Delhi,Delhi,N,N,d
111110,Delhi Ncr,Delhi,Y,Y,d
111111,Delhi NCR,Delhi,Y,Y,d
111112,Delhi,Delhi,Y,Y,d
111113,Delhi,Delhi,N,N,d
111114,Delhi,Delhi,N,N,d
111119,Delhi,Delhi,N,N,d
111120,Delhi,Delhi,Y,Y,d
111121,Delhi,Delhi,N,N,d
111123,New Delhi,Delhi,N,Y,d
114145,Vijaypur,Jammu And Kashmir,Y,Y,e
116019,Delhi,Delhi,N,N,d
119199,Delhi,Delhi,N,N,d
120001,Faridabad,Haryana,N,Y,d
120002,Gurgaon,Haryana,N,Y,d
120004,FARIDABAD,HARYANA,N,N,d
121000,Faridabad,Haryana,Y,Y,d
121001,Faridabad,Haryana,Y,Y,d
121002,Faridabad,Haryana,Y,Y,d
121003,Faridabad,Haryana,Y,Y,d
121004,Faridabad,Haryana,Y,Y,d
121005,Faridabad,Haryana,Y,Y,d
121006,Faridabad,Haryana,Y,Y,d
121007,Faridabad,Haryana,Y,Y,d
121008,Faridabad,Haryana,Y,Y,d
121009,Faridabad,Haryana,Y,Y,d
121010,Faridabad,Haryana,Y,Y,d
121011,Faridabad,Haryana,Y,Y,d
121012,Faridabad,Haryana,Y,Y,d
121013,Faridabad,Haryana,Y,Y,d
121014,Faridabad,Haryana,Y,Y,d
121015,Faridabad,Haryana,Y,Y,d
121101,Faridabad,Haryana,Y,Y,d
121102,Palwal,Haryana,Y,Y,d
121103,Palwal,Haryana,Y,Y,d
121104,Nuh,Haryana,Y,Y,d
121105,Palwal,Haryana,Y,Y,d
121106,Hodal,Haryana,Y,Y,d
121107,Hodal,Haryana,Y,Y,d
121206,Delhi Ncr,Delhi,Y,Y,d
121705,Mau,Uttar Pradesh,Y,Y,d
122000,Gurgaon,Haryana,Y,Y,d
122001,Gurgaon,Haryana,Y,Y,d
122002,Gurgaon,Haryana,Y,Y,d
122003,Gurgaon,Haryana,Y,Y,d
122004,Gurgaon,Haryana,Y,Y,d
122005,Gurgaon,Haryana,Y,Y,d
122006,Gurgaon,Haryana,Y,Y,d
122007,Gurgaon,Haryana,Y,Y,d
122008,Gurgaon,Haryana,Y,Y,d
122009,Gurgaon,Haryana,Y,Y,d
122010,Gurgaon,Haryana,Y,Y,d
122011,Gurgaon,Haryana,Y,Y,d
122012,Gurgaon,Haryana,Y,Y,d
122013,Gurgaon,Haryana,Y,Y,d
122014,Gurgaon,Haryana,Y,Y,d
122015,Gurgaon,Haryana,Y,Y,d
122016,Gurgaon,Haryana,Y,Y,d
122017,Gurgaon,Haryana,Y,Y,d
122018,Gurgaon,Haryana,Y,Y,d
122019,Gurgaon,Haryana,Y,Y,d
122020,Gurgaon,Haryana,Y,Y,d
122021,Gurgaon,Haryana,Y,Y,d
122022,Gurgaon,Haryana,Y,Y,d
122023,Gurgaon,Haryana,N,N,d
122024,Gurgaon,Haryana,N,N,d
122025,Gurgaon,Haryana,N,N,d
122026,Gurgaon,Haryana,N,N,d
122027,Gurgaon,Haryana,N,N,d
122028,Gurgaon,Haryana,N,N,d
122029,Gurgaon,Haryana,N,N,d
122030,Gurgaon,Haryana,N,N,d
122031,Gurgaon,Haryana,N,N,d
122032,Gurgaon,Haryana,N,N,d
122033,Gurgaon,Haryana,N,N,d
122050,Gurgaon,Haryana,Y,Y,d
122051,Gurgaon,Haryana,Y,Y,d
122052,Gurgaon,Haryana,Y,Y,d
122053,Delhi Ncr,Delhi,Y,Y,d
122054,Delhi Ncr,Delhi,N,Y,d
122055,Gurgaon,Haryana,Y,Y,d
122098,Gurgaon,Haryana,Y,Y,d
122100,Bhiwadi,Rajasthan,Y,Y,d
122101,Gurgaon,Haryana,Y,Y,d
122102,Gurgaon,Haryana,Y,Y,d
122103,Sohna,Haryana,Y,Y,d
122104,Nuh,Haryana,Y,Y,d
122105,Sohna,Haryana,Y,Y,d
122106,Bhiwadi,Rajasthan,Y,Y,d
122107,Nuh,Haryana,Y,Y,d
122108,Nuh,Haryana,Y,Y,d
122109,Gurgaon,Haryana,Y,Y,d
122110,Bhiwadi,Rajasthan,Y,Y,d
122203,Gurgaon,Haryana,Y,Y,d
122204,Gurgaon,Haryana,Y,Y,d
122206,Gurgaon,Haryana,Y,Y,d
122207,Gurgaon,Haryana,Y,Y,d
122208,Gurgaon,Haryana,Y,Y,d
122209,Gurgaon,Haryana,Y,Y,d
122210,Gurgaon,Haryana,Y,Y,d
122211,Gurgaon,Haryana,Y,Y,d
122213,Gurgaon,Haryana,Y,Y,d
122214,Delhi,Delhi,Y,Y,d
122215,Gurgaon,Haryana,Y,Y,d
122216,Gurgaon,Haryana,Y,Y,d
122217,Gurgaon,Haryana,Y,Y,d
122218,Gurgaon,Haryana,Y,Y,d
122219,Gurgaon,Haryana,Y,Y,d
122220,Gurgaon,Haryana,Y,Y,d
122223,Delhi,Delhi,Y,Y,d
122224,Gurgaon,Haryana,Y,Y,d
122225,Gurgaon,Haryana,Y,Y,d
122226,Delhi,Delhi,Y,Y,d
122227,Gurgaon,Haryana,Y,Y,d
122228,Delhi,Delhi,Y,Y,d
122229,Delhi,Delhi,Y,Y,d
122230,Delhi,Delhi,Y,Y,d
122231,Gurgaon,Haryana,Y,Y,d
122232,Gurgaon,Haryana,Y,Y,d
122233,Gurgaon,Haryana,Y,Y,d
122234,Delhi,Delhi,Y,Y,d
122413,Pataudi,Haryana,Y,Y,d
122414,Pataudi,Haryana,Y,Y,d
122502,Bhiwadi,Haryana,Y,Y,d
122503,Pataudi,Haryana,Y,Y,d
122504,Bilaspur-Hr,Haryana,Y,Y,d
122505,Gurgaon,Haryana,Y,Y,d
122506,Pataudi,Haryana,Y,Y,d
122508,Hodal,Haryana,Y,Y,d
123001,Narnaul,Haryana,Y,Y,d
123003,Bilaspur-Hr,Haryana,Y,Y,d
123020,Narnaul,Haryana,N,N,d
123021,Narnaul,Haryana,Y,Y,d
123023,Narnaul,Haryana,Y,Y,d
123024,Loharu,Haryana,Y,Y,d
123025,Mahendargarh,Haryana,N,N,d
123026,Mahendargarh,Haryana,N,N,d
123027,Mahendragarh-HR,Haryana,Y,Y,d
123028,Narnaul,Haryana,Y,Y,d
123029,Mahendragarh-HR,Haryana,Y,Y,d
123031,Mahendragarh-Hr,Haryana,Y,Y,d
123034,Mahendragarh-HR,Haryana,Y,Y,d
123035,Rewari,Haryana,Y,Y,d
123101,Rewari,Haryana,Y,Y,d
123102,Rewari,Haryana,Y,Y,d
123103,Rewari,Haryana,Y,Y,d
123106,Bhiwadi,Rajasthan,Y,Y,d
123110,Bhiwadi,Rajasthan,Y,Y,d
123301,Rewari,Haryana,Y,Y,d
123302,Rewari,Haryana,Y,Y,d
123303,Rewari,Haryana,Y,Y,d
123304,KOSLI,Haryana,N,N,d
123305,Rewari,Haryana,Y,Y,d
123401,Rewari,Haryana,Y,Y,d
123402,Rewari,Haryana,N,Y,d
123411,Rewari,Haryana,Y,Y,d
123412,Rewari,Haryana,Y,Y,d
123413,Pataudi,Haryana,Y,Y,d
123414,Rewari,Haryana,Y,Y,d
123456,Delhi,Delhi,N,N,d
123501,Rewari,Haryana,Y,Y,d
123502,Bhiwadi,Haryana,Y,Y,d
123503,Bilaspur-Hr,Haryana,Y,Y,d
123504,Bilaspur-Hr,Haryana,Y,Y,d
123505,Gurgaon,Haryana,Y,Y,d
123506,Pataudi,Haryana,Y,Y,d
123507,Gurgaon,Haryana,Y,Y,d
123508,Bilaspur-Hr,Haryana,Y,Y,d
124001,Rohtak,Haryana,Y,Y,d
124002,Rohtak,Haryana,Y,Y,d
124003,Rohtak,Haryana,Y,Y,d
124004,Rohtak,Haryana,Y,Y,d
124005,Rohtak,Haryana,Y,Y,d
124006,Rohtak,Haryana,Y,Y,d
124007,Rohtak,Haryana,Y,Y,d
124008,Rohtak,Haryana,Y,Y,d
124009,Rohtak,Haryana,Y,Y,d
124010,Rohtak,Haryana,Y,Y,d
124021,Rohtak,Haryana,Y,Y,d
124022,Meham,Haryana,Y,Y,d
124023,Maham,Haryana,N,N,d
124024,Maham,Haryana,N,N,d
124025,Rohtak,Haryana,N,N,d
124026,Rohtak,Haryana,N,N,d
124027,Rohtak,Haryana,N,N,d
124028,Rohtak,Haryana,N,N,d
124029,Rohtak,Haryana,N,N,d
124030,Rohtak,Haryana,N,N,d
124031,Rohtak,Haryana,N,N,d
124101,Jhajjar,Haryana,Y,Y,d
124102,Jhajjar,Haryana,Y,Y,d
124103,Jhajjar,Haryana,Y,Y,d
124104,Jhajjar,Haryana,Y,Y,d
124105,Jhajjar,Haryana,Y,Y,d
124106,Charkhi Dadri,Haryana,Y,Y,d
124107,Jhajjar,Haryana,Y,Y,d
124108,Pataudi,Haryana,Y,Y,d
124109,Jhajjar,Haryana,Y,Y,d
124110,Maham,Haryana,N,N,d
124111,Meham,Haryana,Y,Y,d
124112,Meham,Haryana,Y,Y,d
124113,Rohtak,Haryana,Y,Y,d
124114,Rohtak,Haryana,N,N,d
124122,Bahadurgarh,Haryana,N,N,d
124127,Meham,Haryana,Y,Y,d
124129,Meham,Haryana,N,Y,d
124139,Jhajjar,Haryana,Y,Y,d
124141,Charkhi Dadri,Haryana,Y,Y,d
124142,Chirya,Haryana,Y,Y,d
124146,Rewari,Haryana,Y,Y,d
124201,Jhajjar,Haryana,Y,Y,d
124202,Jhajjar,Haryana,Y,Y,d
124203,Jhajjar,Haryana,Y,Y,d
124204,Kalanaur,Haryana,N,N,d
124301,Rohtak,Haryana,N,N,d
124302,Rohtak,Haryana,N,N,d
124303,Rohtak,Haryana,Y,Y,d
124304,Rohtak,Haryana,N,N,d
124305,Rohtak,Haryana,N,N,d
124401,Rohtak,Haryana,Y,Y,d
124402,Rohtak,Haryana,N,N,d
124404,Sonipat,Haryana,Y,Y,d
124405,Bahadurgarh,Haryana,N,N,d
124406,Rohtak,Haryana,Y,Y,d
124407,Bahadurgarh,Haryana,N,N,d
124408,Bahadurgarh,Haryana,N,N,d
124409,Rohtak,Haryana,N,N,d
124410,Rohtak,Haryana,N,N,d
124411,Rohtak,Haryana,Y,Y,d
124412,Rohtak,Haryana,Y,Y,d
124416,Rohtak,Haryana,Y,Y,d
124419,Rtk,Haryana,N,N,d
124426,Rtk,Haryana,N,N,d
124500,Bahadurgarh,Haryana,N,N,d
124501,Sonipat,Haryana,Y,Y,d
124502,Bahadurgarh,Haryana,N,N,d
124504,Jhajjar,Haryana,Y,Y,d
124505,Bahadurgarh,Haryana,Y,Y,d
124506,Bahadurgarh,Haryana,Y,Y,d
124507,Bahadurgarh,Haryana,Y,Y,d
124508,Bahadurgarh,Haryana,Y,Y,d
124509,Bahadurgarh,Haryana,N,N,d
124510,Bahadurgarh,Haryana,N,N,d
124512,Bahadurgarh,Haryana,Y,Y,d
124513,Meham,Haryana,Y,Y,d
124514,Meham,Haryana,Y,Y,d
124515,MAHAM,Haryana,N,N,d
124516,Maham,Haryana,N,N,d
124517,Sonipat,Haryana,Y,Y,d
124520,Rtk,Haryana,N,N,d
124524,Julana,Haryana,N,N,d
124599,Delhi,Delhi,N,N,d
125000,Hissar,Haryana,N,N,d
125001,Hisar,Haryana,Y,Y,d
125002,Hisar,Haryana,Y,Y,d
125003,Hisar,Haryana,Y,Y,d
125004,Hisar,Haryana,Y,Y,d
125005,Hisar,Haryana,Y,Y,d
125006,Hisar,Haryana,Y,Y,d
125007,Hisar,Haryana,Y,Y,d
125008,Hissar,Haryana,N,N,d
125009,Hissar,Haryana,N,N,d
125011,Hisar,Haryana,Y,Y,d
125012,HISAR,Haryana,N,N,d
125021,Bhiwani,Haryana,Y,Y,d
125030,Hissar,Haryana,N,N,d
125031,Hansi,Haryana,N,N,d
125032,Hansi,Haryana,N,N,d
125033,Hansi,Haryana,Y,Y,d
125034,Hansi,Haryana,Y,Y,d
125035,Hansi,Haryana,N,N,d
125036,Hissar,Haryana,N,N,d
125037,Hansi,Haryana,Y,Y,d
125038,Jind,Haryana,Y,Y,d
125039,Jind,Haryana,Y,Y,d
125040,Hissar,Haryana,N,N,d
125041,Meham,Haryana,N,Y,d
125042,Meham,Haryana,Y,Y,d
125043,Bhuna,Haryana,Y,Y,d
125044,Hisar,Haryana,Y,Y,d
125045,Hissar,Haryana,N,N,d
125046,Hissar,Haryana,N,N,d
125047,Agroha,Haryana,Y,Y,d
125048,Fatehabad,Haryana,Y,Y,d
125049,Hansi,Haryana,Y,Y,d
125050,Fatehabad,Haryana,Y,Y,d
125051,Ratia,Haryana,Y,Y,d
125052,Agroha,Haryana,Y,Y,d
125053,Fatehabad,Haryana,Y,Y,d
125054,Sirsa,Haryana,Y,Y,d
125055,Sirsa,Haryana,Y,Y,d
125056,Sirsa,Haryana,Y,Y,d
125057,Sirsa,Haryana,N,N,d
125058,Fatehabad,Haryana,Y,Y,d
125060,Sirsa,Haryana,Y,Y,d
125061,SIRSA,Haryana,N,N,d
125062,Sirsa,Haryana,N,N,d
125075,Ellenabad,Haryana,Y,Y,d
125076,Sirsa,Haryana,Y,Y,d
125077,Kalanwali,Haryana,Y,Y,d
125078,Kalanwali,Haryana,Y,Y,d
125079,Fatehabad,Haryana,N,N,d
125080,Fatehabad,Haryana,N,N,d
125087,Hissar,Haryana,N,N,d
125101,Sangaria,Rajasthan,Y,Y,d
125102,Ellenabad,Haryana,Y,Y,d
125103,Sirsa,Haryana,Y,Y,d
125104,Mandi Dabwali,Haryana,Y,Y,d
125105,Bhuna,Haryana,N,N,d
125106,Ratia,Haryana,Y,Y,d
125108,Sirsa,Haryana,N,N,d
125109,Sirsa,Haryana,N,N,d
125110,Sirsa,Haryana,Y,Y,d
125111,Bhuna,Haryana,Y,Y,d
125112,Fatehabad,Haryana,Y,Y,d
125113,Bhuna,Haryana,Y,Y,d
125119,Hissar,Haryana,N,N,d
125120,Bhuna,Haryana,Y,Y,d
125121,Barwala,Haryana,Y,Y,d
125122,Fatehabad,Haryana,Y,Y,d
125123,Barwala,Haryana,N,N,d
125125,Tohana,Haryana,N,Y,d
125133,Ratia,Haryana,Y,Y,d
125201,Kalanwali,Haryana,Y,Y,d
125202,Rania,Haryana,N,N,d
126001,Tohana,Haryana,Y,Y,d
126006,Hissar,Haryana,N,N,d
126007,Hissar,Haryana,N,N,d
126008,Fatehabad,Haryana,N,N,d
126009,Hissar,Haryana,N,N,d
126010,Hissar,Haryana,N,N,d
126011,Hissar,Haryana,N,N,d
126013,Hissar,Haryana,N,N,d
126014,Hissar,Haryana,N,N,d
126015,Hissar,Haryana,N,N,d
126025,Hissar,Haryana,N,N,d
126027,Hissar,Haryana,N,N,d
126101,Meham,Haryana,Y,Y,d
126102,Jind,Haryana,Y,Y,d
126103,Jind,Haryana,N,Y,d
126104,Jind,Haryana,N,Y,d
126105,Jind,Haryana,N,N,d
126107,Jind,Haryana,N,N,d
126110,Jind,Haryana,Y,Y,d
126111,Assandh,Haryana,Y,Y,d
126112,Safidon,Haryana,Y,Y,d
126113,Jind,Haryana,Y,Y,d
126114,Jind,Haryana,Y,Y,d
126115,Jind,Haryana,Y,Y,d
126116,Narwana,Haryana,Y,Y,d
126125,Jind,Haryana,Y,Y,d
126126,Narwana,Haryana,N,Y,d
126127,Narwana,Haryana,N,Y,d
126128,Narwana,Haryana,N,Y,d
126152,Jind,Haryana,Y,Y,d
126153,Narwana,Haryana,N,N,d
127020,Bhiwani,Haryana,Y,Y,d
127021,Bhiwani,Haryana,Y,Y,d
127022,Chirya,Haryana,Y,Y,d
127025,Charkhi Dadri,Haryana,Y,Y,d
127026,Charkhi Dadri,Haryana,Y,Y,d
127027,Meham,Haryana,Y,Y,d
127028,Bahal,Haryana,Y,Y,d
127029,Bahal,Haryana,Y,Y,d
127030,Loharu,Haryana,Y,Y,d
127031,Bhiwani,Haryana,Y,Y,d
127032,Bhiwani,Haryana,Y,Y,d
127035,Hansi,Haryana,Y,Y,d
127040,Siwani,Haryana,Y,Y,d
127041,Meham,Haryana,Y,Y,d
127042,Charkhi Dadri,Haryana,Y,Y,d
127043,Siwani,Haryana,Y,Y,d
127045,Siwani,Haryana,Y,Y,d
127046,Siwani,Haryana,Y,Y,d
127110,Charkhi Dadri,Haryana,Y,Y,d
127111,Bhiwani,Haryana,Y,Y,d
127114,Bhiwani,Haryana,Y,Y,d
127201,Loharu,Haryana,Y,Y,d
127306,Charkhi Dadri,Haryana,Y,Y,d
127307,Charkhi Dadri,Haryana,Y,Y,d
127308,Loharu,Haryana,Y,Y,d
127309,Bhiwani,Haryana,Y,Y,d
127310,Charkhi Dadri,Haryana,Y,Y,d
127311,Bhiwani,Haryana,Y,Y,d
127312,Charkhi Dadri,Haryana,Y,Y,d
130107,Panipat,Haryana,N,N,d
131000,Sonipat,Haryana,N,N,d
131001,Sonipat,Haryana,Y,Y,d
131002,Sonipat,Haryana,Y,Y,d
131003,Sonipat,Haryana,N,N,d
131010,Gohana,Haryana,N,N,d
131021,Sonipat,Haryana,Y,Y,d
131022,Sonipat,Haryana,Y,Y,d
131023,Sonipat,Haryana,Y,Y,d
131024,Sonipat,Haryana,Y,Y,d
131025,Sonipat,Haryana,N,N,d
131026,Sonipat,Haryana,N,N,d
131027,Sonipat,Haryana,Y,Y,d
131028,Sonipat,Haryana,Y,Y,d
131029,Sonipat,Haryana,Y,Y,d
131030,Sonipat,Haryana,Y,Y,d
131031,Sonipat,Haryana,N,N,d
131032,Sonipat,Haryana,N,N,d
131033,Sonipat,Haryana,N,N,d
131034,Sonipat,Haryana,N,N,d
131035,Sonipat,Haryana,N,N,d
131036,Sonipat,Haryana,N,N,d
131037,Sonipat,Haryana,N,N,d
131038,Panipat,Haryana,N,N,d
131039,Sonipat,Haryana,Y,Y,d
131040,Sonipat,Haryana,Y,Y,d
131101,Samalkha,Haryana,Y,Y,d
131102,Panipat,Haryana,Y,Y,d
131103,Sonipat,Haryana,Y,Y,d
131104,Sonipat,Haryana,N,N,d
131105,Sonipat,Haryana,N,N,d
131106,Sonipat,Haryana,N,N,d
131107,Sonipat,Haryana,N,N,d
131108,Sonipat,Haryana,N,N,d
131109,Sonipat,Haryana,N,N,d
131110,Sonipat,Haryana,N,N,d
131111,Sonipat,Haryana,N,N,d
131112,Sonipat,Haryana,N,N,d
131113,Sonipat,Haryana,N,N,d
131114,Sonipat,Haryana,N,N,d
131115,Sonipat,Haryana,N,N,d
131301,Gohana,Haryana,Y,Y,d
131302,Gohana,Haryana,Y,Y,d
131303,Gohana,Haryana,Y,Y,d
131304,Gohana,Haryana,Y,Y,d
131305,Gohana,Haryana,Y,Y,d
131306,Gohana,Haryana,Y,Y,d
131307,Gohana,Haryana,Y,Y,d
131309,Gohana,Haryana,Y,Y,d
131310,Gohana,Haryana,Y,Y,d
131402,Sonipat,Haryana,Y,Y,d
131403,Sonipat,Haryana,Y,Y,d
131407,Sonipat,Haryana,Y,Y,d
131408,Sonipat,Haryana,Y,Y,d
131409,Sonipat,Haryana,Y,Y,d
132000,Panipat,Haryana,Y,Y,d
132001,Karnal,Haryana,Y,Y,d
132002,KARNAL,Haryana,N,N,d
132004,Karnal,Haryana,N,N,d
132013,Panipat,Haryana,N,N,d
132018,Panipat,Haryana,N,N,d
132021,Sonepat,Haryana,N,N,d
132022,Karnal,Haryana,Y,Y,d
132023,Karnal,Haryana,Y,Y,d
132024,Karnal,Haryana,Y,Y,d
132025,Assandh,Haryana,Y,Y,d
132026,Kaithal,Haryana,Y,Y,d
132035,ASANDH,HR,N,N,d
132036,Karnal,Haryana,Y,Y,d
132037,Karnal,Haryana,Y,Y,d
132038,Asandh,Haryana,N,N,d
132039,Assandh,Haryana,Y,Y,d
132040,KARNAL,Haryana,Y,Y,d
132041,Karnal,Haryana,Y,Y,d
132042,Rohtak,Haryana,N,N,d
132043,Panipat,Haryana,N,N,d
132044,Assandh,Haryana,N,Y,d
132045,Asandh,Haryana,N,N,d
132046,Assandh,Haryana,Y,Y,d
132047,Panipat,Haryana,N,N,d
132048,Panipat,Haryana,N,N,d
132049,Panipat,Haryana,N,N,d
132053,Ladwa,Haryana,N,N,d
132054,Karnal,Haryana,Y,Y,d
132100,Panipat,Haryana,N,N,d
132101,Samalkha,Haryana,Y,Y,d
132102,Samalkha,Haryana,Y,Y,d
132103,Panipat,Haryana,Y,Y,d
132104,Panipat,Haryana,Y,Y,d
132105,Panipat,Haryana,Y,Y,d
132106,Panipat,Haryana,Y,Y,d
132107,Safidon,Haryana,Y,Y,d
132108,Panipat,Haryana,Y,Y,d
132109,Panipat,Haryana,N,N,d
132110,Panipat,Haryana,Y,Y,d
132111,Karnal,Haryana,N,Y,d
132112,Gharaunda,Haryana,N,Y,d
132113,Safidon,Haryana,Y,Y,d
132114,Karnal,Haryana,Y,Y,d
132115,Panipat,Haryana,Y,Y,d
132116,Karnal,Haryana,Y,Y,d
132117,Karnal,Haryana,Y,Y,d
132118,Kurukshetra,Haryana,Y,Y,d
132119,Kurukshetra,Haryana,N,Y,d
132120,Panipat,Haryana,N,N,d
132121,Panipat,Haryana,N,N,d
132122,Samalkha,Haryana,Y,Y,d
132123,Karnal,Haryana,N,Y,d
132125,Panipat,Haryana,N,N,d
132128,Panipat,Haryana,N,N,d
132129,Panipat,Haryana,N,N,d
132130,Panipat,Haryana,N,N,d
132131,Panipat,Haryana,N,N,d
132132,Panipat,Haryana,N,N,d
132133,Panipat,Haryana,N,N,d
132134,Panipat,Haryana,N,N,d
132135,Panipat,Haryana,N,N,d
132136,Panipat,Haryana,N,N,d
132137,Panipat,Haryana,N,N,d
132138,Panipat,Haryana,N,N,d
132139,Panipat,Haryana,N,N,d
132140,Panipat,Haryana,Y,Y,d
132141,Panipat,Haryana,N,N,d
132142,Panipat,Haryana,N,N,d
132143,Panipat,Haryana,N,N,d
132144,Panipat,Haryana,N,N,d
132145,Panipat,Haryana,Y,Y,d
132146,Panipat,Haryana,N,N,d
132147,Panipat,Haryana,N,N,d
132148,Panipat,Haryana,N,N,d
132149,Panipat,Haryana,N,N,d
132151,Panipat,Haryana,Y,Y,d
132152,Karnal,Haryana,N,Y,d
132157,Karnal,Haryana,Y,Y,d
133000,Ambala,Haryana,N,N,d
133001,Ambala,Haryana,Y,Y,d
133002,Ambala,Haryana,Y,Y,d
133003,Ambala,Haryana,Y,Y,d
133004,Ambala,Haryana,Y,Y,d
133005,Ambala,Haryana,Y,Y,d
133006,Ambala,Haryana,Y,Y,d
133007,Ambala,Haryana,Y,Y,d
133008,Ambala,Haryana,Y,Y,d
133010,Ambala,Haryana,Y,Y,d
133021,Ambala,Haryana,Y,Y,d
133101,Ambala,Haryana,Y,Y,d
133102,Ambala,Haryana,Y,Y,d
133103,Yamuna Nagar,Haryana,Y,Y,d
133104,Ambala,Haryana,Y,Y,d
133105,Yamuna Nagar,Haryana,Y,Y,d
133123,Rupahar,West Bengal,Y,Y,d
133201,Ambala,Haryana,Y,Y,d
133202,Ambala,Haryana,Y,Y,d
133203,Ambala,Haryana,Y,Y,d
133204,Yamuna Nagar,Haryana,Y,Y,d
133205,Ambala,Haryana,Y,Y,d
133206,Yamuna Nagar,Haryana,Y,Y,d
133207,Ambala,Haryana,Y,Y,d
133208,Ambala,Haryana,N,N,d
133301,Pinjore,Haryana,Y,Y,d
133302,Pinjore,Haryana,Y,Y,d
134000,Ambala,Haryana,N,N,d
134001,AMBALA,Haryana,Y,Y,d
134002,Ambala,Haryana,Y,Y,d
134003,Ambala,Haryana,Y,Y,d
134004,Ambala,Haryana,Y,Y,d
134005,Ambala,Haryana,Y,Y,d
134006,Ambala,Haryana,Y,Y,d
134007,Ambala,Haryana,Y,Y,d
134008,Ambala,Haryana,Y,Y,d
134009,PANCHKULA,Chandigarh,N,Y,d
134011,Ambala,Haryana,Y,Y,d
134012,Ambala,Haryana,Y,Y,d
134101,Pinjore,Haryana,Y,Y,d
134102,Pinjore,Haryana,Y,Y,d
134103,Panchkula,Haryana,Y,Y,d
134104,Pinjore,Haryana,Y,Y,d
134105,Pinjore,Haryana,Y,Y,d
134107,Pinjore,Haryana,Y,Y,d
134108,Panchkula,Haryana,Y,Y,d
134109,Panchkula,Haryana,Y,Y,d
134110,Zirakpur,Punjab,Y,Y,d
134111,Panchkula,Haryana,Y,Y,d
134112,Panchkula,Haryana,Y,Y,d
134113,Panchkula,Haryana,Y,Y,d
134114,Panchkula,Haryana,Y,Y,d
134115,Panchkula,Haryana,Y,Y,d
134116,Panchkula,Haryana,Y,Y,d
134117,Panchkula,Haryana,Y,Y,d
134118,Panchkula,Haryana,Y,Y,d
134119,Panchkula,Haryana,Y,Y,d
134120,Panchkula,Haryana,N,N,d
134121,Panchkula,Haryana,N,N,d
134122,Panchkula,Haryana,N,N,d
134123,Panchkula,Haryana,N,N,d
134124,Panchkula,Haryana,N,N,d
134126,Panchkula,Haryana,N,N,d
134151,Panchkula,Haryana,Y,Y,d
134152,Panchkula,Haryana,Y,Y,d
134201,Naraingarh,Haryana,Y,Y,d
134202,Naraingarh,Haryana,Y,Y,d
134203,Naraingarh,Haryana,Y,Y,d
134204,Naraingarh,Haryana,Y,Y,d
134205,Naraingarh,Haryana,Y,Y,d
134206,Chandigarh,Chandigarh,N,N,d
135001,Yamuna Nagar,Haryana,Y,Y,d
135002,Yamuna Nagar,Haryana,Y,Y,d
135003,Yamuna Nagar,Haryana,Y,Y,d
135004,Yamuna Nagar,Haryana,Y,Y,d
135021,Yamuna Nagar,Haryana,Y,Y,d
135101,Yamuna Nagar,Haryana,Y,Y,d
135102,Yamuna Nagar,Haryana,Y,Y,d
135103,Yamuna Nagar,Haryana,Y,Y,d
135105,Yamuna Nagar,Haryana,Y,Y,d
135106,Yamuna Nagar,Haryana,Y,Y,d
135133,Yamuna Nagar,Haryana,Y,Y,d
136020,Kaithal,Haryana,Y,Y,d
136021,Kaithal,Haryana,Y,Y,d
136026,Kaithal,Haryana,Y,Y,d
136027,Kaithal,Haryana,Y,Y,d
136030,Kaithal,Haryana,Y,Y,d
136033,Kaithal,Haryana,Y,Y,d
136034,Kaithal,Haryana,Y,Y,d
136035,Kaithal,Haryana,Y,Y,d
136036,Ambala,Haryana,N,N,d
136038,Kurukshetra,Haryana,Y,Y,d
136039,Assandh,Haryana,N,Y,d
136042,Kaithal,Haryana,Y,Y,d
136043,Kaithal,Haryana,Y,Y,d
136044,Assandh,Haryana,Y,Y,d
136116,Ambala,Haryana,N,N,d
136117,Kaithal,Haryana,Y,Y,d
136118,Kurukshetra,Haryana,Y,Y,d
136119,Kurukshetra,Haryana,Y,Y,d
136128,Pehowa,Haryana,Y,Y,d
136129,Pehowa,Haryana,Y,Y,d
136130,Pehowa,Haryana,Y,Y,d
136131,Kurukshetra,Haryana,Y,Y,d
136132,Kurukshetra,Haryana,Y,Y,d
136134,Ambala,Haryana,Y,Y,d
136135,Ambala,Haryana,Y,Y,d
136136,Pehowa,Haryana,Y,Y,d
136156,Kurukshetra,Haryana,Y,Y,d
140001,Rupnagar,Punjab,Y,Y,d
140002,Rupnagar,Punjab,N,N,d
140022,Jalandhar,Punjab,N,N,d
140055,Chandigarh,Chandigarh,N,N,d
140063,Mohali,Punjab,Y,Y,d
140100,Chandigarh,Chandigarh,N,N,d
140101,Chandigarh,Chandigarh,Y,Y,d
140102,Rupnagar,Punjab,Y,Y,d
140103,Chandigarh,Chandigarh,Y,Y,d
140104,Mohali,Punjab,Y,Y,d
140105,Zirakpur,Punjab,Y,Y,d
140106,Mohali,Punjab,N,Y,d
140108,Rupnagar,Punjab,Y,Y,d
140109,Mohali,Punjab,Y,Y,d
140110,Mohali,Punjab,Y,Y,d
140111,Rupnagar,Punjab,Y,Y,d
140112,Rupnagar,Punjab,Y,Y,d
140113,Rupnagar,Punjab,Y,Y,d
140114,Anandpur Sahib,Punjab,Y,Y,d
140115,Anandpur Sahib,Punjab,Y,Y,d
140116,Anandpur Sahib,Punjab,Y,Y,d
140117,Anandpur Sahib,Punjab,Y,Y,d
140118,Anandpur Sahib,Punjab,Y,Y,d
140119,Rupnagar,Punjab,Y,Y,d
140120,Anandpur Sahib,Punjab,N,Y,d
140123,Anandpur Sahib,Punjab,Y,Y,d
140124,Anandpur Sahib,Punjab,Y,Y,d
140125,Anandpur Sahib,Punjab,Y,Y,d
140126,Anandpur Sahib,Punjab,Y,Y,d
140127,Anandpur Sahib,Punjab,Y,Y,d
140128,Anandpur Sahib,Punjab,Y,Y,d
140133,Anandpur Sahib,Punjab,Y,Y,d
140136,Hoshiarpur,Punjab,N,N,d
140201,Dera Bassi,Punjab,Y,Y,d
140202,Panchkula,Haryana,N,Y,d
140203,Dera Bassi,Punjab,Y,Y,d
140301,Chandigarh,Chandigarh,Y,Y,d
140304,Chandigarh,Chandigarh,N,N,d
140306,Mohali,Punjab,Y,Y,d
140307,Mohali,Punjab,Y,Y,d
140308,Mohali,Punjab,Y,Y,d
140401,Rajpura,Punjab,Y,Y,d
140402,Rajpura,Punjab,Y,Y,d
140405,Sirhind-Fategarh,Punjab,Y,Y,d
140406,Sirhind-Fategarh,Punjab,Y,Y,d
140407,Sirhind-Fategarh,Punjab,Y,Y,d
140408,Sirhind-Fategarh,Punjab,Y,Y,d
140412,Sirhind-Fategarh,Punjab,Y,Y,d
140413,Chandigarh,Chandigarh,Y,Y,d
140417,Rajpura,Punjab,Y,Y,d
140501,Dera Bassi,Punjab,Y,Y,d
140502,Dera Bassi,Punjab,N,Y,d
140503,Chandigarh,Chandigarh,N,N,d
140504,Dera Bassi,Punjab,N,Y,d
140506,Dera Bassi,Punjab,Y,Y,d
140507,Dera Bassi,Punjab,Y,Y,d
140508,Dera Bassi,Punjab,N,Y,d
140601,Rajpura,Punjab,Y,Y,d
140602,Rajpura,Punjab,Y,Y,d
140603,Zirakpur,Punjab,Y,Y,d
140604,Zirakpur,Punjab,Y,Y,d
140630,Panchkula,Haryana,N,Y,d
140701,Rajpura,Punjab,Y,Y,d
140702,Rajpura,Punjab,Y,Y,d
140801,Ambala,Haryana,N,N,d
140802,Sirhind-Fategarh,Punjab,Y,Y,d
140803,Chandigarh,Chandigarh,N,N,d
140833,Faisalabad,Punjab,N,N,d
140901,Mohali,Punjab,Y,Y,d
141000,Ludhiana,Punjab,Y,Y,d
141001,Ludhiana,Punjab,Y,Y,d
141002,Ludhiana,Punjab,Y,Y,d
141003,Ludhiana,Punjab,Y,Y,d
141004,Ludhiana,Punjab,Y,Y,d
141005,Ludhiana,Punjab,Y,Y,d
141006,Ludhiana,Punjab,Y,Y,d
141007,Ludhiana,Punjab,Y,Y,d
141008,Ludhiana,Punjab,Y,Y,d
141009,Ludhiana,Punjab,Y,Y,d
141010,Ludhiana,Punjab,Y,Y,d
141011,Ludhiana,Punjab,Y,Y,d
141012,Ludhiana,Punjab,Y,Y,d
141013,Ludhiana,Punjab,Y,Y,d
141014,Ludhiana,Punjab,Y,Y,d
141015,Ludhiana,Punjab,Y,Y,d
141016,Ludhiana,Punjab,Y,Y,d
141017,Ludhiana,Punjab,Y,Y,d
141018,Ludhiana,Punjab,N,N,d
141020,Ludhiana,Punjab,Y,Y,d
141021,Ludhiana,Punjab,Y,Y,d
141022,LUDHIANA,PUNJAB,N,Y,d
141025,Jalandhar,Punjab,N,N,d
141026,Ludhiana,Punjab,N,N,d
141027,Ludhiana,Punjab,Y,Y,d
141033,Ludhiana,Punjab,Y,Y,d
141100,Ludhiana,Punjab,N,N,d
141101,Jagraon,Punjab,Y,Y,d
141102,Ludhiana,Punjab,Y,Y,d
141103,Raikot,Punjab,Y,Y,d
141104,Raikot,Punjab,Y,Y,d
141105,Raikot,Punjab,Y,Y,d
141106,Raikot,Punjab,Y,Y,d
141107,Raikot,Punjab,Y,Y,d
141108,Raikot,Punjab,Y,Y,d
141109,Raikot,Punjab,Y,Y,d
141110,Ludhiana,Punjab,Y,Y,d
141111,Khanna,Punjab,Y,Y,d
141112,Ludhiana,Punjab,Y,Y,d
141113,Machhiwara,Punjab,Y,Y,d
141114,Khanna,Punjab,Y,Y,d
141115,Machhiwara,Punjab,Y,Y,d
141116,Ludhiana,Punjab,Y,Y,d
141117,Malerkotla,Punjab,Y,Y,d
141118,Malerkotla,Punjab,Y,Y,d
141119,Malerkotla,Punjab,Y,Y,d
141120,Ludhiana,Punjab,Y,Y,d
141121,Machhiwara,Punjab,Y,Y,d
141122,Ludhiana,Punjab,Y,Y,d
141123,Ludhiana,Punjab,Y,Y,d
141124,Khanna,Punjab,Y,Y,d
141125,Machhiwara,Punjab,Y,Y,d
141126,Machhiwara,Punjab,Y,Y,d
141127,Ludhiana,Punjab,Y,Y,d
141128,Ludhiana,Punjab,N,N,d
141201,Ludhiana,Punjab,Y,Y,d
141202,Raikot,Punjab,Y,Y,d
141203,Raikot,Punjab,Y,Y,d
141204,Malerkotla,Punjab,Y,Y,d
141205,Raikot,Punjab,Y,Y,d
141206,Ludhiana,Punjab,Y,Y,d
141231,Ludhiana,Punjab,N,N,d
141234,Ludhiana,Punjab,N,N,d
141301,Khanna,Punjab,Y,Y,d
141302,Jalandhar,Punjab,Y,Y,d
141303,Jalandhar,Punjab,Y,Y,d
141304,Phagwara,Punjab,Y,Y,d
141305,Jalandhar,Punjab,Y,Y,d
141306,Jalandhar,Punjab,Y,Y,d
141307,Jalandhar,Punjab,Y,Y,d
141308,Jalandhar,Punjab,Y,Y,d
141309,Jalandhar,Punjab,Y,Y,d
141310,Jalandhar,Punjab,Y,Y,d
141311,Jalandhar,Punjab,Y,Y,d
141315,Jalandhar,Punjab,Y,Y,d
141316,Jalandhar,Punjab,Y,Y,d
141317,Jalandhar,Punjab,Y,Y,d
141318,Jalandhar,Punjab,Y,Y,d
141400,Rajpura,Punjab,N,N,d
141401,Khanna,Punjab,Y,Y,d
141402,Khanna,Punjab,Y,Y,d
141407,Mandigobindgarh,Punjab,N,N,d
141410,Ludhiana,Punjab,N,N,d
141411,Mandi Gobindgarh,Punjab,Y,Y,d
141412,Khanna,Punjab,Y,Y,d
141413,Khanna,Punjab,Y,Y,d
141414,Khanna,Punjab,Y,Y,d
141415,Khanna,Punjab,Y,Y,d
141416,Khanna,Punjab,Y,Y,d
141417,Khanna,Punjab,Y,Y,d
141418,Rarasahib,Punjab,Y,Y,d
141419,Khanna,Punjab,Y,Y,d
141420,Machiwara,Punjab,N,Y,d
141421,Khanna,Punjab,Y,Y,d
141422,Raikot,Punjab,Y,Y,d
141801,Mandi Gobindgarh,Punjab,Y,Y,d
142000,Zira,Punjab,N,N,d
142001,Moga,Punjab,Y,Y,d
142002,Moga,Punjab,Y,Y,d
142003,Moga,Punjab,Y,Y,d
142011,Moga,Punjab,Y,Y,d
142013,Ludhiana,Punjab,Y,Y,d
142021,Ludhiana,Punjab,Y,Y,d
142022,Ludhiana,Punjab,Y,Y,d
142023,Jagraon,Punjab,Y,Y,d
142024,Jagraon,Punjab,Y,Y,d
142025,Jagraon,Punjab,Y,Y,d
142026,Jagraon,Punjab,Y,Y,d
142027,Ludhiana,Punjab,Y,Y,d
142028,Ludhiana,Punjab,Y,Y,d
142029,Ludhiana,Punjab,Y,Y,d
142030,Jagraon,Punjab,Y,Y,d
142031,Jagraon,Punjab,Y,Y,d
142032,Raikot,Punjab,Y,Y,d
142033,Jagraon,Punjab,Y,Y,d
142034,Raikot,Punjab,Y,Y,d
142035,Jagraon,Punjab,Y,Y,d
142036,Jagraon,Punjab,Y,Y,d
142037,Moga,Punjab,Y,Y,d
142038,Bagha Purana,Punjab,Y,Y,d
142039,Bhadaur,Punjab,Y,Y,d
142040,Moga,Punjab,Y,Y,d
142041,Dharamkot,Punjab,Y,Y,d
142042,Dharamkot,Punjab,Y,Y,d
142043,Dharamkot,Punjab,Y,Y,d
142044,Zira,Punjab,Y,Y,d
142045,Bagha Purana,Punjab,Y,Y,d
142046,Bagha Purana,Punjab,Y,Y,d
142047,Zira,Punjab,Y,Y,d
142048,Moga,Punjab,Y,Y,d
142049,Bagha Purana,Punjab,Y,Y,d
142050,Faridkot,Punjab,Y,Y,d
142051,Dharamkot,Punjab,Y,Y,d
142052,Firozpur,Punjab,Y,Y,d
142053,Moga,Punjab,Y,Y,d
142054,Moga,Punjab,Y,Y,d
142055,Bhadaur,Punjab,Y,Y,d
142056,Bagha Purana,Punjab,Y,Y,d
142057,Bagha Purana,Punjab,Y,Y,d
142058,Dharamkot,Punjab,Y,Y,d
142059,Moga,Punjab,N,N,d
142060,Faridkot,Punjab,Y,Y,d
142061,Moga,Punjab,N,N,d
142069,Moga,Punjab,N,N,d
142431,Firozpur,Punjab,N,N,d
142630,Moga,Punjab,N,Y,d
143000,Amritsar,Punjab,Y,Y,d
143001,Amritsar,Punjab,Y,Y,d
143002,Amritsar,Punjab,Y,Y,d
143003,Amritsar,Punjab,Y,Y,d
143004,Amritsar,Punjab,Y,Y,d
143005,Amritsar,Punjab,Y,Y,d
143006,Amritsar,Punjab,Y,Y,d
143007,Amritsar,Punjab,Y,Y,d
143008,Amritsar,Punjab,Y,Y,d
143009,Amritsar,Punjab,Y,Y,d
143010,Amritsar,Punjab,Y,Y,d
143021,Amritsar,Punjab,Y,Y,d
143022,Amritsar,Punjab,Y,Y,d
143026,Amritsar,Punjab,Y,Y,d
143035,Batala,Punjab,N,N,d
143036,AMRITSAR,Punjab,Y,Y,d
143044,Amritsar,Punjab,Y,Y,d
143066,Amritsar,Punjab,Y,Y,d
143093,Amritsar,Punjab,Y,Y,d
143101,Amritsar,Punjab,Y,Y,d
143102,Amritsar,Punjab,Y,Y,d
143103,Ajnala,Punjab,Y,Y,d
143104,Amritsar,Punjab,Y,Y,d
143105,Amritsar,Punjab,Y,Y,d
143106,Amritsar,Punjab,Y,Y,d
143107,Amritsar,Punjab,Y,Y,d
143108,Amritsar,Punjab,Y,Y,d
143109,Ajnala,Punjab,Y,Y,d
143110,Ajnala,Punjab,Y,Y,d
143111,Beas,Punjab,Y,Y,d
143112,Dhilwan,Punjab,Y,Y,d
143113,Tarsikka,Punjab,Y,Y,d
143114,Beas,Punjab,N,Y,d
143115,Tarn Taran Sahib,Punjab,Y,Y,d
143116,Tarsikka,Punjab,Y,Y,d
143117,Goindwal,Punjab,Y,Y,d
143118,Goindwal,Punjab,Y,Y,d
143119,Tarsikka,Punjab,Y,Y,d
143144,Beas,Punjab,N,Y,d
143149,Tarsikka,Punjab,Y,Y,d
143200,Amritsar,Punjab,N,N,d
143201,Dhilwan,Punjab,Y,Y,d
143202,Beas,Punjab,Y,Y,d
143203,Beas,Punjab,N,Y,d
143204,Dhilwan,Punjab,Y,Y,d
143205,Beas,Punjab,N,Y,d
143208,Amritsar,Punjab,N,N,d
143301,Tarn Taran Sahib,Punjab,Y,Y,d
143302,Tarn Taran Sahib,Punjab,Y,Y,d
143303,Patti,Punjab,Y,Y,d
143304,Patti,Punjab,Y,Y,d
143305,Patti,Punjab,Y,Y,d
143306,PATTI,Punjab,Y,Y,d
143310,Amritsar,Punjab,N,N,d
143312,Amritsar,Punjab,N,N,d
143314,Amritsar,Punjab,N,N,d
143315,Amritsar,Punjab,N,N,d
143317,Amritsar,Punjab,N,N,d
143318,Amritsar,Punjab,N,N,d
143319,Amritsar,Punjab,N,N,d
143322,Amritsar,Punjab,N,N,d
143325,Taragarh,Punjab,Y,Y,d
143327,Amritsar,Punjab,N,N,d
143338,Amritsar,Punjab,N,N,d
143339,Amritsar,Punjab,N,N,d
143340,Amritsar,Punjab,N,N,d
143347,Amritsar,Punjab,N,N,d
143370,Amritsar,Punjab,N,N,d
143371,Amritsar,Punjab,N,N,d
143372,Amritsar,Punjab,N,N,d
143380,Amritsar,Punjab,N,N,d
143382,Amritsar,Punjab,N,N,d
143401,Tarn Taran Sahib,Punjab,Y,Y,d
143402,Tarn Taran Sahib,Punjab,Y,Y,d
143406,Tarn Taran Sahib,Punjab,Y,Y,d
143407,Goindwal,Punjab,Y,Y,d
143408,Goindwal,Punjab,Y,Y,d
143409,Goindwal,Punjab,Y,Y,d
143410,Goindwal,Punjab,Y,Y,d
143411,Goindwal,Punjab,Y,Y,d
143412,Patti,Punjab,Y,Y,d
143413,Tarn Taran Sahib,Punjab,Y,Y,d
143414,Amritsar,Punjab,Y,Y,d
143415,Patti,Punjab,Y,Y,d
143416,Patti,Punjab,Y,Y,d
143417,Patti,Punjab,Y,Y,d
143418,Amritsar,Punjab,N,N,d
143419,Patti,Punjab,Y,Y,d
143420,Amritsar,Punjab,N,N,d
143421,Amritsar,Punjab,N,N,d
143422,Goindwal,Punjab,Y,Y,d
143423,Tarn Taran Sahib,Punjab,Y,Y,d
143426,Amritsar,Punjab,N,N,d
143439,Amritsar,Punjab,N,N,d
143449,Amritsar,Punjab,N,N,d
143452,Amritsar,Punjab,N,N,d
143461,Amritsar,Punjab,N,N,d
143501,Tarsikka,Punjab,Y,Y,d
143502,Tarsikka,Punjab,Y,Y,d
143503,Batala,Punjab,Y,Y,d
143504,Tarsikka,Punjab,Y,Y,d
143505,Batala,Punjab,Y,Y,d
143506,Batala,Punjab,Y,Y,d
143507,Batala,Punjab,Y,Y,d
143508,Batala,Punjab,Y,Y,d
143510,Batala,Punjab,N,Y,d
143511,Batala,Punjab,Y,Y,d
143512,Gurdaspur,Punjab,Y,Y,d
143513,Batala,Punjab,Y,Y,d
143514,Sri Hargobindpur,Punjab,Y,Y,d
143515,Sri Hargobindpur,Punjab,Y,Y,d
143516,Batala,Punjab,Y,Y,d
143517,Sri Hargobindpur,Punjab,Y,Y,d
143518,Batala,Punjab,Y,Y,d
143519,Gurdaspur,Punjab,Y,Y,d
143520,Gurdaspur,Punjab,Y,Y,d
143521,Gurdaspur,Punjab,Y,Y,d
143523,Gurdaspur,Punjab,Y,Y,d
143524,Gurdaspur,Punjab,Y,Y,d
143525,Dinanagar,Punjab,Y,Y,d
143526,Gurdaspur,Punjab,Y,Y,d
143527,Sri Hargobindpur,Punjab,Y,Y,d
143528,Gurdaspur,Punjab,Y,Y,d
143529,Gurdaspur,Punjab,Y,Y,d
143530,Gurdaspur,Punjab,Y,Y,d
143531,Dinanagar,Punjab,Y,Y,d
143532,Dinanagar,Punjab,Y,Y,d
143533,Dinanagar,Punjab,Y,Y,d
143534,Dinanagar,Punjab,Y,Y,d
143535,Dinanagar,Punjab,Y,Y,d
143536,Pathankot,Punjab,Y,Y,d
143537,Gurdaspur,Punjab,Y,Y,d
143538,Pathankot,Punjab,Y,Y,d
143601,Amritsar,Punjab,Y,Y,d
143602,Amritsar,Punjab,Y,Y,d
143603,Gurdaspur,Punjab,Y,Y,d
143604,Gurdaspur,Punjab,Y,Y,d
143605,Gurdaspur,Punjab,Y,Y,d
143606,Amritsar,Punjab,Y,Y,d
143607,Amritsar,Punjab,N,N,d
143804,Amritsar,Punjab,N,N,d
144000,Jalandhar,Punjab,Y,Y,d
144001,Jalandhar,Punjab,Y,Y,d
144002,Jalandhar,Punjab,Y,Y,d
144003,Jalandhar,Punjab,Y,Y,d
144004,Jalandhar,Punjab,Y,Y,d
144005,Jalandhar,Punjab,Y,Y,d
144006,Jalandhar,Punjab,Y,Y,d
144007,Jalandhar,Punjab,Y,Y,d
144008,Jalandhar,Punjab,Y,Y,d
144009,Jalandhar,Punjab,Y,Y,d
144010,Jalandhar,Punjab,Y,Y,d
144011,Jalandhar,Punjab,Y,Y,d
144012,Jalandhar,Punjab,Y,Y,d
144013,Jalandhar,Punjab,Y,Y,d
144014,Jalandhar,Punjab,Y,Y,d
144015,Jalandhar,Punjab,Y,Y,d
144016,Jalandhar,Punjab,N,N,d
144017,Jalandhar,Punjab,N,N,d
144019,Jalandhar,Punjab,Y,Y,d
144020,Jalandhar,Punjab,Y,Y,d
144021,Jalandhar,Punjab,Y,Y,d
144022,Jalandhar,Punjab,Y,Y,d
144023,Jalandhar,Punjab,Y,Y,d
144024,Jalandhar,Punjab,Y,Y,d
144025,Adampur,Punjab,Y,Y,d
144026,Jalandhar,Punjab,Y,Y,d
144027,Jalandhar,Punjab,Y,Y,d
144028,Jalandhar,Punjab,Y,Y,d
144029,Nawanshahr,Punjab,Y,Y,d
144030,Adampur,Punjab,Y,Y,d
144031,Phagwara,Punjab,Y,Y,d
144032,Phagwara,Punjab,Y,Y,d
144033,Phagwara,Punjab,Y,Y,d
144034,Phagwara,Punjab,Y,Y,d
144035,Nakodar,Punjab,Y,Y,d
144036,Nakodar,Punjab,Y,Y,d
144037,Nakodar,Punjab,Y,Y,d
144038,Nakodar,Punjab,Y,Y,d
144039,Nakodar,Punjab,Y,Y,d
144040,Nakodar,Punjab,Y,Y,d
144041,Nakodar,Punjab,Y,Y,d
144042,Nakodar,Punjab,Y,Y,d
144043,Nakodar,Punjab,Y,Y,d
144044,Nakodar,Punjab,Y,Y,d
144046,Hoshiarpur,Punjab,Y,Y,d
144047,Nakodar,Punjab,Y,Y,d
144048,Nakodar,Punjab,Y,Y,d
144049,Nakodar,Punjab,Y,Y,d
144050,Nakodar,Punjab,Y,Y,d
144051,Nakodar,Punjab,Y,Y,d
144052,Nakodar,Punjab,Y,Y,d
144053,Nakodar,Punjab,Y,Y,d
144101,Jalandhar,Punjab,Y,Y,d
144102,Adampur,Punjab,Y,Y,d
144103,Adampur,Punjab,Y,Y,d
144104,Adampur,Punjab,Y,Y,d
144105,Adampur,Punjab,Y,Y,d
144106,Adampur,Punjab,Y,Y,d
144109,Mahalpur,Punjab,Y,Y,d
144116,Hoshiarpur,Punjab,N,Y,d
144121,Mukerian,Punjab,N,N,d
144201,Adampur,Punjab,Y,Y,d
144202,Sri Hargobindpur,Punjab,Y,Y,d
144203,Dasuya,Punjab,Y,Y,d
144204,Dasuya,Punjab,Y,Y,d
144205,Dasuya,Punjab,Y,Y,d
144206,Hoshiarpur,Punjab,Y,Y,d
144207,Dasuya,Punjab,Y,Y,d
144208,Hoshiarpur,Punjab,Y,Y,d
144209,Hoshiarpur,Punjab,Y,Y,d
144210,Hoshiarpur,Punjab,Y,Y,d
144211,Mukerian,Punjab,Y,Y,d
144212,Dasuya,Punjab,Y,Y,d
144213,Dasuya,Punjab,Y,Y,d
144214,Mukerian,Punjab,Y,Y,d
144216,Talwara,Punjab,Y,Y,d
144218,Jalandhar,Punjab,N,N,d
144221,Talwara,Punjab,Y,Y,d
144222,Talwara,Punjab,Y,Y,d
144223,Talwara,Punjab,Y,Y,d
144224,Talwara,Punjab,Y,Y,d
144225,Talwara,Punjab,N,Y,d
144241,Talwara,Punjab,N,Y,d
144301,Adampur,Punjab,Y,Y,d
144302,Adampur,Punjab,Y,Y,d
144303,Adampur,Punjab,Y,Y,d
144304,Begowal,Punjab,Y,Y,d
144305,Dasuya,Punjab,Y,Y,d
144306,Mukerian,Punjab,Y,Y,d
144308,Jalandhar,Punjab,N,N,d
144311,Phagwara,Punjab,Y,Y,d
144316,Phagwara,Punjab,Y,Y,d
144318,Phagwara,Punjab,Y,Y,d
144401,Phagwara,Punjab,Y,Y,d
144402,Phagwara,Punjab,Y,Y,d
144403,Phagwara,Punjab,Y,Y,d
144404,Phagwara,Punjab,Y,Y,d
144405,Phagwara,Punjab,Y,Y,d
144406,Garhshanker,Punjab,Y,Y,d
144407,Phagwara,Punjab,Y,Y,d
144408,Phagwara,Punjab,Y,Y,d
144409,Phagwara,Punjab,Y,Y,d
144410,Phillaur,Punjab,Y,Y,d
144411,Phagwara,Punjab,Y,Y,d
144415,Phillaur,Punjab,Y,Y,d
144416,Phillaur,Punjab,Y,Y,d
144417,Nawanshahr,Punjab,Y,Y,d
144418,Phagwara,Punjab,Y,Y,d
144419,Phillaur,Punjab,Y,Y,d
144421,Nawanshahr,Punjab,Y,Y,d
144422,Nawanshahr,Punjab,Y,Y,d
144423,Nawansahar,Punjab,N,Y,d
144424,Dasuya,Punjab,Y,Y,d
144436,Phagwara,Punjab,N,N,d
144440,Phagwara,Punjab,N,N,d
144501,Phagwara,Punjab,Y,Y,d
144502,Phagwara,Punjab,Y,Y,d
144503,Phagwara,Punjab,Y,Y,d
144504,Phagwara,Punjab,Y,Y,d
144505,Nawanshahr,Punjab,Y,Y,d
144506,Nawanshahr,Punjab,Y,Y,d
144507,Nawanshahr,Punjab,Y,Y,d
144508,Nawanshahr,Punjab,Y,Y,d
144509,Nawanshahr,Punjab,Y,Y,d
144510,Nawanshahr,Punjab,Y,Y,d
144511,Nawanshahr,Punjab,Y,Y,d
144512,Nawanshahr,Punjab,Y,Y,d
144513,Nawanshahr,Punjab,Y,Y,d
144514,Nawanshahr,Punjab,Y,Y,d
144515,Nawanshahr,Punjab,Y,Y,d
144516,Nawanshahr,Punjab,Y,Y,d
144517,Nawanshahr,Punjab,Y,Y,d
144518,Nawanshahr,Punjab,Y,Y,d
144519,Garhshanker,Punjab,Y,Y,d
144520,Garhshanker,Punjab,Y,Y,d
144521,Nawanshahr,Punjab,Y,Y,d
144522,Rupnagar,Punjab,Y,Y,d
144523,Garhshanker,Punjab,Y,Y,d
144524,Garhshanker,Punjab,Y,Y,d
144525,Garhshanker,Punjab,Y,Y,d
144526,Garhshanker,Punjab,Y,Y,d
144527,Garhshanker,Punjab,Y,Y,d
144528,Garhshanker,Punjab,Y,Y,d
144529,Garhshanker,Punjab,Y,Y,d
144530,Garhshanker,Punjab,Y,Y,d
144531,Garhshanker,Punjab,Y,Y,d
144532,Garhshanker,Punjab,Y,Y,d
144533,Rupnagar,Punjab,Y,Y,d
144601,Kapurthala,Punjab,Y,Y,d
144602,Kapurthala,Punjab,Y,Y,d
144603,Kapurthala,Punjab,Y,Y,d
144606,Sultanpur Lodhi,Punjab,Y,Y,d
144619,Begowal,Punjab,Y,Y,d
144620,Kapurthala,Punjab,Y,Y,d
144621,Begowal,Punjab,Y,Y,d
144622,Begowal,Punjab,Y,Y,d
144623,Kapurthala,Punjab,Y,Y,d
144624,Begowal,Punjab,Y,Y,d
144625,Sultanpur Lodhi,Punjab,Y,Y,d
144626,Sultanpur Lodhi,Punjab,Y,Y,d
144628,Sultanpur Lodhi,Punjab,Y,Y,d
144629,Sultanpur Lodhi,Punjab,Y,Y,d
144630,Nakodar,Punjab,Y,Y,d
144631,Begowal,Punjab,Y,Y,d
144632,Phagwara,Punjab,Y,Y,d
144633,Phagwara,Punjab,Y,Y,d
144701,Nakodar,Punjab,Y,Y,d
144702,Nakodar,Punjab,Y,Y,d
144703,Dharamkot,Punjab,Y,Y,d
144800,Kapurthala,Punjab,N,N,d
144801,Kapurthala,Punjab,Y,Y,d
144802,Kapurthala,Punjab,Y,Y,d
144803,Kapurthala,Punjab,Y,Y,d
144804,Beas,Punjab,N,Y,d
144805,Jalandhar,Punjab,Y,Y,d
144806,Kapurthala,Punjab,Y,Y,d
144819,Begowal,Punjab,Y,Y,d
145001,Pathankot,Punjab,Y,Y,d
145002,Pathankot,Punjab,Y,Y,d
145003,Pathankot,Punjab,Y,Y,d
145004,Pathankot,Punjab,N,N,d
145005,Pathankot,Punjab,N,N,d
145021,Pathankot,Punjab,Y,Y,d
145022,Pathankot,Punjab,Y,Y,e
145023,Pathankot,Punjab,Y,Y,d
145024,Pathankot,Punjab,Y,Y,d
145025,Pathankot,Punjab,Y,Y,d
145026,Dinanagar,Punjab,Y,Y,d
145027,Dinanagar,Punjab,Y,Y,d
145028,Jugiyal,Punjab,N,Y,d
145029,Pathankot,Punjab,Y,Y,d
145030,Jugiyal,Punjab,N,Y,d
145061,Pathankot,Punjab,N,N,d
145101,Pathankot,Punjab,Y,Y,d
145105,Hoshiarpur,Punjab,Y,Y,d
145505,Gurdaspur,Punjab,N,N,d
146001,Hoshiarpur,Punjab,Y,Y,d
146002,Hoshiarpur,Punjab,Y,Y,d
146004,Hoshiarpur,Punjab,N,N,d
146006,Hoshiarpur,Punjab,Y,Y,d
146007,Mahilpur,Punjab,N,N,d
146019,Mahilpur,Punjab,N,N,d
146021,Hoshiarpur,Punjab,Y,Y,d
146022,Hoshiarpur,Punjab,Y,Y,d
146023,Hoshiarpur,Punjab,Y,Y,d
146024,Hoshiarpur,Punjab,Y,Y,d
146066,Hoshiarpur,Punjab,N,N,d
146100,Hoshirapur,Punjab,N,N,d
146101,Hoshiarpur,Punjab,Y,Y,d
146102,Hoshiarpur,Punjab,Y,Y,d
146103,Hoshiarpur,Punjab,Y,Y,d
146104,Hoshiarpur,Punjab,Y,Y,d
146105,Garhshanker,Punjab,Y,Y,d
146106,Garhshanker,Punjab,Y,Y,d
146107,Garhshanker,Punjab,Y,Y,d
146108,Garhshanker,Punjab,Y,Y,d
146109,Garhshanker,Punjab,Y,Y,d
146110,Hoshiarpur,Punjab,Y,Y,d
146111,Hoshiarpur,Punjab,Y,Y,d
146112,Hoshiarpur,Punjab,Y,Y,d
146113,Hoshiarpur,Punjab,Y,Y,d
146114,Hoshiarpur,Punjab,Y,Y,d
146115,Hoshiarpur,Punjab,Y,Y,d
146116,Hoshiarpur,Punjab,Y,Y,d
146402,Mahilpur,Punjab,N,N,d
146416,Mukerian,Punjab,N,N,d
146519,Mahalpur,Punjab,N,Y,d
147001,Patiala,Punjab,Y,Y,d
147002,Patiala,Punjab,Y,Y,d
147003,Patiala,Punjab,Y,Y,d
147004,Patiala,Punjab,Y,Y,d
147005,Patiala,Punjab,Y,Y,d
147006,Patiala,Punjab,Y,Y,d
147007,Patiala,Punjab,Y,Y,d
147008,Patiala,Punjab,Y,Y,d
147021,Patiala,Punjab,Y,Y,d
147023,Patiala,Punjab,N,Y,d
147100,Faisalabad,Punjab,N,N,d
147101,Samana,Punjab,Y,Y,d
147102,Patran,Punjab,Y,Y,d
147103,Patiala,Punjab,Y,Y,d
147104,Sirhind-Fategarh,Punjab,Y,Y,d
147105,Patran,Punjab,Y,Y,d
147111,Patiala,Punjab,Y,Y,d
147201,Nabha,Punjab,Y,Y,d
147202,Mandi Gobindgarh,Punjab,Y,Y,d
147203,Mandi Gobindgarh,Punjab,Y,Y,d
147204,Dhuri,Punjab,Y,Y,d
147301,Mandi Gobindgarh,Punjab,Y,Y,d
147506,Dera Bassi,Punjab,N,Y,d
147701,Patiala,Punjab,N,N,d
148000,Sangrur,Punjab,Y,Y,d
148001,Sangrur,Punjab,Y,Y,d
148002,Sangrur,Punjab,Y,Y,d
148004,Sangrur,Punjab,Y,Y,d
148005,Sangrur,Punjab,Y,Y,d
148006,Sangrur,Punjab,Y,Y,d
148007,Dhuri,Punjab,Y,Y,d
148008,Sangrur,Punjab,Y,Y,d
148009,Sangrur,Punjab,Y,Y,d
148017,Dhuri,Punjab,Y,Y,d
148018,Nabha,Punjab,Y,Y,d
148019,Malerkotla,Punjab,Y,Y,d
148020,Malerkotla,Punjab,Y,Y,d
148021,Malerkotla,Punjab,Y,Y,d
148022,Malerkotla,Punjab,Y,Y,d
148023,Malerkotla,Punjab,Y,Y,d
148024,Dhuri,Punjab,Y,Y,d
148025,Dhuri,Punjab,Y,Y,d
148026,Sangrur,Punjab,Y,Y,d
148027,Patran,Punjab,Y,Y,d
148028,Sunam,Punjab,Y,Y,d
148029,Sunam,Punjab,Y,Y,d
148030,Sunam,Punjab,Y,Y,d
148031,Sunam,Punjab,Y,Y,d
148032,Lehragaga,Punjab,N,N,d
148033,Patran,Punjab,Y,Y,d
148034,Dhuri,Punjab,Y,Y,d
148035,Patran,Punjab,Y,Y,d
148036,Sangrur,Punjab,Y,Y,d
148038,Sangrur,Punjab,Y,Y,d
148039,Sangrur,Punjab,Y,Y,d
148040,Sangrur,Punjab,Y,Y,d
148041,Sangrur,Punjab,Y,Y,d
148042,Sangrur,Punjab,Y,Y,d
148043,Sangrur,Punjab,Y,Y,d
148044,Sangrur,Punjab,Y,Y,d
148045,Sangrur,Punjab,Y,Y,d
148046,Sangrur,Punjab,Y,Y,d
148047,Sangrur,Punjab,Y,Y,d
148048,Sangrur,Punjab,Y,Y,d
148049,Sangrur,Punjab,Y,Y,d
148050,Sangrur,Punjab,Y,Y,d
148051,Sangrur,Punjab,Y,Y,d
148100,Bhadaur,Punjab,Y,Y,d
148101,Barnala,Punjab,Y,Y,d
148102,Bhadaur,Punjab,Y,Y,d
148103,Barnala,Punjab,Y,Y,d
148104,Raikot,Punjab,Y,Y,d
148105,Barnala,Punjab,Y,Y,d
148106,Sangrur,Punjab,Y,Y,d
148107,Barnala,Punjab,Y,Y,d
148108,Rampura Phul,Punjab,Y,Y,d
148109,Barnala,Punjab,Y,Y,d
148110,Barnala,Punjab,Y,Y,d
148111,Sunam,Punjab,Y,Y,d
148112,Barnala,Punjab,Y,Y,d
148113,Barnala,Punjab,Y,Y,d
148114,Barnala,Punjab,Y,Y,d
148115,Barnala,Punjab,Y,Y,d
148116,Barnala,Punjab,Y,Y,d
148117,Barnala,Punjab,Y,Y,d
150002,Firozpur,Punjab,N,N,d
150509,Bathinda,Punjab,N,N,d
151001,Bathinda,Punjab,Y,Y,d
151002,Bathinda,Punjab,Y,Y,d
151003,Bathinda,Punjab,Y,Y,d
151004,Bathinda,Punjab,Y,Y,d
151005,Bathinda,Punjab,Y,Y,d
151006,Bathinda,Punjab,Y,Y,d
151007,Giddarbaha,Punjab,Y,Y,d
151101,Bathinda,Punjab,Y,Y,d
151102,Rampura Phul,Punjab,Y,Y,d
151103,Rampura Phul,Punjab,Y,Y,d
151104,Rampura Phul,Punjab,Y,Y,d
151105,Rampura Phul,Punjab,Y,Y,d
151106,Rampura Phul,Punjab,Y,Y,d
151107,Bathinda,Punjab,Y,Y,d
151108,Bhadaur,Punjab,Y,Y,d
151110,Bathinda,Punjab,Y,Y,d
151111,Rampura Phul,Punjab,Y,Y,d
151112,Bathinda,Punjab,N,N,d
151201,Bathinda,Punjab,Y,Y,d
151202,Kotkapura,Punjab,Y,Y,d
151203,Faridkot,Punjab,Y,Y,d
151204,Kotkapura,Punjab,Y,Y,d
151205,Kotkapura,Punjab,Y,Y,d
151206,Bhadaur,Punjab,Y,Y,d
151207,Kotkapura,Punjab,Y,Y,d
151208,Kotkapura,Punjab,Y,Y,d
151209,Kotkapura,Punjab,Y,Y,d
151210,Malout,Punjab,Y,Y,d
151211,Mandi Dabwali,Haryana,Y,Y,d
151212,Faridkot,Punjab,Y,Y,d
151213,Faridkot,Punjab,Y,Y,d
151214,Faridkot,Punjab,Y,Y,d
151215,Mohali,Punjab,N,Y,d
151301,Talwandi Sabo,Punjab,Y,Y,d
151302,Talwandi Sabo,Punjab,Y,Y,d
151401,Mandi Dabwali,Haryana,Y,Y,d
151501,Jhunir,Punjab,Y,Y,d
151502,Jhunir,Punjab,Y,Y,d
151503,Mansa,Punjab,Y,Y,d
151504,Jhunir,Punjab,Y,Y,d
151505,Mansa,Punjab,Y,Y,d
151506,Jhunir,Punjab,Y,Y,d
151507,Ratia,Haryana,Y,Y,d
151508,Mansa,Punjab,Y,Y,d
151509,Talwandi Sabo,Punjab,Y,Y,d
151510,Mansa,Punjab,Y,Y,d
151511,MANSA,Punjab,N,N,d
152001,Firozpur,Punjab,Y,Y,d
152002,Firozpur,Punjab,Y,Y,d
152003,Firozpur,Punjab,Y,Y,d
152004,Firozpur,Punjab,Y,Y,d
152005,Firozpur,Punjab,Y,Y,d
152020,Fazilka,Punjab,Y,Y,d
152021,Zira,Punjab,Y,Y,d
152022,Jalalabad,Punjab,Y,Y,d
152023,Firozpur,Punjab,Y,Y,d
152024,Jalalabad,Punjab,Y,Y,d
152025,Muktsar,Punjab,Y,Y,d
152026,Muktsar,Punjab,Y,Y,d
152028,Dharamkot,Punjab,Y,Y,d
152031,Muktsar,Punjab,Y,Y,d
152032,Muktsar,Punjab,Y,Y,d
152033,Jalalabad,Punjab,Y,Y,d
152052,Firozpur,Punjab,N,N,d
152101,Giddarbaha,Punjab,Y,Y,d
152102,Giddarbaha,Punjab,Y,Y,d
152103,Malout,Punjab,Y,Y,d
152104,Muktsar,Punjab,Y,Y,d
152107,Malout,Punjab,Y,Y,d
152112,Malout,Punjab,Y,Y,d
152113,Mandi Dabwali,Haryana,Y,Y,d
152114,Malout,Punjab,Y,Y,d
152115,Malout,Punjab,Y,Y,d
152116,Abohar,Punjab,Y,Y,d
152117,Abohar,Punjab,Y,Y,d
152118,Abohar,Punjab,Y,Y,d
152120,Abohar,Punjab,Y,Y,d
152121,Fazilka,Punjab,Y,Y,d
152122,Abohar,Punjab,Y,Y,d
152123,Fazilka,Punjab,Y,Y,d
152124,Fazilka,Punjab,Y,Y,d
152125,Abohar,Punjab,Y,Y,d
152126,Abohar,Punjab,Y,Y,d
152127,Abohar,Punjab,N,Y,d
152128,Abohar,Punjab,Y,Y,d
152129,Abohar,Punjab,N,Y,d
152130,Abohar,Punjab,Y,Y,d
152131,Fazilka,Punjab,Y,Y,d
152132,Abohar,Punjab,Y,Y,d
160000,Chandigarh,Chandigarh,Y,Y,d
160001,Mohali,Punjab,Y,Y,d
160002,Chandigarh,Chandigarh,Y,Y,d
160003,Chandigarh,Chandigarh,Y,Y,d
160004,Zirakpur,Punjab,Y,Y,d
160005,Chandigarh,Chandigarh,Y,Y,d
160006,Chandigarh,Chandigarh,Y,Y,d
160007,Chandigarh,Chandigarh,Y,Y,d
160008,Chandigarh,Chandigarh,Y,Y,d
160009,Chandigarh,Chandigarh,Y,Y,d
160010,Mohali,Punjab,Y,Y,d
160011,Mohali,Punjab,Y,Y,d
160012,Mohali,Punjab,Y,Y,d
160013,Mohali,Punjab,Y,Y,d
160014,Mohali,Punjab,Y,Y,d
160015,Chandigarh,Chandigarh,Y,Y,d
160016,Chandigarh,Chandigarh,Y,Y,d
160017,Chandigarh,Chandigarh,Y,Y,d
160018,Chandigarh,Chandigarh,Y,Y,d
160019,Chandigarh,Chandigarh,Y,Y,d
160020,Chandigarh,Chandigarh,Y,Y,d
160021,Chandigarh,Chandigarh,Y,Y,d
160022,Chandigarh,Chandigarh,Y,Y,d
160023,Chandigarh,Chandigarh,Y,Y,d
160024,Chandigarh,Chandigarh,Y,Y,d
160025,Mohali,Punjab,Y,Y,d
160026,Chandigarh,Chandigarh,Y,Y,d
160027,Chandigarh,Chandigarh,Y,Y,d
160028,Chandigarh,Chandigarh,Y,Y,d
160029,Chandigarh,Chandigarh,Y,Y,d
160030,Chandigarh,Chandigarh,Y,Y,d
160031,Chandigarh,Chandigarh,Y,Y,d
160032,Chandigarh,Chandigarh,Y,Y,d
160033,Chandigarh,Chandigarh,Y,Y,d
160034,Chandigarh,Chandigarh,Y,Y,d
160035,Chandigarh,Chandigarh,Y,Y,d
160036,Chandigarh,Chandigarh,Y,Y,d
160037,Chandigarh,Chandigarh,Y,Y,d
160038,Mohali,Punjab,Y,Y,d
160039,Mohali,Punjab,Y,Y,d
160040,Chandigarh,Chandigarh,Y,Y,d
160041,Chandigarh,Chandigarh,Y,Y,d
160042,Chandigarh,Chandigarh,Y,Y,d
160043,Chandigarh,Chandigarh,Y,Y,d
160044,Chandigarh,Chandigarh,Y,Y,d
160045,Chandigarh,Chandigarh,Y,Y,d
160046,Chandigarh,Chandigarh,Y,Y,d
160047,Chandigarh,Chandigarh,Y,Y,d
160048,Chandigarh,Chandigarh,Y,Y,d
160049,Chandigarh,Chandigarh,Y,Y,d
160050,Chandigarh,Chandigarh,Y,Y,d
160051,Chandigarh,Chandigarh,Y,Y,d
160052,Mohali,Punjab,Y,Y,d
160053,Mohali,Punjab,Y,Y,d
160054,Mohali,Punjab,Y,Y,d
160055,Mohali,Punjab,Y,Y,d
160056,Mohali,Punjab,Y,Y,d
160057,Mohali,Punjab,Y,Y,d
160058,Mohali,Punjab,Y,Y,d
160059,Mohali,Punjab,Y,Y,d
160060,Mohali,Punjab,Y,Y,d
160061,Mohali,Punjab,Y,Y,d
160062,Mohali,Punjab,Y,Y,d
160063,Mohali,Punjab,Y,Y,d
160064,Mohali,Punjab,Y,Y,d
160065,Mohali,Punjab,Y,Y,d
160066,Mohali,Punjab,Y,Y,d
160067,Mohali,Punjab,Y,Y,d
160068,Mohali,Punjab,Y,Y,d
160069,Mohali,Punjab,Y,Y,d
160070,Mohali,Punjab,Y,Y,d
160071,Mohali,Punjab,Y,Y,d
160072,Mohali,Punjab,N,N,d
160073,Mohali,Punjab,Y,Y,d
160074,Mohali,Punjab,Y,Y,d
160075,Mohali,Punjab,N,N,d
160077,Mohali,Punjab,N,N,d
160078,Mohali,Punjab,N,N,d
160079,Mohali,Punjab,Y,Y,d
160081,Manauli,Punjab,Y,Y,d
160082,Mohali,Punjab,Y,Y,d
160083,Manauli,Punjab,Y,Y,d
160084,Mohali,Punjab,N,Y,d
160085,Mohali,Punjab,Y,Y,d
160086,Mohali,Punjab,Y,Y,d
160087,Mohali,Punjab,Y,Y,d
160088,Mohali,Punjab,Y,Y,d
160089,Mohali,Punjab,Y,Y,d
160090,Mohali,Punjab,Y,Y,d
160091,Mohali,Punjab,Y,Y,d
160092,Mohali,Punjab,Y,Y,d
160093,Mohali,Punjab,N,Y,d
160094,Mohali,Punjab,N,Y,d
160095,Mohali,Punjab,N,Y,d
160096,Mohali,Punjab,N,Y,d
160097,Mohali,Punjab,N,Y,d
160098,Mohali,Punjab,N,Y,d
160099,Mohali,Punjab,N,Y,d
160101,Panchkula,Haryana,Y,Y,d
160102,Panchkula,Haryana,Y,Y,d
160103,Mohali,Punjab,Y,Y,d
160104,Zirakpur,Punjab,Y,Y,d
160105,Chandigarh,Chandigarh,Y,Y,d
160106,Mohali,Punjab,Y,Y,d
160107,Mohali,Punjab,N,N,d
160125,Chandigarh,Chandigarh,N,N,d
160126,Chandigarh,Chandigarh,N,N,d
160127,Chandigarh,Chandigarh,N,N,d
160128,Chandigarh,Chandigarh,N,N,d
160129,Chandigarh,Chandigarh,N,N,d
160130,Chandigarh,Chandigarh,N,N,d
160131,Chandigarh,Chandigarh,N,N,d
160132,Chandigarh,Chandigarh,N,N,d
160133,Chandigarh,Chandigarh,N,N,d
160134,Chandigarh,Chandigarh,N,N,d
160135,Chandigarh,Chandigarh,N,N,d
160136,Chandigarh,Chandigarh,N,N,d
161101,Chandigarh,Chandigarh,N,N,d
162630,Moga,Punjab,N,Y,d
166031,Chandigarh,Chandigarh,Y,Y,d
170001,Shimla,Himachal Pradesh,Y,Y,e
171001,Shimla,Himachal Pradesh,Y,Y,e
171002,Shimla,Himachal Pradesh,Y,Y,e
171003,Shimla,Himachal Pradesh,Y,Y,e
171004,Shimla,Himachal Pradesh,Y,Y,e
171005,Shimla,Himachal Pradesh,Y,Y,e
171006,Shimla,Himachal Pradesh,Y,Y,e
171007,MASHOBRA,Himachal Pradesh,Y,Y,e
171008,Shimla,Himachal Pradesh,Y,Y,e
171009,Shimla,Himachal Pradesh,Y,Y,e
171010,Shimla,Himachal Pradesh,Y,Y,e
171011,Shimla,Himachal Pradesh,Y,Y,e
171012,Shimla,Himachal Pradesh,Y,Y,e
171013,Shimla,Himachal Pradesh,Y,Y,e
171014,Shimla,Himachal Pradesh,Y,Y,e
171015,Mashobra,Himachal Pradesh,N,Y,e
171018,Suni,Himachal Pradesh,Y,Y,e
171019,Shimla,Himachal Pradesh,Y,Y,e
171102,Darlaghat,Himachal Pradesh,Y,Y,e
171103,Shimla,Himachal Pradesh,Y,Y,e
171108,Shimla,Himachal Pradesh,N,N,d
171201,Theog,Himachal Pradesh,Y,Y,e
171202,Kotkhai,Himachal Pradesh,Y,Y,e
171203,Shimla,Himachal Pradesh,N,N,d
171204,Kotkhai,Himachal Pradesh,Y,Y,e
171205,Jubbal,Himachal Pradesh,Y,Y,e
171206,Jubbal,Himachal Pradesh,Y,Y,e
171207,Rohru,Himachal Pradesh,Y,Y,e
171208,Chirgaon-HP,Himachal Pradesh,Y,Y,e
171209,Theog,Himachal Pradesh,Y,Y,e
171210,Nerwa,Himachal Pradesh,Y,Y,e
171211,Chopal,Himachal Pradesh,Y,Y,e
171212,Theog,Himachal Pradesh,Y,Y,e
171213,Kumarsain,Himachal Pradesh,Y,Y,e
171214,Chirgaon-Hp,Himachal Pradesh,Y,Y,e
171215,Jubbal,Himachal Pradesh,Y,Y,e
171216,Shimla,Himachal Pradesh,N,N,e
171217,Haripurdhar,Himachal Pradesh,Y,Y,e
171218,Shimla,Himachal Pradesh,Y,Y,e
171219,Waknaghat,Himachal Pradesh,Y,Y,e
171220,Theog,Himachal Pradesh,Y,Y,e
171221,Shimla,Himachal Pradesh,N,N,d
171222,Theog,Himachal Pradesh,Y,Y,e
171223,Rohru,Himachal Pradesh,Y,Y,e
171224,Shimla,Himachal Pradesh,N,N,e
171225,Kotkhai,Himachal Pradesh,Y,Y,e
171226,Theog,Himachal Pradesh,N,Y,e
171301,Suni,Himachal Pradesh,Y,Y,e
171302,Karsog,Himachal Pradesh,Y,Y,d
171303,Karsog,Himachal Pradesh,Y,Y,d
171304,Karsog,Himachal Pradesh,Y,Y,e
172001,Rampur Bushahr,Himachal Pradesh,Y,Y,e
172002,Nirmand,Himachal Pradesh,Y,Y,e
172021,Nankhari,Himachal Pradesh,Y,Y,e
172022,Rampur Bushahr,Himachal Pradesh,Y,Y,e
172023,Rampur Bushahr,Himachal Pradesh,Y,Y,e
172024,Kumarsain,Himachal Pradesh,Y,Y,e
172025,Anni,Himachal Pradesh,Y,Y,e
172026,Anni,Himachal Pradesh,Y,Y,e
172027,Kumarsain,Himachal Pradesh,Y,Y,e
172028,Nankhari,Himachal Pradesh,Y,Y,e
172029,Kumarsain,Himachal Pradesh,Y,Y,e
172030,Kumarsain,Himachal Pradesh,Y,Y,e
172031,KUMARSAIN,Himachal Pradesh,Y,Y,e
172032,Kullu,Himachal Pradesh,N,N,d
172033,Anni,Himachal Pradesh,Y,Y,e
172034,Jeori,Himachal Pradesh,Y,Y,e
172101,Jeori,Himachal Pradesh,Y,Y,e
172102,Jeori,Himachal Pradesh,Y,Y,e
172103,Saki Charang,Himachal Pradesh,Y,Y,e
172104,Saki Charang,Himachal Pradesh,Y,Y,e
172105,Kinnaur,Himachal Pradesh,Y,Y,e
172106,Kinnaur,Himachal Pradesh,Y,Y,e
172107,Reckong Peo,Himachal Pradesh,Y,Y,e
172108,Reckong Peo,Himachal Pradesh,Y,Y,e
172109,Kinnaur,Himachal Pradesh,N,N,d
172110,Pooh,Himachal Pradesh,Y,Y,e
172111,Pooh,Himachal Pradesh,Y,Y,e
172112,Kinnaur,Himachal Pradesh,N,N,d
172113,Lahaul,Himachal Pradesh,N,N,d
172114,Lahaul,Himachal Pradesh,N,N,d
172115,Saki Charang,Himachal Pradesh,Y,Y,e
172116,Pooh,Himachal Pradesh,Y,Y,e
172117,Lahaul,Himachal Pradesh,N,N,d
172118,Kinnaur,Himachal Pradesh,N,N,d
172201,Rampur Bushahr,Himachal Pradesh,Y,Y,e
173001,Nahan,Himachal Pradesh,Y,Y,e
173002,Shimla,Himachal Pradesh,Y,Y,e
173004,Paonta Sahib,Himachal Pradesh,Y,Y,e
173020,Paonta Sahib,Himachal Pradesh,Y,Y,e
173021,Paonta Sahib,Himachal Pradesh,Y,Y,e
173022,Nahan,Himachal Pradesh,Y,Y,e
173023,Haripurdhar,Himachal Pradesh,Y,Y,e
173024,Sarahan,Himachal Pradesh,Y,Y,e
173025,Paonta Sahib,Himachal Pradesh,Y,Y,e
173026,Kala Amb,Himachal Pradesh,Y,Y,e
173027,PAONTA SAHIB,Himachal Pradesh,N,N,d
173028,Paonta Sahib,Himachal Pradesh,Y,Y,e
173029,Paonta Sahib,Himachal Pradesh,Y,Y,e
173030,Nahan,Himachal Pradesh,Y,Y,e
173031,Paonta Sahib,Himachal Pradesh,Y,Y,e
173032,Haripurdhar,Himachal Pradesh,N,N,e
173033,Sirmaur,Himachal Pradesh,N,N,d
173101,Rajgarh-HP,Himachal Pradesh,Y,Y,e
173104,Haripurdhar,Himachal Pradesh,Y,Y,e
173200,Chandigarh,Chandigarh,N,N,d
173201,Baddi,Himachal Pradesh,Y,Y,e
173202,Dharampur,Himachal Pradesh,Y,Y,e
173204,Dharampur,Himachal Pradesh,Y,Y,e
173205,Baddi,Himachal Pradesh,Y,Y,e
173206,Kunihar,Himachal Pradesh,Y,Y,e
173207,Kunihar,Himachal Pradesh,Y,Y,e
173208,Darlaghat,Himachal Pradesh,Y,Y,e
173209,Dharampur,Himachal Pradesh,Y,Y,e
173210,Dharampur,Himachal Pradesh,Y,Y,e
173211,Solan,Himachal Pradesh,Y,Y,e
173212,Solan,Himachal Pradesh,Y,Y,e
173213,Solan,Himachal Pradesh,Y,Y,e
173214,Solan,Himachal Pradesh,Y,Y,e
173215,Waknaghat,Himachal Pradesh,Y,Y,e
173216,Shimla,Himachal Pradesh,N,N,d
173217,Shimla,Himachal Pradesh,Y,Y,e
173218,Kunihar,Himachal Pradesh,Y,Y,e
173219,Kundaghat,Himachal Pradesh,N,Y,d
173220,Parwanoo,Himachal Pradesh,Y,Y,e
173221,Solan,Himachal Pradesh,Y,Y,e
173222,Solan,Himachal Pradesh,Y,Y,e
173223,Solan,Himachal Pradesh,Y,Y,e
173224,Chandigarh,Chandigarh,N,N,d
173225,Kunihar,Himachal Pradesh,Y,Y,e
173226,Chandigarh,Chandigarh,N,N,d
173227,Chandigarh,Chandigarh,N,N,d
173228,Chandigarh,Chandigarh,N,N,d
173229,Dharampur,Himachal Pradesh,Y,Y,e
173230,Solan,Himachal Pradesh,Y,Y,e
173233,Solan,Himachal Pradesh,N,N,e
173234,Waknaghat,Himachal Pradesh,Y,Y,e
173235,Darlaghat,Himachal Pradesh,Y,Y,e
173236,Solan,Himachal Pradesh,N,Y,e
173237,Panjhera,Himachal Pradesh,N,N,d
174001,Bilaspur-HP,Himachal Pradesh,Y,Y,e
174002,Naina Devi,Himachal Pradesh,Y,Y,e
174003,Ghumarwin,Himachal Pradesh,Y,Y,e
174004,Bilaspur-HP,Himachal Pradesh,Y,Y,e
174005,Bilaspur-Hp,Himachal Pradesh,Y,Y,e
174007,Bilaspur,Chhattisgarh,N,N,d
174011,Naina Devi,Himachal Pradesh,Y,Y,e
174012,Bilaspur-Hp,Himachal Pradesh,Y,Y,e
174013,Bilaspur-Hp,Himachal Pradesh,Y,Y,e
174015,Naina Devi,Himachal Pradesh,Y,Y,e
174017,KalolHP,Himachal Pradesh,Y,Y,e
174019,Ghumarwin,Himachal Pradesh,N,N,d
174021,Ghumarwin,Himachal Pradesh,Y,Y,e
174022,Ghumarwin,Himachal Pradesh,N,N,d
174023,Ghumarwin,Himachal Pradesh,Y,Y,e
174024,Ghumarwin,Himachal Pradesh,Y,Y,e
174026,Ghumarwin,Himachal Pradesh,Y,Y,e
174027,Bharari,Himachal Pradesh,Y,Y,e
174028,Jahu,Himachal Pradesh,Y,Y,e
174029,Ghumarwin,Himachal Pradesh,Y,Y,e
174030,Dulchehra,Himachal Pradesh,Y,Y,e
174031,Ghumarwin,Himachal Pradesh,Y,Y,e
174032,Jukhala,Himachal Pradesh,Y,Y,e
174033,Jukhala,Himachal Pradesh,Y,Y,e
174034,Ghumarwin,Himachal Pradesh,Y,Y,e
174035,KalolHP,Himachal Pradesh,Y,Y,e
174036,Bilaspur-Hp,Himachal Pradesh,Y,Y,e
174037,Bilaspur ( H.p.),Himachal Pradesh,N,N,d
174101,Nalagarh,Himachal Pradesh,Y,Y,e
174102,Kunihar,Himachal Pradesh,Y,Y,e
174103,Baddi,Himachal Pradesh,Y,Y,e
174201,Tahliwal,Himachal Pradesh,Y,Y,e
174209,Una,Himachal Pradesh,N,N,d
174301,Tahliwal,Himachal Pradesh,Y,Y,e
174302,Una-Hp,Himachal Pradesh,Y,Y,e
174303,Una-HP,Himachal Pradesh,Y,Y,e
174304,Bangana,Himachal Pradesh,Y,Y,e
174305,Bangana,Himachal Pradesh,Y,Y,e
174306,Una-HP,Himachal Pradesh,Y,Y,e
174307,Bangana,Himachal Pradesh,Y,Y,e
174308,Bangana,Himachal Pradesh,Y,Y,e
174309,Bangana,Himachal Pradesh,Y,Y,e
174310,Naina Devi,Himachal Pradesh,Y,Y,e
174311,Bhota,Himachal Pradesh,Y,Y,e
174312,Bangana,Himachal Pradesh,Y,Y,e
174314,Amb,Himachal Pradesh,Y,Y,e
174315,Una-HP,Himachal Pradesh,Y,Y,e
174316,Amb,Himachal Pradesh,Y,Y,e
174317,Una-HP,Himachal Pradesh,Y,Y,e
174319,Amb Office,Himachal Pradesh,Y,Y,e
174320,Bangana,Himachal Pradesh,Y,Y,e
174321,Bangana,Himachal Pradesh,Y,Y,e
174401,Sundar Nagar,Himachal Pradesh,Y,Y,d
174402,Sundar Nagar,Himachal Pradesh,Y,Y,d
174405,Hamirpur,Himachal Pradesh,Y,Y,e
174503,Tahliwal,Himachal Pradesh,Y,Y,e
174505,Hamirpur,Himachal Pradesh,Y,Y,e
174507,Tahliwal,Himachal Pradesh,Y,Y,e
174929,Ghumarwin,Himachal Pradesh,N,Y,d
175001,Mandi,Himachal Pradesh,Y,Y,e
175002,Sundar Nagar,Himachal Pradesh,Y,Y,e
175003,Mandi,Himachal Pradesh,Y,Y,e
175004,Jahu,Himachal Pradesh,Y,Y,e
175005,Mandi,Himachal Pradesh,Y,Y,e
175006,Mandi,Himachal Pradesh,Y,Y,e
175007,Jahu,Himachal Pradesh,Y,Y,e
175008,Sundar Nagar,Himachal Pradesh,Y,Y,e
175009,Shimla,Himachal Pradesh,Y,Y,d
175010,Karsog,Himachal Pradesh,Y,Y,e
175011,Karsog,Himachal Pradesh,Y,Y,e
175012,Joginder Nagar,Himachal Pradesh,Y,Y,e
175013,Joginder Nagar,Himachal Pradesh,Y,Y,e
175014,Joginder Nagar,Himachal Pradesh,Y,Y,e
175015,Joginder Nagar,Himachal Pradesh,Y,Y,e
175016,Baijnath,Himachal Pradesh,Y,Y,e
175017,Sundar Nagar,Himachal Pradesh,Y,Y,e
175018,Sundar Nagar,Himachal Pradesh,Y,Y,e
175019,Sundar Nagar,Himachal Pradesh,Y,Y,e
175020,Mandi,Himachal Pradesh,N,N,d
175021,Mandi,Himachal Pradesh,Y,Y,e
175022,Mandi,Himachal Pradesh,Y,Y,e
175023,Mandi,Himachal Pradesh,Y,Y,e
175024,Sarkaghat,Himachal Pradesh,Y,Y,e
175025,Sarkaghat,Himachal Pradesh,Y,Y,e
175026,Sarkaghat,Himachal Pradesh,Y,Y,e
175027,Sundar Nagar,Himachal Pradesh,Y,Y,e
175028,Chachyot,Himachal Pradesh,Y,Y,e
175029,Chachyot,Himachal Pradesh,Y,Y,e
175030,Bilaspur-Hp,Himachal Pradesh,Y,Y,e
175031,Nihri,Himachal Pradesh,Y,Y,e
175032,Joginder Nagar,Himachal Pradesh,Y,Y,e
175033,Jahu,Himachal Pradesh,Y,Y,e
175034,Ghumarwin,Himachal Pradesh,Y,Y,e
175035,Thunag,Himachal Pradesh,Y,Y,e
175036,Sundar Nagar,Himachal Pradesh,Y,Y,e
175037,Sarkaghat,Himachal Pradesh,Y,Y,e
175038,Nihri,Himachal Pradesh,Y,Y,e
175039,Mandi Ner Chowk,Himachal Pradesh,Y,Y,e
175040,DharampurHP,Himachal Pradesh,Y,Y,e
175042,Sarkaghat,Himachal Pradesh,Y,Y,e
175045,Mandi Ner Chowk,Himachal Pradesh,Y,Y,e
175046,Karsog,Himachal Pradesh,Y,Y,e
175047,Thunag,Himachal Pradesh,Y,Y,e
175048,Thunag,Himachal Pradesh,Y,Y,e
175049,Dharampur,Himachal Pradesh,Y,Y,e
175050,DharampurHP,Himachal Pradesh,Y,Y,e
175051,DharampurHP,Himachal Pradesh,Y,Y,e
175052,Mandi,Himachal Pradesh,Y,Y,e
175075,#REF!,#REF!,N,N,d
175101,Kullu,Himachal Pradesh,Y,Y,e
175102,Kullu,Himachal Pradesh,Y,Y,e
175103,Manali,Himachal Pradesh,Y,Y,e
175104,Patlikuhal,Himachal Pradesh,Y,Y,e
175105,Jari,Himachal Pradesh,N,Y,e
175106,Banjar,Himachal Pradesh,Y,Y,e
175121,Nagwain,Himachal Pradesh,Y,Y,e
175122,Nagwain,Himachal Pradesh,Y,Y,e
175123,Banjar,Himachal Pradesh,Y,Y,e
175124,Mandi,Himachal Pradesh,Y,Y,e
175125,Kullu,Himachal Pradesh,Y,Y,e
175126,Kullu,Himachal Pradesh,Y,Y,e
175128,Patlikuhal,Himachal Pradesh,Y,Y,e
175129,Patlikuhal,Himachal Pradesh,Y,Y,e
175130,Patlikuhal,Himachal Pradesh,Y,Y,e
175131,Manali,Himachal Pradesh,Y,Y,e
175132,Keylong,Himachal Pradesh,Y,Y,e
175133,Keylong,Himachal Pradesh,Y,Y,e
175134,Nagwain,Himachal Pradesh,Y,Y,e
175136,Patlikuhal,Himachal Pradesh,Y,Y,e
175137,Sundar Nagar,Himachal Pradesh,Y,Y,e
175138,Kullu,Himachal Pradesh,Y,Y,e
175139,#REF!,#REF!,N,N,d
175140,#REF!,#REF!,N,N,d
175141,Kullu,Himachal Pradesh,N,N,e
175142,#REF!,#REF!,N,N,d
175143,Manali,Himachal Pradesh,Y,Y,e
176001,Kangra,Himachal Pradesh,Y,Y,e
176002,Kangra,Himachal Pradesh,Y,Y,e
176012,Baijnath,Himachal Pradesh,Y,Y,d
176020,Baijnath,Himachal Pradesh,Y,Y,d
176021,Jawali,Himachal Pradesh,Y,Y,e
176022,Rehan,Himachal Pradesh,Y,Y,e
176023,Jawali,Himachal Pradesh,Y,Y,e
176024,Nagrota Suriyan,Himachal Pradesh,N,Y,d
176025,Jawali,Himachal Pradesh,Y,Y,e
176026,Kangra,Himachal Pradesh,Y,Y,e
176027,Nagrota Surian,Himachal Pradesh,Y,Y,e
176028,Nagrota Surian,Himachal Pradesh,Y,Y,e
176029,Ranital,Himachal Pradesh,Y,Y,e
176030,Khundian,Himachal Pradesh,Y,Y,e
176031,Nadaun,Himachal Pradesh,Y,Y,e
176032,Nadaun,Himachal Pradesh,Y,Y,e
176033,Nagrota Surian,Himachal Pradesh,Y,Y,e
176036,Nadaun,Himachal Pradesh,Y,Y,e
176037,Ranital,Himachal Pradesh,Y,Y,e
176038,Kangra,Himachal Pradesh,Y,Y,e
176039,Dulchehra,Himachal Pradesh,Y,Y,e
176040,Bhota,Himachal Pradesh,Y,Y,e
176041,Bhota,Himachal Pradesh,Y,Y,e
176042,Bhota,Himachal Pradesh,Y,Y,e
176043,Jahu,Himachal Pradesh,Y,Y,e
176044,Jahu,Himachal Pradesh,Y,Y,e
176045,Jahu,Himachal Pradesh,Y,Y,e
176047,Kangra,Himachal Pradesh,Y,Y,e
176048,Jahu,Himachal Pradesh,Y,Y,e
176049,Bhota,Himachal Pradesh,Y,Y,e
176051,Rehan,Himachal Pradesh,Y,Y,e
176052,Dharamshala,Himachal Pradesh,Y,Y,e
176053,Jawali,Himachal Pradesh,Y,Y,e
176054,Ranital,Himachal Pradesh,Y,Y,e
176055,Khundian,Himachal Pradesh,Y,Y,e
176056,Kangra,Himachal Pradesh,Y,Y,e
176057,Dharamshala,Himachal Pradesh,Y,Y,e
176058,Surajpur Jhikla,Himachal Pradesh,Y,Y,e
176059,Palampur,Himachal Pradesh,Y,Y,e
176060,Kangra,Himachal Pradesh,Y,Y,e
176061,Palampur,Himachal Pradesh,Y,Y,e
176062,Palampur,Himachal Pradesh,Y,Y,e
176063,Baijnath,Himachal Pradesh,Y,Y,e
176064,Palampur,Himachal Pradesh,Y,Y,e
176065,Palampur,Himachal Pradesh,Y,Y,e
176066,Khundian,Himachal Pradesh,Y,Y,e
176067,Palampur,Himachal Pradesh,Y,Y,d
176071,Kachhera,Himachal Pradesh,Y,Y,e
176073,Sujanpur,Himachal Pradesh,Y,Y,e
176075,Sujanpur,Himachal Pradesh,Y,Y,e
176076,Kachhera,Himachal Pradesh,Y,Y,e
176077,Joginder Nagar,Himachal Pradesh,Y,Y,e
176081,Baijnath,Himachal Pradesh,Y,Y,e
176082,Sujanpur,Himachal Pradesh,Y,Y,e
176083,Palampur,Himachal Pradesh,Y,Y,e
176084,Dheera,Himachal Pradesh,Y,Y,e
176085,Palampur,Himachal Pradesh,Y,Y,e
176086,Palampur,Himachal Pradesh,Y,Y,e
176087,Palampur,Himachal Pradesh,Y,Y,e
176088,Sandhol,Himachal Pradesh,Y,Y,e
176089,Sandhol,Himachal Pradesh,Y,Y,e
176090,Sandhol,Himachal Pradesh,Y,Y,e
176091,Sandhol,Himachal Pradesh,Y,Y,e
176092,Palampur,Himachal Pradesh,Y,Y,e
176093,Jaisinghpur,Himachal Pradesh,Y,Y,e
176094,Jaisinghpur,Himachal Pradesh,Y,Y,e
176095,Sujanpur,Himachal Pradesh,Y,Y,e
176096,Jaisinghpur,Himachal Pradesh,Y,Y,e
176097,Palampur,Himachal Pradesh,Y,Y,e
176098,Khundian,Himachal Pradesh,Y,Y,e
176101,Dheera,Himachal Pradesh,Y,Y,e
176102,Palampur,Himachal Pradesh,Y,Y,e
176103,Palampur,Himachal Pradesh,Y,Y,e
176107,Sujanpur,Himachal Pradesh,Y,Y,e
176108,Sujanpur,Himachal Pradesh,Y,Y,e
176109,Sujanpur,Himachal Pradesh,Y,Y,e
176110,Sujanpur,Himachal Pradesh,Y,Y,e
176111,Sujanpur,Himachal Pradesh,Y,Y,e
176115,Baijnath,Himachal Pradesh,Y,Y,e
176120,Joginder Nagar,Himachal Pradesh,Y,Y,d
176125,Baijnath,Himachal Pradesh,Y,Y,e
176128,Kachhera,Himachal Pradesh,Y,Y,e
176200,Palion,Himachal Pradesh,Y,Y,e
176201,Jassur,Himachal Pradesh,Y,Y,e
176202,Palion,Himachal Pradesh,Y,Y,e
176203,Nurpur,Himachal Pradesh,Y,Y,e
176204,Jassur,Himachal Pradesh,Y,Y,e
176205,Palion,Himachal Pradesh,Y,Y,e
176206,Shahpur-HP,Himachal Pradesh,Y,Y,e
176207,Sihunta,Himachal Pradesh,Y,Y,e
176208,Shahpur-HP,Himachal Pradesh,Y,Y,e
176209,Kangra,Himachal Pradesh,Y,Y,e
176210,Kangra,Himachal Pradesh,Y,Y,e
176211,Nurpur,Himachal Pradesh,Y,Y,e
176213,Dharamshala,Himachal Pradesh,Y,Y,e
176214,Kangra,Himachal Pradesh,Y,Y,e
176215,Dharamshala,Himachal Pradesh,Y,Y,e
176216,Dharamshala,Himachal Pradesh,Y,Y,e
176217,Shahpur-HP,Himachal Pradesh,Y,Y,e
176218,Dharamshala,Himachal Pradesh,Y,Y,e
176219,Dharamshala,Himachal Pradesh,Y,Y,e
176223,Una-Hp,Himachal Pradesh,Y,Y,d
176225,Palion,Himachal Pradesh,Y,Y,e
176226,SHIMLA,Himachal Pradesh,N,N,d
176301,Dalhousie,Himachal Pradesh,Y,Y,e
176302,Nurpur,Himachal Pradesh,Y,Y,e
176303,Dalhousie,Himachal Pradesh,Y,Y,e
176304,Dalhousie,Himachal Pradesh,Y,Y,e
176305,Dalhousie,Himachal Pradesh,Y,Y,e
176306,Dalhousie,Himachal Pradesh,Y,Y,e
176307,#REF!,#REF!,N,N,d
176308,Sundla,Himachal Pradesh,Y,Y,e
176309,Bharmour,Himachal Pradesh,Y,Y,e
176310,Chamba,Himachal Pradesh,Y,Y,e
176311,Bharmour,Himachal Pradesh,Y,Y,e
176312,Sundla,Himachal Pradesh,Y,Y,e
176313,Nurpur,Himachal Pradesh,Y,Y,e
176314,Chamba,Himachal Pradesh,Y,Y,e
176315,Bharmour,Himachal Pradesh,Y,Y,e
176316,Chamba,Himachal Pradesh,N,Y,d
176317,Sundla,Himachal Pradesh,Y,Y,e
176318,Chamba,Himachal Pradesh,Y,Y,e
176319,Sundla,Himachal Pradesh,Y,Y,e
176320,Sundla,Himachal Pradesh,Y,Y,e
176321,Chamba,Himachal Pradesh,N,Y,d
176323,#REF!,#REF!,N,N,d
176324,Bharmour,Himachal Pradesh,Y,Y,e
176325,Dalhousie,Himachal Pradesh,Y,Y,e
176326,#REF!,#REF!,N,N,d
176330,#REF!,#REF!,N,N,d
176401,Indora,Himachal Pradesh,Y,Y,e
176402,Indora,Himachal Pradesh,Y,Y,e
176403,Surajpur Jhikla,Himachal Pradesh,Y,Y,e
176404,Indora,Himachal Pradesh,N,Y,d
176501,Ghati Billan,Himachal Pradesh,Y,Y,e
176502,Ghati Billan,Himachal Pradesh,Y,Y,e
176601,Tahliwal,Himachal Pradesh,Y,Y,e
177001,Hamirpur,Himachal Pradesh,Y,Y,e
177002,Hamirpur,Himachal Pradesh,N,N,d
177005,Hamirpur,Himachal Pradesh,Y,Y,e
177006,Bangana,Himachal Pradesh,Y,Y,e
177007,Sujanpur,Himachal Pradesh,Y,Y,e
177020,Hamirpur,Himachal Pradesh,Y,Y,e
177021,Jahu,Himachal Pradesh,Y,Y,e
177022,Hamirpur,Himachal Pradesh,Y,Y,e
177023,Hamirpur,Himachal Pradesh,Y,Y,e
177024,Jahu,Himachal Pradesh,Y,Y,e
177025,Hamirpur,Himachal Pradesh,Y,Y,e
177026,Hamirpur,Himachal Pradesh,Y,Y,e
177027,Hamirpur,Himachal Pradesh,Y,Y,e
177028,Sujanpur,Himachal Pradesh,Y,Y,e
177029,Hamirpur,Himachal Pradesh,Y,Y,e
177030,Hamirpur,Himachal Pradesh,Y,Y,d
177031,Bangana,Himachal Pradesh,Y,Y,e
177032,Bangana,Himachal Pradesh,Y,Y,d
177033,Nadaun,Himachal Pradesh,Y,Y,e
177034,Nadaun,Himachal Pradesh,Y,Y,e
177038,Nadaun,Himachal Pradesh,Y,Y,e
177039,Bangana,Himachal Pradesh,Y,Y,e
177040,Hamirpur,Himachal Pradesh,Y,Y,e
177041,Bangana,Himachal Pradesh,Y,Y,e
177042,Nadaun,Himachal Pradesh,Y,Y,e
177043,Rakkar,Himachal Pradesh,Y,Y,e
177044,Nadaun,Himachal Pradesh,Y,Y,e
177045,Nadaun,Himachal Pradesh,Y,Y,e
177046,Nadaun,Himachal Pradesh,Y,Y,d
177048,Hamirpur,Himachal Pradesh,Y,Y,e
177101,Dehra Gopipur,Himachal Pradesh,Y,Y,e
177103,Dehra Gopipur,Himachal Pradesh,Y,Y,e
177104,Dehra Gopipur,Himachal Pradesh,Y,Y,e
177105,Dehra Gopipur,Himachal Pradesh,Y,Y,e
177106,Ghati Billan,Himachal Pradesh,Y,Y,e
177107,Dehra Gopipur,Himachal Pradesh,Y,Y,e
177108,Dehra Gopipur,Himachal Pradesh,Y,Y,e
177109,Chintpurni,Himachal Pradesh,Y,Y,e
177110,Chintpurni,Himachal Pradesh,Y,Y,e
177111,Chintpurni,Himachal Pradesh,Y,Y,e
177112,Chintpurni,Himachal Pradesh,Y,Y,e
177113,Chintpurni,Himachal Pradesh,Y,Y,e
177114,Ranital,Himachal Pradesh,Y,Y,e
177117,Dehra Gopipur,Himachal Pradesh,Y,Y,e
177118,Jahu,Himachal Pradesh,Y,Y,e
177119,Bangana,Himachal Pradesh,Y,Y,e
177201,Amb,Himachal Pradesh,Y,Y,e
177202,Amb,Himachal Pradesh,Y,Y,e
177203,Amb,Himachal Pradesh,Y,Y,e
177204,Amb,Himachal Pradesh,Y,Y,e
177205,Amb,Himachal Pradesh,Y,Y,e
177206,Amb,Himachal Pradesh,Y,Y,e
177207,Una-HP,Himachal Pradesh,Y,Y,e
177208,Una-HP,Himachal Pradesh,Y,Y,e
177209,Una-HP,Himachal Pradesh,Y,Y,e
177210,Amb,Himachal Pradesh,Y,Y,e
177211,Amb,Himachal Pradesh,Y,Y,e
177212,Amb,Himachal Pradesh,Y,Y,e
177213,Amb,Himachal Pradesh,Y,Y,e
177219,Amb,Himachal Pradesh,Y,Y,e
177220,Tahliwal,Himachal Pradesh,Y,Y,e
177301,Nadaun,Himachal Pradesh,Y,Y,e
177401,Bhota,Himachal Pradesh,Y,Y,e
177501,Hamirpur,Himachal Pradesh,Y,Y,e
177601,Jahu,Himachal Pradesh,Y,Y,e
178513,Kullu,Himachal Pradesh,N,N,d
180001,Jammu,Jammu & Kashmir,Y,Y,e
180002,Jammu,Jammu & Kashmir,Y,Y,e
180003,Jammu,Jammu & Kashmir,Y,Y,e
180004,Jammu,Jammu & Kashmir,Y,Y,e
180005,Jammu,Jammu & Kashmir,Y,Y,e
180006,Jammu,Jammu & Kashmir,Y,Y,e
180007,Jammu,Jammu & Kashmir,Y,Y,e
180008,Jammu,Jammu And Kashmir,N,N,d
180009,Jammu,Jammu & Kashmir,Y,Y,e
180010,Jammu,Jammu & Kashmir,Y,Y,e
180011,Jammu,Jammu & Kashmir,Y,Y,e
180012,Jammu,Jammu & Kashmir,Y,Y,e
180013,Jammu,Jammu & Kashmir,Y,Y,e
180015,Jammu,Jammu & Kashmir,Y,Y,e
180016,Jammu,Jammu & Kashmir,Y,Y,e
180017,Jammu,Jammu & Kashmir,Y,Y,e
180018,Jammu,Jammu & Kashmir,Y,Y,e
180019,Jammu,Jammu & Kashmir,Y,Y,e
180020,Jammu,Jammu & Kashmir,Y,Y,e
180121,Jammu,Jammu And Kashmir,N,N,d
180133,Jammu,Jammu And Kashmir,N,N,d
180206,Jammu,Jammu & Kashmir,N,N,d
181008,Jammu,Jammu & Kashmir,Y,Y,e
181101,RS Pura,Jammu & Kashmir,Y,Y,e
181102,RS Pura,Jammu & Kashmir,Y,Y,e
181103,Rs Pura,Jammu & Kashmir,Y,Y,e
181104,Rs Pura,Jammu & Kashmir,Y,Y,e
181105,Miran Sahib,Jammu And Kashmir,Y,Y,e
181111,RS Pura,Jammu & Kashmir,Y,Y,e
181112,Miran Sahib,Jammu And Kashmir,Y,Y,e
181113,Jammu,Jammu & Kashmir,Y,Y,e
181114,Miran Sahib,Jammu And Kashmir,N,Y,e
181120,Vijaypur,Jammu & Kashmir,N,N,d
181121,Jammu,Jammu & Kashmir,Y,Y,e
181122,Akhnoor,Jammu & Kashmir,Y,Y,e
181123,Jammu,Jammu & Kashmir,Y,Y,e
181124,Jammu,Jammu & Kashmir,Y,Y,e
181131,RS Pura,Jammu & Kashmir,Y,Y,e
181132,Jammu,Jammu & Kashmir,Y,Y,e
181133,Jammu,Jammu & Kashmir,Y,Y,e
181134,Jakh,Jammu & Kashmir,Y,Y,e
181141,Jakh,Jammu & Kashmir,Y,Y,e
181142,Jakh,Jammu & Kashmir,Y,Y,e
181143,Jakh,Jammu & Kashmir,Y,Y,e
181144,Jammu,Jammu And Kashmir,N,N,d
181145,Jammu,Jammu & Kashmir,Y,Y,e
181151,Jammu,Jammu And Kashmir,N,N,d
181152,Jammu,Jammu & Kashmir,Y,Y,e
181201,Akhnoor,Jammu & Kashmir,Y,Y,e
181202,Akhnoor,Jammu & Kashmir,Y,Y,e
181203,Akhnoor,Jammu & Kashmir,Y,Y,e
181204,Akhnoor,Jammu & Kashmir,Y,Y,e
181205,Jammu,Jammu & Kashmir,Y,Y,e
181206,Akhnoor,Jammu & Kashmir,Y,Y,e
181207,Akhnoor,Jammu & Kashmir,Y,Y,e
181208,Jammu,Jammu & Kashmir,Y,Y,e
181209,Akhnoor,Jammu & Kashmir,Y,Y,d
181212,Jammu,Jammu And Kashmir,N,N,d
181221,Jammu,Jammu & Kashmir,Y,Y,e
181223,Udhampur,Jammu And Kashmir,Y,Y,e
181224,Katra,Jammu & Kashmir,Y,Y,e
181256,Jammu,Jammu & Kashmir,N,N,d
182101,Udhampur,Jammu & Kashmir,Y,Y,e
182103,Udhampur,Jammu And Kashmir,N,Y,e
182104,Udhampur,Jammu & Kashmir,Y,Y,e
182117,Udhampur,Jammu & Kashmir,Y,Y,e
182121,Udhampur,Jammu & Kashmir,Y,Y,e
182122,Ramnagar-JK,Jammu & Kashmir,Y,Y,e
182123,Udhampur,Jammu And Kashmir,Y,Y,e
182124,Udhampur,Jammu & Kashmir,Y,Y,e
182125,Udhampur,Jammu & Kashmir,Y,Y,e
182126,Udhampur,Jammu & Kashmir,Y,Y,e
182127,Udhampur,Jammu & Kashmir,Y,Y,e
182128,Billawar,Jammu & Kashmir,Y,Y,e
182141,Chenani,Jammu & Kashmir,Y,Y,e
182142,Chenani,Jammu & Kashmir,Y,Y,e
182143,Chenani,Jammu & Kashmir,Y,Y,e
182144,Ramban,Jammu & Kashmir,Y,Y,e
182145,Ramsoo,Jammu & Kashmir,N,Y,e
182146,Banihal,Jammu & Kashmir,Y,Y,e
182147,Doda,Jammu & Kashmir,Y,Y,e
182148,Ramban,Jammu & Kashmir,Y,Y,e
182161,Chenani,Jammu & Kashmir,Y,Y,e
182200,Bhaderwah,Jammu & Kashmir,Y,Y,e
182201,Doda,Jammu & Kashmir,Y,Y,e
182202,Doda,Jammu & Kashmir,Y,Y,e
182203,Doda,Jammu & Kashmir,Y,Y,e
182204,Kishtwar,Jammu & Kashmir,Y,Y,e
182206,Kishtwar,Jammu & Kashmir,N,N,e
182221,Bhaderwah,Jammu & Kashmir,Y,Y,e
182222,Bhaderwah,Jammu & Kashmir,Y,Y,e
182223,Thathri?,Jammu & Kashmir,N,N,d
182301,Katra,Jammu & Kashmir,Y,Y,e
182311,Reasi,Jammu & Kashmir,Y,Y,e
182312,Reasi,Jammu & Kashmir,Y,Y,e
182320,Katra,Jammu & Kashmir,Y,Y,e
184101,Kathua,Jammu & Kashmir,Y,Y,e
184102,Kathua,Jammu & Kashmir,Y,Y,e
184103,Hiranagar,Jammu & Kashmir,Y,Y,e
184104,Kathua,Jammu & Kashmir,Y,Y,e
184120,Jakh,Jammu & Kashmir,Y,Y,e
184121,Samba,Jammu & Kashmir,Y,Y,e
184141,Samba,Jammu & Kashmir,Y,Y,e
184142,Hiranagar,Jammu & Kashmir,Y,Y,e
184143,Kathua,Jammu & Kashmir,Y,Y,e
184144,Hiranagar,Jammu & Kashmir,Y,Y,e
184145,Samba,Jammu & Kashmir,Y,Y,e
184146,Hira Nagar,Jammu And Kashmir,Y,Y,e
184147,Kathua,Jammu & Kashmir,Y,Y,e
184148,Hiranagar,Jammu & Kashmir,Y,Y,e
184151,Kathua,Jammu & Kashmir,Y,Y,e
184152,Kathua,Jammu & Kashmir,Y,Y,e
184201,Basohli,Jammu & Kashmir,Y,Y,e
184202,Billawar,Jammu & Kashmir,Y,Y,e
184203,Billawar,Jammu & Kashmir,Y,Y,e
184204,Billawar,Jammu & Kashmir,Y,Y,e
184205,Billawar,Jammu & Kashmir,Y,Y,e
184210,Billawar,Jammu & Kashmir,Y,Y,e
184843,Kathua,Jammu & Kashmir,N,N,d
185101,Poonch,Jammu & Kashmir,Y,Y,e
185102,Poonch,Jammu And Kashmir,N,Y,e
185111,Poonch,Jammu & Kashmir,Y,Y,e
185121,Poonch,Jammu & Kashmir,Y,Y,e
185131,Rajouri,Jammu & Kashmir,Y,Y,e
185132,Rajouri,Jammu & Kashmir,Y,Y,e
185151,Sunderbani,Jammu & Kashmir,Y,Y,e
185152,Rajouri,Jammu & Kashmir,Y,Y,e
185153,Sunderbani,Jammu & Kashmir,Y,Y,e
185155,Sunderbani,Jammu & Kashmir,Y,Y,e
185156,Sunderbani,Jammu & Kashmir,Y,Y,e
185201,Sunderbani,Jammu & Kashmir,Y,Y,e
185202,Sunderbani,Jammu & Kashmir,Y,Y,e
185203,Sunderbani,Jammu & Kashmir,Y,Y,e
185211,Poonch,Jammu & Kashmir,Y,Y,e
185212,Rajouri,Jammu & Kashmir,Y,Y,e
185234,Rajouri,Jammu & Kashmir,Y,Y,e
190001,Srinagar,Jammu & Kashmir,Y,Y,e
190002,Srinagar,Jammu & Kashmir,Y,Y,e
190003,Srinagar,Jammu & Kashmir,Y,Y,e
190004,Srinagar,Jammu & Kashmir,Y,Y,e
190005,Srinagar,Jammu & Kashmir,Y,Y,e
190006,Srinagar,Jammu & Kashmir,Y,Y,e
190007,Srinagar,Jammu & Kashmir,Y,Y,e
190008,Srinagar,Jammu & Kashmir,Y,Y,e
190009,Srinagar,Jammu & Kashmir,Y,Y,e
190010,Srinagar,Jammu & Kashmir,Y,Y,e
190011,Srinagar,Jammu & Kashmir,Y,Y,e
190012,Srinagar,Jammu & Kashmir,Y,Y,e
190013,Srinagar,Jammu & Kashmir,Y,Y,e
190014,Srinagar,Jammu & Kashmir,Y,Y,e
190015,Srinagar,Jammu & Kashmir,Y,Y,e
190016,Srinagar,Jammu & Kashmir,Y,Y,e
190017,Srinagar,Jammu & Kashmir,Y,Y,e
190018,Srinagar,Jammu & Kashmir,Y,Y,e
190019,Srinagar,Jammu & Kashmir,Y,Y,e
190020,Srinagar,Jammu & Kashmir,Y,Y,e
190021,Srinagar,Jammu & Kashmir,Y,Y,e
190022,Srinagar,Jammu And Kashmir,Y,Y,e
190023,Srinagar,Jammu & Kashmir,Y,Y,e
190024,Srinagar,Jammu & Kashmir,Y,Y,e
190025,Srinagar,Jammu & Kashmir,Y,Y,e
191101,Srinagar,Jammu & Kashmir,Y,Y,e
191102,Srinagar,Jammu & Kashmir,Y,Y,e
191103,Srinagar,Jammu & Kashmir,Y,Y,e
191104,Outer Srinagar,Jammu And Kashmir,Y,Y,e
191111,Srinagar,Jammu & Kashmir,Y,Y,e
191112,CHADORA BUDGAM,Jammu & Kashmir,Y,Y,e
191113,CHADOORA,Jammu & Kashmir,Y,Y,e
191115,Outer Srinagar,Jammu And Kashmir,Y,Y,e
191121,Srinagar,Jammu & Kashmir,Y,Y,e
191123,Srinagar,Jammu & Kashmir,Y,Y,e
191124,Outer Srinagar,Jammu And Kashmir,Y,Y,e
191131,Srinagar,Jammu & Kashmir,Y,Y,e
191132,Srinagar,Jammu & Kashmir,Y,Y,e
191141,Parimpora,Jammu And Kashmir,Y,Y,e
191201,Srinagar,Jammu & Kashmir,Y,Y,e
191202,GANDERBAL,Jammu & Kashmir,Y,Y,e
191203,Ganderbal,Jammu And Kashmir,N,Y,e
191204,GANDERBAL,Jammu & Kashmir,Y,Y,e
191205,Lar Ganderbal,Jammu And Kashmir,N,Y,e
192101,Anantnag,Jammu & Kashmir,Y,Y,e
192102,Anantnag,Jammu & Kashmir,Y,Y,e
192121,Srinagar,Jammu & Kashmir,Y,Y,e
192122,Srinagar,Jammu & Kashmir,Y,Y,e
192123,Pulwama,Jammu & Kashmir,Y,Y,e
192124,Anantnag,Jammu & Kashmir,Y,Y,e
192125,Anantnag,Jammu & Kashmir,Y,Y,e
192126,Srinagar,Jammu & Kashmir,Y,Y,e
192128,Anantnagh,Jammu & Kashmir,N,N,d
192129,Anantnag,Jammu & Kashmir,Y,Y,e
192201,Anantnag,Jammu & Kashmir,Y,Y,e
192202,Anantnag,Jammu & Kashmir,Y,Y,e
192203,Anantnagh,Jammu & Kashmir,N,N,d
192204,Anantnagh,Jammu & Kashmir,N,N,d
192210,Anantnag,Jammu & Kashmir,Y,Y,e
192211,Anantnag,Jammu & Kashmir,Y,Y,e
192212,Anantnag,Jammu & Kashmir,Y,Y,e
192221,Anantnag,Jammu & Kashmir,Y,Y,e
192231,KULGAM,Jammu & Kashmir,Y,Y,e
192232,KULGAM,Jammu & Kashmir,Y,Y,e
192233,KULGAM,Jammu & Kashmir,Y,Y,e
192234,Anantnag,Jammu And Kashmir,N,Y,d
192301,Pulwama,Jammu & Kashmir,Y,Y,e
192302,Pulwama,Jammu & Kashmir,Y,Y,e
192303,Pulwama,Jammu & Kashmir,Y,Y,e
192304,Pulwama,Jammu & Kashmir,Y,Y,e
192305,Anantnag,Jammu & Kashmir,Y,Y,e
192306,PULWAMA,Jammu & Kashmir,Y,Y,e
192307,Pulwama,Jammu & Kashmir,N,N,d
192308,Pulwama,Jammu & Kashmir,N,N,d
192309,Pulwama,Jammu & Kashmir,N,N,d
192401,Anantnag,Jammu & Kashmir,Y,Y,e
193101,Baramulla,Jammu & Kashmir,Y,Y,e
193102,Baramulla,Jammu & Kashmir,Y,Y,e
193103,Baramulla,Jammu & Kashmir,Y,Y,e
193105,Baramulla,Jammu & Kashmir,N,N,d
193106,Baramulla,Jammu & Kashmir,N,N,d
193107,Baramulla,Jammu & Kashmir,N,N,d
193108,Srinagar,Jammu & Kashmir,Y,Y,e
193109,Srinagar,Jammu & Kashmir,Y,Y,e
193121,Srinagar,Jammu & Kashmir,Y,Y,e
193122,Baramulla,Jammu & Kashmir,Y,Y,e
193123,Anantnag,Jammu & Kashmir,Y,Y,e
193124,Baramulla,Jammu And Kashmir,N,Y,e
193125,Baramulla,Jammu And Kashmir,N,Y,e
193198,Srinagar,Jammu & Kashmir,Y,Y,e
193201,Sopore,Jammu & Kashmir,Y,Y,e
193202,Sopore,Jammu & Kashmir,Y,Y,e
193209,Sopore,Jammu And Kashmir,N,Y,e
193211,Sopore,Jammu And Kashmir,N,Y,e
193212,Sopore,Jammu And Kashmir,N,Y,e
193221,HANDWARA,Jammu & Kashmir,Y,Y,e
193222,Kupwara,Jammu & Kashmir,Y,Y,e
193223,Kupwara,Jammu & Kashmir,Y,Y,e
193224,Kupwara,Jammu & Kashmir,Y,Y,e
193301,Sopore,Jammu & Kashmir,Y,Y,e
193302,Kupwara,Jammu & Kashmir,Y,Y,e
193303,BARAMULLA,Jammu & Kashmir,Y,Y,e
193401,Srinagar,Jammu & Kashmir,Y,Y,e
193402,Baramulla,Jammu & Kashmir,Y,Y,e
193403,Baramulla,Jammu & Kashmir,Y,Y,e
193404,MAGAM,Jammu & Kashmir,Y,Y,e
193411,Srinagar,Jammu & Kashmir,Y,Y,e
193501,Bandipora,Jammu & Kashmir,Y,Y,e
193502,Bandipora,Jammu & Kashmir,Y,Y,e
193503,Srinagar,Jammu And Kashmir,N,N,e
193504,Bandipora,Jammu & Kashmir,Y,Y,e
193505,Bandipora,Jammu & Kashmir,N,N,e
194101,Leh,Ladakh,Y,Y,e
194103,Kargil,Ladakh,Y,Y,e
194104,Leh,Ladakh,Y,Y,e
194105,Leh,Ladakh,N,Y,e
194106,Leh,Ladakh,N,N,d
194107,Leh,Ladakh,N,N,d
194201,Leh,Jammu & Kashmir,N,N,e
194401,Diskit,Ladakh,Y,Y,e
200101,Ghaziabad,Uttar Pradesh,N,N,d
200102,Ghaziabad,Uttar Pradesh,N,N,d
200742,Etah,Uttar Pradesh,N,N,d
201000,Ghaziabad,Uttar Pradesh,Y,Y,d
201001,Ghaziabad,Uttar Pradesh,Y,Y,d
201002,Ghaziabad,Uttar Pradesh,Y,Y,d
201003,Ghaziabad,Uttar Pradesh,Y,Y,d
201004,Ghaziabad,Uttar Pradesh,Y,Y,d
201005,Ghaziabad,Uttar Pradesh,Y,Y,d
201006,Ghaziabad,Uttar Pradesh,Y,Y,d
201007,Ghaziabad,Uttar Pradesh,Y,Y,d
201008,Dadri,Uttar Pradesh,Y,Y,d
201009,Ghaziabad,Uttar Pradesh,Y,Y,d
201010,Ghaziabad,Uttar Pradesh,Y,Y,d
201011,Ghaziabad,Uttar Pradesh,Y,Y,d
201012,Ghaziabad,Uttar Pradesh,Y,Y,d
201013,Ghaziabad,Uttar Pradesh,Y,Y,d
201014,Ghaziabad,Uttar Pradesh,Y,Y,d
201015,Pilkhuwa,Uttar Pradesh,Y,Y,d
201016,Ghaziabad,Uttar Pradesh,Y,Y,d
201017,Ghaziabad,Uttar Pradesh,Y,Y,d
201018,Ghaziabad,Uttar Pradesh,Y,Y,d
201019,Ghaziabad,Uttar Pradesh,Y,Y,d
201020,Noida,Uttar Pradesh,Y,Y,d
201021,Ghaziabad,Uttar Pradesh,Y,Y,d
201022,#REF!,#REF!,N,N,d
201026,Ghaziabad,Uttar Pradesh,N,N,d
201101,Delhi,Delhi,Y,Y,d
201102,Noida,Uttar Pradesh,Y,Y,d
201103,Loniup,Uttar Pradesh,Y,Y,d
201106,Ghaziabad,Uttar Pradesh,Y,Y,d
201201,Modinagar,Uttar Pradesh,Y,Y,d
201202,Modinagar,Uttar Pradesh,Y,Y,d
201203,Ghaziabad,Uttar Pradesh,N,N,d
201204,Modinagar,Uttar Pradesh,Y,Y,d
201205,Modinagar,Uttar Pradesh,Y,Y,d
201206,Modinagar,Uttar Pradesh,Y,Y,d
201208,Noida,Uttar Pradesh,N,N,d
201300,Noida,Uttar Pradesh,Y,Y,d
201301,Noida,Uttar Pradesh,Y,Y,d
201302,Ghaziabad,Uttar Pradesh,Y,Y,d
201303,Noida,Uttar Pradesh,Y,Y,d
201304,Noida,Uttar Pradesh,Y,Y,d
201305,Noida,Uttar Pradesh,Y,Y,d
201306,Noida,Uttar Pradesh,Y,Y,d
201307,Noida,Uttar Pradesh,Y,Y,d
201308,Noida,Uttar Pradesh,Y,Y,d
201309,Noida,Uttar Pradesh,Y,Y,d
201310,Noida,Uttar Pradesh,Y,Y,d
201311,Dadri,Uttar Pradesh,Y,Y,d
201312,Noida,Uttar Pradesh,Y,Y,d
201313,Noida,Uttar Pradesh,Y,Y,d
201314,Dadri,Uttar Pradesh,Y,Y,d
201315,Noida,Uttar Pradesh,Y,Y,d
201316,Noida,Uttar Pradesh,Y,Y,d
201317,Noida,Uttar Pradesh,Y,Y,d
201318,Noida,Uttar Pradesh,Y,Y,d
201319,#REF!,#REF!,N,N,d
201320,#REF!,#REF!,N,N,d
201333,Noida,Uttar Pradesh,N,Y,d
201712,Etah,Uttar Pradesh,N,N,d
202001,Aligarh,Uttar Pradesh,Y,Y,d
202002,Aligarh,Uttar Pradesh,Y,Y,d
202004,Aligarh,Uttar Pradesh,Y,Y,d
202117,Aligarh,Uttar Pradesh,Y,Y,d
202118,Aligarh,Uttar Pradesh,Y,Y,d
202119,Aligarh,Uttar Pradesh,Y,Y,d
202120,Aligarh,Uttar Pradesh,Y,Y,d
202121,Aligarh,Uttar Pradesh,Y,Y,d
202122,Aligarh,Uttar Pradesh,Y,Y,d
202123,Khair,Uttar Pradesh,Y,Y,d
202124,Hathras,Uttar Pradesh,Y,Y,d
202125,Aligarh,Uttar Pradesh,Y,Y,d
202126,Aligarh,Uttar Pradesh,Y,Y,d
202127,Aligarh,Uttar Pradesh,Y,Y,d
202128,Aligarh,Uttar Pradesh,Y,Y,d
202129,Aligarh,Uttar Pradesh,Y,Y,d
202130,Atrauli,Uttar Pradesh,Y,Y,d
202131,Atrauli,Uttar Pradesh,Y,Y,d
202132,Khair,Uttar Pradesh,Y,Y,d
202133,Aligarh,Uttar Pradesh,Y,Y,d
202134,Kasganj,Uttar Pradesh,Y,Y,d
202135,Khair,Uttar Pradesh,Y,Y,d
202136,Khair,Uttar Pradesh,Y,Y,d
202137,Jewar,Uttar Pradesh,Y,Y,d
202138,Khair,Uttar Pradesh,Y,Y,d
202139,Hathras,Uttar Pradesh,Y,Y,d
202140,Khair,Uttar Pradesh,Y,Y,d
202141,Khair,Uttar Pradesh,Y,Y,d
202142,Khair,Uttar Pradesh,Y,Y,d
202143,Khair,Uttar Pradesh,Y,Y,d
202144,Iglas,Uttar Pradesh,N,N,d
202145,Hathras,Uttar Pradesh,Y,Y,d
202146,Hathras,Uttar Pradesh,Y,Y,d
202150,Aligarh,Uttar Pradesh,Y,Y,d
202151,Jewar,Uttar Pradesh,Y,Y,d
202155,Khair,Uttar Pradesh,Y,Y,d
202165,Jewar,Uttar Pradesh,Y,Y,d
202170,Sikandra Rao,Uttar Pradesh,Y,Y,d
202171,Aligarh,Uttar Pradesh,Y,Y,d
202280,Atrauli,Uttar Pradesh,Y,Y,d
202281,Atrauli,Uttar Pradesh,Y,Y,d
202282,Atrauli,Uttar Pradesh,Y,Y,d
202305,Aligarh,Uttar Pradesh,Y,Y,d
202308,Fatehpur,Uttar Pradesh,N,N,d
202383,Atrauli,Uttar Pradesh,N,N,d
202389,Dibai,Uttar Pradesh,Y,Y,d
202390,Anupshahar,Uttar Pradesh,Y,Y,d
202391,Anupshahar,Uttar Pradesh,Y,Y,d
202392,Dibai,Uttar Pradesh,Y,Y,d
202393,Dibai,Uttar Pradesh,Y,Y,d
202394,Anupshahar,Uttar Pradesh,Y,Y,d
202395,Dibai,Uttar Pradesh,Y,Y,d
202396,Dibai,Uttar Pradesh,Y,Y,d
202397,Dibai,Uttar Pradesh,Y,Y,d
202398,Anupshahar,Uttar Pradesh,Y,Y,d
202399,Dibai,Uttar Pradesh,Y,Y,d
202410,Chandausi,Uttar Pradesh,Y,Y,d
202411,Chandausi,Uttar Pradesh,Y,Y,d
202412,Chandausi,Uttar Pradesh,Y,Y,d
202413,Moradabad,Uttar Pradesh,Y,Y,d
202414,Chandausi,Uttar Pradesh,Y,Y,d
202415,Moradabad,Uttar Pradesh,Y,Y,d
202416,Atrauli,Uttar Pradesh,N,N,d
202417,Shahabad-Up,Uttar Pradesh,Y,Y,d
202421,Sahaswan,Uttar Pradesh,N,Y,d
202520,Chandausi,Uttar Pradesh,Y,Y,d
202521,Chandausi,Uttar Pradesh,Y,Y,d
202523,Chandausi,Uttar Pradesh,Y,Y,d
202524,Sahaswan,Uttar Pradesh,Y,Y,d
202525,Aonla,Uttar Pradesh,Y,Y,d
202526,Aonla,Uttar Pradesh,Y,Y,d
202527,Anupshahar,Uttar Pradesh,Y,Y,d
202720,Kannauj,Uttar Pradesh,N,N,d
202721,Atrauli,Uttar Pradesh,N,N,d
202722,Atrauli,Uttar Pradesh,N,N,d
202723,Aligarh,Uttar Pradesh,Y,Y,d
202724,Atrauli,Uttar Pradesh,N,N,d
203001,Bulandshahr,Uttar Pradesh,Y,Y,d
203002,Bulandshahr,Uttar Pradesh,Y,Y,d
203121,Bulandshahr,Uttar Pradesh,Y,Y,d
203129,Khurja,Uttar Pradesh,Y,Y,d
203131,Khurja,Uttar Pradesh,Y,Y,d
203132,Khurja,Uttar Pradesh,Y,Y,d
203133,Jewar,Uttar Pradesh,Y,Y,d
203135,Jewar,Uttar Pradesh,Y,Y,d
203141,Jewar,Uttar Pradesh,Y,Y,d
203145,BULANDSHAHR,Uttar Pradesh,N,Y,d
203150,Bulandshahr,Uttar Pradesh,Y,Y,d
203155,Jewar,Uttar Pradesh,Y,Y,d
203200,Noida,Uttar Pradesh,N,N,d
203201,Sikandrabad,Uttar Pradesh,Y,Y,d
203202,Sikandrabad,Uttar Pradesh,Y,Y,d
203203,Sikandrabad,Uttar Pradesh,Y,Y,d
203205,Sikandrabad,Uttar Pradesh,Y,Y,d
203206,Sikandrabad,Uttar Pradesh,Y,Y,d
203207,Noida,Uttar Pradesh,Y,Y,d
203208,Dadri,Uttar Pradesh,Y,Y,d
203209,Jewar,Uttar Pradesh,Y,Y,d
203389,Dibai,Uttar Pradesh,Y,Y,d
203390,Anupshahar,Uttar Pradesh,Y,Y,d
203391,Anupshahar,Uttar Pradesh,Y,Y,d
203392,Dibai,Uttar Pradesh,Y,Y,d
203393,Dibai,Uttar Pradesh,Y,Y,d
203394,Anupshahar,Uttar Pradesh,Y,Y,d
203395,Dibai,Uttar Pradesh,Y,Y,d
203396,Dibai,Uttar Pradesh,Y,Y,d
203397,Dibai,Uttar Pradesh,Y,Y,d
203398,Anupshahar,Uttar Pradesh,Y,Y,d
203399,Dibai,Uttar Pradesh,Y,Y,d
203401,Siyana,Uttar Pradesh,Y,Y,d
203402,Siyana,Uttar Pradesh,Y,Y,d
203403,Siyana,Uttar Pradesh,Y,Y,d
203405,Siyana,Uttar Pradesh,Y,Y,d
203407,Siyana,Uttar Pradesh,Y,Y,d
203408,Hapur,Uttar Pradesh,Y,Y,d
203409,Bulandshahr,Uttar Pradesh,Y,Y,d
203411,Siyana,Uttar Pradesh,Y,Y,d
203412,Siyana,Uttar Pradesh,Y,Y,d
203413,#REF!,#REF!,N,N,d
203551,Firozabad,Uttar Pradesh,N,N,d
204001,Moradabad,Uttar Pradesh,N,N,d
204101,Hathras,Uttar Pradesh,Y,Y,d
204102,Hathras,Uttar Pradesh,Y,Y,d
204103,Hathras,Uttar Pradesh,Y,Y,d
204104,Hathras,Uttar Pradesh,Y,Y,d
204105,Hathras,Uttar Pradesh,Y,Y,d
204106,Aligarh,Uttar Pradesh,Y,Y,d
204122,Akbarpur,Uttar Pradesh,N,N,d
204205,Hathras,Uttar Pradesh,N,N,d
204206,Hathras,Uttar Pradesh,N,N,d
204207,Aligarh,Uttar Pradesh,N,N,d
204208,Hathras,Uttar Pradesh,Y,Y,d
204209,Hathras,Uttar Pradesh,N,N,d
204210,Aligarh,Uttar Pradesh,Y,Y,d
204211,Sikandra Rao,Uttar Pradesh,Y,Y,d
204212,Sikandra Rao,Uttar Pradesh,Y,Y,d
204213,Hathras,Uttar Pradesh,Y,Y,d
204214,Sikandra Rao,Uttar Pradesh,Y,Y,d
204215,Sikandra Rao,Uttar Pradesh,Y,Y,d
204216,Hathras,Uttar Pradesh,Y,Y,d
204217,#REF!,#REF!,N,N,d
205001,Mainpuri,Uttar Pradesh,Y,Y,d
205119,Mainpuri,Uttar Pradesh,Y,Y,d
205120,Mainpuri,Uttar Pradesh,Y,Y,d
205121,Shikohabad,Uttar Pradesh,Y,Y,d
205122,Jasrana,Uttar Pradesh,N,N,d
205125,Shikohabad,Uttar Pradesh,Y,Y,d
205126,Jasrana,Uttar Pradesh,N,N,d
205130,Shikohabad,Uttar Pradesh,Y,Y,d
205135,Shikohabad,Uttar Pradesh,Y,Y,d
205141,Shikohabad,Uttar Pradesh,Y,Y,d
205142,Shikohabad,Uttar Pradesh,Y,Y,d
205145,Shikohabad,Uttar Pradesh,Y,Y,d
205147,Shikohabad,Uttar Pradesh,Y,Y,d
205151,Shikohabad,Uttar Pradesh,Y,Y,d
205152,Shikohabad,Uttar Pradesh,Y,Y,d
205247,Mainpuri,Uttar Pradesh,Y,Y,d
205253,Etawah,Uttar Pradesh,N,N,d
205261,Mainpuri,Uttar Pradesh,Y,Y,d
205262,Mainpuri,Uttar Pradesh,Y,Y,d
205263,Mainpuri,Uttar Pradesh,Y,Y,d
205264,Mainpuri,Uttar Pradesh,Y,Y,d
205265,Mainpuri,Uttar Pradesh,Y,Y,d
205266,Etawah,Uttar Pradesh,Y,Y,d
205267,Mainpuri,Uttar Pradesh,Y,Y,d
205268,Kishni,Uttar Pradesh,Y,Y,d
205301,Mainpuri,Uttar Pradesh,Y,Y,d
205302,Aliganj,Uttar Pradesh,Y,Y,d
205303,Kishni,Uttar Pradesh,Y,Y,d
205304,Kishni,Uttar Pradesh,Y,Y,d
206001,Etawah,Uttar Pradesh,Y,Y,d
206002,Etawah,Uttar Pradesh,Y,Y,d
206003,Etawah,Uttar Pradesh,Y,Y,d
206016,Lucknow,Uttar Pradesh,N,N,d
206024,Lucknow,Uttar Pradesh,N,N,d
206025,Lucknow,Uttar Pradesh,N,N,d
206120,Bakewar,Uttar Pradesh,Y,Y,d
206121,Bakewar,Uttar Pradesh,Y,Y,d
206122,Auraiya,Uttar Pradesh,Y,Y,d
206123,Kishni,Uttar Pradesh,Y,Y,d
206124,Bakewar,Uttar Pradesh,Y,Y,d
206125,Bakewar,Uttar Pradesh,Y,Y,d
206126,Etawah,Uttar Pradesh,Y,Y,d
206127,Bakewar,Uttar Pradesh,Y,Y,d
206128,Bakewar,Uttar Pradesh,Y,Y,d
206129,Auraiya,Uttar Pradesh,Y,Y,d
206130,Etawah,Uttar Pradesh,Y,Y,d
206131,Etawah,Uttar Pradesh,Y,Y,d
206167,Bakewar,Uttar Pradesh,Y,Y,d
206200,Etawah,Uttar Pradesh,N,N,d
206202,Jaswantnagar,Uttar Pradesh,N,N,d
206241,Bidhuna,Uttar Pradesh,Y,Y,d
206242,Bakewar,Uttar Pradesh,Y,Y,d
206243,Bidhuna,Uttar Pradesh,Y,Y,d
206244,Auraiya,Uttar Pradesh,Y,Y,d
206245,Etawah,Uttar Pradesh,Y,Y,d
206246,Rasulabad,Uttar Pradesh,Y,Y,d
206247,Auraiya,Uttar Pradesh,Y,Y,d
206248,Bidhuna,Uttar Pradesh,Y,Y,d
206249,Bidhuna,Uttar Pradesh,Y,Y,d
206250,Bidhuna,Uttar Pradesh,Y,Y,d
206251,Bidhuna,Uttar Pradesh,Y,Y,d
206252,Bidhuna,Uttar Pradesh,Y,Y,d
206253,Etawah,Uttar Pradesh,Y,Y,d
206255,Rasulabad,Uttar Pradesh,Y,Y,d
206301,Chhibramau,Uttar Pradesh,Y,Y,d
206302,Kishni,Uttar Pradesh,Y,Y,d
206303,Kishni,Uttar Pradesh,Y,Y,d
206451,Mainpuri,Uttar Pradesh,Y,Y,d
207001,Etah,Uttar Pradesh,Y,Y,d
207002,Etah,Uttar Pradesh,Y,Y,d
207003,Etah,Uttar Pradesh,Y,Y,d
207023,Etah,Uttar Pradesh,N,Y,d
207120,Etah,Uttar Pradesh,Y,Y,d
207121,Etah,Uttar Pradesh,Y,Y,d
207122,Etah,Uttar Pradesh,Y,Y,d
207123,Kasganj,Uttar Pradesh,Y,Y,d
207124,Kasganj,Uttar Pradesh,Y,Y,d
207125,Kasganj,Uttar Pradesh,Y,Y,d
207126,Etah,Uttar Pradesh,Y,Y,d
207241,Kasganj,Uttar Pradesh,Y,Y,d
207242,Ganjdundwara,Uttar Pradesh,Y,Y,d
207243,Ganjdundwara,Uttar Pradesh,Y,Y,d
207244,Aliganj,Uttar Pradesh,Y,Y,d
207245,Kasganj,Uttar Pradesh,Y,Y,d
207246,Ganjdundwara,Uttar Pradesh,Y,Y,d
207247,Aliganj,Uttar Pradesh,Y,Y,d
207248,Aliganj,Uttar Pradesh,Y,Y,d
207249,Aliganj,Uttar Pradesh,Y,Y,d
207250,Aliganj,Uttar Pradesh,Y,Y,d
207301,Jalesar,Uttar Pradesh,Y,Y,d
207302,Jalesar,Uttar Pradesh,Y,Y,d
207401,Kasganj,Uttar Pradesh,Y,Y,d
207402,Kasganj,Uttar Pradesh,Y,Y,d
207403,Kasganj,Uttar Pradesh,Y,Y,d
207404,Kasganj,Uttar Pradesh,Y,Y,d
207441,Kasganj,Uttar Pradesh,N,N,d
207501,Farrukhabad,Uttar Pradesh,Y,Y,d
207502,Aliganj,Uttar Pradesh,Y,Y,d
207503,Farrukhabad,Uttar Pradesh,Y,Y,d
207505,Aliganj,Uttar Pradesh,Y,Y,d
207859,Mohanlalganj,Uttar Pradesh,N,N,d
208001,Kanpur,Uttar Pradesh,Y,Y,d
208002,Kanpur,Uttar Pradesh,Y,Y,d
208003,Kanpur,Uttar Pradesh,Y,Y,d
208004,Kanpur,Uttar Pradesh,Y,Y,d
208005,Kanpur,Uttar Pradesh,Y,Y,d
208006,Kanpur,Uttar Pradesh,Y,Y,d
208007,Kanpur,Uttar Pradesh,Y,Y,d
208008,Kanpur,Uttar Pradesh,Y,Y,d
208009,Kanpur,Uttar Pradesh,Y,Y,d
208010,Kanpur,Uttar Pradesh,Y,Y,d
208011,Kanpur,Uttar Pradesh,Y,Y,d
208012,Kanpur,Uttar Pradesh,Y,Y,d
208013,Kanpur,Uttar Pradesh,Y,Y,d
208014,Kanpur,Uttar Pradesh,Y,Y,d
208015,Kanpur,Uttar Pradesh,Y,Y,d
208016,Kanpur,Uttar Pradesh,Y,Y,d
208017,Kanpur,Uttar Pradesh,Y,Y,d
208018,Kanpur,Uttar Pradesh,Y,Y,d
208019,Kanpur,Uttar Pradesh,Y,Y,d
208020,Kanpur,Uttar Pradesh,Y,Y,d
208021,Kanpur,Uttar Pradesh,Y,Y,d
208022,Kanpur,Uttar Pradesh,Y,Y,d
208023,Kanpur,Uttar Pradesh,Y,Y,d
208024,Kanpur,Uttar Pradesh,Y,Y,d
208025,Kanpur,Uttar Pradesh,Y,Y,d
208026,Kanpur,Uttar Pradesh,Y,Y,d
208027,Kanpur,Uttar Pradesh,Y,Y,d
208028,#REF!,#REF!,N,N,d
208029,Kanpur,Uttar Pradesh,N,N,d
208039,Kanpur,Uttar Pradesh,Y,Y,d
208120,Kanpur,Uttar Pradesh,Y,Y,d
209025,Farrukhabad,Uttar Pradesh,N,Y,d
209101,Akbarpur-UP,Uttar Pradesh,Y,Y,d
209111,Pukhrayan,Uttar Pradesh,Y,Y,d
209112,Pukhrayan,Uttar Pradesh,Y,Y,d
209115,Pukhrayan,Uttar Pradesh,Y,Y,d
209121,Kanpur,Uttar Pradesh,Y,Y,d
209125,Auraiya,Uttar Pradesh,Y,Y,d
209201,Kanpur,Uttar Pradesh,Y,Y,d
209202,Rasulabad,Uttar Pradesh,Y,Y,d
209203,Kanpur,Uttar Pradesh,Y,Y,d
209204,Kanpur,Uttar Pradesh,Y,Y,d
209205,Kanpur,Uttar Pradesh,Y,Y,d
209206,Ghatampur,Uttar Pradesh,Y,Y,d
209207,Ghatampur,Uttar Pradesh,Y,Y,d
209208,Ghatampur,Uttar Pradesh,Y,Y,d
209209,Ghatampur,Uttar Pradesh,Y,Y,d
209210,Kanpur,Uttar Pradesh,Y,Y,d
209211,Kanpur,Uttar Pradesh,N,N,d
209214,Kanpur,Uttar Pradesh,Y,Y,d
209217,Kanpur,Uttar Pradesh,Y,Y,d
209261,Kanpur,Uttar Pradesh,N,Y,d
209291,Kanpur,Uttar Pradesh,N,N,d
209292,Kanpur,Uttar Pradesh,N,N,d
209293,Kanpur,Uttar Pradesh,Y,Y,d
209301,Akbarpur-UP,Uttar Pradesh,Y,Y,d
209302,Rasulabad,Uttar Pradesh,Y,Y,d
209303,Akbarpur-UP,Uttar Pradesh,Y,Y,d
209304,Kanpur,Uttar Pradesh,Y,Y,d
209305,Kanpur,Uttar Pradesh,Y,Y,d
209306,Rasulabad,Uttar Pradesh,Y,Y,d
209307,Kanpur,Uttar Pradesh,Y,Y,d
209308,Ghatampur,Uttar Pradesh,Y,Y,d
209309,Kanpur,Uttar Pradesh,N,N,d
209310,Rasulabad,Uttar Pradesh,Y,Y,d
209311,Akbarpur-UP,Uttar Pradesh,Y,Y,d
209312,Pukhrayan,Uttar Pradesh,Y,Y,d
209401,Ambuj Nagar,Uttar Pradesh,Y,Y,d
209402,Ambuj Nagar,Uttar Pradesh,Y,Y,d
209407,Kanpur,Uttar Pradesh,Y,Y,d
209501,Farrukhabad,Uttar Pradesh,Y,Y,d
209502,Aliganj,Uttar Pradesh,Y,Y,d
209503,Farrukhabad,Uttar Pradesh,Y,Y,d
209504,Farrukhabad,Uttar Pradesh,Y,Y,d
209505,Aliganj,Uttar Pradesh,Y,Y,d
209506,Unnao,Uttar Pradesh,Y,Y,d
209601,Farrukhabad,Uttar Pradesh,Y,Y,d
209602,Farrukhabad,Uttar Pradesh,Y,Y,d
209608,Farrukhabad,Uttar Pradesh,N,Y,d
209621,Farrukhabad,Uttar Pradesh,Y,Y,d
209622,Jalalabadup,Uttar Pradesh,Y,Y,d
209624,Farrukhabad Office,Uttar Pradesh,Y,Y,d
209625,Farrukhabad,Uttar Pradesh,Y,Y,d
209651,Farrukhabad,Uttar Pradesh,Y,Y,d
209652,Aliganj,Uttar Pradesh,Y,Y,d
209701,Kaimganj,Uttar Pradesh,N,Y,d
209715,Auraiya,Uttar Pradesh,Y,Y,d
209720,Chhibramau,Uttar Pradesh,Y,Y,d
209721,Chhibramau,Uttar Pradesh,Y,Y,d
209722,Kannauj,Uttar Pradesh,Y,Y,d
209723,Kannauj,Uttar Pradesh,Y,Y,d
209724,Farrukhabad,Uttar Pradesh,Y,Y,d
209725,Kannauj,Uttar Pradesh,Y,Y,d
209726,Kannauj,Uttar Pradesh,Y,Y,d
209727,Kannauj,Uttar Pradesh,Y,Y,d
209728,Chhibramau,Uttar Pradesh,Y,Y,d
209729,Chhibramau,Uttar Pradesh,Y,Y,d
209731,Chhibramau,Uttar Pradesh,Y,Y,d
209732,Kannauj,Uttar Pradesh,Y,Y,d
209733,Kannauj,Uttar Pradesh,Y,Y,d
209734,Kannauj,Uttar Pradesh,Y,Y,d
209735,Chhibramau,Uttar Pradesh,Y,Y,d
209736,Kannauj,Uttar Pradesh,Y,Y,d
209738,Kannauj,Uttar Pradesh,Y,Y,d
209739,Farrukhabad,Uttar Pradesh,Y,Y,d
209743,Chhibramau,Uttar Pradesh,Y,Y,d
209744,Farrukhabad,Uttar Pradesh,N,Y,d
209745,Farrukhabad,Uttar Pradesh,Y,Y,d
209746,Aliganj,Uttar Pradesh,Y,Y,d
209747,Chhibramau,Uttar Pradesh,Y,Y,d
209748,Kannauj,Uttar Pradesh,Y,Y,d
209749,Farrukhabad,Uttar Pradesh,Y,Y,d
209771,Bhongaon,Uttar Pradesh,N,N,d
209800,Unnao,Uttar Pradesh,N,Y,d
209801,Unnao,Uttar Pradesh,Y,Y,d
209808,Unnao,Uttar Pradesh,N,Y,d
209821,Bacchawaran,Uttar Pradesh,Y,Y,d
209822,Bacchawaran,Uttar Pradesh,Y,Y,d
209825,Unnao,Uttar Pradesh,Y,Y,d
209827,Unnao,Uttar Pradesh,Y,Y,d
209831,Unnao,Uttar Pradesh,Y,Y,d
209841,Unnao,Uttar Pradesh,Y,Y,d
209857,Mohanlalganj,Uttar Pradesh,N,N,d
209859,Unnao,Uttar Pradesh,Y,Y,d
209860,Unnao,Uttar Pradesh,Y,Y,d
209861,Unnao,Uttar Pradesh,Y,Y,d
209862,Unnao,Uttar Pradesh,Y,Y,d
209863,Unnao,Uttar Pradesh,Y,Y,d
209864,Unnao,Uttar Pradesh,Y,Y,d
209865,Unnao,Uttar Pradesh,Y,Y,d
209866,Unnao,Uttar Pradesh,Y,Y,d
209867,Unnao,Uttar Pradesh,Y,Y,d
209868,Bangarmau,Uttar Pradesh,Y,Y,d
209869,Bangarmau,Uttar Pradesh,Y,Y,d
209870,Miyanganj,Uttar Pradesh,Y,Y,d
209871,Bangarmau,Uttar Pradesh,Y,Y,d
209881,Malihabad,Uttar Pradesh,Y,Y,d
210001,Banda,Uttar Pradesh,Y,Y,d
210003,Banda-Up,Uttar Pradesh,N,Y,d
210004,Banda-Up,Uttar Pradesh,N,N,d
210005,Banda-Up,Uttar Pradesh,N,Y,d
210006,Banda-Up,Uttar Pradesh,N,N,d
210007,Banda-Up,Uttar Pradesh,N,N,d
210008,Banda-Up,Uttar Pradesh,N,N,d
210009,Allahabad,Uttar Pradesh,N,Y,d
210010,Allahabad,Uttar Pradesh,Y,Y,d
210011,Allahabad,Uttar Pradesh,N,Y,d
210012,Allahabad,Uttar Pradesh,N,Y,d
210100,Allahabad,Uttar Pradesh,Y,Y,d
210105,Chitrakoot,Uttar Pradesh,Y,Y,d
210120,Atarra,Uttar Pradesh,Y,Y,d
210121,Baberu,Uttar Pradesh,Y,Y,d
210122,Atarra,Uttar Pradesh,Y,Y,d
210123,Fatehpur,Uttar Pradesh,Y,Y,d
210125,Baberu,Uttar Pradesh,Y,Y,d
210126,HAMIRPUR,Uttar Pradesh,Y,Y,d
210128,Baberu,Uttar Pradesh,Y,Y,d
210129,Atarra,Uttar Pradesh,Y,Y,d
210201,Atarra,Uttar Pradesh,Y,Y,d
210202,Atarra,Uttar Pradesh,Y,Y,d
210203,Atarra,Uttar Pradesh,Y,Y,d
210204,Chitrakoot,Uttar Pradesh,Y,Y,d
210205,Chitrakoot,Uttar Pradesh,Y,Y,d
210206,Chitrakoot,Uttar Pradesh,Y,Y,d
210207,Chitrakoot,Uttar Pradesh,Y,Y,d
210208,Chitrakoot,Uttar Pradesh,Y,Y,d
210209,Shankargarh,Uttar Pradesh,Y,Y,d
210301,Hamirpur-UP,Uttar Pradesh,Y,Y,d
210302,Hamirpur-Up,Uttar Pradesh,Y,Y,d
210341,Maudaha,Uttar Pradesh,Y,Y,d
210421,Kulpahar,Uttar Pradesh,Y,Y,d
210422,Rath,Uttar Pradesh,Y,Y,d
210423,MAHOBA,Uttar Pradesh,Y,Y,d
210424,Mahoba,Uttar Pradesh,Y,Y,d
210425,Muskara,Uttar Pradesh,Y,Y,d
210426,Kulpahar,Uttar Pradesh,Y,Y,d
210427,Mahoba,Uttar Pradesh,Y,Y,d
210428,Rath,Uttar Pradesh,Y,Y,d
210429,Rath,Uttar Pradesh,Y,Y,d
210430,Rath,Uttar Pradesh,Y,Y,d
210431,Rath,Uttar Pradesh,Y,Y,d
210432,Muskara,Uttar Pradesh,Y,Y,d
210433,Mahoba,Uttar Pradesh,Y,Y,d
210434,Rath,Uttar Pradesh,Y,Y,d
210501,Muskara,Uttar Pradesh,Y,Y,d
210502,Maudaha,Uttar Pradesh,Y,Y,d
210504,HAMIRPUR,Uttar Pradesh,Y,Y,d
210505,Hamirpur-UP,Uttar Pradesh,Y,Y,d
210506,Muskara,Uttar Pradesh,Y,Y,d
210507,Maudaha,Uttar Pradesh,Y,Y,d
211001,Allahabad,Uttar Pradesh,Y,Y,d
211002,Allahabad,Uttar Pradesh,Y,Y,d
211003,Allahabad,Uttar Pradesh,Y,Y,d
211004,Allahabad,Uttar Pradesh,Y,Y,d
211005,Allahabad,Uttar Pradesh,Y,Y,d
211006,Allahabad,Uttar Pradesh,Y,Y,d
211007,Allahabad,Uttar Pradesh,Y,Y,d
211008,Allahabad,Uttar Pradesh,Y,Y,d
211009,Allahabad,Uttar Pradesh,Y,Y,d
211010,Allahabad,Uttar Pradesh,Y,Y,d
211011,Allahabad,Uttar Pradesh,Y,Y,d
211012,Allahabad,Uttar Pradesh,Y,Y,d
211013,Soraon,Uttar Pradesh,Y,Y,d
211014,Allahabad,Uttar Pradesh,Y,Y,d
211015,Allahabad,Uttar Pradesh,Y,Y,d
211016,Allahabad,Uttar Pradesh,Y,Y,d
211017,Allahabad,Uttar Pradesh,Y,Y,d
211018,Allahabad,Uttar Pradesh,Y,Y,d
211019,Allahabad,Uttar Pradesh,Y,Y,d
211020,Allahabad,Uttar Pradesh,Y,Y,d
211021,Soraon,Uttar Pradesh,Y,Y,d
211022,Soraon,Uttar Pradesh,Y,Y,d
211023,Allahabad,Uttar Pradesh,Y,Y,d
211104,Allahabad,Uttar Pradesh,Y,Y,d
212011,Varanasi,Uttar Pradesh,Y,Y,d
212103,Allahabad,Uttar Pradesh,N,N,d
212104,Manda,Uttar Pradesh,Y,Y,d
212105,Allahabad,Uttar Pradesh,Y,Y,d
212106,JariBazar,Uttar Pradesh,Y,Y,d
212107,Shankargarh,Uttar Pradesh,Y,Y,d
212108,Shankargarh,Uttar Pradesh,Y,Y,d
212109,Soraon,Uttar Pradesh,Y,Y,d
212110,#REF!,#REF!,N,N,d
212111,Allahabad,Uttar Pradesh,Y,Y,d
212112,Allahabad,Uttar Pradesh,N,N,d
212128,Aligarh,Uttar Pradesh,Y,Y,d
212132,Sirathu,Uttar Pradesh,N,N,d
212141,Allahabad,Uttar Pradesh,N,Y,d
212165,Allahabad,Uttar Pradesh,N,Y,d
212201,Manjhanpur,Uttar Pradesh,Y,Y,d
212202,Saray Ankil,Uttar Pradesh,Y,Y,d
212203,Bharwari,Uttar Pradesh,Y,Y,d
212204,Sirathu,Uttar Pradesh,Y,Y,d
212205,Sirathu,Uttar Pradesh,Y,Y,d
212206,Saray Ankil,Uttar Pradesh,Y,Y,d
212207,Bharwari,Uttar Pradesh,Y,Y,d
212208,Allahabad,Uttar Pradesh,Y,Y,d
212210,Allahabad,Uttar Pradesh,N,N,d
212211,Allahabad,Uttar Pradesh,N,N,d
212212,Allahabad,Uttar Pradesh,Y,Y,d
212213,Manjhanpur,Uttar Pradesh,Y,Y,d
212214,Saray Ankil,Uttar Pradesh,Y,Y,d
212215,MANJHANPUR,Uttar Pradesh,N,N,d
212216,Saray Ankil,Uttar Pradesh,Y,Y,d
212217,Sirathu,Uttar Pradesh,Y,Y,d
212218,Saray Ankil,Uttar Pradesh,Y,Y,d
212300,Allahabad,Uttar Pradesh,N,N,d
212301,Karchhana,Uttar Pradesh,Y,Y,d
212302,Manda,Uttar Pradesh,Y,Y,d
212303,Manda,Uttar Pradesh,Y,Y,d
212304,Manda,Uttar Pradesh,Y,Y,d
212305,Manda,Uttar Pradesh,Y,Y,d
212306,Koraon,Uttar Pradesh,Y,Y,d
212307,Allahabad,Uttar Pradesh,Y,Y,d
212308,Koraon,Uttar Pradesh,Y,Y,d
212309,Allahabad,Uttar Pradesh,N,N,d
212310,Allahabad,Uttar Pradesh,N,N,d
212321,Sirathu,Uttar Pradesh,N,N,d
212401,Phulpur,Uttar Pradesh,Y,Y,d
212402,Phulpur,Uttar Pradesh,Y,Y,d
212403,Allahabad,Uttar Pradesh,N,N,d
212404,Phulpur,Uttar Pradesh,Y,Y,d
212405,Phulpur,Uttar Pradesh,Y,Y,d
212406,Machhali Shahar,Uttar Pradesh,N,N,d
212410,Allahabad,Uttar Pradesh,N,N,d
212413,Lal Gopalganj,Uttar Pradesh,Y,Y,d
212501,Soraon,Uttar Pradesh,Y,Y,d
212502,Soraon,Uttar Pradesh,Y,Y,d
212503,Soraon,Uttar Pradesh,Y,Y,d
212504,Allahabad,Uttar Pradesh,N,N,d
212505,Allahabad,Uttar Pradesh,N,N,d
212506,Allahabad,Uttar Pradesh,N,N,d
212507,Soraon,Uttar Pradesh,Y,Y,d
212508,Allahabad,Uttar Pradesh,N,N,d
212601,Fatehpur,Uttar Pradesh,Y,Y,d
212620,Fatehpur,Uttar Pradesh,Y,Y,d
212621,Fatehpur,Uttar Pradesh,Y,Y,d
212622,Khaga,Uttar Pradesh,Y,Y,d
212623,Domariyaganj,Uttar Pradesh,Y,Y,d
212631,Hamirpur-UP,Uttar Pradesh,Y,Y,d
212635,Ambuj Nagar,Uttar Pradesh,Y,Y,d
212641,Sirathu,Uttar Pradesh,Y,Y,d
212645,Fatehpur,Uttar Pradesh,Y,Y,d
212650,Khaga,Uttar Pradesh,Y,Y,d
212651,Fatehpur,Uttar Pradesh,Y,Y,d
212652,Khaga,Uttar Pradesh,Y,Y,d
212653,Khaga,Uttar Pradesh,Y,Y,d
212654,Fatehpur,Uttar Pradesh,Y,Y,d
212655,Khaga,Uttar Pradesh,Y,Y,d
212656,Khaga,Uttar Pradesh,Y,Y,d
212657,Ambuj Nagar,Uttar Pradesh,Y,Y,d
212658,Khaga,Uttar Pradesh,Y,Y,d
212659,Ghatampur,Uttar Pradesh,Y,Y,d
212660,Fatehpur,Uttar Pradesh,Y,Y,d
212661,Fatehpur,Uttar Pradesh,Y,Y,d
212662,Fatehpur,Uttar Pradesh,Y,Y,d
212663,Fatehpur,Uttar Pradesh,Y,Y,d
212664,Ambuj Nagar,Uttar Pradesh,Y,Y,d
212665,Ambuj Nagar,Uttar Pradesh,Y,Y,d
212666,Ambuj Nagar,Uttar Pradesh,Y,Y,d
215126,Shikohabad,Uttar Pradesh,Y,Y,d
215795,KASGANJ,AGRA,N,N,d
220000,Varanasi,Uttar Pradesh,N,N,d
220001,Varanasi,Uttar Pradesh,N,N,d
220002,Varanasi,Uttar Pradesh,N,N,d
220006,Bindki,Uttar Pradesh,N,Y,d
220007,Bindki,Uttar Pradesh,N,Y,d
220009,Bindki,Uttar Pradesh,N,Y,d
220016,Bindki,Uttar Pradesh,N,Y,d
221000,Varanasi,Uttar Pradesh,Y,Y,d
221001,Varanasi,Uttar Pradesh,Y,Y,d
221002,Varanasi,Uttar Pradesh,Y,Y,d
221003,Varanasi,Uttar Pradesh,Y,Y,d
221004,Varanasi,Uttar Pradesh,Y,Y,d
221005,Varanasi,Uttar Pradesh,Y,Y,d
221006,Babatpur,Uttar Pradesh,Y,Y,d
221007,Varanasi,Uttar Pradesh,Y,Y,d
221008,Mughal Sarai,Uttar Pradesh,Y,Y,d
221009,Mughal Sarai,Uttar Pradesh,Y,Y,d
221010,Varanasi,Uttar Pradesh,Y,Y,d
221011,Varanasi,Uttar Pradesh,Y,Y,d
221012,Mughal Sarai,Uttar Pradesh,Y,Y,d
221013,Allahabad,Uttar Pradesh,N,N,d
221060,Orderlybazar,Uttar Pradesh,N,N,d
221071,Varanasi,Uttar Pradesh,N,N,d
221100,Varanasi,Uttar Pradesh,N,N,d
221101,Cholapur,Uttar Pradesh,Y,Y,d
221102,Mughal Sarai,Uttar Pradesh,Y,Y,d
221103,Varanasi,Uttar Pradesh,Y,Y,d
221104,Cholapur,Uttar Pradesh,N,Y,d
221105,Babatpur,Uttar Pradesh,Y,Y,d
221106,Varanasi,Uttar Pradesh,Y,Y,d
221107,Varanasi,Uttar Pradesh,Y,Y,d
221108,Varanasi,Uttar Pradesh,Y,Y,d
221109,Varanasi,Uttar Pradesh,Y,Y,d
221110,Mughal Sarai,Uttar Pradesh,Y,Y,d
221111,Cholapur,Uttar Pradesh,Y,Y,d
221112,Varanasi,Uttar Pradesh,Y,Y,d
221113,Varanasi,Uttar Pradesh,Y,Y,d
221115,Aunrihar,Uttar Pradesh,Y,Y,d
221116,Aunrihar,Uttar Pradesh,Y,Y,d
221201,Babatpur,Uttar Pradesh,Y,Y,d
221202,Babatpur,Uttar Pradesh,Y,Y,d
221203,Mahmudabad,Uttar Pradesh,N,N,d
221204,Babatpur,Uttar Pradesh,Y,Y,d
221205,Bhadohi,Uttar Pradesh,Y,Y,d
221206,Jalalpur-UP,Uttar Pradesh,Y,Y,d
221207,Jalalpur-UP,Uttar Pradesh,Y,Y,d
221208,Cholapur,Uttar Pradesh,Y,Y,d
221209,Bhadohi,Uttar Pradesh,Y,Y,d
221210,Cholapur,Uttar Pradesh,Y,Y,d
221211,Varanasi,Uttar Pradesh,N,N,d
221212,Varanasi,Uttar Pradesh,N,N,d
221213,Varanasi,Uttar Pradesh,N,N,d
221214,Bhadoi,Uttar Pradesh,N,N,d
221301,Bhadohi,Uttar Pradesh,Y,Y,d
221302,Varanasi,Uttar Pradesh,Y,Y,d
221303,Gopiganj,Uttar Pradesh,Y,Y,d
221304,Gopiganj,Uttar Pradesh,Y,Y,d
221305,Varanasi,Uttar Pradesh,Y,Y,d
221306,Gopiganj,Uttar Pradesh,Y,Y,d
221307,Varanasi,Uttar Pradesh,Y,Y,d
221308,Gopiganj,Uttar Pradesh,Y,Y,d
221309,Gopiganj,Uttar Pradesh,Y,Y,d
221310,Gopiganj,Uttar Pradesh,Y,Y,d
221311,Varanasi,Uttar Pradesh,Y,Y,d
221313,Varanasi,Uttar Pradesh,Y,Y,d
221314,Bhadohi,Uttar Pradesh,Y,Y,d
221401,Bhadohi,Uttar Pradesh,Y,Y,d
221402,Bhadohi,Uttar Pradesh,Y,Y,d
221403,Varanasi,Uttar Pradesh,Y,Y,d
221404,Bhadohi,Uttar Pradesh,Y,Y,d
221405,Babatpur,Uttar Pradesh,Y,Y,d
221406,Bhadohi,Uttar Pradesh,Y,Y,d
221407,Bhadohi,Uttar Pradesh,Y,Y,d
221408,Bhadohi,Uttar Pradesh,Y,Y,d
221409,Bhadohi,Uttar Pradesh,Y,Y,d
221501,Allahabad,Uttar Pradesh,N,N,d
221502,Saidabad,Uttar Pradesh,Y,Y,d
221503,Saidabad,Uttar Pradesh,Y,Y,d
221504,Gonda,Uttar Pradesh,Y,Y,d
221505,Saidabad,Uttar Pradesh,Y,Y,d
221506,Saidabad,Uttar Pradesh,Y,Y,d
221507,Phulpur,Uttar Pradesh,Y,Y,d
221508,Saidabad,Uttar Pradesh,Y,Y,d
221601,Madhuban,Uttar Pradesh,Y,Y,d
221602,Madhuban,Uttar Pradesh,Y,Y,d
221603,Madhuban,Uttar Pradesh,Y,Y,d
221605,Forbesganj,Bihar,N,Y,d
221701,Rasra,Uttar Pradesh,Y,Y,d
221705,Ratanpura,Uttar Pradesh,Y,Y,d
221706,Ratanpura,Uttar Pradesh,Y,Y,d
221709,Rasra,Uttar Pradesh,Y,Y,d
221711,Rasra,Uttar Pradesh,Y,Y,d
221712,Rasra,Uttar Pradesh,Y,Y,d
221713,Phephna,Uttar Pradesh,Y,Y,d
221714,Phephna,Uttar Pradesh,Y,Y,d
221715,Sikandarpur,Uttar Pradesh,Y,Y,d
221716,Ratanpura,Uttar Pradesh,Y,Y,d
221717,Sikandarpur,Uttar Pradesh,Y,Y,d
221718,Sikandarpur,Uttar Pradesh,Y,Y,d
221719,Ballia,Uttar Pradesh,Y,Y,d
221721,Sanwara,Uttar Pradesh,N,N,d
222001,Jaunpur,Uttar Pradesh,Y,Y,d
222002,Jaunpur,Uttar Pradesh,Y,Y,d
222003,Jaunpur,Uttar Pradesh,Y,Y,d
222004,#REF!,#REF!,N,N,d
222101,Shahganj,Uttar Pradesh,Y,Y,d
222102,Jaunpur,Uttar Pradesh,Y,Y,d
222103,Jalalpur-Up,Uttar Pradesh,Y,Y,d
222104,Shahganj,Uttar Pradesh,Y,Y,d
222105,Jaunpur,Uttar Pradesh,Y,Y,d
222107,Jaunpur,Uttar Pradesh,Y,Y,d
222108,Jaunpur,Uttar Pradesh,Y,Y,d
222109,Jaunpur,Uttar Pradesh,Y,Y,d
222110,Jaunpur,Uttar Pradesh,Y,Y,d
222111,Badlapur,Uttar Pradesh,Y,Y,d
222112,Jaunpur,Uttar Pradesh,Y,Y,d
222113,Shahganj,Uttar Pradesh,Y,Y,d
222125,Badlapur,Uttar Pradesh,Y,Y,d
222126,Badlapur,Uttar Pradesh,Y,Y,d
222127,Mungra Badshahpur,Uttar Pradesh,Y,Y,d
222128,Mariahu,Uttar Pradesh,Y,Y,d
222129,Chandwak,Uttar Pradesh,Y,Y,d
222131,Machhali Shahar,Uttar Pradesh,Y,Y,d
222132,Jaunpur,Uttar Pradesh,Y,Y,d
222133,Jaunpur,Uttar Pradesh,Y,Y,d
222135,Machhali Shahar,Uttar Pradesh,Y,Y,d
222136,Jalalpur-UP,Uttar Pradesh,Y,Y,d
222137,Mariahu,Uttar Pradesh,Y,Y,d
222138,Jaunpur,Uttar Pradesh,Y,Y,d
222139,Shahganj,Uttar Pradesh,Y,Y,d
222141,Badlapur,Uttar Pradesh,Y,Y,d
222142,Kerakat,Uttar Pradesh,Y,Y,d
222143,Machhali Shahar,Uttar Pradesh,Y,Y,d
222144,Machhali Shahar,Uttar Pradesh,Y,Y,d
222145,Badlapur,Uttar Pradesh,Y,Y,d
222146,Jalalpur-UP,Uttar Pradesh,Y,Y,d
222148,Chandwak,Uttar Pradesh,Y,Y,d
222149,Chandwak,Uttar Pradesh,Y,Y,d
222161,Mariahu,Uttar Pradesh,Y,Y,d
222162,Mariahu,Uttar Pradesh,Y,Y,d
222165,Machhali Shahar,Uttar Pradesh,Y,Y,d
222170,Kerakat,Uttar Pradesh,Y,Y,d
222175,Badlapur,Uttar Pradesh,Y,Y,d
222180,Jaunpur,Uttar Pradesh,Y,Y,d
222181,Kerakat,Uttar Pradesh,Y,Y,d
222201,Machhali Shahar,Uttar Pradesh,Y,Y,d
222202,Mungra Badshahpur,Uttar Pradesh,Y,Y,d
222203,Mariahu,Uttar Pradesh,Y,Y,d
222204,Mungra Badshahpur,Uttar Pradesh,Y,Y,d
222205,#REF!,#REF!,N,N,d
222228,Jaipur(Raj),Rajasthan,N,N,d
222301,Lambhua,Uttar Pradesh,Y,Y,d
222302,Lambhua,Uttar Pradesh,Y,Y,d
222303,Lambhua,Uttar Pradesh,Y,Y,d
222304,Lambhua,Uttar Pradesh,Y,Y,d
222311,Varanasi,Uttar Pradesh,N,N,d
222401,Machhali Shahar,Uttar Pradesh,N,N,d
223101,Shahganj,Uttar Pradesh,Y,Y,d
223102,Shahganj,Uttar Pradesh,Y,Y,d
223103,Shahganj,Uttar Pradesh,Y,Y,d
223104,Shahganj,Uttar Pradesh,Y,Y,d
223105,Shahganj,Uttar Pradesh,Y,Y,d
223106,Shahganj,Uttar Pradesh,Y,Y,d
223107,Shahganj,Uttar Pradesh,Y,Y,d
223159,Sultanpur,Uttar Pradesh,N,N,d
223221,Nizamabad-UP,Uttar Pradesh,Y,Y,d
223222,Shahganj,Uttar Pradesh,Y,Y,d
223223,Rajesultanpur,Uttar Pradesh,Y,Y,d
223224,Martinganj,Uttar Pradesh,Y,Y,d
223225,Phoolpur,Uttar Pradesh,Y,Y,d
223226,Phoolpur,Uttar Pradesh,Y,Y,d
223227,Phoolpur,Uttar Pradesh,Y,Y,d
223232,Phulpur,Uttar Pradesh,N,N,d
223288,Phulpur,Uttar Pradesh,N,N,d
223525,Phulpur,Uttar Pradesh,N,N,d
223710,Sitapur,Uttar Pradesh,N,N,d
223712,Bhachau,Gujarat,N,N,d
224001,Faizabad,Uttar Pradesh,Y,Y,d
224101,Faizabad,Uttar Pradesh,N,N,d
224110,Ambedkar Nagar,Uttar Pradesh,N,N,d
224116,Rudauli,Uttar Pradesh,Y,Y,d
224117,Rudauli,Uttar Pradesh,Y,Y,d
224118,Rudauli,Uttar Pradesh,Y,Y,d
224119,Dariyabad,Uttar Pradesh,Y,Y,d
224120,Rudauli,Uttar Pradesh,Y,Y,d
224121,Rudauli,Uttar Pradesh,Y,Y,d
224122,Akbarpur,Uttar Pradesh,Y,Y,d
224123,Faizabad,Uttar Pradesh,Y,Y,d
224125,Jalalpur,Uttar Pradesh,Y,Y,d
224126,Rudauli,Uttar Pradesh,Y,Y,d
224127,Faizabad,Uttar Pradesh,Y,Y,d
224129,Tanda,Uttar Pradesh,Y,Y,d
224132,Sultanpur,Uttar Pradesh,Y,Y,d
224133,Faizabad,Uttar Pradesh,Y,Y,d
224135,Faizabad,Uttar Pradesh,Y,Y,d
224137,Rajesultanpur,Uttar Pradesh,Y,Y,d
224138,Ayodhya,Uttar Pradesh,Y,Y,d
224139,Jalalpur,Uttar Pradesh,Y,Y,d
224141,Faizabad,Uttar Pradesh,Y,Y,d
224143,Tanda,Uttar Pradesh,Y,Y,d
224145,Faizabad,Uttar Pradesh,Y,Y,d
224146,Akbarpur,Uttar Pradesh,Y,Y,d
224147,Rajesultanpur,Uttar Pradesh,Y,Y,d
224149,Jalalpur,Uttar Pradesh,Y,Y,d
224151,Akbarpur,Uttar Pradesh,Y,Y,d
224152,Akbarpur,Uttar Pradesh,Y,Y,d
224153,Kumarganj,Uttar Pradesh,Y,Y,d
224155,Tanda,Uttar Pradesh,Y,Y,d
224157,Faizabad,Uttar Pradesh,Y,Y,d
224158,Kumarganj,Uttar Pradesh,Y,Y,d
224159,Jalalpur,Uttar Pradesh,Y,Y,d
224161,Faizabad,Uttar Pradesh,Y,Y,d
224164,Kumarganj,Uttar Pradesh,Y,Y,d
224166,Jalalpur,Uttar Pradesh,Y,Y,d
224168,Akbarpur,Uttar Pradesh,Y,Y,d
224171,Faizabad,Uttar Pradesh,Y,Y,d
224172,Faizabad,Uttar Pradesh,Y,Y,d
224175,Burhanpur,Madhya Pradesh,N,Y,d
224176,Rajesultanpur,Uttar Pradesh,Y,Y,d
224181,Rajesultanpur,Uttar Pradesh,Y,Y,d
224182,Faizabad,Uttar Pradesh,Y,Y,d
224183,Jalalpur,Uttar Pradesh,Y,Y,d
224184,Shahganj,Uttar Pradesh,Y,Y,d
224186,Jalalpur,Uttar Pradesh,Y,Y,d
224188,Faizabad,Uttar Pradesh,Y,Y,d
224189,Faizabad,Uttar Pradesh,Y,Y,d
224190,Tanda,Uttar Pradesh,Y,Y,d
224195,Faizabad,Uttar Pradesh,Y,Y,d
224198,Faizabad,Uttar Pradesh,N,Y,d
224201,Faizabad,Uttar Pradesh,Y,Y,d
224202,Faizabad,Uttar Pradesh,Y,Y,d
224203,Faizabad,Uttar Pradesh,Y,Y,d
224204,Faizabad,Uttar Pradesh,Y,Y,d
224205,Sultanpur,Uttar Pradesh,Y,Y,d
224206,Sultanpur,Uttar Pradesh,Y,Y,d
224207,Kumarganj,Uttar Pradesh,Y,Y,d
224208,Kumarganj,Uttar Pradesh,Y,Y,d
224209,Sultanpur,Uttar Pradesh,Y,Y,d
224210,Tanda,Uttar Pradesh,Y,Y,d
224211,Ayodhya,Uttar Pradesh,Y,Y,d
224212,Dostpur,Uttar Pradesh,Y,Y,d
224216,Jalalpur,Uttar Pradesh,Y,Y,d
224220,Faizabad,Uttar Pradesh,N,N,d
224221,Amroha,Uttar Pradesh,Y,Y,d
224222,Tanda,Uttar Pradesh,N,N,d
224223,Faizabad,Uttar Pradesh,Y,Y,d
224225,Kumarganj,Uttar Pradesh,Y,Y,d
224226,Lucknow,Uttar Pradesh,Y,Y,d
224227,Akbarpur,Uttar Pradesh,Y,Y,d
224228,Kumarganj,Uttar Pradesh,Y,Y,d
224229,Kumarganj,Uttar Pradesh,Y,Y,d
224230,Tanda,Uttar Pradesh,Y,Y,d
224231,Akbarpur,Uttar Pradesh,Y,Y,d
224232,Rajesultanpur,Uttar Pradesh,Y,Y,d
224234,Faizabad,Uttar Pradesh,Y,Y,d
224235,Akbarpur,Uttar Pradesh,Y,Y,d
224238,Tanda,Uttar Pradesh,Y,Y,d
224239,#REF!,#REF!,N,N,d
224284,Faizabad,Uttar Pradesh,Y,Y,d
224302,Shambhal,Uttar Pradesh,N,Y,d
224401,Kumarganj,Uttar Pradesh,Y,Y,d
224409,Bikapur,Uttar Pradesh,N,N,d
224707,Bikapur,Uttar Pradesh,N,N,d
224804,Khadda Up,Uttar Pradesh,N,Y,d
224854,Palia Up,Uttar Pradesh,N,Y,d
225001,Barabanki,Uttar Pradesh,Y,Y,d
225002,Barabanki,Uttar Pradesh,Y,Y,d
225003,Barabanki,Uttar Pradesh,Y,Y,d
225119,Haidargarh,Uttar Pradesh,Y,Y,d
225120,Haidargarh,Uttar Pradesh,Y,Y,d
225121,Barabanki,Uttar Pradesh,Y,Y,d
225122,Barabanki,Uttar Pradesh,Y,Y,d
225123,Barabanki,Uttar Pradesh,Y,Y,d
225124,Haidargarh,Uttar Pradesh,Y,Y,d
225125,Haidargarh,Uttar Pradesh,Y,Y,d
225126,Haidargarh,Uttar Pradesh,Y,Y,d
225131,Amethi,Uttar Pradesh,Y,Y,d
225201,Ramnagar-UP,Uttar Pradesh,Y,Y,d
225202,Ramnagar-UP,Uttar Pradesh,Y,Y,d
225203,Barabanki,Uttar Pradesh,Y,Y,d
225204,Barabanki,Uttar Pradesh,Y,Y,d
225205,Ramnagar-UP,Uttar Pradesh,Y,Y,d
225206,Ramnagar-UP,Uttar Pradesh,Y,Y,d
225207,Ramnagar-UP,Uttar Pradesh,Y,Y,d
225208,Ramnagar-Up,Uttar Pradesh,Y,Y,d
225301,Barabanki,Uttar Pradesh,Y,Y,d
225302,Fatehpur-UP,Uttar Pradesh,Y,Y,d
225303,Fatehpur-Up,Uttar Pradesh,Y,Y,d
225304,Fatehpur-UP,Uttar Pradesh,Y,Y,d
225305,Fatehpur-UP,Uttar Pradesh,Y,Y,d
225306,Fatehpur-UP,Uttar Pradesh,Y,Y,d
225401,Dariyabad,Uttar Pradesh,Y,Y,d
225402,Rudauli,Uttar Pradesh,Y,Y,d
225403,Dariyabad,Uttar Pradesh,Y,Y,d
225404,Dariyabad,Uttar Pradesh,Y,Y,d
225405,Dariyabad,Uttar Pradesh,Y,Y,d
225406,Dariyabad,Uttar Pradesh,Y,Y,d
225407,Dariyabad,Uttar Pradesh,Y,Y,d
225408,Dariyabad,Uttar Pradesh,Y,Y,d
225409,Dariyabad,Uttar Pradesh,Y,Y,d
225411,Rudauli,Uttar Pradesh,Y,Y,d
225412,Barabanki,Uttar Pradesh,Y,Y,d
225413,Haidargarh,Uttar Pradesh,Y,Y,d
225414,Barabanki,Uttar Pradesh,Y,Y,d
225415,Dariyabad,Uttar Pradesh,Y,Y,d
225416,Haidargarh,Uttar Pradesh,Y,Y,d
226000,Lucknow,Uttar Pradesh,Y,Y,d
226001,Lucknow,Uttar Pradesh,Y,Y,d
226002,Lucknow,Uttar Pradesh,Y,Y,d
226003,Lucknow,Uttar Pradesh,Y,Y,d
226004,Lucknow,Uttar Pradesh,Y,Y,d
226005,Lucknow,Uttar Pradesh,Y,Y,d
226006,Lucknow,Uttar Pradesh,Y,Y,d
226007,Lucknow,Uttar Pradesh,Y,Y,d
226008,Lucknow,Uttar Pradesh,Y,Y,d
226009,Lucknow,Uttar Pradesh,Y,Y,d
226010,Lucknow,Uttar Pradesh,Y,Y,d
226011,Lucknow,Uttar Pradesh,Y,Y,d
226012,Lucknow,Uttar Pradesh,Y,Y,d
226013,Lucknow,Uttar Pradesh,Y,Y,d
226014,Lucknow,Uttar Pradesh,Y,Y,d
226015,Lucknow,Uttar Pradesh,Y,Y,d
226016,Lucknow,Uttar Pradesh,Y,Y,d
226017,Lucknow,Uttar Pradesh,Y,Y,d
226018,Lucknow,Uttar Pradesh,Y,Y,d
226019,Lucknow,Uttar Pradesh,Y,Y,d
226020,Lucknow,Uttar Pradesh,Y,Y,d
226021,Lucknow,Uttar Pradesh,Y,Y,d
226022,Lucknow,Uttar Pradesh,Y,Y,d
226023,Lucknow,Uttar Pradesh,Y,Y,d
226024,Lucknow,Uttar Pradesh,Y,Y,d
226025,Lucknow,Uttar Pradesh,Y,Y,d
226026,Lucknow,Uttar Pradesh,Y,Y,d
226027,Lucknow,Uttar Pradesh,Y,Y,d
226028,Lucknow,Uttar Pradesh,Y,Y,d
226029,Lucknow,Uttar Pradesh,Y,Y,d
226030,Lucknow,Uttar Pradesh,Y,Y,d
226031,Lucknow,Uttar Pradesh,Y,Y,d
226101,Malihabad,Uttar Pradesh,Y,Y,d
226102,Malihabad,Uttar Pradesh,Y,Y,d
226103,Malihabad,Uttar Pradesh,Y,Y,d
226104,Malihabad,Uttar Pradesh,Y,Y,d
226106,Malihabad,Uttar Pradesh,Y,Y,d
226111,Jind,Haryana,N,N,d
226201,Lucknow,Uttar Pradesh,Y,Y,d
226202,Lucknow,Uttar Pradesh,Y,Y,d
226203,Lucknow,Uttar Pradesh,Y,Y,d
226301,Lucknow,Uttar Pradesh,Y,Y,d
226302,Lucknow,Uttar Pradesh,Y,Y,d
226303,Lucknow,Uttar Pradesh,Y,Y,d
226305,Lucknow,Uttar Pradesh,Y,Y,d
226401,Lucknow,Uttar Pradesh,Y,Y,d
226501,Lucknow,Uttar Pradesh,Y,Y,d
227000,Lucknow,Uttar Pradesh,N,Y,d
227001,Lucknow,Uttar Pradesh,N,N,d
227003,Sultanpur,Uttar Pradesh,N,N,d
227005,Lucknow,Uttar Pradesh,Y,Y,d
227007,Lucknow,Uttar Pradesh,N,N,d
227015,Lucknow,Uttar Pradesh,Y,Y,d
227101,Lucknow,Uttar Pradesh,Y,Y,d
227105,Lucknow,Uttar Pradesh,Y,Y,d
227106,Lucknow,Uttar Pradesh,Y,Y,d
227107,Lucknow,Uttar Pradesh,Y,Y,d
227111,Malihabad,Uttar Pradesh,Y,Y,d
227112,Lucknow,Uttar Pradesh,N,N,d
227113,Lucknow,Uttar Pradesh,N,N,d
227115,Malihabad,Uttar Pradesh,Y,Y,d
227116,Malihabad,Uttar Pradesh,Y,Y,d
227118,Lucknow,Uttar Pradesh,N,N,d
227119,Lucknow,Uttar Pradesh,N,Y,d
227120,Lucknow,Uttar Pradesh,Y,Y,d
227121,Lucknow,Uttar Pradesh,N,N,d
227122,Lucknow,Uttar Pradesh,N,N,d
227124,Ballia,Uttar Pradesh,N,N,d
227125,Lucknow,Uttar Pradesh,Y,Y,d
227131,Haidargarh,Uttar Pradesh,Y,Y,d
227132,Lucknow,Uttar Pradesh,Y,Y,d
227202,Lucknow,Uttar Pradesh,Y,Y,d
227205,Lucknow,Uttar Pradesh,Y,Y,d
227207,Lucknow,Uttar Pradesh,Y,Y,d
227208,Lucknow,Uttar Pradesh,Y,Y,d
227301,Haidargarh,Uttar Pradesh,Y,Y,d
227302,Haidargarh,Uttar Pradesh,Y,Y,d
227303,Sultanpur(Up),Uttar Pradesh,N,N,d
227304,Lambhua,Uttar Pradesh,Y,Y,d
227305,Lucknow,Uttar Pradesh,Y,Y,d
227308,Lucknow,Uttar Pradesh,Y,Y,d
227309,Lucknow,Uttar Pradesh,Y,Y,d
227405,Amethi,Uttar Pradesh,Y,Y,d
227406,Amethi,Uttar Pradesh,Y,Y,d
227407,Amethi,Uttar Pradesh,Y,Y,d
227408,Sultanpur,Uttar Pradesh,Y,Y,d
227409,Gauriganj,Uttar Pradesh,Y,Y,d
227411,Amethi,Uttar Pradesh,Y,Y,d
227412,Amethi,Uttar Pradesh,Y,Y,d
227413,Amethi,Uttar Pradesh,Y,Y,d
227518,Jhansi,Uttar Pradesh,N,Y,d
227801,Jagdishpur-Up,Uttar Pradesh,Y,Y,d
227802,Jagdishpur-Up,Uttar Pradesh,Y,Y,d
227805,Sultanpur,Uttar Pradesh,Y,Y,d
227806,Kumarganj,Uttar Pradesh,Y,Y,d
227807,Gauriganj,Uttar Pradesh,Y,Y,d
227808,Sultanpur,Uttar Pradesh,Y,Y,d
227809,Jagdishpur-UP,Uttar Pradesh,Y,Y,d
227811,Jagdishpur-UP,Uttar Pradesh,Y,Y,d
227812,Sultanpur,Uttar Pradesh,Y,Y,d
227813,Jagdishpur-UP,Uttar Pradesh,Y,Y,d
227814,Kumarganj,Uttar Pradesh,Y,Y,d
227815,Kumarganj,Uttar Pradesh,Y,Y,d
227816,Jagdishpur-UP,Uttar Pradesh,Y,Y,d
227817,Jagdishpur-UP,Uttar Pradesh,Y,Y,d
228001,Sultanpur,Uttar Pradesh,Y,Y,d
228004,Lambhua,Uttar Pradesh,N,N,d
228101,Shahganj,Uttar Pradesh,Y,Y,d
228115,Sultanpur,Uttar Pradesh,Y,Y,d
228118,Sultanpur,Uttar Pradesh,Y,Y,d
228119,Sultanpur,Uttar Pradesh,Y,Y,d
228120,Lambhua,Uttar Pradesh,Y,Y,d
228121,Sultanpur,Uttar Pradesh,Y,Y,d
228125,Sultanpur,Uttar Pradesh,Y,Y,d
228131,Dostpur,Uttar Pradesh,Y,Y,d
228132,Lambhua,Uttar Pradesh,Y,Y,d
228133,Lambhua,Uttar Pradesh,Y,Y,d
228141,Sultanpur,Uttar Pradesh,Y,Y,d
228142,Sultanpur,Uttar Pradesh,Y,Y,d
228145,Dostpur,Uttar Pradesh,Y,Y,d
228151,Sultanpur,Uttar Pradesh,Y,Y,d
228155,Sultanpur,Uttar Pradesh,Y,Y,d
228156,Sitapur,Uttar Pradesh,N,N,d
228159,Lambhua,Uttar Pradesh,Y,Y,d
228161,Dostpur,Uttar Pradesh,Y,Y,d
228171,Dostpur,Uttar Pradesh,Y,Y,d
228172,Jalalpur,Uttar Pradesh,Y,Y,d
228178,Jalalpur,Uttar Pradesh,Y,Y,d
228411,Lal Gopalganj,Uttar Pradesh,Y,Y,d
229001,Raebareli,Uttar Pradesh,Y,Y,d
229002,Raebareli,Uttar Pradesh,N,Y,d
229003,Gauriganj,Uttar Pradesh,Y,Y,d
229010,Raebareli,Uttar Pradesh,Y,Y,d
229103,Bacchawaran,Uttar Pradesh,Y,Y,d
229120,Lalganj,Uttar Pradesh,Y,Y,d
229121,Lalganj,Uttar Pradesh,Y,Y,d
229122,Bacchawaran,Uttar Pradesh,Y,Y,d
229123,Bacchawaran,Uttar Pradesh,Y,Y,d
229124,Salon,Uttar Pradesh,Y,Y,d
229125,Lalganj,Uttar Pradesh,Y,Y,d
229126,Haidargarh,Uttar Pradesh,Y,Y,d
229127,Salon,Uttar Pradesh,Y,Y,d
229128,Salon,Uttar Pradesh,Y,Y,d
229129,Salon,Uttar Pradesh,Y,Y,d
229130,Lalganj,Uttar Pradesh,Y,Y,d
229135,Haidargarh,Uttar Pradesh,Y,Y,d
229201,Lalganj,Uttar Pradesh,Y,Y,d
229202,Unnao,Uttar Pradesh,Y,Y,d
229203,Lalganj,Uttar Pradesh,Y,Y,d
229204,Unchahar,Uttar Pradesh,Y,Y,d
229205,Lalganj,Uttar Pradesh,Y,Y,d
229206,Lalganj,Uttar Pradesh,Y,Y,d
229207,Lalganj,Uttar Pradesh,Y,Y,d
229208,Lalganj,Uttar Pradesh,Y,Y,d
229209,Lalganj,Uttar Pradesh,Y,Y,d
229210,Lalganj,Uttar Pradesh,Y,Y,d
229211,Lalganj,Uttar Pradesh,Y,Y,d
229212,Lalganj,Uttar Pradesh,Y,Y,d
229215,Lalganj,Uttar Pradesh,Y,Y,d
229216,Lalganj,Uttar Pradesh,Y,Y,d
229301,Bacchawaran,Uttar Pradesh,Y,Y,d
229302,Raebareli,Uttar Pradesh,Y,Y,d
229303,Bacchawaran,Uttar Pradesh,Y,Y,d
229304,Gauriganj,Uttar Pradesh,Y,Y,d
229305,Gauriganj,Uttar Pradesh,Y,Y,d
229306,Raebareli,Uttar Pradesh,Y,Y,d
229307,Gauriganj,Uttar Pradesh,Y,Y,d
229308,Bacchawaran,Uttar Pradesh,Y,Y,d
229309,JAGDISHPUR,Uttar Pradesh,Y,Y,d
229310,Raebareli,Uttar Pradesh,Y,Y,d
229311,Bacchawaran,Uttar Pradesh,Y,Y,d
229313,Unnao,Uttar Pradesh,N,Y,d
229315,Lalganj,Uttar Pradesh,Y,Y,d
229316,Raebareli,Uttar Pradesh,Y,Y,d
229401,Unchahar,Uttar Pradesh,Y,Y,d
229402,Unchahar,Uttar Pradesh,Y,Y,d
229403,Lal Gopalganj,Uttar Pradesh,Y,Y,d
229404,Unchahar,Uttar Pradesh,Y,Y,d
229405,Raebareli,Uttar Pradesh,Y,Y,d
229406,Unchahar,Uttar Pradesh,Y,Y,d
229408,Unchahar,Uttar Pradesh,Y,Y,d
229410,Lalganj Ajhara,Uttar Pradesh,Y,Y,d
229411,Lal Gopalganj,Uttar Pradesh,Y,Y,d
229412,Soraon,Uttar Pradesh,Y,Y,d
229413,Lal Gopalganj,Uttar Pradesh,Y,Y,d
229415,Lal Gopalganj,Uttar Pradesh,Y,Y,d
229416,Kunda,Uttar Pradesh,Y,Y,d
229417,Kunda,Uttar Pradesh,Y,Y,d
229418,Kunda,Uttar Pradesh,Y,Y,d
229419,Unchahar,Uttar Pradesh,Y,Y,d
229501,BIGHAPUR,Uttar Pradesh,N,N,d
229502,Unnao,Uttar Pradesh,Y,Y,d
229503,Unnao,Uttar Pradesh,Y,Y,d
229504,Unnao,Uttar Pradesh,Y,Y,d
229801,Haidargarh,Uttar Pradesh,Y,Y,d
229802,Haidargarh,Uttar Pradesh,Y,Y,d
229841,Malihabad,Uttar Pradesh,Y,Y,d
229881,Malihabad,Uttar Pradesh,Y,Y,d
230001,Pratapgarh,Uttar Pradesh,Y,Y,d
230002,Pratapgarh,Uttar Pradesh,Y,Y,d
230121,Badlapur,Uttar Pradesh,Y,Y,d
230122,Pratapgarh,Uttar Pradesh,Y,Y,d
230123,Patti-Up,Uttar Pradesh,Y,Y,d
230124,Patti-UP,Uttar Pradesh,Y,Y,d
230125,Gauriganj,Uttar Pradesh,Y,Y,d
230126,Lalganj Ajhara,Uttar Pradesh,Y,Y,d
230127,Patti-Up,Uttar Pradesh,Y,Y,d
230128,Kunda,Uttar Pradesh,Y,Y,d
230129,Lal Gopalganj,Uttar Pradesh,Y,Y,d
230130,Lalganj Ajhara,Uttar Pradesh,Y,Y,d
230131,Pratapgarh,Uttar Pradesh,Y,Y,d
230132,Lalganj Ajhara,Uttar Pradesh,Y,Y,d
230133,Patti-Up,Uttar Pradesh,Y,Y,d
230134,Patti-UP,Uttar Pradesh,Y,Y,d
230135,Patti-UP,Uttar Pradesh,Y,Y,d
230136,Lalganj Ajhara,Uttar Pradesh,Y,Y,d
230137,Lalganj Ajhara,Uttar Pradesh,Y,Y,d
230138,Patti-UP,Uttar Pradesh,Y,Y,d
230139,Lalganj Ajhara,Uttar Pradesh,Y,Y,d
230140,Lalganj Ajhara,Uttar Pradesh,Y,Y,d
230141,Kunda,Uttar Pradesh,Y,Y,d
230142,Patti-UP,Uttar Pradesh,Y,Y,d
230143,Kunda,Uttar Pradesh,Y,Y,d
230144,Lalganj Ajhara,Uttar Pradesh,Y,Y,d
230145,Patti-Up,Uttar Pradesh,Y,Y,d
230146,Soraon,Uttar Pradesh,Y,Y,d
230201,Lal Gopalganj,Uttar Pradesh,Y,Y,d
230202,Kunda,Uttar Pradesh,Y,Y,d
230203,Allahabad,Uttar Pradesh,N,N,d
230204,Kunda,Uttar Pradesh,Y,Y,d
230301,Mungra Badshahpur,Uttar Pradesh,Y,Y,d
230302,Patti-UP,Uttar Pradesh,Y,Y,d
230303,Pratapgarh-Up,Uttar Pradesh,N,N,d
230304,Pratapgarh,Uttar Pradesh,Y,Y,d
230305,Pratapgarh,Uttar Pradesh,Y,Y,d
230306,Mungra Badshahpur,Uttar Pradesh,Y,Y,d
230307,Machhali Shahar,Uttar Pradesh,N,N,d
230309,Machhali Shahar,Uttar Pradesh,N,N,d
230401,PRATAPGARH-UP,Uttar Pradesh,Y,Y,d
230402,Mungra Badshahpur,Uttar Pradesh,Y,Y,d
230403,Pratapgarh,Uttar Pradesh,Y,Y,d
230404,Pratapgarh,Uttar Pradesh,Y,Y,d
230405,Patti-Up,Uttar Pradesh,Y,Y,d
230406,Patti-Up,Uttar Pradesh,Y,Y,d
230445,Lambhua,Uttar Pradesh,N,N,d
230501,Amethi,Uttar Pradesh,Y,Y,d
230502,Pratapgarh,Uttar Pradesh,Y,Y,d
230503,Amethi,Uttar Pradesh,Y,Y,d
231001,Mirzapur,Uttar Pradesh,Y,Y,d
231002,Mirzapur,Uttar Pradesh,N,N,d
231115,Varanasi,Uttar Pradesh,N,N,d
231204,Chunar,Uttar Pradesh,N,N,d
231205,Chopan,Uttar Pradesh,Y,Y,d
231206,Robertsganj,Uttar Pradesh,Y,Y,d
231207,Chopan,Uttar Pradesh,Y,Y,d
231208,Dudhinagar,Uttar Pradesh,Y,Y,d
231209,Robertsganj,Uttar Pradesh,Y,Y,d
231210,Ghorawal,Uttar Pradesh,Y,Y,d
231211,Mirzapur,Uttar Pradesh,Y,Y,d
231212,Dudhinagar,Uttar Pradesh,Y,Y,d
231213,Robertsganj,Uttar Pradesh,Y,Y,d
231214,Robertsganj,Uttar Pradesh,Y,Y,d
231215,Robertsganj,Uttar Pradesh,Y,Y,d
231216,Robertsganj,Uttar Pradesh,Y,Y,d
231217,Renukoot,Uttar Pradesh,Y,Y,d
231218,Anpara,Uttar Pradesh,Y,Y,d
231219,Chopan,Uttar Pradesh,Y,Y,d
231220,Anpara,Uttar Pradesh,Y,Y,d
231221,Renukoot,Uttar Pradesh,Y,Y,d
231222,Anpara,Uttar Pradesh,Y,Y,d
231223,Bijpur,Uttar Pradesh,Y,Y,d
231224,Anpara,Uttar Pradesh,Y,Y,d
231225,Anpara,Uttar Pradesh,Y,Y,d
231226,Dudhinagar,Uttar Pradesh,Y,Y,d
231301,ROBERTGANJ,Uttar Pradesh,Y,Y,d
231302,Parora,Uttar Pradesh,Y,Y,d
231303,Mirzapur,Uttar Pradesh,Y,Y,d
231304,Chunnar,Uttar Pradesh,Y,Y,d
231305,Parora,Uttar Pradesh,Y,Y,d
231306,Chunnar,Uttar Pradesh,Y,Y,d
231307,Mirzapur,Uttar Pradesh,Y,Y,d
231309,MARIHAN,Uttar Pradesh,Y,Y,d
231310,Ghorawal,Uttar Pradesh,Y,Y,d
231311,CHUNAR,Uttar Pradesh,Y,Y,d
231312,Mirzapur,Uttar Pradesh,Y,Y,d
231313,Manda,Uttar Pradesh,Y,Y,d
231314,Varanasi,Uttar Pradesh,Y,Y,d
231360,Chunar,Uttar Pradesh,N,N,d
231501,Mirzapur,Uttar Pradesh,Y,Y,d
232101,Mughal Sarai,Uttar Pradesh,Y,Y,d
232102,Chandauli,Uttar Pradesh,Y,Y,d
232103,ChakiaUP,Uttar Pradesh,Y,Y,d
232104,Chandauli,Uttar Pradesh,Y,Y,d
232105,DHANAPUR,Uttar Pradesh,Y,Y,d
232106,DHANAPUR,Uttar Pradesh,Y,Y,d
232107,Aunrihar,Uttar Pradesh,Y,Y,d
232108,Chandauli,Uttar Pradesh,Y,Y,d
232109,Mughal Sarai,Uttar Pradesh,Y,Y,d
232110,Chandauli,Uttar Pradesh,Y,Y,d
232111,Chakiaup,Uttar Pradesh,Y,Y,d
232112,Chakia,Uttar Pradesh,N,Y,d
232114,Chandauli,Uttar Pradesh,Y,Y,d
232115,Chandauli,Uttar Pradesh,Y,Y,d
232116,Mughal Sarai,Uttar Pradesh,Y,Y,d
232117,Chakia,Uttar Pradesh,N,N,d
232118,Chakiaup,Uttar Pradesh,Y,Y,d
232119,Chandauli,Uttar Pradesh,Y,Y,d
232120,Mughal Sarai,Uttar Pradesh,Y,Y,d
232202,Mahmudabad,Uttar Pradesh,N,N,d
232221,Dudhinagar,Uttar Pradesh,Y,Y,d
232325,Gahmar,Uttar Pradesh,Y,Y,d
232326,Dildar Nagar,Uttar Pradesh,Y,Y,d
232327,Gahmar,Uttar Pradesh,Y,Y,d
232328,Gahmar,Uttar Pradesh,Y,Y,d
232329,Dildar Nagar,Uttar Pradesh,Y,Y,d
232330,Dildar Nagar,Uttar Pradesh,Y,Y,d
232331,Dildar Nagar,Uttar Pradesh,Y,Y,d
232332,Ghazipur,Uttar Pradesh,Y,Y,d
232333,Gahmar,Uttar Pradesh,Y,Y,d
232336,Ghazipur,Uttar Pradesh,Y,Y,d
232339,Gahmar,Uttar Pradesh,Y,Y,d
232340,Dildar Nagar,Uttar Pradesh,Y,Y,d
232341,Ghazipur,Uttar Pradesh,Y,Y,d
233001,Ghazipur,Uttar Pradesh,Y,Y,d
233002,Ghazipur,Uttar Pradesh,Y,Y,d
233003,Gazipur,Uttar Pradesh,N,N,d
233005,Gazipur,Uttar Pradesh,N,N,d
233221,Aunrihar,Uttar Pradesh,Y,Y,d
233222,Mohammadabad,Uttar Pradesh,Y,Y,d
233223,Aunrihar,Uttar Pradesh,Y,Y,d
233224,Ghazipur,Uttar Pradesh,Y,Y,d
233225,Tajpur Dehma,Uttar Pradesh,Y,Y,d
233226,Ghazipur,Uttar Pradesh,Y,Y,d
233227,Mohammadabad,Uttar Pradesh,Y,Y,d
233228,Tajpur Dehma,Uttar Pradesh,Y,Y,d
233229,Tajpur Dehma,Uttar Pradesh,Y,Y,d
233230,Mohammadabad,Uttar Pradesh,Y,Y,d
233231,Mohammadabad,Uttar Pradesh,Y,Y,d
233232,VARANASI,Uttar Pradesh,Y,Y,d
233233,Mohammadabad,Uttar Pradesh,Y,Y,d
233234,Mohammadabad,Uttar Pradesh,Y,Y,d
233235,Muhammadabad,Uttar Pradesh,N,N,d
233300,Ghazipur,Uttar Pradesh,Y,Y,d
233301,Mohammadabad,Uttar Pradesh,Y,Y,d
233302,Aunrihar,Uttar Pradesh,Y,Y,d
233303,Ghazipur,Uttar Pradesh,Y,Y,d
233304,Aunrihar,Uttar Pradesh,Y,Y,d
233305,Ghazipur,Uttar Pradesh,Y,Y,d
233306,Aunrihar,Uttar Pradesh,Y,Y,d
233307,Aunrihar,Uttar Pradesh,Y,Y,d
233308,Ghazipur,Uttar Pradesh,Y,Y,d
233309,Mardah,Uttar Pradesh,N,N,d
233310,MARDAH,Uttar Pradesh,Y,Y,d
233311,Ghazipur,Uttar Pradesh,Y,Y,d
240405,Haridwar,Uttarakhand,N,N,d
241001,Hardoi,Uttar Pradesh,Y,Y,d
241121,Hardoi,Uttar Pradesh,Y,Y,d
241122,Hardoi,Uttar Pradesh,Y,Y,d
241123,Shahabad,Uttar Pradesh,Y,Y,d
241124,Shahabad,Uttar Pradesh,Y,Y,d
241125,Shahabad,Uttar Pradesh,Y,Y,d
241126,Sandila,Uttar Pradesh,Y,Y,d
241127,Sandila,Uttar Pradesh,Y,Y,d
241201,Sandila,Uttar Pradesh,Y,Y,d
241202,Sandila,Uttar Pradesh,Y,Y,d
241203,SANDILA,Uttar Pradesh,Y,Y,d
241204,Sandila,Uttar Pradesh,Y,Y,d
241301,Madhoganj,Uttar Pradesh,Y,Y,d
241302,Madhoganj,Uttar Pradesh,Y,Y,d
241303,Madhoganj,Uttar Pradesh,Y,Y,d
241304,Mishrikh,Uttar Pradesh,Y,Y,d
241305,Madhoganj,Uttar Pradesh,Y,Y,d
241401,Harpalpur,Uttar Pradesh,Y,Y,d
241402,Harpalpur,Uttar Pradesh,Y,Y,d
241403,Harpalpur,Uttar Pradesh,Y,Y,d
241404,Pihani,Uttar Pradesh,Y,Y,d
241405,Hardoi,Uttar Pradesh,Y,Y,d
241406,Pihani,Uttar Pradesh,Y,Y,d
241407,Pihani,Uttar Pradesh,Y,Y,d
241501,Pihani,Uttar Pradesh,Y,Y,d
241502,Madhoganj,Uttar Pradesh,Y,Y,d
241503,Miyanganj,Uttar Pradesh,Y,Y,d
241504,Miyanganj,Uttar Pradesh,Y,Y,d
242001,Shahjahanpur,Uttar Pradesh,Y,Y,d
242005,Shahjahanpur,Uttar Pradesh,Y,Y,d
242021,Babrala,Uttar Pradesh,Y,Y,d
242042,Khutar,Uttar Pradesh,Y,Y,d
242123,Khutar,Uttar Pradesh,Y,Y,d
242127,JalalabadUP,Uttar Pradesh,Y,Y,d
242220,JalalabadUP,Uttar Pradesh,Y,Y,d
242221,JalalabadUP,Uttar Pradesh,Y,Y,d
242222,Jalalabadup,Uttar Pradesh,Y,Y,d
242223,Shahjahanpur,Uttar Pradesh,Y,Y,d
242225,Shahjahanpur,Uttar Pradesh,Y,Y,d
242226,Shahjahanpur,Uttar Pradesh,Y,Y,d
242227,Jalalabadup,Uttar Pradesh,Y,Y,d
242228,Shahjahanpur,Uttar Pradesh,N,N,d
242301,Tilhar,Uttar Pradesh,Y,Y,d
242302,Dataganj,Uttar Pradesh,N,N,d
242303,Dataganj,Uttar Pradesh,Y,Y,d
242305,Tilhar,Uttar Pradesh,Y,Y,d
242306,Shahjahanpur,Uttar Pradesh,Y,Y,d
242307,Tilhar,Uttar Pradesh,Y,Y,d
242308,Tilhar,Uttar Pradesh,Y,Y,d
242401,Khutar,Uttar Pradesh,Y,Y,d
242402,Khutar,Uttar Pradesh,Y,Y,d
242404,Khutar,Uttar Pradesh,Y,Y,d
242405,Khutar,Uttar Pradesh,Y,Y,d
242406,Shahjahanpur,Uttar Pradesh,Y,Y,d
242407,Shahjahanpur,Uttar Pradesh,Y,Y,d
242408,Tilhar,Uttar Pradesh,N,N,d
243001,Bareilly,Uttar Pradesh,Y,Y,d
243002,Bareilly,Uttar Pradesh,Y,Y,d
243003,Bareilly,Uttar Pradesh,Y,Y,d
243004,Bareilly,Uttar Pradesh,Y,Y,d
243005,Bareilly,Uttar Pradesh,Y,Y,d
243006,Bareilly,Uttar Pradesh,Y,Y,d
243021,Baheri,Uttar Pradesh,N,N,d
243104,Misrikh Up,Uttar Pradesh,N,N,d
243121,Bareilly,Gujarat,N,N,d
243122,Bareilly,Uttar Pradesh,Y,Y,d
243123,Bareilly,Uttar Pradesh,Y,Y,d
243124,Bareilly,Uttar Pradesh,Y,Y,d
243125,Faridpur,Uttar Pradesh,Y,Y,d
243126,Faridpur,Uttar Pradesh,Y,Y,d
243127,Faridpur,Uttar Pradesh,N,Y,d
243201,Baheri,Uttar Pradesh,Y,Y,d
243202,Bareilly,Uttar Pradesh,Y,Y,d
243203,Baheri,Uttar Pradesh,Y,Y,d
243204,Milak,Uttar Pradesh,Y,Y,d
243205,Bareilly,Uttar Pradesh,N,N,d
243206,Nawabganj,Uttar Pradesh,N,Y,d
243208,Nawabganj,Uttar Pradesh,N,Y,d
243215,Nawabganj-Up,Uttar Pradesh,Y,Y,d
243301,Aonla,Uttar Pradesh,Y,Y,d
243302,Aonla,Uttar Pradesh,Y,Y,d
243303,Shahabad-UP,Uttar Pradesh,Y,Y,d
243304,Milak,Uttar Pradesh,Y,Y,d
243400,Aonia,Uttar Pradesh,N,N,d
243401,Aonla,Uttar Pradesh,Y,Y,d
243402,Dataganj,Uttar Pradesh,Y,Y,d
243403,Aonla,Uttar Pradesh,Y,Y,d
243404,Aonia,Uttar Pradesh,N,N,d
243406,Nawabganj-Up,Uttar Pradesh,Y,Y,d
243407,Nawabganj-UP,Uttar Pradesh,Y,Y,d
243408,Bareilly,Uttar Pradesh,N,N,d
243501,Bareilly,Uttar Pradesh,Y,Y,d
243502,Bareilly,Uttar Pradesh,Y,Y,d
243503,Faridpur,Uttar Pradesh,Y,Y,d
243504,Milak,Uttar Pradesh,Y,Y,d
243505,BAREILLY,Uttar Pradesh,Y,Y,d
243506,Faridpur,Uttar Pradesh,Y,Y,d
243509,Baheri,Uttar Pradesh,Y,Y,d
243601,Budaun,Uttar Pradesh,Y,Y,d
243630,Dataganj,Uttar Pradesh,Y,Y,d
243631,Budaun,Uttar Pradesh,Y,Y,d
243632,Chandausi,Uttar Pradesh,Y,Y,d
243633,Budaun,Uttar Pradesh,Y,Y,d
243634,Budaun,Uttar Pradesh,Y,Y,d
243635,Dataganj,Uttar Pradesh,Y,Y,d
243636,Sahaswan,Uttar Pradesh,Y,Y,d
243637,Budaun,Uttar Pradesh,Y,Y,d
243638,Sahaswan,Uttar Pradesh,Y,Y,d
243639,Budaun,Uttar Pradesh,Y,Y,d
243640,Sahaswan,Uttar Pradesh,Y,Y,d
243641,BADAUN,Uttar Pradesh,Y,Y,d
243642,Kaimganj,Uttar Pradesh,N,Y,d
243643,Kaimganj,Uttar Pradesh,N,Y,d
243689,Budaun,Uttar Pradesh,N,N,d
243701,Milak,Uttar Pradesh,Y,Y,d
243702,Milak,Uttar Pradesh,Y,Y,d
243720,Chandausi,Uttar Pradesh,Y,Y,d
243722,Babrala,Uttar Pradesh,Y,Y,d
243723,Chandausi,Uttar Pradesh,Y,Y,d
243724,Sahaswan,Uttar Pradesh,Y,Y,d
243725,Aonla,Uttar Pradesh,Y,Y,d
243726,Aonla,Uttar Pradesh,Y,Y,d
243727,Anupshahar,Uttar Pradesh,Y,Y,d
243751,Babrala,Uttar Pradesh,Y,Y,d
244001,Moradabad,Uttar Pradesh,Y,Y,d
244002,Moradabad,Uttar Pradesh,Y,Y,d
244003,Sambhal,Uttar Pradesh,Y,Y,d
244004,Moradabad,Uttar Pradesh,Y,Y,d
244005,Moradabad,Uttar Pradesh,N,N,d
244006,Moradabad,Uttar Pradesh,N,N,d
244007,Moradabad,Uttar Pradesh,N,N,d
244008,Moradabad,Uttar Pradesh,N,N,d
244009,Moradabad,Uttar Pradesh,N,N,d
244102,Moradabad,Uttar Pradesh,Y,Y,d
244103,Moradabad,Uttar Pradesh,Y,Y,d
244104,MORADABAD,Uttar Pradesh,Y,Y,d
244105,Moradabad,Uttar Pradesh,Y,Y,d
244221,Amroha,Uttar Pradesh,Y,Y,d
244222,Amroha,Uttar Pradesh,Y,Y,d
244223,Gajraula,Uttar Pradesh,Y,Y,d
244224,Kanth,Uttar Pradesh,Y,Y,d
244225,Gajraula,Uttar Pradesh,Y,Y,d
244226,Moradabad,Uttar Pradesh,Y,Y,d
244227,Kanth,Uttar Pradesh,Y,Y,d
244231,Gajraula,Uttar Pradesh,Y,Y,d
244232,Gajraula,Uttar Pradesh,N,N,d
244235,Gajraula,Uttar Pradesh,Y,Y,d
244236,Amroha,Uttar Pradesh,Y,Y,d
244241,Gajraula,Uttar Pradesh,Y,Y,d
244242,Sambhal,Uttar Pradesh,Y,Y,d
244245,Amroha,Uttar Pradesh,Y,Y,d
244249,Moradabad,Uttar Pradesh,Y,Y,d
244251,Amroha,Uttar Pradesh,Y,Y,d
244255,Anupshahar,Uttar Pradesh,Y,Y,d
244301,Sambhal,Uttar Pradesh,Y,Y,d
244302,Sambhal,Uttar Pradesh,Y,Y,d
244303,Sambhal,Uttar Pradesh,Y,Y,d
244304,Sambhal,Uttar Pradesh,Y,Y,d
244401,Thakurdwara,Uttar Pradesh,Y,Y,d
244402,MORADABAD,Uttar Pradesh,Y,Y,d
244409,Thakurdwara?,Uttar Pradesh,N,N,d
244410,Chandausi,Uttar Pradesh,Y,Y,d
244411,Moradabad,Uttar Pradesh,Y,Y,d
244412,Chandausi,Uttar Pradesh,Y,Y,d
244413,Moradabad,Uttar Pradesh,Y,Y,d
244414,Chandausi,Uttar Pradesh,Y,Y,d
244415,Chandausi,Uttar Pradesh,Y,Y,d
244443,Moradabad,Uttar Pradesh,N,N,d
244500,Amroha,Uttar Pradesh,N,Y,d
244501,Kanth,Uttar Pradesh,Y,Y,d
244502,Kanth,Uttar Pradesh,Y,Y,d
244504,Moradabad,Uttar Pradesh,Y,Y,d
244601,Thakurdwara,Uttar Pradesh,Y,Y,d
244602,Thakurdwara,Uttar Pradesh,Y,Y,d
244701,Milak,Uttar Pradesh,Y,Y,d
244711,Moradabad,Uttar Pradesh,Y,Y,d
244712,Kashipur,Uttarakhand,Y,Y,d
244713,Kashipur,Uttarakhand,Y,Y,d
244714,Kashipur,Uttarakhand,Y,Y,d
244715,Ramnagar,Uttarakhand,Y,Y,d
244716,Kashipur,Uttarakhand,Y,Y,d
244717,Kashipur,Uttarakhand,Y,Y,d
244720,#REF!,#REF!,N,N,d
244745,Moradabad,Uttar Pradesh,N,N,d
244801,Moradabad,Uttar Pradesh,Y,Y,d
244901,Rampur,Uttar Pradesh,Y,Y,d
244902,Moradabad,Uttar Pradesh,Y,Y,d
244921,Bilaspur-UP,Uttar Pradesh,Y,Y,d
244922,Shahabad-UP,Uttar Pradesh,Y,Y,d
244923,Bilaspur-Up,Uttar Pradesh,Y,Y,d
244924,Rampur,Uttar Pradesh,Y,Y,d
244925,Rampur,Uttar Pradesh,Y,Y,d
244926,Rampur,Uttar Pradesh,Y,Y,d
244927,Rampur,Uttar Pradesh,Y,Y,d
244928,Bilaspur-UP,Uttar Pradesh,Y,Y,d
245101,Hapur,Uttar Pradesh,Y,Y,d
245102,Hapur,Uttar Pradesh,N,Y,d
245201,Hapur,Uttar Pradesh,Y,Y,d
245205,Gajraula,Uttar Pradesh,Y,Y,d
245206,Hapur,Uttar Pradesh,Y,Y,d
245207,Hapur,Uttar Pradesh,Y,Y,d
245208,Siyana,Uttar Pradesh,Y,Y,d
245301,Pilkhuwa,Uttar Pradesh,Y,Y,d
245304,Pilkhuwa,Uttar Pradesh,Y,Y,d
245305,Ghaziabad,Uttar Pradesh,N,N,d
245401,Siyana,Uttar Pradesh,Y,Y,d
245402,Siyana,Uttar Pradesh,Y,Y,d
245403,Siyana,Uttar Pradesh,Y,Y,d
245405,Siyana,Uttar Pradesh,Y,Y,d
245406,Sikandrabad,Uttar Pradesh,Y,Y,d
245407,Siyana,Uttar Pradesh,Y,Y,d
245408,Hapur,Uttar Pradesh,Y,Y,d
245409,Siyana,Uttar Pradesh,Y,Y,d
245411,Siyana,Uttar Pradesh,Y,Y,d
245412,Siyana,Uttar Pradesh,Y,Y,d
246000,Dehradun,Uttarakhand,N,N,d
246001,Pauri,Uttarakhand,Y,Y,d
246113,Pauri Garhwal,Uttarakhand,N,N,d
246121,Pauri Garhwal,Uttarakhand,N,N,d
246123,Paithani,Uttarakhand,Y,Y,d
246124,Pauri Garhwal,Uttarakhand,N,N,d
246125,Srinagar-Uk,Uttarakhand,Y,Y,d
246127,Kotdwara,Uttarakhand,Y,Y,d
246128,Gumkhal,Uttarakhand,Y,Y,d
246129,#REF!,#REF!,N,N,d
246130,Paithani,Uttarakhand,Y,Y,d
246131,#REF!,#REF!,N,N,d
246141,#REF!,#REF!,N,N,d
246142,Pauri Garhwal,Uttarakhand,N,N,d
246144,Pauri Garhwal,Uttarakhand,N,N,d
246146,Pauri Gharwal,Uttarakhand,N,N,d
246147,Pauri,Uttarakhand,Y,Y,d
246148,Srinagar-Uk,Uttarakhand,Y,Y,d
246149,Kotdwara,Uttarakhand,Y,Y,d
246150,#REF!,#REF!,N,N,d
246155,Gumkhal,Uttarakhand,Y,Y,d
246159,#REF!,#REF!,N,N,d
246161,Pauri Garhwal,Uttarakhand,N,N,d
246162,Gumkhal,Uttarakhand,Y,Y,d
246163,Pauri Garhwal,Uttarakhand,N,N,d
246164,Pauri,Uttarakhand,Y,Y,d
246165,Pauri,Uttarakhand,Y,Y,d
246166,Pauri,Uttarakhand,Y,Y,d
246167,Gumkhal,Uttarakhand,Y,Y,d
246169,Pauri Gharwal,Uttarakhand,N,N,d
246171,Rudraprayag,Uttarakhand,Y,Y,d
246172,Gumkhal,Uttarakhand,Y,Y,d
246173,Pauri Gharwal,Uttarakhand,N,N,d
246174,Srinagar-UK,Uttarakhand,Y,Y,d
246175,#REF!,#REF!,N,N,d
246176,#REF!,#REF!,N,N,d
246177,Pauri Gharwal,Uttarakhand,N,N,d
246178,Srinagar-Uk,Uttarakhand,Y,Y,d
246179,Pauri Garhwal,Uttarakhand,N,N,d
246191,Kotdwara,Uttarakhand,N,N,d
246193,Gumkhal,Uttarakhand,Y,Y,d
246194,Pauri,Uttarakhand,Y,Y,d
246275,Pauri Gharwal,Uttarakhand,N,N,d
246276,Pauri Garhwal,Uttarakhand,N,N,d
246277,Pauri Gharwal,Uttarakhand,N,N,d
246278,#REF!,#REF!,N,N,d
246279,Pauri Gharwal,Uttarakhand,N,N,d
246285,#REF!,#REF!,N,N,d
246401,Chamoli,Uttarakhand,Y,Y,d
246419,Ukhimath,Uttarakhand,Y,Y,d
246421,Rudraprayag,Uttarakhand,Y,Y,d
246422,#REF!,#REF!,N,N,d
246424,Chamoli,Uttarakhand,Y,Y,d
246425,Rudraprayag,Uttarakhand,Y,Y,d
246426,Chamoli,Uttarakhand,Y,Y,d
246427,Chamoli,Uttarakhand,Y,Y,d
246428,Gairsain,Uttarakhand,Y,Y,d
246429,Karnaprayag,Uttarakhand,Y,Y,d
246431,Chamoli,Uttarakhand,N,Y,d
246435,Chamoli,Uttarakhand,N,N,d
246439,Rudraprayag,Himachal Pradesh,N,N,d
246440,Gairsain,Uttarakhand,Y,Y,d
246441,Tharali,Uttarakhand,Y,Y,d
246442,#REF!,#REF!,N,N,d
246443,Joshimath,Uttarakhand,Y,Y,d
246444,Karnaprayag,Uttarakhand,Y,Y,d
246445,#REF!,#REF!,N,N,d
246446,Karnaprayag,Uttarakhand,Y,Y,d
246448,Rudraprayag,Uttarakhand,Y,Y,d
246449,Chamoli,Uttarakhand,Y,Y,d
246453,#REF!,#REF!,N,N,d
246455,Tharali,Uttarakhand,Y,Y,d
246469,Ukhimath,Uttarakhand,Y,Y,d
246471,MAIKHANDA,Uttarakhand,N,N,d
246472,Chamoli,Uttarakhand,Y,Y,d
246473,Chamoli,Uttarakhand,Y,Y,d
246474,Karnaprayag,Uttarakhand,Y,Y,d
246475,Rudraprayag,Uttarakhand,Y,Y,d
246481,Tharali,Uttarakhand,Y,Y,d
246482,Tharali,Uttarakhand,Y,Y,d
246483,Joshimath,Uttarakhand,Y,Y,d
246486,Chamoli,Uttarakhand,Y,Y,d
246487,Karnaprayag,Uttarakhand,Y,Y,d
246488,Chamoli,Uttarakhand,Y,Y,d
246495,Rudraprayag,Uttarakhand,Y,Y,d
246700,Bijnor,Uttar Pradesh,N,Y,d
246701,Bijnor,Uttar Pradesh,Y,Y,d
246721,Bijnor,Uttar Pradesh,Y,Y,d
246722,Afjalgarh,Uttar Pradesh,Y,Y,d
246723,Bijnor,Uttar Pradesh,Y,Y,d
246724,Nagina,Uttar Pradesh,Y,Y,d
246725,Chandpur,Uttar Pradesh,Y,Y,d
246726,Bijnor,Uttar Pradesh,Y,Y,d
246727,Kanth,Uttar Pradesh,Y,Y,d
246728,Bijnor,Uttar Pradesh,Y,Y,d
246729,Chandpur,Uttar Pradesh,Y,Y,d
246731,Bijnor,Uttar Pradesh,Y,Y,d
246732,Najibabad,Uttar Pradesh,Y,Y,d
246733,Dhampur,Uttar Pradesh,Y,Y,d
246734,Chandpur,Uttar Pradesh,Y,Y,d
246735,Chandpur,Uttar Pradesh,Y,Y,d
246736,Chandpur,Uttar Pradesh,Y,Y,d
246737,Chandpur,Uttar Pradesh,Y,Y,d
246738,Chandpur,Uttar Pradesh,Y,Y,d
246745,Kanth,Uttar Pradesh,Y,Y,d
246746,Kanth,Uttar Pradesh,Y,Y,d
246747,Dhampur,Uttar Pradesh,Y,Y,d
246748,Najibabad,Uttar Pradesh,N,N,d
246749,Najibabad,Uttar Pradesh,Y,Y,d
246751,Najibabad,Uttar Pradesh,N,N,d
246761,Dhampur,Uttar Pradesh,Y,Y,d
246762,Nagina,Uttar Pradesh,Y,Y,d
246763,Najibabad,Uttar Pradesh,Y,Y,d
246764,Bijnor,Uttar Pradesh,Y,Y,d
246765,Nagina,Uttar Pradesh,Y,Y,d
246767,Roorkee,Uttarakhand,N,N,d
246768,Najibabad,Uttar Pradesh,Y,Y,d
247001,Saharanpur,Uttar Pradesh,Y,Y,d
247002,Saharanpur,Uttar Pradesh,Y,Y,d
247111,Shaharanpur,Uttar Pradesh,N,N,d
247120,Behat,Uttar Pradesh,Y,Y,d
247121,Behat,Uttar Pradesh,Y,Y,d
247122,Behat,Uttar Pradesh,Y,Y,d
247129,Behat,Uttar Pradesh,Y,Y,d
247142,Nagina,Uttar Pradesh,N,N,d
247231,Saharanpur,Uttar Pradesh,Y,Y,d
247232,Saharanpur,Uttar Pradesh,Y,Y,d
247239,Saharanpur,Uttar Pradesh,Y,Y,d
247304,Moradabad,Uttar Pradesh,N,N,d
247323,Saharanpur,Uttar Pradesh,Y,Y,d
247325,Saharanpur,Uttar Pradesh,Y,Y,d
247340,Gangoh,Uttar Pradesh,Y,Y,d
247341,Gangoh,Uttar Pradesh,Y,Y,d
247342,Gangoh,Uttar Pradesh,Y,Y,d
247343,Nanauta,Uttar Pradesh,Y,Y,d
247344,Shaharanpur,Uttar Pradesh,N,N,d
247402,Saharanpur,Uttar Pradesh,Y,Y,d
247440,Khurja,Uttar Pradesh,N,N,d
247445,Khatauli,Uttar Pradesh,N,N,d
247451,Nanauta,Uttar Pradesh,Y,Y,d
247452,Nanauta,Uttar Pradesh,Y,Y,d
247453,Nanauta,Uttar Pradesh,Y,Y,d
247470,Roorkee,Uttarakhand,Y,Y,d
247551,Deoband,Uttar Pradesh,Y,Y,d
247552,#REF!,#REF!,N,N,d
247554,Deoband,Uttar Pradesh,Y,Y,d
247557,Saharanpur,Uttar Pradesh,N,N,d
247604,Haridwar,Uttarakhand,N,N,d
247607,Roorkee,Uttarakhand,N,N,d
247656,Roorkee,Uttarakhand,Y,Y,d
247658,#REF!,#REF!,N,N,d
247661,Chhutmalpur,Uttar Pradesh,Y,Y,d
247662,Chhutmalpur,Uttar Pradesh,Y,Y,d
247663,Laksar,Uttarakhand,Y,Y,d
247664,Roorkee,Uttarakhand,Y,Y,d
247665,Roorkee,Uttarakhand,Y,Y,d
247666,Roorkee,Uttarakhand,Y,Y,d
247667,Roorkee,Uttarakhand,Y,Y,d
247668,Roorkee,Uttarakhand,Y,Y,d
247669,Saharanpur,Uttar Pradesh,Y,Y,d
247670,Roorkee,Uttarakhand,Y,Y,d
247671,Laksar,Uttarakhand,Y,Y,d
247672,Saharanpur,Uttar Pradesh,Y,Y,d
247673,Saharanpur,Uttar Pradesh,Y,Y,d
247677,Roorkee,Uttarakhand,N,N,d
247694,Rudrapur,Uttarakhand,N,N,d
247769,Saharanpur,Uttar Pradesh,Y,Y,d
247771,Baraut,Uttar Pradesh,Y,Y,d
247772,Thanabhawan,Uttar Pradesh,Y,Y,d
247773,Shamli,Uttar Pradesh,Y,Y,d
247774,Kairana,Uttar Pradesh,Y,Y,d
247775,Kairana,Uttar Pradesh,Y,Y,d
247776,Shamli,Uttar Pradesh,Y,Y,d
247777,Thanabhawan,Uttar Pradesh,Y,Y,d
247778,Shamli,Uttar Pradesh,Y,Y,d
248000,Dehradun,Uttarakhand,N,N,d
248001,Dehradun,Uttarakhand,Y,Y,d
248002,Dehradun,Uttarakhand,Y,Y,d
248003,Dehradun,Uttarakhand,Y,Y,d
248004,Dehradun,Uttarakhand,Y,Y,d
248005,Dehradun,Uttarakhand,Y,Y,d
248006,Dehradun,Uttarakhand,Y,Y,d
248007,Dehradun,Uttarakhand,Y,Y,d
248008,Dehradun,Uttarakhand,Y,Y,d
248009,Dehradun,Uttarakhand,Y,Y,d
248010,Dehradun,Uttarakhand,Y,Y,d
248011,Dehradun,Uttarakhand,Y,Y,d
248012,Dehradun,Uttarakhand,Y,Y,d
248013,Dehradun,Uttarakhand,Y,Y,d
248014,Dehradun,Uttarakhand,Y,Y,d
248015,Dehradun,Uttarakhand,Y,Y,d
248016,Doiwala,Uttarakhand,Y,Y,d
248017,Dehradun,Uttarakhand,N,N,d
248018,Dehradun,Uttarakhand,Y,Y,d
248019,Dehradun,Uttarakhand,Y,Y,d
248027,Keshowala,Uttarakhand,N,N,d
248101,Dehradun,Uttarakhand,N,N,d
248102,Dehradun,Uttarakhand,Y,Y,d
248110,Dehradun,Uttarakhand,Y,Y,d
248114,Dehradun,Uttarakhand,N,N,d
248115,Dehradun,Uttarakhand,Y,Y,d
248116,Dehradun,Uttarakhand,N,Y,d
248121,Dehradun,Uttarakhand,Y,Y,d
248122,Mussoorie,Uttarakhand,Y,Y,d
248123,Chakrata,Uttarakhand,Y,Y,d
248124,Dehradun,Uttarakhand,N,N,d
248125,Herbertpur,Uttarakhand,Y,Y,d
248126,Dehradun,Uttarakhand,Y,Y,d
248140,Doiwala,Uttarakhand,Y,Y,d
248141,Dehradun,Uttarakhand,Y,Y,d
248142,Herbertpur,Uttarakhand,Y,Y,d
248143,Doiwala,Uttarakhand,Y,Y,d
248144,DEHRADUN,UTTARAKHAND,N,N,d
248145,Rishikesh,Uttarakhand,Y,Y,d
248146,Dehradun,Uttarakhand,Y,Y,d
248147,Dehradun,Uttarakhand,Y,Y,d
248148,Dehradun,Uttarakhand,N,N,d
248152,Dehradun,Uttarakhand,N,N,d
248158,Dehradun,Uttarakhand,N,N,d
248159,Herbertpur,Uttarakhand,Y,Y,d
248160,Dehradun,Uttarakhand,Y,Y,d
248161,Dehradun,Uttarakhand,Y,Y,d
248165,Dehradun,Uttarakhand,N,N,d
248167,Dehradun,Uttarakhand,N,N,d
248171,Dehradun,Uttarakhand,Y,Y,d
248179,Mussoorie,Uttarakhand,Y,Y,d
248191,Dehradun,Uttarakhand,N,N,d
248195,Dehradun,Uttarakhand,Y,Y,d
248196,Chakrata,Uttarakhand,Y,Y,d
248197,Dehradun,Uttarakhand,Y,Y,d
248198,Herbertpur,Uttarakhand,Y,Y,d
248199,Dehradun,Uttarakhand,N,N,d
248201,Dehradun,Uttarakhand,Y,Y,d
248202,Doiwala,Uttarakhand,Y,Y,d
248203,Dehradun,Uttarakhand,N,N,d
249001,Tehri,Uttarakhand,Y,Y,d
249103,Rishikesh,Uttarakhand,N,N,d
249104,Rishikesh,Uttarakhand,N,N,d
249121,#REF!,#REF!,N,N,d
249122,Pauri,Uttarakhand,Y,Y,d
249123,Tehri,Uttarakhand,N,N,d
249124,Tehri,Uttarakhand,Y,Y,d
249125,#REF!,#REF!,N,N,d
249126,Srinagar-Uk,Uttarakhand,Y,Y,d
249127,#REF!,#REF!,N,N,d
249128,#REF!,#REF!,N,N,d
249130,Tehri,Uttarakhand,N,N,d
249131,Uttarkashi,Uttarakhand,N,N,d
249132,Uttarkashi,Uttarakhand,Y,Y,d
249135,#REF!,#REF!,N,N,d
249136,#REF!,#REF!,N,N,d
249137,Rishikesh,Uttarakhand,Y,Y,d
249141,Barkot,Uttarakhand,N,N,d
249145,Tehri,Uttarakhand,Y,Y,d
249146,#REF!,#REF!,N,N,d
249151,Uttarkashi,Uttarakhand,Y,Y,d
249152,Geonla,Uttarakhand,N,N,d
249155,Ghansali,Uttarakhand,Y,Y,d
249161,Srinagar-UK,Uttarakhand,Y,Y,d
249165,#REF!,#REF!,N,N,d
249171,Uttarkashi,Uttarakhand,N,N,d
249175,Rishikesh,Uttarakhand,Y,Y,d
249180,#REF!,#REF!,N,N,d
249181,#REF!,#REF!,N,N,d
249185,Purola,Uttarakhand,N,N,d
249186,#REF!,#REF!,N,N,d
249192,Dehradun,Uttarakhand,N,N,d
249193,Uttarkashi,Uttarakhand,Y,Y,d
249194,Uttarkashi,Uttarakhand,Y,Y,d
249196,Uttarkashi,Uttarakhand,Y,Y,d
249199,Tehri Garhwal,Uttarakhand,N,N,d
249201,Rishikesh,Uttarakhand,Y,Y,d
249202,Rishikesh,Uttarakhand,Y,Y,d
249203,Rishikesh,Uttarakhand,Y,Y,d
249204,Rishikesh,Uttarakhand,Y,Y,d
249205,Rishikesh,Uttarakhand,Y,Y,d
249206,RISHIKESH,Uttarakhand,N,N,d
249301,Pauri,Uttarakhand,Y,Y,d
249302,Rishikesh,Uttarakhand,Y,Y,d
249304,Rishikesh,Uttarakhand,Y,Y,d
249306,Haridwar,Uttarakhand,Y,Y,d
249401,Haridwar,Uttarakhand,Y,Y,d
249402,Haridwar,Uttarakhand,Y,Y,d
249403,Haridwar,Uttarakhand,Y,Y,d
249404,Haridwar,Uttarakhand,Y,Y,d
249405,Roorkee,Uttarakhand,Y,Y,d
249406,Haridwar,Uttarakhand,Y,Y,d
249407,Haridwar,Uttarakhand,Y,Y,d
249408,Haridwar,Uttarakhand,Y,Y,d
249409,Haridwar,Uttarakhand,Y,Y,d
249410,Haridwar,Uttarakhand,Y,Y,d
249411,Haridwar,Uttarakhand,Y,Y,d
249413,Haridwar,Uttarakhand,N,N,d
250000,Meerut,Uttar Pradesh,N,N,d
250001,Meerut,Uttar Pradesh,Y,Y,d
250002,Meerut,Uttar Pradesh,Y,Y,d
250003,Meerut,Uttar Pradesh,Y,Y,d
250004,Meerut,Uttar Pradesh,Y,Y,d
250005,Meerut,Uttar Pradesh,Y,Y,d
250006,Meerut,Uttar Pradesh,Y,Y,d
250007,Meerut,Uttar Pradesh,Y,Y,d
250010,Meerut,Uttar Pradesh,Y,Y,d
250013,Meerut,Uttar Pradesh,Y,Y,d
250020,Meerut,Uttar Pradesh,Y,Y,d
250101,Baghpat,Uttar Pradesh,Y,Y,d
250102,Meerut,Uttar Pradesh,Y,Y,d
250103,Meerut,Uttar Pradesh,Y,Y,d
250104,Meerut,Uttar Pradesh,Y,Y,d
250105,Meerut,Uttar Pradesh,Y,Y,d
250106,Meerut,Uttar Pradesh,Y,Y,d
250110,Daurala,Uttar Pradesh,Y,Y,d
250117,Meerut,Uttar Pradesh,N,N,d
250134,Meerut,Uttar Pradesh,Y,Y,d
250205,Modinagar,Uttar Pradesh,Y,Y,d
250211,Modinagar,Uttar Pradesh,N,N,d
250221,Daurala,Uttar Pradesh,Y,Y,d
250222,Daurala,Uttar Pradesh,Y,Y,d
250223,Daurala,Uttar Pradesh,Y,Y,d
250233,Meerut,Uttar Pradesh,N,N,d
250341,Meerut,Uttar Pradesh,Y,Y,d
250342,Daurala,Uttar Pradesh,Y,Y,d
250344,Daurala,Uttar Pradesh,Y,Y,d
250345,Baraut,Uttar Pradesh,Y,Y,d
250401,Mawana,Uttar Pradesh,Y,Y,d
250402,Mawana,Uttar Pradesh,Y,Y,d
250403,Meerut,Uttar Pradesh,Y,Y,d
250404,Mawana,Uttar Pradesh,Y,Y,d
250406,Mawana,Uttar Pradesh,Y,Y,d
250501,Meerut,Uttar Pradesh,Y,Y,d
250502,Meerut,Uttar Pradesh,Y,Y,d
250515,Baraut,Uttar Pradesh,Y,Y,d
250601,Baghpat,Uttar Pradesh,Y,Y,d
250602,Daurala,Uttar Pradesh,Y,Y,d
250604,Ambuj Nagar,Uttar Pradesh,Y,Y,d
250606,Baghpat,Uttar Pradesh,Y,Y,d
250609,Baghpat,Uttar Pradesh,Y,Y,d
250611,Baraut,Uttar Pradesh,Y,Y,d
250612,Baraut,Uttar Pradesh,Y,Y,d
250615,Baghpat,Uttar Pradesh,Y,Y,d
250617,Baraut,Uttar Pradesh,Y,Y,d
250619,Baraut,Uttar Pradesh,Y,Y,d
250620,Baraut,Uttar Pradesh,Y,Y,d
250621,Baraut,Uttar Pradesh,Y,Y,d
250622,Baraut,Uttar Pradesh,Y,Y,d
250623,Baraut,Uttar Pradesh,Y,Y,d
250625,Baraut,Uttar Pradesh,Y,Y,d
250626,Baghpat,Uttar Pradesh,Y,Y,d
250645,Baraut,Uttar Pradesh,Y,Y,d
251001,Muzaffarnagar,Uttar Pradesh,Y,Y,d
251002,Muzaffarnagar,Uttar Pradesh,Y,Y,d
251003,Muzaffarnagar,Uttar Pradesh,Y,Y,d
251201,Khatauli,Uttar Pradesh,Y,Y,d
251202,Muzaffarnagar,Uttar Pradesh,Y,Y,d
251203,Khatauli,Uttar Pradesh,Y,Y,d
251210,Muzaffarnagar,Uttar Pradesh,N,Y,d
251301,Thanabhawan,Uttar Pradesh,Y,Y,d
251305,Budhana,Uttar Pradesh,Y,Y,d
251306,Muzaffarnagar,Uttar Pradesh,Y,Y,d
251307,Muzaffarnagar,Uttar Pradesh,Y,Y,d
251308,Muzaffarnagar,Uttar Pradesh,Y,Y,d
251309,Budhana,Uttar Pradesh,Y,Y,d
251310,Muzaffarnagar,Uttar Pradesh,Y,Y,d
251311,Muzaffarnagar,Uttar Pradesh,Y,Y,d
251314,Khatauli,Uttar Pradesh,Y,Y,d
251315,Khatauli,Uttar Pradesh,Y,Y,d
251316,Muzaffarnagar,Uttar Pradesh,Y,Y,d
251318,Budhana,Uttar Pradesh,Y,Y,d
251319,Shamli,Uttar Pradesh,Y,Y,d
251320,Mawana,Uttar Pradesh,Y,Y,d
251327,Deoband,Uttar Pradesh,Y,Y,d
252525,BUDAUN,Uttar Pradesh,N,N,d
261001,Sitapur,Uttar Pradesh,Y,Y,d
261121,Maholi,Uttar Pradesh,Y,Y,d
261125,Sitapur,Uttar Pradesh,Y,Y,d
261131,Sitapur,Uttar Pradesh,Y,Y,d
261135,Laharpur,Uttar Pradesh,Y,Y,d
261136,Laharpur,Uttar Pradesh,Y,Y,d
261141,Maholi,Uttar Pradesh,Y,Y,d
261145,Biswan,Uttar Pradesh,Y,Y,d
261151,Maholi,Uttar Pradesh,Y,Y,d
261201,Biswan,Uttar Pradesh,Y,Y,d
261202,Biswan,Uttar Pradesh,Y,Y,d
261203,Fatehpur-UP,Uttar Pradesh,Y,Y,d
261204,Fatehpur-Up,Uttar Pradesh,Y,Y,d
261205,Biswan,Uttar Pradesh,Y,Y,d
261206,Biswan,Uttar Pradesh,Y,Y,d
261207,Laharpur,Uttar Pradesh,Y,Y,d
261208,Laharpur,Uttar Pradesh,Y,Y,d
261301,Sidhauli,Uttar Pradesh,Y,Y,d
261302,Sidhauli,Uttar Pradesh,Y,Y,d
261303,Sidhauli,Uttar Pradesh,Y,Y,d
261304,#REF!,#REF!,N,N,d
261305,Mahmudabad,Uttar Pradesh,N,N,d
261401,Mishrikh,Uttar Pradesh,Y,Y,d
261402,Mishrikh,Uttar Pradesh,Y,Y,d
261403,SIDHAULI,Uttar Pradesh,Y,Y,d
261404,Sitapur,Uttar Pradesh,Y,Y,d
261405,Sitapur,Uttar Pradesh,Y,Y,d
261501,Lakhimpur,Uttar Pradesh,Y,Y,d
261502,Dhaurahara,Uttar Pradesh,Y,Y,d
261505,Mohammadi,Uttar Pradesh,Y,Y,d
261506,Lakhimpur,Uttar Pradesh,Y,Y,d
262001,Pilibhit,Uttar Pradesh,Y,Y,d
262121,Sitarganj,Uttarakhand,Y,Y,d
262122,Puranpur,Uttar Pradesh,Y,Y,d
262123,Kashipur,Uttarakhand,Y,Y,d
262124,Puranpur,Uttar Pradesh,Y,Y,d
262201,Bisalpur,Uttar Pradesh,Y,Y,d
262202,Bisalpur,Uttar Pradesh,Y,Y,d
262203,Pilibhit,Uttar Pradesh,Y,Y,d
262301,Pilibhit,Uttar Pradesh,N,N,d
262302,Pilibhit,Uttar Pradesh,Y,Y,d
262305,Pilibhit,Uttar Pradesh,Y,Y,d
262308,Khatima,Uttarakhand,Y,Y,d
262309,Tanakpur,Uttarakhand,Y,Y,d
262310,Tanakpur,Uttarakhand,Y,Y,d
262311,Sitarganj,Uttarakhand,Y,Y,d
262401,Kashipur,Uttarakhand,Y,Y,d
262402,Haldwani,Uttarakhand,Y,Y,d
262403,Pantnagar,Uttarakhand,N,Y,d
262404,Nainital,Uttarakhand,N,N,d
262405,Sitarganj,Uttarakhand,Y,Y,d
262406,Nawabganj-UP,Uttar Pradesh,Y,Y,d
262407,Nawabganj-UP,Uttar Pradesh,Y,Y,d
262410,Nawabganj-Up,Uttar Pradesh,Y,Y,d
262411,Baheri,Uttar Pradesh,Y,Y,d
262412,Nawabganj,Uttar Pradesh,N,Y,d
262501,Pithoragarh,Uttarakhand,Y,Y,d
262502,Pithoragarh,Uttarakhand,Y,Y,d
262505,Nawabganj,Uttar Pradesh,N,Y,d
262520,Pithoragarh,Uttarakhand,Y,Y,d
262521,Pithoragarh,Uttarakhand,Y,Y,d
262522,Pithoragarh,Uttarakhand,Y,Y,d
262523,Lohaghat,Uttarakhand,Y,Y,d
262524,Lohaghat,Uttarakhand,Y,Y,d
262525,Lohaghat,Uttarakhand,Y,Y,d
262526,#REF!,#REF!,N,N,d
262527,Lohaghat,Uttarakhand,Y,Y,d
262528,Lohaghat,Uttarakhand,Y,Y,d
262529,#REF!,#REF!,N,N,d
262530,Pithoragarh,Uttarakhand,Y,Y,d
262531,Berinag,Uttarakhand,Y,Y,d
262532,Berinag,Uttarakhand,Y,Y,d
262533,Berinag,Uttarakhand,Y,Y,d
262534,Berinag,Uttarakhand,Y,Y,d
262540,Pithoragarh,Uttarakhand,Y,Y,d
262541,#REF!,#REF!,N,N,d
262542,Pithoragarh,Uttarakhand,Y,Y,d
262543,Didihat,Uttarakhand,Y,Y,d
262544,Dharchula,Uttarakhand,Y,Y,d
262545,Pithoragarh,Uttarakhand,Y,Y,d
262546,#REF!,#REF!,N,N,d
262547,#REF!,#REF!,N,N,d
262550,Didihat,Uttarakhand,Y,Y,d
262551,Didihat,Uttarakhand,Y,Y,d
262552,Didihat,Uttarakhand,Y,Y,d
262553,Munsyari,Uttarakhand,Y,Y,d
262554,Munsyari,Uttarakhand,Y,Y,d
262555,#REF!,#REF!,N,N,d
262561,Pithoragarh,Uttarakhand,N,N,d
262572,#REF!,#REF!,N,N,d
262576,Dharchula,Uttarakhand,Y,Y,d
262580,Lohaghat,Uttarakhand,Y,Y,d
262701,Lakhimpur,Uttar Pradesh,Y,Y,d
262702,Lakhimpur,Uttar Pradesh,Y,Y,d
262721,Lakhimpur,Uttar Pradesh,Y,Y,d
262722,Dhaurahara,Uttar Pradesh,Y,Y,d
262723,Dhaurahara,Uttar Pradesh,Y,Y,d
262724,Dhaurahara,Uttar Pradesh,Y,Y,d
262725,Lakhimpur,Uttar Pradesh,Y,Y,d
262726,Lakhimpur,Uttar Pradesh,Y,Y,d
262727,Maholi,Uttar Pradesh,Y,Y,d
262728,Lakhimpur,Uttar Pradesh,Y,Y,d
262800,Lakhimpur Kheri,Uttar Pradesh,N,N,d
262801,Gola,Uttar Pradesh,Y,Y,d
262802,Gola,Uttar Pradesh,Y,Y,d
262803,Khutar,Uttar Pradesh,Y,Y,d
262804,Mohammadi,Uttar Pradesh,Y,Y,d
262805,Gola,Uttar Pradesh,Y,Y,d
262901,Bailaha,Uttar Pradesh,Y,Y,d
262902,Bailaha,Uttar Pradesh,Y,Y,d
262903,Nighasan,Uttar Pradesh,Y,Y,d
262904,Bailaha,Uttar Pradesh,Y,Y,d
262905,Nighasan,Uttar Pradesh,Y,Y,d
262906,Nighasan,Uttar Pradesh,Y,Y,d
262907,Nighasan,Uttar Pradesh,Y,Y,d
262908,Nighasan,Uttar Pradesh,Y,Y,d
263001,Nainital,Uttarakhand,Y,Y,d
263002,Nainital,Uttarakhand,Y,Y,d
263126,Haldwani,Uttarakhand,Y,Y,d
263127,Nainital,Uttarakhand,Y,Y,d
263128,Nainital,Uttarakhand,Y,Y,d
263129,Haldwani,Uttarakhand,Y,Y,d
263131,Nainital,Uttarakhand,Y,Y,d
263132,Dhari,Uttarakhand,N,N,d
263134,Ranikhet,Uttarakhand,N,Y,d
263135,Nainital,Uttarakhand,Y,Y,d
263136,Bhimtal,Uttarakhand,Y,Y,d
263139,Haldwani,Uttarakhand,Y,Y,d
263140,Haldwani,Uttarakhand,Y,Y,d
263141,HALDWANI,Uttarakhand,Y,Y,d
263142,Rudrapur,Uttarakhand,Y,Y,d
263143,Rudrapur,Uttarakhand,Y,Y,d
263145,Rudrapur,Uttarakhand,Y,Y,d
263146,Rudrapur,Uttarakhand,Y,Y,d
263147,Rudrapur,Uttarakhand,Y,Y,d
263148,Rudrapur,Uttarakhand,Y,Y,d
263149,Rudrapur,Uttarakhand,Y,Y,d
263150,Kashipur,Uttarakhand,Y,Y,d
263151,Sitarganj,Uttarakhand,Y,Y,d
263152,Rudrapur,Uttarakhand,Y,Y,d
263153,Rudrapur,Uttarakhand,Y,Y,d
263154,Rudrapur,Uttarakhand,Y,Y,d
263155,Nainital,Bhimtal,N,Y,d
263156,Bhimtal,Uttarakhand,Y,Y,d
263157,#REF!,#REF!,N,N,d
263158,Nainital,Uttarakhand,N,N,d
263159,Ramnagar,Uttarakhand,Y,Y,d
263160,Rudrapur,Uttarakhand,Y,Y,d
263161,Rudrapur,Uttarakhand,N,N,d
263164,Chhoi,Uttarakhand,N,N,d
263165,Rudrapur,Uttarakhand,N,N,d
263301,Nainital,Uttarakhand,N,N,d
263401,Kashipur,Uttarakhand,Y,Y,d
263601,Almora,Uttarakhand,Y,Y,d
263619,Bageshwar,Uttarakhand,N,N,d
263620,Almora,Uttarakhand,Y,Y,d
263621,Dwarahat,Uttarakhand,Y,Y,d
263622,Danya,Uttarakhand,Y,Y,d
263623,Almora,Uttarakhand,Y,Y,d
263624,Almora,Uttarakhand,Y,Y,d
263625,Almora,Uttarakhand,N,N,d
263626,#REF!,#REF!,N,N,d
263628,Bageshwar,Uttarakhand,N,N,d
263629,Chhani Lwesal,Uttarakhand,N,N,d
263630,Bageshwar,Uttarakhand,Y,Y,d
263631,#REF!,#REF!,N,N,d
263632,Bageshwar,Uttarakhand,Y,Y,d
263633,#REF!,#REF!,N,N,d
263634,Bageshwar,Uttarakhand,Y,Y,d
263635,Bageshwar,Uttarakhand,N,N,d
263636,Almora,Uttarakhand,Y,Y,d
263637,Someshwar,Uttarakhand,Y,Y,d
263638,Someshwar,Uttarakhand,Y,Y,d
263639,Someshwar,Uttarakhand,Y,Y,d
263640,Bageshwar,Uttarakhand,N,N,d
263641,Baijnath-UK,Uttarakhand,Y,Y,d
263642,Bageshwar,Uttarakhand,Y,Y,d
263643,Almora,Uttarakhand,Y,Y,d
263645,Ranikhet,Uttarakhand,Y,Y,d
263646,Ranikhet,Uttarakhand,Y,Y,d
263651,Ranikhet,Uttarakhand,Y,Y,d
263652,Ranikhet,Uttarakhand,Y,Y,d
263653,Dwarahat,Uttarakhand,Y,Y,d
263655,Ranikhet,Uttarakhand,Y,Y,d
263656,Dwarahat,Uttarakhand,Y,Y,d
263658,Chaukhutia,Uttarakhand,N,N,d
263659,Almora,Uttarakhand,Y,Y,d
263660,#REF!,#REF!,N,N,d
263661,Almora,Uttarakhand,Y,Y,d
263663,Ranikhet,Uttarakhand,Y,Y,d
263664,Almora,Uttarakhand,N,N,d
263665,#REF!,#REF!,N,N,d
263667,Almora,Uttarakhand,Y,Y,d
263676,Almora,Uttarakhand,N,N,d
263678,#REF!,#REF!,N,N,d
263679,Bageshwar,Uttarakhand,N,N,d
263680,#REF!,#REF!,N,N,d
266005,Lucknow,Uttar Pradesh,N,N,d
267159,Mirzapur,Uttar Pradesh,N,N,d
269869,Unnao,Uttar Pradesh,N,N,d
270016,Gorakhpur,Uttar Pradesh,N,N,d
270033,Mahrajganj,Uttar Pradesh,N,N,d
271001,Gonda,Uttar Pradesh,Y,Y,d
271002,Gonda,Uttar Pradesh,Y,Y,d
271003,Gonda,Uttar Pradesh,Y,Y,d
271006,Gonda,Uttar Pradesh,N,Y,d
271122,Gonda,Uttar Pradesh,Y,Y,d
271123,Gonda,Uttar Pradesh,Y,Y,d
271124,Nawabganj,Uttar Pradesh,Y,Y,d
271125,Gonda,Uttar Pradesh,Y,Y,d
271126,Colonejganj,Uttar Pradesh,Y,Y,d
271127,Colonejganj,Uttar Pradesh,Y,Y,d
271128,Sumerpur,Rajasthan,Y,Y,d
271129,Nawabganj,Uttar Pradesh,Y,Y,d
271130,Mankapur,Uttar Pradesh,N,N,d
271201,Balrampur,Uttar Pradesh,Y,Y,d
271202,Gonda,Uttar Pradesh,Y,Y,d
271203,TULSIPUR,Uttar Pradesh,Y,Y,d
271204,Itia Thok,Uttar Pradesh,Y,Y,d
271205,Balrampur,Uttar Pradesh,Y,Y,d
271206,Pachperwa,Uttar Pradesh,Y,Y,d
271207,Balrampur,Uttar Pradesh,Y,Y,d
271208,Tulsipur,Uttar Pradesh,Y,Y,d
271209,Itia Thok,Uttar Pradesh,Y,Y,d
271210,Tulsipur,Uttar Pradesh,Y,Y,d
271211,Gonda,Uttar Pradesh,N,N,d
271212,Gonda,Uttar Pradesh,N,N,d
271214,Gonda,Uttar Pradesh,Y,Y,d
271215,TULSIPUR,Uttar Pradesh,Y,Y,d
271301,Gonda,Uttar Pradesh,Y,Y,d
271302,Nawabganj,Uttar Pradesh,Y,Y,d
271303,Nawabganj,Uttar Pradesh,Y,Y,d
271304,Nawabganj,Uttar Pradesh,Y,Y,d
271305,Itava,Uttar Pradesh,Y,Y,d
271306,Utraula,Uttar Pradesh,Y,Y,d
271307,Gonda,Uttar Pradesh,Y,Y,d
271308,MANKAPUR,Uttar Pradesh,Y,Y,d
271309,Nawabganj,Uttar Pradesh,Y,Y,d
271310,Gonda,Uttar Pradesh,Y,Y,d
271311,Colonejganj,Uttar Pradesh,Y,Y,d
271312,Gonda,Uttar Pradesh,Y,Y,d
271313,Itava,Uttar Pradesh,Y,Y,d
271317,Nawabganj,Uttar Pradesh,Y,Y,d
271318,Colonejganj,Uttar Pradesh,Y,Y,d
271319,Nawabganj,Uttar Pradesh,Y,Y,d
271320,Nawabganj,Uttar Pradesh,Y,Y,d
271329,Nawabganj,Uttar Pradesh,N,N,d
271401,Gonda,Uttar Pradesh,Y,Y,d
271402,TARAPGANJ,Uttar Pradesh,Y,Y,d
271403,Nawabganj,Uttar Pradesh,Y,Y,d
271404,Gonda,Uttar Pradesh,Y,Y,d
271405,Gonda,Uttar Pradesh,Y,Y,d
271406,Tarapganj,Uttar Pradesh,N,N,d
271502,Colonejganj,Uttar Pradesh,Y,Y,d
271503,Gonda,Uttar Pradesh,Y,Y,d
271504,Colonejganj,Uttar Pradesh,Y,Y,d
271506,Colonelganj,Uttar Pradesh,N,Y,d
271601,Gonda,Uttar Pradesh,Y,Y,d
271602,Gonda,Uttar Pradesh,Y,Y,d
271603,Gonda,Uttar Pradesh,Y,Y,d
271604,Utraula,Uttar Pradesh,Y,Y,d
271605,Balrampur,Uttar Pradesh,Y,Y,d
271606,Balrampur,Uttar Pradesh,Y,Y,d
271607,Utraula,Uttar Pradesh,Y,Y,d
271608,Gonda,Uttar Pradesh,Y,Y,d
271609,Utraula,Uttar Pradesh,Y,Y,d
271801,Bahraich,Uttar Pradesh,Y,Y,d
271802,Bahraich,Uttar Pradesh,Y,Y,d
271803,Bhinga,Uttar Pradesh,Y,Y,d
271804,Bhinga,Uttar Pradesh,Y,Y,d
271805,Ikauna,Uttar Pradesh,Y,Y,d
271806,Bahraich,Uttar Pradesh,Y,Y,d
271821,Ikauna,Uttar Pradesh,Y,Y,d
271823,Bahraich,Uttar Pradesh,Y,Y,d
271824,Bahraich,Uttar Pradesh,Y,Y,d
271825,Bahraich,Uttar Pradesh,Y,Y,d
271826,Bhinga,Uttar Pradesh,Y,Y,d
271828,Gonda,Uttar Pradesh,N,Y,d
271830,Nanpara,Uttar Pradesh,Y,Y,d
271831,Bhinga,Uttar Pradesh,Y,Y,d
271832,Bhinga,Uttar Pradesh,Y,Y,d
271835,Ikauna,Uttar Pradesh,Y,Y,d
271836,Kunda,Uttar Pradesh,Y,Y,d
271840,Bhinga,Uttar Pradesh,Y,Y,d
271841,Nighasan,Uttar Pradesh,Y,Y,d
271845,Ikauna,Uttar Pradesh,Y,Y,d
271851,Bahraich,Uttar Pradesh,Y,Y,d
271855,BAHRAICH,Uttar Pradesh,Y,Y,d
271857,Gonda,Uttar Pradesh,N,N,d
271861,Balrampur,Uttar Pradesh,Y,Y,d
271865,Nanpara,Uttar Pradesh,Y,Y,d
271870,Bahraich,Uttar Pradesh,Y,Y,d
271871,Bahraich,Uttar Pradesh,Y,Y,d
271872,Bahraich,Uttar Pradesh,Y,Y,d
271875,Bahraich,Uttar Pradesh,Y,Y,d
271881,Nanpara,Uttar Pradesh,Y,Y,d
271882,Nanpara,Uttar Pradesh,Y,Y,d
271901,Colonejganj,Uttar Pradesh,Y,Y,d
271902,Bahraich,Uttar Pradesh,Y,Y,d
271903,Colonejganj,Uttar Pradesh,Y,Y,d
271904,Colonejganj,Uttar Pradesh,Y,Y,d
272001,Basti,Uttar Pradesh,Y,Y,d
272002,Basti,Uttar Pradesh,Y,Y,d
272003,Basti,Uttar Pradesh,Y,Y,d
272024,Basti,Uttar Pradesh,N,N,d
272072,Basti,Uttar Pradesh,N,N,d
272102,Basti,Uttar Pradesh,N,Y,d
272105,Basti,Uttar Pradesh,Y,Y,d
272123,Basti,Uttar Pradesh,Y,Y,d
272124,Basti,Uttar Pradesh,Y,Y,d
272125,Basti,Uttar Pradesh,Y,Y,d
272126,Basti,Uttar Pradesh,Y,Y,d
272127,Itava,Uttar Pradesh,Y,Y,d
272128,Harraiya,Uttar Pradesh,Y,Y,d
272129,Nawabganj,Uttar Pradesh,Y,Y,d
272130,Itava,Uttar Pradesh,Y,Y,d
272131,Harraiya,Uttar Pradesh,Y,Y,d
272141,Basti,Uttar Pradesh,Y,Y,d
272148,Rudhauli,Uttar Pradesh,Y,Y,d
272149,Basti,Uttar Pradesh,Y,Y,d
272150,Rudhauli,Uttar Pradesh,Y,Y,d
272151,Rudhauli,Uttar Pradesh,Y,Y,d
272152,Bansi,Uttar Pradesh,Y,Y,d
272153,Bansi,Uttar Pradesh,Y,Y,d
272154,Menhdawal,Uttar Pradesh,Y,Y,d
272155,Harraiya,Uttar Pradesh,Y,Y,d
272159,Haraiya,Uttar Pradesh,N,N,d
272161,Itava,Uttar Pradesh,Y,Y,d
272162,Dhanghata,Uttar Pradesh,Y,Y,d
272163,Itava,Uttar Pradesh,Y,Y,d
272164,Khalilabad,Uttar Pradesh,Y,Y,d
272165,Sikriganj,Uttar Pradesh,Y,Y,d
272170,Basti,Uttar Pradesh,Y,Y,d
272171,Dhanghata,Uttar Pradesh,Y,Y,d
272172,Dhanghata,Uttar Pradesh,Y,Y,d
272173,Khalilabad,Uttar Pradesh,Y,Y,d
272175,Khalilabad,Uttar Pradesh,Y,Y,d
272176,Dhanghata,Uttar Pradesh,Y,Y,d
272177,Khalilabad,Uttar Pradesh,Y,Y,d
272178,Basti,Uttar Pradesh,Y,Y,d
272181,Itava,Uttar Pradesh,Y,Y,d
272182,Basti,Uttar Pradesh,Y,Y,d
272183,Basti,Uttar Pradesh,N,Y,d
272189,Domariyaganj,Uttar Pradesh,Y,Y,d
272190,Basti,Uttar Pradesh,Y,Y,d
272191,Domariyaganj,Uttar Pradesh,Y,Y,d
272192,Domariyaganj,Uttar Pradesh,Y,Y,d
272193,Domariyaganj,Uttar Pradesh,Y,Y,d
272194,Rudhauli,Uttar Pradesh,Y,Y,d
272195,Domariyaganj,Uttar Pradesh,Y,Y,d
272199,Menhdawal,Uttar Pradesh,Y,Y,d
272200,Basti,Uttar Pradesh,N,N,d
272201,Shohratgarh,Uttar Pradesh,Y,Y,d
272202,Naugarh,Uttar Pradesh,Y,Y,d
272203,Naugarh,Uttar Pradesh,Y,Y,d
272204,Naugarh,Uttar Pradesh,Y,Y,d
272205,Shohratgarh,Uttar Pradesh,Y,Y,d
272206,Naugarh,Uttar Pradesh,Y,Y,d
272207,Naugarh,Uttar Pradesh,Y,Y,d
272208,Naugarh,Uttar Pradesh,Y,Y,d
272209,Khalilabad,Uttar Pradesh,Y,Y,d
272264,Basti,Uttar Pradesh,N,N,d
272269,Basti,Uttar Pradesh,N,N,d
272270,Menhdawal,Uttar Pradesh,Y,Y,d
272271,Menhdawal,Uttar Pradesh,Y,Y,d
272301,Tanda,Uttar Pradesh,Y,Y,d
272302,Basti,Uttar Pradesh,Y,Y,d
273001,Gorakhpur,Uttar Pradesh,Y,Y,d
273002,Gorakhpur,Uttar Pradesh,Y,Y,d
273003,Gorakhpur,Uttar Pradesh,Y,Y,d
273004,Gorakhpur,Uttar Pradesh,Y,Y,d
273005,Gorakhpur,Uttar Pradesh,Y,Y,d
273006,Gorakhpur,Uttar Pradesh,Y,Y,d
273007,Gorakhpur,Uttar Pradesh,Y,Y,d
273008,Gorakhpur,Uttar Pradesh,Y,Y,d
273009,Gorakhpur,Uttar Pradesh,Y,Y,d
273010,Gorakhpur,Uttar Pradesh,Y,Y,d
273011,Gorakhpur,Uttar Pradesh,Y,Y,d
273012,Gorakhpur,Uttar Pradesh,Y,Y,d
273013,Gorakhpur,Uttar Pradesh,Y,Y,d
273014,Gorakhpur,Uttar Pradesh,Y,Y,d
273015,Gorakhpur,Uttar Pradesh,Y,Y,d
273016,Gorakhpur,Uttar Pradesh,Y,Y,d
273017,Gorakhpur,Uttar Pradesh,Y,Y,d
273028,Gorakhpur,Uttar Pradesh,N,N,d
273030,Gorakhpur,Uttar Pradesh,N,N,d
273103,Gorakhpur,Uttar Pradesh,N,N,d
273125,Gonda,Uttar Pradesh,N,N,d
273151,Kaptanganj,Uttar Pradesh,Y,Y,d
273152,Bhathat,Uttar Pradesh,Y,Y,d
273153,Gorakhpur,Uttar Pradesh,N,N,d
273155,Anandnagar,Uttar Pradesh,Y,Y,d
273157,Brijmanganj,Uttar Pradesh,Y,Y,d
273158,Anandnagar,Uttar Pradesh,Y,Y,d
273161,Anandnagar,Uttar Pradesh,Y,Y,d
273162,Brijmanganj,Uttar Pradesh,Y,Y,d
273163,Nichlaul,Uttar Pradesh,Y,Y,d
273164,Nautanwa,Uttar Pradesh,Y,Y,d
273165,Anandnagar,Uttar Pradesh,Y,Y,d
273169,Kolhui,Uttar Pradesh,N,Y,d
273200,Gorakhpur,Uttar Pradesh,Y,Y,d
273201,Deoria,Uttar Pradesh,Y,Y,d
273202,Gorakhpur,Uttar Pradesh,Y,Y,d
273203,Deoria,Uttar Pradesh,Y,Y,d
273207,Nichlaul,Uttar Pradesh,Y,Y,d
273209,Gorakhpur,Uttar Pradesh,Y,Y,d
273211,Sikriganj,Uttar Pradesh,Y,Y,d
273212,Gorakhpur,Uttar Pradesh,Y,Y,d
273213,Sikriganj,Uttar Pradesh,Y,Y,d
273215,Gonda,Uttar Pradesh,N,N,d
273301,Kaptanganj,Uttar Pradesh,Y,Y,d
273302,Maharajganj,Uttar Pradesh,Y,Y,d
273303,Maharajganj,Uttar Pradesh,Y,Y,d
273304,Nichlaul,Uttar Pradesh,Y,Y,d
273305,Nichlaul,Uttar Pradesh,Y,Y,d
273306,Bhathat,Uttar Pradesh,Y,Y,d
273307,Nichlaul,Uttar Pradesh,Y,Y,d
273308,Nautanwa,Uttar Pradesh,Y,Y,d
273309,Brijmanganj,Uttar Pradesh,Y,Y,d
273310,Bhathat,Uttar Pradesh,Y,Y,d
273311,Nichlaul,Uttar Pradesh,Y,Y,d
273401,Gorakhpur,Uttar Pradesh,Y,Y,d
273402,Barhalganj,Uttar Pradesh,Y,Y,d
273403,Kauriram,Uttar Pradesh,Y,Y,d
273404,Sikriganj,Uttar Pradesh,Y,Y,d
273405,Sohgaura,Uttar Pradesh,Y,Y,d
273406,Sikriganj,Uttar Pradesh,Y,Y,d
273407,Sikriganj,Uttar Pradesh,Y,Y,d
273408,Barhalganj,Uttar Pradesh,Y,Y,d
273409,Sikriganj,Uttar Pradesh,Y,Y,d
273411,Barhalganj,Uttar Pradesh,Y,Y,d
273412,Barhalganj,Uttar Pradesh,Y,Y,d
273413,Sohgaura,Uttar Pradesh,Y,Y,d
273414,Gorakhpur,Uttar Pradesh,N,N,d
273415,Gorakhpur,Uttar Pradesh,N,N,d
273416,Gorakhpur,Uttar Pradesh,N,N,d
273417,Gorakhpur,Uttar Pradesh,N,N,d
273506,Gorakhpur,Uttar Pradesh,N,N,d
273703,New Gorakhpur,Uttar Pradesh,N,N,d
274001,Deoria,Uttar Pradesh,Y,Y,d
274002,Deoria,Uttar Pradesh,N,N,d
274003,Deoria,Uttar Pradesh,Y,Y,d
274004,Deoria,Uttar Pradesh,N,N,d
274009,Deoria,Uttar Pradesh,N,N,d
274114,Kushinagar,Uttar Pradesh,N,N,d
274121,Chauri Chaura,Uttar Pradesh,N,N,d
274122,Barhaj,Uttar Pradesh,Y,Y,d
274123,Ayodhya,Uttar Pradesh,N,Y,d
274149,Kaptanganj,Uttar Pradesh,Y,Y,d
274182,Barhaj,Uttar Pradesh,Y,Y,d
274199,Kushinagar,Uttar Pradesh,N,N,d
274201,Deoria,Uttar Pradesh,Y,Y,d
274202,Deoria,Uttar Pradesh,Y,Y,d
274203,Kushinagar,Uttar Pradesh,Y,Y,d
274204,Deoria,Uttar Pradesh,Y,Y,d
274205,Barhaj,Uttar Pradesh,Y,Y,d
274206,Kushinagar,Uttar Pradesh,Y,Y,d
274207,Kushinagar,Uttar Pradesh,Y,Y,d
274208,Barhalganj,Uttar Pradesh,Y,Y,d
274226,Kushinagar,Uttar Pradesh,N,N,d
274249,Kaptanganj,Uttar Pradesh,Y,Y,d
274301,Kaptanganj,Uttar Pradesh,Y,Y,d
274302,Sewarhi,Uttar Pradesh,Y,Y,d
274303,Padrauna,Uttar Pradesh,Y,Y,d
274304,Padrauna,Uttar Pradesh,Y,Y,d
274305,Kaptanganj,Uttar Pradesh,Y,Y,d
274306,Kaptanganj,Uttar Pradesh,Y,Y,d
274307,Padrauna,Uttar Pradesh,Y,Y,d
274308,Padrauna,Uttar Pradesh,Y,Y,d
274309,Padrauna,Uttar Pradesh,Y,Y,d
274340,Deoria,Uttar Pradesh,N,N,d
274401,Kushinagar,Uttar Pradesh,Y,Y,d
274402,Kushinagar,Uttar Pradesh,Y,Y,d
274403,Kushinagar,Uttar Pradesh,Y,Y,d
274404,Kushinagar,Uttar Pradesh,Y,Y,d
274405,Deoria,Uttar Pradesh,Y,Y,d
274406,Sewarhi,Uttar Pradesh,Y,Y,d
274407,Sewarhi,Uttar Pradesh,Y,Y,d
274408,Kushinagar,Uttar Pradesh,Y,Y,d
274409,Sewarhi,Uttar Pradesh,Y,Y,d
274501,Salempur,Uttar Pradesh,Y,Y,d
274502,Salempur,Uttar Pradesh,Y,Y,d
274504,Deoria,Uttar Pradesh,N,N,d
274505,Salempur,Uttar Pradesh,Y,Y,d
274506,Salempur,Uttar Pradesh,Y,Y,d
274507,Deoria,Uttar Pradesh,N,N,d
274508,Salempur,Uttar Pradesh,Y,Y,d
274509,Salempur,Uttar Pradesh,Y,Y,d
274601,Barhaj,Uttar Pradesh,Y,Y,d
274602,Salempur,Uttar Pradesh,Y,Y,d
274603,Barhaj,Uttar Pradesh,Y,Y,d
274604,Barhaj,Uttar Pradesh,Y,Y,d
274700,Deoria,Uttar Pradesh,N,N,d
274701,Salempur,Uttar Pradesh,Y,Y,d
274702,Salempur,Uttar Pradesh,Y,Y,d
274703,Salempur,Uttar Pradesh,Y,Y,d
274704,Salempur,Uttar Pradesh,Y,Y,d
274705,Salempur,Uttar Pradesh,Y,Y,d
274708,Salempur,Uttar Pradesh,N,Y,d
274801,Khadda,Uttar Pradesh,Y,Y,d
274802,Khadda,Uttar Pradesh,Y,Y,d
274803,Khadda Up,Uttar Pradesh,N,Y,d
274805,Deoria,Uttar Pradesh,Y,Y,d
274806,Deoria,Uttar Pradesh,Y,Y,d
274807,Deoria,Uttar Pradesh,Y,Y,d
274808,Salempur,Uttar Pradesh,Y,Y,d
275101,Mau,Uttar Pradesh,Y,Y,d
275102,Mau,Uttar Pradesh,Y,Y,d
275103,Mau,Uttar Pradesh,Y,Y,d
275105,Ghosi,Uttar Pradesh,Y,Y,d
275107,Ghosi,Uttar Pradesh,N,Y,d
275120,Ghosi,Uttar Pradesh,Y,Y,d
275125,Azamgarh,Uttar Pradesh,N,N,d
275201,Mau,Uttar Pradesh,Y,Y,d
275202,Dullahapur,Uttar Pradesh,Y,Y,d
275203,Dullahpur,Uttar Pradesh,Y,Y,d
275204,SADAT,Uttar Pradesh,Y,Y,d
275205,SADAT,Uttar Pradesh,Y,Y,d
275207,Dullahpur,Uttar Pradesh,Y,Y,d
275301,Ghosi,Uttar Pradesh,Y,Y,d
275302,Ghosi,Uttar Pradesh,Y,Y,d
275303,Barhalganj,Uttar Pradesh,Y,Y,d
275304,Ghosi,Uttar Pradesh,Y,Y,d
275305,Mau,Uttar Pradesh,Y,Y,d
275306,Ghosi,Uttar Pradesh,Y,Y,d
275307,Ghosi,Uttar Pradesh,Y,Y,d
276001,Azamgarh,Uttar Pradesh,Y,Y,d
276103,Azamgarh,Uttar Pradesh,N,Y,d
276121,Jiyanpur,Uttar Pradesh,Y,Y,d
276122,Jiyanpur,Uttar Pradesh,Y,Y,d
276123,Katghar Lalganj,Uttar Pradesh,Y,Y,d
276124,Jiyanpur,Uttar Pradesh,Y,Y,d
276125,Jiyanpur,Uttar Pradesh,Y,Y,d
276126,Dullahpur,Uttar Pradesh,Y,Y,d
276127,Jiyanpur,Uttar Pradesh,Y,Y,d
276128,Azamgarh,Uttar Pradesh,Y,Y,d
276129,Chiraiyakot,Uttar Pradesh,Y,Y,d
276131,Chiraiyakot,Uttar Pradesh,Y,Y,d
276135,Nizamabad-UP,Uttar Pradesh,Y,Y,d
276136,Jiyanpur,Uttar Pradesh,Y,Y,d
276137,Rajesultanpur,Uttar Pradesh,Y,Y,d
276138,Jiyanpur,Uttar Pradesh,Y,Y,d
276139,Rajesultanpur,Uttar Pradesh,Y,Y,d
276140,Jiyanpur,Uttar Pradesh,Y,Y,d
276141,Nizamabad-UP,Uttar Pradesh,Y,Y,d
276142,Rajesultanpur,Uttar Pradesh,Y,Y,d
276143,Jalalpur,Uttar Pradesh,Y,Y,d
276165,Gorakhpur,Uttar Pradesh,N,N,d
276201,Azamgarh,Uttar Pradesh,Y,Y,d
276202,Azamgarh,Uttar Pradesh,Y,Y,d
276203,Aunrihar,Uttar Pradesh,Y,Y,d
276204,Mehnagar,Uttar Pradesh,Y,Y,d
276205,Azamgarh,Uttar Pradesh,Y,Y,d
276206,Nizamabad-UP,Uttar Pradesh,Y,Y,d
276207,Azamgarh,Uttar Pradesh,Y,Y,d
276208,Nizamabad-UP,Uttar Pradesh,Y,Y,d
276220,Azamgarh,Uttar Pradesh,N,N,d
276225,Azamgarh,Uttar Pradesh,N,Y,d
276228,Phulpur,Uttar Pradesh,N,N,d
276288,Shahganj,Uttar Pradesh,Y,Y,d
276301,Martinganj,Uttar Pradesh,Y,Y,d
276302,Azamgarh,Uttar Pradesh,Y,Y,d
276303,Azamgarh,Uttar Pradesh,Y,Y,d
276304,Phoolpur,Uttar Pradesh,Y,Y,d
276305,Phoolpur,Uttar Pradesh,Y,Y,d
276306,Ghosi,Uttar Pradesh,Y,Y,d
276320,Phulpur,Uttar Pradesh,N,N,d
276325,Phulpur,Uttar Pradesh,N,N,d
276401,Jiyanpur,Uttar Pradesh,Y,Y,d
276402,Chiraiyakot,Uttar Pradesh,Y,Y,d
276403,Chiraiyakot,Uttar Pradesh,Y,Y,d
276404,Azamgarh,Uttar Pradesh,Y,Y,d
276405,Ghosi,Uttar Pradesh,Y,Y,d
276406,Azamgarh,Uttar Pradesh,Y,Y,d
276706,Azamgarh,Uttar Pradesh,N,N,d
277001,Ballia,Uttar Pradesh,Y,Y,d
277011,Ballia,Uttar Pradesh,N,Y,d
277121,Phephna,Uttar Pradesh,Y,Y,d
277122,Phephna,Uttar Pradesh,Y,Y,d
277123,Sikandarpur,Uttar Pradesh,Y,Y,d
277124,Sikandarpur,Uttar Pradesh,Y,Y,d
277201,Bariya,Uttar Pradesh,Y,Y,d
277202,Ballia,Uttar Pradesh,Y,Y,d
277203,Ballia,Uttar Pradesh,Y,Y,d
277204,Bariya,Uttar Pradesh,Y,Y,d
277205,Reoti,Uttar Pradesh,Y,Y,d
277207,Sikandarpur,Uttar Pradesh,Y,Y,d
277208,Bariya,Uttar Pradesh,Y,Y,d
277209,Reoti,Uttar Pradesh,Y,Y,d
277210,Ballia,Uttar Pradesh,Y,Y,d
277211,Reoti,Uttar Pradesh,Y,Y,d
277212,Dullahpur,Uttar Pradesh,Y,Y,d
277213,Ballia,Uttar Pradesh,Y,Y,d
277214,Bariya,Uttar Pradesh,Y,Y,d
277216,Bariya,Uttar Pradesh,Y,Y,d
277218,Bariya,Uttar Pradesh,Y,Y,d
277219,Ballia,Uttar Pradesh,Y,Y,d
277301,Ballia,Uttar Pradesh,Y,Y,d
277302,Sikandarpur,Uttar Pradesh,Y,Y,d
277303,Sikandarpur,Uttar Pradesh,Y,Y,d
277304,Ballia,Uttar Pradesh,Y,Y,d
277305,Bariya,Uttar Pradesh,Y,Y,d
277306,Ballia,Uttar Pradesh,Y,Y,d
277307,Bariya,Uttar Pradesh,Y,Y,d
277401,Ballia,Uttar Pradesh,Y,Y,d
277402,Reoti,Uttar Pradesh,Y,Y,d
277403,Reoti,Uttar Pradesh,Y,Y,d
277405,Ballia,Uttar Pradesh,Y,Y,d
277406,Kushinagar,Uttar Pradesh,N,Y,d
277501,VARANASI,Uttar Pradesh,Y,Y,d
277502,Phephna,Uttar Pradesh,Y,Y,d
277503,Phephna,Uttar Pradesh,Y,Y,d
277504,Phephna,Uttar Pradesh,Y,Y,d
277506,Phephna,Uttar Pradesh,Y,Y,d
277514,Ballia,Uttar Pradesh,N,Y,d
277612,Azamgarh,Uttar Pradesh,N,N,d
280001,Nandgoan Barsana,Maharashtra,N,N,d
280002,Agra,Uttar Pradesh,N,N,d
281001,Mathura,Uttar Pradesh,Y,Y,d
281002,Mathura,Uttar Pradesh,Y,Y,d
281003,Mathura,Uttar Pradesh,Y,Y,d
281004,Mathura,Uttar Pradesh,Y,Y,d
281005,Mathura,Uttar Pradesh,Y,Y,d
281006,Mathura,Uttar Pradesh,Y,Y,d
281008,Mathura,Uttar Pradesh,N,N,d
281010,Agra,Uttar Pradesh,N,Y,d
281015,Mathura,Uttar Pradesh,N,N,d
281104,Jalesar,Uttar Pradesh,Y,Y,d
281112,Agra,Uttar Pradesh,N,N,d
281121,Vrindavan,Uttar Pradesh,Y,Y,d
281122,Mathura,Uttar Pradesh,Y,Y,d
281123,Mathura,Uttar Pradesh,Y,Y,d
281124,Vrindaban,Uttar Pradesh,N,N,d
281201,Khair,Uttar Pradesh,Y,Y,d
281202,Vrindavan,Uttar Pradesh,Y,Y,d
281203,Chhata,Uttar Pradesh,Y,Y,d
281204,Vrindavan,Uttar Pradesh,Y,Y,d
281205,Khair,Uttar Pradesh,Y,Y,d
281206,Hathras,Uttar Pradesh,Y,Y,d
281301,Mathura,Uttar Pradesh,Y,Y,d
281302,Mathura,Uttar Pradesh,Y,Y,d
281303,Mathura,Uttar Pradesh,Y,Y,d
281304,Hathras,Uttar Pradesh,Y,Y,d
281305,Mathura,Uttar Pradesh,Y,Y,d
281306,Hathras,Uttar Pradesh,Y,Y,d
281307,Jalesar,Uttar Pradesh,Y,Y,d
281308,Mathura,Uttar Pradesh,Y,Y,d
281401,Chhata,Uttar Pradesh,Y,Y,d
281402,Vrindavan,Uttar Pradesh,Y,Y,d
281403,Chhata,Uttar Pradesh,Y,Y,d
281404,Chhata,Uttar Pradesh,Y,Y,d
281405,Chhata,Uttar Pradesh,Y,Y,d
281406,Vrindavan,Uttar Pradesh,Y,Y,d
281501,Mathura,Uttar Pradesh,Y,Y,d
281502,Mathura,Uttar Pradesh,Y,Y,d
281503,Mathura,Uttar Pradesh,Y,Y,d
281504,Chhata,Uttar Pradesh,Y,Y,d
282000,Agra,Uttar Pradesh,N,N,d
282001,Agra,Uttar Pradesh,Y,Y,d
282002,Agra,Uttar Pradesh,Y,Y,d
282003,Agra,Uttar Pradesh,Y,Y,d
282004,Agra,Uttar Pradesh,Y,Y,d
282005,Agra,Uttar Pradesh,Y,Y,d
282006,Agra,Uttar Pradesh,Y,Y,d
282007,Agra,Uttar Pradesh,Y,Y,d
282008,Agra,Uttar Pradesh,Y,Y,d
282009,Agra,Uttar Pradesh,Y,Y,d
282010,Agra,Uttar Pradesh,Y,Y,d
282011,Agra,Uttar Pradesh,N,N,d
283002,Firozabad,Uttar Pradesh,N,N,d
283101,Kirauli,Uttar Pradesh,Y,Y,d
283102,Kirauli,Uttar Pradesh,Y,Y,d
283103,Firozabad,Uttar Pradesh,Y,Y,d
283104,Fatehabad-UP,Uttar Pradesh,Y,Y,d
283105,Kirauli,Uttar Pradesh,Y,Y,d
283107,Kirauli,Uttar Pradesh,N,N,d
283110,Kirauli,Uttar Pradesh,Y,Y,d
283111,Fatehabad-UP,Uttar Pradesh,Y,Y,d
283112,Kheragarh,Uttar Pradesh,Y,Y,d
283113,Fatehabad-UP,Uttar Pradesh,Y,Y,d
283114,Fatehabad-Up,Uttar Pradesh,Y,Y,d
283115,Kheragarh,Uttar Pradesh,Y,Y,d
283119,Kheragarh,Uttar Pradesh,Y,Y,d
283121,Kheragarh,Uttar Pradesh,Y,Y,d
283122,Kirauli,Uttar Pradesh,Y,Y,d
283123,Fatehabad-Up,Uttar Pradesh,Y,Y,d
283124,Kheragarh,Uttar Pradesh,Y,Y,d
283125,Fatehabad-UP,Uttar Pradesh,Y,Y,d
283126,Agra,Uttar Pradesh,Y,Y,d
283130,Shikohabad,Uttar Pradesh,Y,Y,d
283135,Shikohabad,Uttar Pradesh,Y,Y,d
283136,Firozabad,Uttar Pradesh,Y,Y,d
283141,Shikohabad,Uttar Pradesh,Y,Y,d
283142,Shikohabad,Uttar Pradesh,Y,Y,d
283145,Shikohabad,Uttar Pradesh,Y,Y,d
283151,Shikohabad,Uttar Pradesh,Y,Y,d
283152,Etah,Uttar Pradesh,Y,Y,d
283201,Tundla,Uttar Pradesh,Y,Y,d
283202,Tundla,Uttar Pradesh,Y,Y,d
283203,Firozabad,Uttar Pradesh,Y,Y,d
283204,Tundla,Uttar Pradesh,Y,Y,d
283205,Firozabad,Uttar Pradesh,Y,Y,d
283206,Firozabad,Uttar Pradesh,Y,Y,d
283207,Firozabad,Uttar Pradesh,Y,Y,d
284001,Jhansi,Uttar Pradesh,Y,Y,d
284002,Jhansi,Uttar Pradesh,Y,Y,d
284003,Jhansi,Uttar Pradesh,Y,Y,d
284004,Jns,Uttar Pradesh,N,N,d
284028,Agra,Uttar Pradesh,N,N,d
284120,Jhansi,Uttar Pradesh,Y,Y,d
284121,Jhansi,Uttar Pradesh,Y,Y,d
284122,Lalitpur,Uttar Pradesh,Y,Y,d
284123,Lalitpur,Uttar Pradesh,Y,Y,d
284124,Lalitpur,Uttar Pradesh,Y,Y,d
284125,Talbahat,Uttar Pradesh,Y,Y,d
284126,Talbahat,Uttar Pradesh,Y,Y,d
284127,Jhansi,Uttar Pradesh,Y,Y,d
284128,Jhansi,Uttar Pradesh,Y,Y,d
284129,Jhansi,Uttar Pradesh,Y,Y,d
284135,Jhansi,Uttar Pradesh,Y,Y,d
284136,Talbahat,Uttar Pradesh,Y,Y,d
284201,Niwari,Madhya Pradesh,Y,Y,d
284202,Chirgaon,Uttar Pradesh,Y,Y,d
284203,GURUSARAI,Uttar Pradesh,Y,Y,d
284204,Mauranipur,Uttar Pradesh,Y,Y,d
284205,Mauranipur,Uttar Pradesh,Y,Y,d
284206,GURUSARAI,Uttar Pradesh,Y,Y,d
284301,Chirgaon,Uttar Pradesh,Y,Y,d
284302,Poonchh,Uttar Pradesh,Y,Y,d
284303,Poonchh,Uttar Pradesh,Y,Y,d
284304,Poonchh,Uttar Pradesh,Y,Y,d
284305,Chirgaon,Uttar Pradesh,Y,Y,d
284306,Poonchh,Uttar Pradesh,Y,Y,d
284401,Talbahat,Uttar Pradesh,Y,Y,d
284402,Mahrauni,Uttar Pradesh,Y,Y,d
284403,Lalitpur,Uttar Pradesh,Y,Y,d
284404,Mahrauni,Uttar Pradesh,Y,Y,d
284405,Mahrauni,Uttar Pradesh,Y,Y,d
284406,Mahrauni,Uttar Pradesh,Y,Y,d
284407,Lalitpur,Uttar Pradesh,N,Y,d
284419,Jhansi,Uttar Pradesh,Y,Y,d
284501,Lalitpur,Uttar Pradesh,Y,Y,d
285001,Orai,Uttar Pradesh,Y,Y,d
285121,Jalaun,Uttar Pradesh,Y,Y,d
285122,Orai,Uttar Pradesh,Y,Y,d
285123,Jalaun,Uttar Pradesh,Y,Y,d
285124,Jalaun,Uttar Pradesh,Y,Y,d
285125,Auraiya,Uttar Pradesh,Y,Y,d
285126,Jalaun,Uttar Pradesh,Y,Y,d
285127,Jalaun,Uttar Pradesh,Y,Y,d
285128,Jalaun,Uttar Pradesh,Y,Y,d
285129,Jalaun,Uttar Pradesh,Y,Y,d
285130,Jalaun,Uttar Pradesh,Y,Y,d
285131,Konch,Konch,N,Y,d
285134,Jalaun,Uttar Pradesh,Y,Y,d
285141,Agra,Uttar Pradesh,N,N,d
285196,Orai,Uttar Pradesh,Y,Y,d
285201,Konch,Uttar Pradesh,Y,Y,d
285202,Orai,Uttar Pradesh,Y,Y,d
285203,Pukhrayan,Uttar Pradesh,Y,Y,d
285204,Pukhrayan,Uttar Pradesh,Y,Y,d
285205,Konch,Uttar Pradesh,Y,Y,d
285206,Konch,Uttar Pradesh,Y,Y,d
285211,Pukhrayan,Uttar Pradesh,Y,Y,d
285223,Konch,Uttar Pradesh,Y,Y,d
285251,Konch,Uttar Pradesh,Y,Y,d
288005,Agra,Uttar Pradesh,N,N,d
290621,FARRUKHABAD,Uttar Pradesh,N,N,d
290728,FARRUKHABAD,Uttar Pradesh,N,N,d
290729,Kannauj,Uttar Pradesh,N,N,d
297851,Palia Up,Uttar Pradesh,N,Y,d
301001,Alwar,Rajasthan,Y,Y,d
301002,Alwar,Rajasthan,Y,Y,d
301017,Tijara,Rajasthan,Y,Y,d
301018,Bhiwadi,Rajasthan,Y,Y,d
301019,Bhiwadi,Rajasthan,Y,Y,d
301020,Neemrana,Rajasthan,Y,Y,d
301021,Laxmangarh,Rajasthan,Y,Y,d
301022,Viratnagar,Rajasthan,Y,Y,d
301023,Alwar,Rajasthan,Y,Y,d
301024,Kotputli,Rajasthan,Y,Y,d
301025,Alwar,Rajasthan,Y,Y,d
301026,Alwar,Rajasthan,Y,Y,d
301027,Viratnagar,Rajasthan,Y,Y,d
301028,Alwar,Rajasthan,Y,Y,d
301029,Alwar,Rajasthan,Y,Y,d
301030,Alwar,Rajasthan,Y,Y,d
301031,Alwar,Rajasthan,Y,Y,d
301032,Alwar,Rajasthan,Y,Y,d
301033,Alwar,Rajasthan,Y,Y,d
301034,Laxmangarh,Rajasthan,Y,Y,d
301035,Laxmangarh,Rajasthan,Y,Y,d
301036,Laxmangarh,Rajasthan,Y,Y,d
301037,Mahwa,Rajasthan,N,N,d
301042,Alwar,Rajasthan,Y,Y,d
301043,Bansur,Rajasthan,N,N,d
301044,Alwar,Rajasthan,Y,Y,d
301101,Bhilwara,Rajasthan,Y,Y,d
301160,Bhilwara,Rajasthan,N,N,d
301210,Govindgarh,Rajasthan,N,Y,d
301301,Noida,Uttar Pradesh,N,N,d
301401,Rewari,Haryana,Y,Y,d
301402,Kotputli,Rajasthan,Y,Y,d
301403,Khairthal,Rajasthan,Y,Y,d
301404,Khairthal,Rajasthan,Y,Y,d
301405,Khairthal,Rajasthan,Y,Y,d
301406,Rajgarh-RJ,Rajasthan,Y,Y,d
301407,Khairthal,Rajasthan,Y,Y,d
301408,Rajgarh-RJ,Rajasthan,Y,Y,d
301409,Rajgarh-Rj,Rajasthan,Y,Y,d
301410,Rajgarh-Rj,Rajasthan,Y,Y,d
301411,Tijara,Rajasthan,Y,Y,d
301412,Kotputli,Rajasthan,Y,Y,d
301413,Rajgarh-Rj,Rajasthan,Y,Y,d
301414,Rajgarh-RJ,Rajasthan,Y,Y,d
301415,Rajgarh-Rj,Rajasthan,Y,Y,d
301416,Kotputli,Rajasthan,Y,Y,d
301417,Bhiwadi,Rajasthan,Y,Y,d
301418,Bhiwadi,Rajasthan,Y,Y,d
301419,Bhiwadi,Rajasthan,N,Y,d
301420,Bhiwadi,Rajasthan,N,Y,d
301421,Bhiwadi,Rajasthan,N,Y,d
301422,Bhiwadi,Rajasthan,N,Y,d
301423,Bhiwadi,Rajasthan,N,Y,d
301424,Bhiwadi,Rajasthan,Y,Y,d
301425,Bhiwadi,Rajasthan,N,Y,d
301426,Bhiwadi,Rajasthan,Y,Y,d
301427,Neemrana,Rajasthan,Y,Y,d
301604,Laxmangarh,Rajasthan,Y,Y,d
301607,Nagar,Rajasthan,Y,Y,d
301701,Neemrana,Rajasthan,Y,Y,d
301702,Tijara,Rajasthan,Y,Y,d
301703,Neemrana,Rajasthan,Y,Y,d
301704,NEEMRANA,Rajasthan,Y,Y,d
301705,Neemrana,Rajasthan,Y,Y,d
301706,Neemrana,Rajasthan,Y,Y,d
301707,Tijara,Rajasthan,Y,Y,d
301708,Neemrana,Rajasthan,Y,Y,d
301709,Neemrana,Rajasthan,Y,Y,d
301711,BEHROR,Rajasthan,N,N,d
301712,Khairthal,Rajasthan,Y,Y,d
301713,Narnaul,Haryana,Y,Y,d
301714,Neemrana,Rajasthan,Y,Y,d
301760,Vadodara,Gujarat,N,Y,b
302000,Jaipur,Rajasthan,Y,Y,d
302001,Jaipur,Rajasthan,Y,Y,d
302002,Jaipur,Rajasthan,Y,Y,d
302003,Jaipur,Rajasthan,Y,Y,d
302004,Jaipur,Rajasthan,Y,Y,d
302005,Jaipur,Rajasthan,Y,Y,d
302006,Jaipur,Rajasthan,Y,Y,d
302007,Jaipur,Rajasthan,Y,Y,d
302008,Jaipur,Rajasthan,Y,Y,d
302009,Jaipur,Rajasthan,Y,Y,d
302010,Jaipur,Rajasthan,Y,Y,d
302011,Jaipur,Rajasthan,Y,Y,d
302012,Jaipur,Rajasthan,Y,Y,d
302013,Jaipur,Rajasthan,Y,Y,d
302014,Jaipur,Rajasthan,Y,Y,d
302015,Jaipur,Rajasthan,Y,Y,d
302016,Jaipur,Rajasthan,Y,Y,d
302017,Jaipur,Rajasthan,Y,Y,d
302018,Jaipur,Rajasthan,Y,Y,d
302019,Jaipur,Rajasthan,Y,Y,d
302020,Jaipur,Rajasthan,Y,Y,d
302021,Jaipur,Rajasthan,Y,Y,d
302022,Jaipur,Rajasthan,Y,Y,d
302023,Jaipur,Rajasthan,Y,Y,d
302024,Jaipur,Rajasthan,Y,Y,d
302025,Jaipur,Rajasthan,Y,Y,d
302026,Jaipur,Rajasthan,Y,Y,d
302027,Jaipur,Rajasthan,Y,Y,d
302028,Jaipur,Rajasthan,Y,Y,d
302029,Jaipur,Rajasthan,Y,Y,d
302030,Jaipur,Rajasthan,Y,Y,d
302031,Jaipur,Rajasthan,Y,Y,d
302032,Jaipur,Rajasthan,Y,Y,d
302033,Jaipur,Rajasthan,Y,Y,d
302034,Jaipur,Rajasthan,Y,Y,d
302035,Jaipur,Rajasthan,Y,Y,d
302036,Jaipur,Rajasthan,Y,Y,d
302037,Jaipur,Rajasthan,Y,Y,d
302038,Jaipur,Rajasthan,Y,Y,d
302039,Jaipur,Rajasthan,Y,Y,d
302040,Jaipur,Rajasthan,Y,Y,d
302041,Jaipur,Rajasthan,Y,Y,d
302042,Jaipur,Rajasthan,Y,Y,d
302043,Jaipur,Rajasthan,Y,Y,d
302044,Kalwar,Rajasthan,Y,Y,d
302045,Jaipur,Rajasthan,Y,Y,d
302046,Jaipur,Rajasthan,Y,Y,d
302047,Jaipur,Rajasthan,Y,Y,d
302048,Jaipur,Rajasthan,Y,Y,d
302049,Jaipur,Rajasthan,Y,Y,d
302050,Jaipur,Rajasthan,Y,Y,d
302051,Jaipur,Rajasthan,N,Y,d
302052,Jaipur,Rajasthan,N,Y,d
302053,Jaipur,Rajasthan,N,Y,d
302054,Jaipur,Rajasthan,N,Y,d
302055,Jaipur,Rajasthan,Y,Y,d
302100,Jaipur(Raj),Rajasthan,N,N,d
302103,Jaipur,Rajasthan,N,N,d
302902,Jaipur(Raj),Rajasthan,N,N,d
303000,Jaipur,Rajasthan,N,N,d
303001,Dausa,Rajasthan,Y,Y,d
303002,Achrol,Rajasthan,Y,Y,d
303003,Viratnagar,Rajasthan,Y,Y,d
303004,Dausa,Rajasthan,Y,Y,d
303005,Dudu,Rajasthan,Y,Y,d
303006,Dudu,Rajasthan,N,Y,d
303007,Dudu,Rajasthan,Y,Y,d
303008,Dudu,Rajasthan,Y,Y,d
303009,Dudu,Rajasthan,Y,Y,d
303010,Phulera,Rajasthan,Y,Y,d
303011,Jaipur,Rajasthan,Y,Y,d
303012,Bassi,Rajasthan,Y,Y,d
303092,Jaipur,Rajasthan,N,Y,d
303101,Jaipur,Rajasthan,Y,Y,d
303102,Viratnagar,Rajasthan,Y,Y,d
303103,Paota,Rajasthan,Y,Y,d
303104,Achrol,Rajasthan,Y,Y,d
303105,Kotputli,Rajasthan,Y,Y,d
303106,Paota,Rajasthan,Y,Y,d
303107,Paota,Rajasthan,Y,Y,d
303108,Kotputli,Rajasthan,Y,Y,d
303109,Dausa,Rajasthan,Y,Y,d
303110,Viratnagar,Rajasthan,Y,Y,d
303111,Viratnagar,Rajasthan,N,Y,d
303112,Viratnagar,Rajasthan,N,Y,d
303113,Viratnagar,Rajasthan,N,Y,d
303114,Viratnagar,Rajasthan,N,Y,d
303115,Kotputli,Rajasthan,N,Y,d
303116,Viratnagar,Rajasthan,N,Y,d
303117,Viratnagar,Rajasthan,N,Y,d
303118,Jaipur,Rajasthan,Y,Y,d
303119,Paota,Rajasthan,Y,Y,d
303120,Achrol,Rajasthan,Y,Y,d
303121,Achrol,Rajasthan,Y,Y,d
303122,Dudu,Rajasthan,Y,Y,d
303123,Renwal,Rajasthan,Y,Y,d
303124,#REF!,#REF!,N,N,d
303209,Bassi,Rajasthan,Y,Y,d
303301,Bassi,Rajasthan,Y,Y,d
303302,Bassi,Rajasthan,Y,Y,d
303303,Dausa,Rajasthan,Y,Y,d
303304,Bandikui,Rajasthan,Y,Y,d
303305,Bassi,Rajasthan,Y,Y,d
303307,Bassi,Rajasthan,N,Y,d
303310,Bandikui,Rajasthan,Y,Y,d
303313,Bandikui,Rajasthan,Y,Y,d
303314,Bandikui,Rajasthan,Y,Y,d
303315,Bandikui,Rajasthan,Y,Y,d
303323,Bandikui,Rajasthan,Y,Y,d
303324,Bandikui,Rajasthan,Y,Y,d
303325,Bandikui,Rajasthan,Y,Y,d
303326,Bandikui,Rajasthan,Y,Y,d
303327,Bandikui,Rajasthan,Y,Y,d
303328,Phulera,Rajasthan,Y,Y,d
303329,Phulera,Rajasthan,Y,Y,d
303330,Phulera,Rajasthan,Y,Y,d
303331,Phulera,Rajasthan,Y,Y,d
303338,Phulera,Rajasthan,Y,Y,d
303339,Phulera,Rajasthan,Y,Y,d
303340,Phulera,Rajasthan,Y,Y,d
303341,Phulera,Rajasthan,N,N,d
303348,Phulera,Rajasthan,Y,Y,d
303501,Dausa,Rajasthan,Y,Y,d
303502,Bandikui,Rajasthan,Y,Y,d
303503,Lalsot,Rajasthan,Y,Y,d
303504,Lalsot,Rajasthan,Y,Y,d
303505,Lalsot,Rajasthan,Y,Y,d
303506,Dausa,Rajasthan,Y,Y,d
303507,Dausa,Rajasthan,Y,Y,d
303508,Bandikui,Rajasthan,Y,Y,d
303509,Dausa,Rajasthan,Y,Y,d
303510,Lalsot,Rajasthan,Y,Y,d
303511,Lalsot,Rajasthan,Y,Y,d
303601,Ajeetgarh,Rajasthan,Y,Y,d
303602,Renwal,Rajasthan,Y,Y,d
303603,Renwal,Rajasthan,Y,Y,d
303604,Phulera,Rajasthan,Y,Y,d
303606,Chomu,Rajasthan,N,Y,d
303608,Falna,Rajasthan,N,Y,d
303610,Nawa Rj,Rajasthan,N,Y,d
303701,Kalwar,Rajasthan,Y,Y,d
303702,Chomu,Rajasthan,Y,Y,d
303703,Chomu,Rajasthan,Y,Y,d
303704,Chomu,Rajasthan,Y,Y,d
303705,Bagru,Rajasthan,N,Y,d
303706,Kalwar,Rajasthan,Y,Y,d
303712,Chomu,Rajasthan,Y,Y,d
303801,Chomu,Rajasthan,Y,Y,d
303802,Chomu,Rajasthan,Y,Y,d
303803,Chomu,Rajasthan,Y,Y,d
303804,Chomu,Rajasthan,Y,Y,d
303805,Chomu,Rajasthan,Y,Y,d
303806,Chomu,Rajasthan,Y,Y,d
303807,Chomu,Rajasthan,Y,Y,d
303901,Chaksu,Rajasthan,Y,Y,d
303902,Jaipur,Rajasthan,Y,Y,d
303903,Chaksu,Rajasthan,Y,Y,d
303904,Dudu,Rajasthan,Y,Y,d
303905,Jaipur,Rajasthan,Y,Y,d
303906,Jaipur,Rajasthan,Y,Y,d
303907,Chaksu,Rajasthan,N,Y,d
303908,Chaksu,Rajasthan,Y,Y,d
304001,Tonk,Rajasthan,Y,Y,d
304005,Tonk,Rajasthan,Y,Y,d
304020,Tonk,Rajasthan,Y,Y,d
304021,Tonk,Rajasthan,Y,Y,d
304022,Chaksu,Rajasthan,Y,Y,d
304023,Nainwa,Rajasthan,Y,Y,d
304024,Nainwa,Rajasthan,Y,Y,d
304025,Bonli,Rajasthan,N,Y,d
304026,Tonk,Rajasthan,Y,Y,d
304501,Malpura,Rajasthan,Y,Y,d
304502,Malpura,Rajasthan,Y,Y,d
304503,Malpura,Rajasthan,Y,Y,d
304504,Malpura,Rajasthan,Y,Y,d
304505,Malpura,Rajasthan,Y,Y,d
304506,Malpura (Raj),Rajasthan,N,N,d
304507,Deoli-Rj,Rajasthan,Y,Y,d
304509,Malpura (Raj),Rajasthan,N,N,d
304640,Bardoli,Gujarat,N,Y,b
304801,Tonk,Rajasthan,Y,Y,d
304802,Nainwa,Rajasthan,Y,Y,d
304803,Deoli Raj,Rajasthan,Y,Y,d
304804,Deoli-RJ,Rajasthan,Y,Y,d
305001,Ajmer,Rajasthan,Y,Y,d
305002,Ajmer,Rajasthan,Y,Y,d
305003,Ajmer,Rajasthan,Y,Y,d
305004,Ajmer,Rajasthan,Y,Y,d
305005,Ajmer,Rajasthan,Y,Y,d
305006,Ajmer,Rajasthan,Y,Y,d
305007,Ajmer,Rajasthan,Y,Y,d
305008,Ajmer,Rajasthan,Y,Y,d
305009,Ajmer,Rajasthan,Y,Y,d
305011,Ajmer,Rajasthan,Y,Y,d
305012,Ajmer,Rajasthan,Y,Y,d
305014,Ajmer,Rajasthan,N,Y,d
305021,Ajmer,Rajasthan,Y,Y,d
305022,Ajmer,Rajasthan,Y,Y,d
305023,Ajmer,Rajasthan,Y,Y,d
305024,Ajmer,Rajasthan,Y,Y,d
305025,Ajmer,Rajasthan,Y,Y,d
305026,Merta,Rajasthan,Y,Y,d
305201,Ras,Rajasthan,Y,Y,d
305202,Beawar,Rajasthan,Y,Y,d
305203,Ras,Rajasthan,Y,Y,d
305204,PISANGAN,Rajasthan,Y,Y,d
305205,Nasirabad,Rajasthan,Y,Y,d
305206,Ajmer,Rajasthan,Y,Y,d
305207,Ras,Rajasthan,Y,Y,d
305401,Nasirabad,Rajasthan,Y,Y,d
305402,Nasirabad,Rajasthan,Y,Y,d
305403,Kekri,Rajasthan,Y,Y,d
305404,Kekri,Rajasthan,Y,Y,d
305405,Kekri,Rajasthan,Y,Y,d
305406,Kekri,Rajasthan,Y,Y,d
305407,Deoli-Rj,Rajasthan,Y,Y,d
305408,Kekri,Rajasthan,Y,Y,d
305409,Kekri,Rajasthan,N,Y,d
305410,Kekri,Rajasthan,N,Y,d
305411,Nasirabad,Rajasthan,N,Y,d
305412,Borada,Rajasthan,Y,Y,d
305413,Nasirabad,Rajasthan,N,Y,d
305414,Kekri,Rajasthan,N,Y,d
305415,Kekri,Rajasthan,Y,Y,d
305416,Kekri,Rajasthan,N,Y,d
305601,Nasirabad,Rajasthan,Y,Y,d
305621,Nasirabad,Rajasthan,Y,Y,d
305622,Bijainagar,Rajasthan,Y,Y,d
305623,Bijainagar,Rajasthan,Y,Y,d
305624,Bijainagar,Rajasthan,Y,Y,d
305625,Bijainagar,Rajasthan,Y,Y,d
305626,Nasirabad,Rajasthan,N,Y,d
305627,Borada,Rajasthan,Y,Y,d
305628,Bijainagar,Rajasthan,Y,Y,d
305629,Bijainagar,Rajasthan,Y,Y,d
305630,Masuda,Rajasthan,N,Y,d
305631,#REF!,#REF!,N,N,d
305801,Kishangarh,Rajasthan,Y,Y,d
305802,Kishangarh,Rajasthan,Y,Y,d
305805,Kishangarh,Rajasthan,N,Y,d
305811,Kishangarh,Rajasthan,Y,Y,d
305812,Kishangarh,Rajasthan,Y,Y,d
305813,Borada,Rajasthan,Y,Y,d
305814,Makrana,Rajasthan,Y,Y,d
305815,Kishangarh,Rajasthan,Y,Y,d
305816,Kishangarh,Rajasthan,Y,Y,d
305817,Kishangarh,Rajasthan,Y,Y,d
305818,Kishangarh,Rajasthan,N,Y,d
305819,Makrana,Rajasthan,Y,Y,d
305820,Kishangarh,Rajasthan,N,Y,d
305824,Kishangarh,Rajasthan,N,Y,d
305901,Beawar,Rajasthan,Y,Y,d
305921,Badnaur,Rajasthan,Y,Y,d
305922,Beawar,Rajasthan,Y,Y,d
305923,Beawar,Rajasthan,N,Y,d
305924,Badnaur,Rajasthan,Y,Y,d
305925,Beawar,Rajasthan,Y,Y,d
305926,Badnaur,Rajasthan,Y,Y,d
305927,Beawar,Rajasthan,Y,Y,d
305928,Beawar,Rajasthan,N,Y,d
305929,Beawar,Rajasthan,Y,Y,d
306001,Marwar Junction,Rajasthan,Y,Y,d
306021,Marwar Junction,Rajasthan,Y,Y,d
306022,Khinwara,Rajasthan,Y,Y,d
306023,Marwar Junction,Rajasthan,Y,Y,d
306024,Sojat City,Rajasthan,N,Y,d
306025,Sojat City,Rajasthan,N,Y,d
306026,Sojat City,Rajasthan,N,Y,d
306027,Sumerpur,Rajasthan,Y,Y,d
306028,Sojat City,Rajasthan,N,Y,d
306029,Sojat City,Rajasthan,N,Y,d
306101,Ras,Rajasthan,Y,Y,d
306102,Beawar,Rajasthan,Y,Y,d
306103,Sojat,Rajasthan,Y,Y,d
306104,Sojat,Rajasthan,Y,Y,d
306105,BEAWAR,Rajasthan,Y,Y,d
306106,Sojat,Rajasthan,Y,Y,d
306107,Beawar,Rajasthan,Y,Y,d
306108,Beawar,Rajasthan,N,Y,d
306114,SOJAT,Rajasthan,Y,Y,d
306115,Falna,Rajasthan,Y,Y,d
306116,Falna,Rajasthan,Y,Y,d
306117,Falna,Rajasthan,N,Y,d
306118,Pali,Rajasthan,N,Y,d
306119,Khinwara,Rajasthan,Y,Y,d
306126,Sumerpur,Rajasthan,Y,Y,d
306127,Sumerpur,Rajasthan,N,Y,d
306128,Sumerpur,Rajasthan,N,Y,d
306301,JAITARAN,Rajasthan,Y,Y,d
306302,Bilara,Rajasthan,Y,Y,d
306303,Raipur-RJ,Rajasthan,Y,Y,d
306304,Beawar,Rajasthan,Y,Y,d
306305,Beawar,Rajasthan,Y,Y,d
306306,Sojat,Rajasthan,Y,Y,d
306307,Beawar,Rajasthan,Y,Y,d
306308,Bilara,Rajasthan,Y,Y,d
306309,Jaitaran,Rajasthan,N,Y,d
306310,Jaitaran,Rajasthan,N,Y,d
306401,Pali,Rajasthan,Y,Y,d
306421,Pali,Rajasthan,N,Y,d
306422,Pali,Rajasthan,Y,Y,d
306501,Pali,Rajasthan,Y,Y,d
306502,Khinwara,Rajasthan,Y,Y,d
306503,Khinwara,Rajasthan,Y,Y,d
306504,Pindwara,Rajasthan,Y,Y,d
306505,Sumerpur,Rajasthan,N,Y,d
306601,Khinwara,Rajasthan,Y,Y,d
306602,Kawla,Rajasthan,Y,Y,d
306603,Khinwara,Rajasthan,Y,Y,d
306604,#REF!,#REF!,N,N,d
306701,Falna,Rajasthan,Y,Y,d
306702,DESURI,Rajasthan,Y,Y,d
306703,DESURI,Rajasthan,Y,Y,d
306704,DESURI,Rajasthan,Y,Y,d
306705,Falna,Rajasthan,Y,Y,d
306706,Falna,Rajasthan,Y,Y,d
306707,Sewari,Rajasthan,Y,Y,d
306708,Sumerpur,Rajasthan,Y,Y,d
306709,Ras,Rajasthan,Y,Y,d
306710,Jaitaran,Rajasthan,N,Y,d
306901,Sumerpur,Rajasthan,Y,Y,d
306902,Sumerpur,Rajasthan,Y,Y,d
306912,SUMERPUR,Rajasthan,Y,Y,d
306913,Sumerpur,Rajasthan,N,Y,d
307001,Sirohi,Rajasthan,Y,Y,d
307010,Aburoad,Rajasthan,N,N,d
307019,Pindwara,Rajasthan,Y,Y,d
307020,Sirohi,Rajasthan,Y,Y,d
307021,Sirohi,Rajasthan,Y,Y,d
307022,Pindwara,Rajasthan,Y,Y,d
307023,Pindwara,Rajasthan,Y,Y,d
307024,Abu Road,Rajasthan,Y,Y,d
307025,Kookawas,Rajasthan,Y,Y,b
307026,Abu Road,Rajasthan,Y,Y,d
307027,Sumerpur,Rajasthan,Y,Y,d
307028,Sumerpur,Rajasthan,Y,Y,d
307029,Jalore,Rajasthan,Y,Y,d
307030,Chandrai,Rajasthan,Y,Y,d
307031,Pindwara,Rajasthan,Y,Y,d
307032,Abu Road,Rajasthan,N,Y,d
307033,Udaipur,Rajasthan,N,N,d
307034,Sirohi,Rajasthan,N,N,d
307035,Sirohi,Rajasthan,N,N,d
307036,Sirohi,Rajasthan,N,N,d
307037,Sirohi,Rajasthan,N,N,d
307038,Sirohi,Rajasthan,N,N,d
307039,Sirohi,Rajasthan,N,N,d
307040,Sirohi,Rajasthan,N,N,d
307041,Sirohi,Rajasthan,N,N,d
307042,Sirohi,Rajasthan,N,N,d
307043,Sirohi,Rajasthan,Y,Y,d
307044,Udaipur-Rj,Rajasthan,N,Y,b
307045,Sirohi,Rajasthan,N,N,d
307501,Abu Road,Rajasthan,Y,Y,d
307510,Abu Road,Rajasthan,Y,Y,d
307511,Reodar,Rajasthan,Y,Y,b
307512,Dantrai,Rajasthan,Y,Y,b
307513,Reodar,Rajasthan,Y,Y,d
307514,Reodar,Rajasthan,Y,Y,d
307515,Bhinmal,Rajasthan,Y,Y,d
307526,Abu Road,Rajasthan,Y,Y,d
307801,Sirohi,Rajasthan,Y,Y,d
307802,Sirohi,Rajasthan,Y,Y,d
307803,Bhinmal,Rajasthan,Y,Y,d
311001,Bhilwara,Rajasthan,Y,Y,d
311011,Bhilwara,Rajasthan,Y,Y,d
311012,Bhilwara,Rajasthan,Y,Y,d
311013,Bhilwara,Rajasthan,Y,Y,d
311020,Bijainagar,Rajasthan,N,Y,d
311021,Bijainagar,Rajasthan,Y,Y,d
311022,Bijainagar,Rajasthan,Y,Y,d
311023,Bijainagar,Rajasthan,Y,Y,d
311024,Raila,Rajasthan,Y,Y,d
311025,Bhilwara,Rajasthan,Y,Y,d
311026,Asind,Rajasthan,Y,Y,d
311027,Kotri,Rajasthan,N,N,d
311028,Bhilwara,Rajasthan,Y,Y,d
311029,Bijainagar,Rajasthan,Y,Y,d
311030,Raila,Rajasthan,Y,Y,d
311031,Mandalgarh,Rajasthan,N,N,d
311032,Asind,Rajasthan,N,N,d
311201,Deoli-Rj,Rajasthan,Y,Y,d
311202,KOTRI,Rajasthan,Y,Y,d
311203,Deoli-Rj,Rajasthan,Y,Y,d
311204,Asind,Rajasthan,Y,Y,d
311301,Asind,Rajasthan,Y,Y,d
311302,Asind,Rajasthan,Y,Y,d
311303,Bijainagar,Rajasthan,Y,Y,d
311317,Howrah,West Bengal,N,Y,d
311401,Raila,Rajasthan,Y,Y,d
311402,Karera,Rajasthan,Y,Y,d
311403,BHILWARA,Rajasthan,Y,Y,d
311404,Shahpura,Rajasthan,Y,Y,d
311405,Bhilwara,Rajasthan,Y,Y,d
311406,Kekri,Rajasthan,N,Y,d
311407,Shahpura,Rajasthan,Y,Y,d
311408,Shahpura,Rajasthan,Y,Y,d
311601,Mandalgarh,Rajasthan,Y,Y,d
311602,Mandalgarh,Rajasthan,Y,Y,d
311603,Shahpura,Rajasthan,Y,Y,d
311604,Mandalgarh,Rajasthan,Y,Y,d
311605,Mandalgarh,Rajasthan,Y,Y,d
311606,MANDALGARH,Rajasthan,N,N,d
311607,Bhilwara,Rajasthan,N,Y,d
311801,Gangapur,Rajasthan,Y,Y,d
311802,Bhilwara,Rajasthan,Y,Y,d
311803,Karera,Rajasthan,Y,Y,d
311804,RaipurRJ,Rajasthan,Y,Y,d
311805,Gangapur-Rj,Rajasthan,N,Y,d
311806,Gangapur-Rj,Rajasthan,N,Y,d
311808,Sahara,Rajasthan,N,Y,d
312000,Chittaurgarh,Rajasthan,Y,Y,d
312001,Chittaurgarh,Rajasthan,Y,Y,d
312002,Chittaurgarh,Rajasthan,Y,Y,d
312021,Chittaurgarh,Rajasthan,Y,Y,d
312022,Bassirj,Rajasthan,Y,Y,d
312023,Mandalgarh,Rajasthan,Y,Y,d
312024,Mandphiya,Rajasthan,Y,Y,d
312025,Chittaurgarh,Rajasthan,Y,Y,d
312026,Chittorgarh,Rajasthan,N,Y,d
312027,Mandphiya,Rajasthan,Y,Y,d
312033,Kapasan,Rajasthan,N,Y,d
312201,Chittaurgarh,Rajasthan,Y,Y,d
312202,Kapasan,Rajasthan,Y,Y,d
312203,Kapasan,Rajasthan,Y,Y,d
312204,Kapasan,Rajasthan,Y,Y,d
312205,Fatehnagar,Rajasthan,Y,Y,d
312206,Chittaurgarh,Rajasthan,Y,Y,d
312207,Chittaurgarh,Rajasthan,Y,Y,d
312208,Chittor Garh,Rajasthan,N,Y,d
312401,Mandphiya,Rajasthan,Y,Y,b
312402,Mandphiya,Rajasthan,Y,Y,d
312403,Bari Sadri,Rajasthan,Y,Y,d
312404,Bari Sadri,Rajasthan,Y,Y,d
312601,Nimbahera,Rajasthan,Y,Y,d
312602,Mandphiya,Rajasthan,Y,Y,d
312603,Mandphiya,Rajasthan,Y,Y,d
312604,Chhoti Sadri,Rajasthan,Y,Y,d
312605,Pratapgarh-RJ,Rajasthan,Y,Y,d
312606,Jawad,Madhya Pradesh,Y,Y,d
312607,Nimbahera,Rajasthan,N,Y,d
312608,Nimbahera,Rajasthan,N,Y,d
312609,Nimbahera,Rajasthan,N,Y,d
312610,Nimbahera,Rajasthan,N,Y,d
312611,Nimbahera,Rajasthan,N,Y,d
312612,Chittaurgarh,Rajasthan,Y,Y,d
312613,Chittaurgarh,Rajasthan,Y,Y,d
312614,Nimbahera,Rajasthan,Y,Y,d
312615,PRATAPGARH-RJ,Rajasthan,Y,Y,d
312616,Pratapgarh-Rj,Rajasthan,Y,Y,d
312617,Nimbahera,Rajasthan,Y,Y,d
312618,Pratapgarh-Rj,Rajasthan,Y,Y,d
312619,Dalot,Rajasthan,Y,Y,b
312620,Nimbahera,Rajasthan,Y,Y,d
312621,Pratapgarh-Rj,Rajasthan,Y,Y,b
312622,Chittaurgarh,Rajasthan,Y,Y,d
312623,Pratapgarh-Rj,Rajasthan,Y,Y,d
312624,DEGANA,Rajasthan,N,N,d
312625,DHARIAWAD,Rajasthan,N,N,d
312626,DEGANA,Rajasthan,N,N,d
312627,DEGANA,Rajasthan,N,N,d
312628,#REF!,#REF!,N,N,d
312629,#REF!,#REF!,N,N,d
312901,Chittaurgarh,Rajasthan,Y,Y,d
312902,Chittaurgarh,Rajasthan,Y,Y,d
313001,Udaipur,Rajasthan,Y,Y,d
313002,Udaipur,Rajasthan,Y,Y,d
313003,Udaipur,Rajasthan,Y,Y,d
313004,Udaipur,Rajasthan,Y,Y,d
313005,Udaipur,Rajasthan,N,N,d
313006,Udaipur,Rajasthan,N,N,d
313007,Udaipur,Rajasthan,N,N,d
313008,Udaipur,Rajasthan,N,N,d
313009,Udaipur,Rajasthan,N,N,d
313010,Udaipur,Rajasthan,N,N,d
313011,Udaipur,Rajasthan,Y,Y,d
313012,Gogunda,Rajasthan,N,N,d
313013,Udaipur,Rajasthan,Y,Y,d
313014,Udaipur,Rajasthan,Y,Y,d
313015,Udaipur,Rajasthan,Y,Y,b
313016,Udaipur,Rajasthan,Y,Y,d
313017,Udaipur,Rajasthan,N,N,d
313018,Udaipur,Rajasthan,N,N,d
313019,Udaipur,Rajasthan,N,N,d
313020,Udaipur,Rajasthan,N,N,d
313021,Chittaurgarh,Rajasthan,Y,Y,d
313022,Udaipur,Rajasthan,Y,Y,d
313023,Udaipur,Rajasthan,N,Y,d
313024,Udaipur,Rajasthan,Y,Y,d
313025,Udaipur,Rajasthan,Y,Y,d
313026,Salumbar,Rajasthan,Y,Y,b
313027,Salumbar,Rajasthan,Y,Y,d
313029,Udaipur,Rajasthan,N,N,d
313030,Udaipur,Rajasthan,N,Y,d
313031,Jhadol,Rajasthan,Y,Y,b
313032,Udaipur,Rajasthan,N,Y,d
313033,Udaipur,Rajasthan,N,Y,d
313034,Udaipur,Rajasthan,N,Y,d
313038,Salumbar,Rajasthan,Y,Y,d
313201,Udaipur,Rajasthan,Y,Y,d
313202,Rajsamand,Rajasthan,Y,Y,d
313203,Fatehnagar,Rajasthan,Y,Y,d
313204,Udaipur,Rajasthan,Y,Y,d
313205,Fatehnagar,Rajasthan,Y,Y,d
313206,Fatehnagar,Rajasthan,Y,Y,d
313207,Kapasan,Rajasthan,Y,Y,d
313211,Fatehnagar,Rajasthan,Y,Y,d
313301,Rajsamand,Rajasthan,Y,Y,d
313303,Nathdwara,Rajasthan,N,Y,d
313321,Rajsamand,Rajasthan,Y,Y,d
313322,Rajsamand,Rajasthan,Y,Y,d
313323,Rajsamand,Rajasthan,Y,Y,d
313324,Rajsamand,Rajasthan,Y,Y,d
313325,Kumbhalgarh,Rajasthan,Y,Y,d
313326,Rajsamand,Rajasthan,Y,Y,d
313327,Fatehnagar,Rajasthan,Y,Y,d
313328,Fatehnagar,Rajasthan,Y,Y,d
313329,Fatehnagar,Rajasthan,Y,Y,d
313330,Rajsamand,Rajasthan,Y,Y,d
313331,Badnaur,Rajasthan,Y,Y,d
313332,DeogarhRJ,Rajasthan,Y,Y,d
313333,Kumbhalgarh,Rajasthan,Y,Y,d
313334,Rajsamand,Rajasthan,Y,Y,d
313338,Rajsamand,Rajasthan,Y,Y,d
313341,Badnaur,Rajasthan,Y,Y,d
313342,Rajsamand,Rajasthan,Y,Y,d
313601,Bhatewar,Rajasthan,Y,Y,d
313602,Bhatewar,Rajasthan,Y,Y,d
313603,Bhatewar,Rajasthan,Y,Y,d
313604,BHINDER,Rajasthan,Y,Y,b
313605,Dhariyawad,Rajasthan,Y,Y,d
313606,Udaipur,Rajasthan,N,Y,d
313607,Udaipur,Rajasthan,N,Y,d
313608,Udaipur,Rajasthan,N,Y,d
313609,Udaipur,Rajasthan,N,Y,d
313610,Udaipur,Rajasthan,N,Y,d
313611,Dhariyawad,Rajasthan,Y,Y,d
313612,Udaipur,Rajasthan,N,Y,d
313613,Udaipur,Rajasthan,N,Y,d
313701,Jhadol,Rajasthan,Y,Y,b
313702,Jhadol,Rajasthan,Y,Y,b
313703,Salumbar,Rajasthan,Y,Y,b
313704,Gogunda,Rajasthan,Y,Y,b
313705,Gogunda,Rajasthan,Y,Y,b
313706,Salumbar,Rajasthan,Y,Y,b
313707,Udaipur,Rajasthan,N,N,d
313708,Bosi,Rajasthan,Y,Y,d
313709,Udaipur,Rajasthan,N,N,d
313710,Udaipur,Rajasthan,N,N,d
313801,Udaipur,Rajasthan,Y,Y,b
313802,Kherwara,Rajasthan,Y,Y,b
313803,Kherwara,Rajasthan,Y,Y,d
313804,Kherwara,Rajasthan,Y,Y,d
313805,KHERWARA,Rajasthan,N,N,d
313806,Dungarpur,Rajasthan,N,Y,d
313901,Udaipur,Rajasthan,Y,Y,d
313902,Sarada,Rajasthan,Y,Y,d
313903,Sarada,Rajasthan,Y,Y,d
313904,Sarada,Rajasthan,Y,Y,d
313905,Sarada,Rajasthan,Y,Y,d
313906,Jhadol,Rajasthan,Y,Y,b
313907,Udaipur,Rajasthan,N,N,d
314001,Dungarpur,Rajasthan,Y,Y,d
314011,Dungarpur,Rajasthan,Y,Y,b
314012,Dungarpur,Rajasthan,N,Y,d
314013,Dungarpur,Rajasthan,N,Y,d
314021,Salumbar,Rajasthan,Y,Y,d
314022,Salumbar,Rajasthan,Y,Y,d
314023,Salumbar,Rajasthan,Y,Y,b
314024,Sagwara,Rajasthan,N,Y,d
314025,Sagwara,Rajasthan,Y,Y,d
314026,Sagwara,Rajasthan,Y,Y,d
314027,Sagwara,Rajasthan,N,Y,d
314028,DUNGARPUR,Rajasthan,N,Y,d
314029,Sagwara,Rajasthan,N,Y,b
314030,Udariya,Rajasthan,Y,Y,d
314031,Sagwara,Rajasthan,N,Y,d
314032,Sagwara,Rajasthan,N,Y,d
314034,Salumbar,Rajasthan,Y,Y,b
314035,Sagwara,Rajasthan,N,Y,b
314036,DUNGARPUR,Rajasthan,N,Y,b
314037,Sagwara,Rajasthan,N,Y,b
314038,Salumbar,Rajasthan,Y,Y,b
314401,Sagwara,Rajasthan,Y,Y,b
314402,Dungarpur,Rajasthan,Y,Y,d
314403,Simalwara,Rajasthan,Y,Y,d
314404,Dungarpur,Rajasthan,Y,Y,b
314405,Dungarpur,Rajasthan,N,Y,d
314406,Simalwara,Rajasthan,Y,Y,d
314407,Dungarpur,Rajasthan,N,Y,d
314801,Dungarpur,Rajasthan,N,Y,b
314802,Dungarpur,Rajasthan,N,Y,d
314803,Dungarpur,Rajasthan,N,Y,d
314804,DUNGARPUR,Rajasthan,N,Y,b
314806,Dungarpur,Rajasthan,N,Y,d
320000,Dungarpur,Rajasthan,N,Y,d
320003,Dungarpur,Rajasthan,N,Y,d
320005,Dungarpur,Rajasthan,N,Y,d
320006,Jaipur,Rajasthan,Y,Y,d
320007,Dungarpur,Rajasthan,N,Y,d
320008,Ahmedabad,Gujarat,Y,Y,b
320009,Dungarpur,Rajasthan,N,Y,d
320010,Dungarpur,Rajasthan,N,Y,d
320012,Dungarpur,Rajasthan,N,Y,d
321001,Bharatpur,Rajasthan,Y,Y,d
321006,Kherli,Rajasthan,Y,Y,d
321021,Bharatpur,Rajasthan,Y,Y,d
321022,Kaman,Rajasthan,Y,Y,d
321023,Kaman,Rajasthan,Y,Y,d
321024,Nagar,Rajasthan,Y,Y,d
321025,Bharatpur,Rajasthan,Y,Y,d
321026,Bharatpur,Rajasthan,Y,Y,d
321027,Bayana,Rajasthan,N,Y,d
321028,Bayana,Rajasthan,Y,Y,d
321029,Bayana,Rajasthan,N,Y,d
321030,Bayana,Rajasthan,N,Y,d
321031,Bayana,Rajasthan,N,Y,d
321032,Bayana,Rajasthan,N,Y,d
321033,Bayana,Rajasthan,N,Y,d
321034,Bayana,Rajasthan,N,Y,d
321035,Bayana,Rajasthan,N,Y,d
321036,Bayana,Rajasthan,N,Y,d
321201,Deeg,Rajasthan,Y,Y,d
321202,Deeg,Rajasthan,Y,Y,d
321203,Deeg,Rajasthan,Y,Y,d
321204,KAMAN,Rajasthan,N,N,d
321205,Nagar,Rajasthan,Y,Y,d
321206,Nagar,Rajasthan,Y,Y,d
321207,Deeg,Rajasthan,N,Y,d
321208,Deeg,Rajasthan,N,Y,d
321209,Deeg,Rajasthan,N,Y,d
321210,Deeg,Rajasthan,N,Y,d
321211,Deeg,Rajasthan,N,Y,d
321301,Bharatpur,Rajasthan,Y,Y,d
321302,Bayana,Rajasthan,Y,Y,d
321303,Bharatpur,Rajasthan,Y,Y,d
321305,Bharatpur,Rajasthan,Y,Y,d
321401,Bayana,Rajasthan,Y,Y,d
321402,Bayana,Rajasthan,Y,Y,d
321403,Rupbas,Rajasthan,Y,Y,d
321404,Rupbas,Rajasthan,Y,Y,d
321405,Bayana,Rajasthan,Y,Y,d
321406,Weir,Rajasthan,Y,Y,d
321407,Weir,Rajasthan,Y,Y,d
321408,Weir,Rajasthan,Y,Y,d
321409,Weir,Rajasthan,Y,Y,d
321410,Bayana,Rajasthan,Y,Y,d
321411,Bayana,Rajasthan,Y,Y,d
321412,Kherli,Rajasthan,Y,Y,d
321413,Bayana,Rajasthan,Y,Y,d
321414,Kherli,Rajasthan,Y,Y,d
321415,Bhusawar,Rajasthan,Y,Y,d
321416,Bayana,Rajasthan,Y,Y,d
321417,Weir,Rajasthan,Y,Y,d
321418,Bayana,Rajasthan,N,Y,d
321419,Bayana,Rajasthan,N,Y,d
321420,Bayana,Rajasthan,N,Y,d
321421,Bayana,Rajasthan,N,Y,d
321422,Bayana,Rajasthan,N,Y,d
321423,Bayana,Rajasthan,N,Y,d
321424,Bayana,Rajasthan,N,Y,d
321425,Bayana,Rajasthan,N,Y,d
321426,Bayana,Rajasthan,N,Y,d
321427,Bayana,Rajasthan,N,Y,d
321428,Bayana,Rajasthan,N,Y,d
321429,Bayana,Rajasthan,N,Y,d
321430,Bayana,Rajasthan,N,Y,d
321506,Bayana,Rajasthan,N,Y,d
321601,Weir,Rajasthan,Y,Y,d
321602,Kherli,Rajasthan,Y,Y,d
321603,Bharatpur,Rajasthan,Y,Y,d
321604,Alwar,Rajasthan,N,N,d
321605,Kherli,Rajasthan,Y,Y,d
321606,Kherli,Rajasthan,Y,Y,d
321607,Laxmangarh,Rajasthan,Y,Y,d
321608,Mahwa,Rajasthan,Y,Y,d
321609,Mahwa,Rajasthan,Y,Y,d
321610,Mahwa,Rajasthan,Y,Y,d
321611,Mahwa,Rajasthan,Y,Y,d
321612,Mahwa,Rajasthan,Y,Y,d
321613,Mahwa,Rajasthan,Y,Y,d
321614,Kherli,Rajasthan,Y,Y,d
321615,Mahwa,Rajasthan,Y,Y,d
321616,Mahwa,Rajasthan,Y,Y,d
321617,Mahwa,Rajasthan,Y,Y,d
321619,Alwar,Rajasthan,N,N,d
321622,Alwar,Rajasthan,N,N,d
321625,Kaman,Rajasthan,N,Y,d
321626,Kaman,Rajasthan,N,Y,d
321628,Mahwa,Rajasthan,N,Y,d
321629,Bandikui,Rajasthan,N,N,d
321630,Mahwa,Rajasthan,N,Y,d
321632,Rajgarh-Rj,Rajasthan,Y,Y,d
321633,Laxmangarh,Rajasthan,Y,Y,d
321634,Alwar,Rajasthan,Y,Y,d
321642,Kherli,Rajasthan,Y,Y,d
322001,Sawai Madhopur,Rajasthan,Y,Y,d
322021,Sawai Madhopur,Rajasthan,Y,Y,d
322022,Sawai Madhopur,Rajasthan,Y,Y,d
322023,Bonli,Rajasthan,N,Y,d
322024,Bonli,Rajasthan,Y,Y,d
322025,Khandar,Rajasthan,Y,Y,d
322026,Sawai Madhopur,Rajasthan,Y,Y,d
322027,Sawai Madhopur,Rajasthan,Y,Y,d
322028,Bonli,Rajasthan,N,Y,d
322029,Sawai Madhopur,Rajasthan,Y,Y,d
322030,Bonli,Rajasthan,N,Y,d
322031,Lalsot,Rajasthan,N,Y,d
322033,Sawai Madhopur,Rajasthan,Y,Y,d
322034,Sawai Madhopur,Rajasthan,Y,Y,d
322201,Karauli,Rajasthan,Y,Y,d
322202,Karauli,Rajasthan,Y,Y,d
322203,Karauli,Rajasthan,Y,Y,d
322204,Nadoti,Rajasthan,Y,Y,d
322205,Karauli,Rajasthan,Y,Y,d
322209,Gangapur,Rajasthan,N,Y,d
322211,Bamanwas,Rajasthan,N,Y,d
322212,Nadoti,Rajasthan,Y,Y,d
322213,Nadoti,Rajasthan,Y,Y,d
322214,Lalsot,Rajasthan,Y,Y,d
322215,Nadoti,Rajasthan,Y,Y,d
322216,Nadoti,Rajasthan,Y,Y,d
322217,Gangapur,Rajasthan,N,Y,d
322218,Karauli,Rajasthan,Y,Y,d
322219,Karauli,Rajasthan,Y,Y,d
322220,Hindaun,Rajasthan,Y,Y,d
322221,Nadoti,Rajasthan,N,N,d
322224,Bonli,Rajasthan,Y,Y,d
322228,Hindaun,Rajasthan,N,Y,d
322230,Hindaun,Rajasthan,Y,Y,d
322231,Karauli,Rajasthan,Y,Y,d
322232,Karauli,Rajasthan,Y,Y,d
322233,Karauli,Rajasthan,N,Y,d
322234,Karauli,Rajasthan,Y,Y,d
322235,Hindaun,Rajasthan,N,Y,d
322236,Hindaun,Rajasthan,Y,Y,d
322238,Karauli,Rajasthan,Y,Y,d
322240,Mahwa,Rajasthan,Y,Y,d
322241,Karauli,Rajasthan,Y,Y,d
322242,Karauli,Rajasthan,N,Y,d
322243,KARAULI,Rajasthan,N,N,d
322245,Karauli,Rajasthan,Y,Y,d
322248,Karauli,Rajasthan,N,Y,d
322249,Karauli,Rajasthan,Y,Y,d
322251,KARAULI,Rajasthan,N,N,d
322252,Hindaun,Rajasthan,Y,Y,d
322254,Karauli,Rajasthan,Y,Y,d
322255,Karauli,Rajasthan,Y,Y,d
322327,Karauli,Rajasthan,N,Y,d
322701,Sawai Madhopur,Rajasthan,Y,Y,d
322702,Sawai Madhopur,Rajasthan,Y,Y,d
322703,Tonk,Rajasthan,N,Y,d
322704,Tonk,Rajasthan,N,Y,d
322711,Neem Ka Thana,Rajasthan,N,Y,d
323001,Bundi,Rajasthan,Y,Y,d
323021,Bundi,Rajasthan,Y,Y,d
323022,Bundi,Rajasthan,Y,Y,d
323023,Bundi,Rajasthan,Y,Y,d
323024,Bundi,Rajasthan,Y,Y,d
323025,Bundi,Rajasthan,Y,Y,d
323026,Bundi,Rajasthan,Y,Y,d
323301,Kshraiptn,Rajasthan,Y,Y,d
323302,Bundi,Rajasthan,N,Y,d
323303,Rawatbhata,Rajasthan,Y,Y,d
323304,Rawatbhata,Rajasthan,Y,Y,d
323305,Rawatbhata,Rajasthan,Y,Y,d
323306,Rawatbhata,Rajasthan,N,Y,d
323307,Rawatbhata,Rajasthan,Y,Y,d
323601,Kshraiptn,Rajasthan,Y,Y,d
323602,Keshoraipatan,Rajasthan,Y,Y,d
323603,Lakheri,Rajasthan,Y,Y,d
323604,Lakheri,Rajasthan,Y,Y,d
323606,Lakheri,Rajasthan,N,Y,d
323613,Lakheri,Rajasthan,Y,Y,d
323614,Lakheri,Rajasthan,Y,Y,d
323615,Lakheri,Rajasthan,Y,Y,d
323616,LAKHERI,Rajasthan,Y,Y,d
323801,Nainwa,Rajasthan,Y,Y,d
323802,Nainwa,Rajasthan,Y,Y,d
323803,Bundi,Rajasthan,Y,Y,d
324001,Kota,Rajasthan,Y,Y,d
324002,Kota,Rajasthan,Y,Y,d
324003,Kota,Rajasthan,Y,Y,d
324004,Kota,Rajasthan,Y,Y,d
324005,Kota,Rajasthan,Y,Y,d
324006,Kota,Rajasthan,Y,Y,d
324007,Kota,Rajasthan,Y,Y,d
324008,Kota,Rajasthan,Y,Y,d
324009,Kota,Rajasthan,Y,Y,d
324010,Kota,Rajasthan,Y,Y,d
324021,Kota,Rajasthan,Y,Y,d
325001,Kota,Rajasthan,Y,Y,d
325003,Kota,Rajasthan,Y,Y,d
325004,Itawa,Rajasthan,Y,Y,d
325006,Lakheri,Rajasthan,N,Y,d
325007,Kota,Rajasthan,Y,Y,d
325008,Lakheri,Rajasthan,N,Y,d
325009,Itawa,Rajasthan,Y,Y,d
325201,Kota,Rajasthan,Y,Y,d
325202,Baran,Rajasthan,Y,Y,d
325203,Kota,Rajasthan,Y,Y,d
325204,KAPREN,Rajasthan,Y,Y,d
325205,Baran,Rajasthan,Y,Y,d
325206,MANGROL,Gujarat,N,Y,d
325207,Baran,Rajasthan,Y,Y,d
325208,ANTA,Rajasthan,Y,Y,d
325209,Baran,Rajasthan,Y,Y,d
325210,Anta,Rajasthan,N,Y,d
325214,Itawa,Rajasthan,Y,Y,d
325215,Baran,Rajasthan,Y,Y,d
325216,Kelwara,Rajasthan,Y,Y,d
325217,Kelwara,Rajasthan,Y,Y,d
325218,ATRU,Rajasthan,Y,Y,d
325219,Kawai,Rajasthan,Y,Y,d
325220,Chhabra,Rajasthan,Y,Y,d
325221,Kawai,Rajasthan,Y,Y,d
325222,Baran,Rajasthan,Y,Y,d
325223,Khanpur,Rajasthan,Y,Y,d
325224,Kelwara,Rajasthan,Y,Y,d
325225,Baran,Rajasthan,Y,Y,d
325226,Ramganj Mandi,Rajasthan,N,Y,d
325227,Ramganj Mandi,Rajasthan,N,Y,d
325601,Baran,Rajasthan,Y,Y,d
325602,Baran,Rajasthan,Y,Y,d
326001,Jhalawar,Rajasthan,Y,Y,d
326003,Aklera,Rajasthan,Y,Y,d
326021,Jhalawar,Rajasthan,Y,Y,d
326022,Jhalawar,Rajasthan,Y,Y,d
326023,Jhalawar,Rajasthan,Y,Y,d
326024,Jhalawar,Rajasthan,N,Y,d
326033,Aklera,Rajasthan,Y,Y,d
326034,Bhawani Mandi,Rajasthan,Y,Y,d
326035,Khanpur,Rajasthan,Y,Y,d
326036,Jhalawar,Rajasthan,Y,Y,d
326037,Aklera,Rajasthan,Y,Y,d
326038,Khanpur,Rajasthan,Y,Y,d
326039,Aklera,Rajasthan,Y,Y,d
326040,Jhalawar,Rajasthan,N,Y,d
326041,Jhalawar,Rajasthan,N,Y,d
326501,Bhawani Mandi,Rajasthan,Y,Y,d
326502,Bhawani Mandi,Rajasthan,Y,Y,d
326503,Ramganj Mandi,Rajasthan,N,Y,d
326510,Ramganj Mandi,Rajasthan,Y,Y,d
326512,Bhawani Mandi,Rajasthan,Y,Y,d
326513,Bhawani Mandi,Rajasthan,Y,Y,d
326514,Chaumahla,Rajasthan,Y,Y,d
326515,Chaumahla,Rajasthan,Y,Y,d
326516,Chaumahla,Rajasthan,Y,Y,d
326517,Ramganj Mandi,Rajasthan,Y,Y,d
326518,Ramganj Mandi,Rajasthan,Y,Y,d
326519,Ramganj Mandi,Rajasthan,Y,Y,d
326520,Ramganj Mandi,Rajasthan,Y,Y,d
326521,Ramganj Mandi,Rajasthan,N,Y,d
326529,Ramganj Mandi,Rajasthan,Y,Y,d
326530,Ramganj Mandi,Rajasthan,Y,Y,d
327001,Banswara,Rajasthan,Y,Y,d
327002,Banswara,Rajasthan,Y,Y,b
327007,Banswara,Rajasthan,Y,Y,b
327021,Ghatol,Rajasthan,Y,Y,d
327022,Sagwara,Rajasthan,Y,Y,d
327023,Ghatol,Rajasthan,Y,Y,d
327024,Sagwara,Rajasthan,Y,Y,d
327025,Banswara,Rajasthan,Y,Y,d
327026,Banswara,Rajasthan,Y,Y,d
327027,Ghatol,Rajasthan,Y,Y,d
327028,Ghatol,Rajasthan,N,N,d
327029,Ghatol,Rajasthan,N,N,d
327030,Banswara,Rajasthan,N,Y,d
327031,Banswara,Rajasthan,Y,Y,d
327032,Bagidora,Rajasthan,Y,Y,d
327033,Banswara,Rajasthan,N,Y,d
327034,Bagidora,Rajasthan,Y,Y,d
327601,Banswara,Rajasthan,Y,Y,d
327602,Kushalgarh,Rajasthan,Y,Y,b
327603,Bagidora,Rajasthan,Y,Y,d
327604,Banswara,Rajasthan,Y,Y,b
327605,BANSWARA,Rajasthan,N,Y,d
327606,Kushalgarh,Rajasthan,Y,Y,d
327608,Banswara,Rajasthan,Y,Y,d
327801,Kushalgarh,Rajasthan,Y,Y,b
328001,Dholpur,Rajasthan,Y,Y,d
328021,Bari,Rajasthan,Y,Y,d
328022,Bari,Rajasthan,Y,Y,d
328023,Kheragarh,Uttar Pradesh,Y,Y,d
328024,Dholpur,Rajasthan,Y,Y,d
328025,Rajakhera,Rajasthan,Y,Y,d
328026,Bari,Rajasthan,Y,Y,d
328027,Dholpur,Rajasthan,Y,Y,d
328028,Dholpur,Rajasthan,Y,Y,d
328029,Dholpur,Rajasthan,Y,Y,d
328030,Dholpur,Rajasthan,Y,Y,d
328031,Bari,Rajasthan,Y,Y,d
328035,Kheragarh,Uttar Pradesh,Y,Y,d
328037,Fatehabad-Up,Uttar Pradesh,Y,Y,d
328038,Bari,Rajasthan,Y,Y,d
328040,Dholpur,Rajasthan,Y,Y,d
328041,Dholpur,Rajasthan,Y,Y,d
329090,Kota,Rajasthan,N,Y,d
331001,Churu,Rajasthan,Y,Y,d
331002,Taranagar,Rajasthan,N,Y,d
331020,Churu,Rajasthan,Y,Y,d
331021,Churu,Rajasthan,Y,Y,d
331022,Ratangarh,Rajasthan,Y,Y,d
331023,Rajgarh,Rajasthan,Y,Y,d
331024,Fatehpur-RJ,Rajasthan,Y,Y,d
331025,Malsisar,Rajasthan,Y,Y,d
331026,Malsisar,Rajasthan,Y,Y,d
331027,Bissau,Rajasthan,Y,Y,d
331028,Malsisar,Rajasthan,Y,Y,d
331029,Sardarshahr,Rajasthan,Y,Y,d
331030,Churu,Rajasthan,Y,Y,d
331031,Churu,Rajasthan,Y,Y,d
331032,Churu,Rajasthan,N,Y,d
331033,Fatehpur,Rajasthan,Y,Y,d
331034,Churu,Rajasthan,N,Y,d
331035,Churu,Rajasthan,N,Y,d
331301,SADULPUR,Rajasthan,Y,Y,d
331302,Taranagar,Rajasthan,Y,Y,d
331303,Rajgarh,Rajasthan,Y,Y,d
331304,Taranagar,Rajasthan,Y,Y,d
331305,Pilani,Rajasthan,Y,Y,d
331306,Pilani,Rajasthan,Y,Y,d
331307,Pilani,Rajasthan,N,Y,d
331321,Pilani,Rajasthan,N,Y,d
331401,SARDARSHAHAR,Rajasthan,N,Y,d
331402,Sardarshahr,Rajasthan,Y,Y,d
331403,Sardarshahr,Rajasthan,Y,Y,d
331404,Sardarshahar,Rajasthan,N,Y,d
331411,Sardarshahr,Rajasthan,Y,Y,d
331501,SUJANGARH,Rajasthan,Y,Y,d
331502,Sujangarh,Rajasthan,Y,Y,d
331503,Sujangarh,Rajasthan,Y,Y,d
331504,SARDARSHAHAR,Rajasthan,Y,Y,d
331505,RATANGARH,Rajasthan,Y,Y,d
331506,Sujangarh,Rajasthan,Y,Y,d
331507,Sujangarh,Rajasthan,Y,Y,d
331517,Sujangarh,Rajasthan,Y,Y,d
331518,Sujangarh,Rajasthan,Y,Y,d
331701,Rajgarh,Rajasthan,Y,Y,d
331801,Shri Dungargarh,Rajasthan,N,Y,d
331802,Ratangarh,Rajasthan,Y,Y,d
331803,Shri Dungargarh,Rajasthan,Y,Y,d
331804,Shri Dungargarh,Rajasthan,N,Y,d
331811,Sheruna,Rajasthan,Y,Y,d
332001,Sikar,Rajasthan,Y,Y,d
332002,SIKAR,Rajasthan,Y,Y,d
332003,#REF!,#REF!,N,N,d
332021,SIKAR,Rajasthan,Y,Y,d
332022,Sikar,Rajasthan,Y,Y,d
332023,Ramgarh-Rj,Rajasthan,Y,Y,d
332024,Sikar,Rajasthan,Y,Y,d
332025,Ramgarh-RJ,Rajasthan,Y,Y,d
332026,Sikar,Rajasthan,Y,Y,d
332027,Sikar,Rajasthan,Y,Y,d
332028,SIKAR,Rajasthan,Y,Y,d
332029,Sujangarh,Rajasthan,N,Y,d
332030,Ramgarh-Rj,Rajasthan,Y,Y,d
332031,Balaran,Rajasthan,Y,Y,d
332032,Sikar,Rajasthan,Y,Y,d
332033,Sikar,Rajasthan,N,Y,d
332034,Sikar,Rajasthan,N,Y,d
332035,Sikar,Rajasthan,N,Y,d
332036,Sikar,Rajasthan,N,Y,d
332037,Sikar,Rajasthan,N,Y,d
332038,Sikar,Rajasthan,N,Y,d
332039,Sikar,Rajasthan,Y,Y,d
332040,Sikar,Rajasthan,N,Y,d
332041,SIKAR,Rajasthan,Y,Y,d
332042,SIKAR,Rajasthan,Y,Y,d
332043,Sikar,Rajasthan,Y,Y,d
332044,Sikar,Rajasthan,N,Y,d
332045,Sikar,Rajasthan,N,Y,d
332301,Fatehpur-RJ,Rajasthan,Y,Y,d
332302,Fatehpur-RJ,Rajasthan,Y,Y,d
332303,Deenwa,Rajasthan,Y,Y,d
332304,Ratangarh,Rajasthan,N,Y,d
332305,Jhunjhunu,Rajasthan,Y,Y,d
332306,Fatehpur,Rajasthan,N,N,d
332307,Jhunjhunu,Rajasthan,Y,Y,d
332308,Fatehpur-Rj,Rajasthan,N,Y,d
332311,Laxmangarh-RJ,Rajasthan,Y,Y,d
332312,Sikar,Rajasthan,Y,Y,d
332313,Laxmangarh-Rj,Rajasthan,Y,Y,d
332315,Laxmangarh-RJ,Rajasthan,Y,Y,d
332316,Balaran,Rajasthan,Y,Y,d
332317,Laxmangarh-Rj,Rajasthan,N,Y,d
332318,Laxmangarh-RJ,Rajasthan,N,Y,d
332400,Sikar,Rajasthan,N,N,d
332401,Balaran,Rajasthan,Y,Y,d
332402,Khandela,Rajasthan,Y,Y,d
332403,Bajore,Rajasthan,Y,Y,d
332404,Reengus,Rajasthan,Y,Y,d
332405,Bajore,Rajasthan,Y,Y,d
332406,Bajore,Rajasthan,Y,Y,d
332407,Sikar,Rajasthan,Y,Y,d
332408,Sikar,Rajasthan,N,Y,d
332409,Sikar,Rajasthan,N,Y,d
332410,Sikar,Rajasthan,Y,Y,d
332411,Reengus,Rajasthan,Y,Y,d
332601,Ramgarh-RJ,Rajasthan,Y,Y,d
332602,Reengus,Rajasthan,Y,Y,d
332603,Reengus,Rajasthan,Y,Y,d
332604,Khandela,Rajasthan,N,Y,d
332701,Ajeetgarh,Rajasthan,Y,Y,d
332702,Ramgarh-RJ,Rajasthan,Y,Y,d
332703,Ramgarh-RJ,Rajasthan,Y,Y,d
332704,Ajeetgarh,Rajasthan,Y,Y,d
332705,Neem Ka Thana,Rajasthan,Y,Y,d
332706,Khandela,Rajasthan,Y,Y,d
332707,Ajeetgarh,Rajasthan,Y,Y,d
332708,Khandela,Rajasthan,Y,Y,d
332709,Khandela,Rajasthan,Y,Y,d
332710,Renwal,Rajasthan,Y,Y,d
332711,Neem Ka Thana,Rajasthan,Y,Y,d
332712,Ajeetgarh,Rajasthan,Y,Y,d
332713,Neem Ka Thana,Rajasthan,Y,Y,d
332714,Neem Ka Thana,Rajasthan,Y,Y,d
332715,Reengus,Rajasthan,Y,Y,d
332716,Neem Ka Thana,Rajasthan,Y,Y,d
332717,Neem Ka Thana,Rajasthan,N,Y,d
332718,Neem Ka Thana,Rajasthan,Y,Y,d
332719,Reengus,Rajasthan,Y,Y,d
332721,Khandela,Rajasthan,Y,Y,d
332722,Khandela,Rajasthan,Y,Y,d
332723,Udaipurwati,Rajasthan,N,Y,d
332724,Udaipurwati,Rajasthan,N,Y,d
332725,Udaipurwati,Rajasthan,N,Y,d
332726,Udaipurwati,Rajasthan,N,Y,d
332727,Udaipurwati,Rajasthan,N,Y,d
332728,Udaipurwati,Rajasthan,N,Y,d
332729,Udaipurwati,Rajasthan,N,Y,d
332730,Udaipurwati,Rajasthan,N,Y,d
332731,Udaipurwati,Rajasthan,N,Y,d
332732,Udaipurwati,Rajasthan,N,Y,d
332733,Udaipurwati,Rajasthan,N,Y,d
332734,Udaipurwati,Rajasthan,N,Y,d
332735,Udaipurwati,Rajasthan,N,Y,d
332736,Udaipurwati,Rajasthan,N,Y,d
332737,Udaipurwati,Rajasthan,N,Y,d
332738,Udaipurwati,Rajasthan,N,Y,d
332739,Udaipurwati,Rajasthan,N,Y,d
332740,Udaipurwati,Rajasthan,N,Y,d
332742,Renwal,Rajasthan,Y,Y,d
332743,Kuchaman City,Rajasthan,N,Y,d
332745,Suratgarh,Rajasthan,N,N,d
332746,Buhana,Rajasthan,Y,Y,d
332747,Suratgarh,Rajasthan,N,N,d
332748,Suratgarh,Rajasthan,N,N,d
333001,Jhunjhunu,Rajasthan,Y,Y,d
333010,#REF!,#REF!,N,N,d
333011,Jhunjhunu,Rajasthan,Y,Y,d
333012,Gudha Gorji,Rajasthan,Y,Y,d
333014,Udaipurwati,Rajasthan,N,Y,d
333015,Udaipurwati,Rajasthan,N,Y,d
333016,Udaipurwati,Rajasthan,N,Y,d
333020,Buhana,Rajasthan,Y,Y,d
333021,Gudha Gorji,Rajasthan,Y,Y,d
333022,Gudha Gorji,Rajasthan,Y,Y,d
333023,Jhunjhunu,Rajasthan,Y,Y,d
333024,Sultana,Rajasthan,Y,Y,d
333025,Malsisar,Rajasthan,Y,Y,d
333026,Pilani,Rajasthan,Y,Y,d
333027,Sultana,Rajasthan,Y,Y,d
333028,Sultana,Rajasthan,Y,Y,d
333029,Pilani,Rajasthan,Y,Y,d
333030,Pilani,Rajasthan,Y,Y,d
333031,Pilani,Rajasthan,Y,Y,d
333032,Gudha Gorji,Rajasthan,Y,Y,d
333033,Buhana,Rajasthan,Y,Y,d
333034,Buhana,Rajasthan,Y,Y,d
333035,Pilani,Rajasthan,Y,Y,d
333036,Buhana,Rajasthan,Y,Y,d
333040,Jhunjhunu,Rajasthan,Y,Y,d
333041,Deenwa,Rajasthan,Y,Y,d
333042,Nawalgarh,Rajasthan,Y,Y,d
333043,Sikar,Rajasthan,Y,Y,d
333044,Sikar,Rajasthan,N,Y,d
333045,Sikar,Rajasthan,Y,Y,d
333046,Sikar,Rajasthan,N,Y,d
333047,Sikar,Rajasthan,N,Y,d
333048,Sikar,Rajasthan,N,Y,d
333052,Udaipurwati,Rajasthan,Y,Y,d
333053,Udaipurwati,Rajasthan,Y,Y,d
333055,#REF!,#REF!,N,N,d
333111,Udaipurwati,Rajasthan,Y,Y,d
333201,Bada Ganv,Rajasthan,Y,Y,d
333301,Udaipurwati,Rajasthan,Y,Y,d
333302,Udaipurwati,Rajasthan,Y,Y,d
333303,Udaipurwati,Rajasthan,Y,Y,d
333304,Udaipurwati,Rajasthan,Y,Y,d
333305,Gudha Gorji,Rajasthan,Y,Y,d
333306,Udaipurwati,Rajasthan,N,Y,d
333307,Udaipurwati,Rajasthan,Y,Y,d
333308,Udaipurwati,Rajasthan,Y,Y,d
333309,Udaipurwati,Rajasthan,Y,Y,d
333310,Neem Ka Thana,Rajasthan,Y,Y,d
333311,Udaipurwati,Rajasthan,Y,Y,d
333312,Udaipurwati,Rajasthan,N,Y,d
333313,Udaipurwati,Rajasthan,N,Y,d
333314,Udaipurwati,Rajasthan,Y,Y,d
333315,Udaipurwati,Rajasthan,N,Y,d
333337,Ahmedabad,Gujarat,N,N,d
333338,Kolkata,West Bengal,N,Y,d
333501,Neem Ka Thana,Rajasthan,Y,Y,d
333502,Buhana,Rajasthan,Y,Y,d
333503,Buhana,Rajasthan,Y,Y,d
333504,Khetri Nagar,Rajasthan,Y,Y,d
333514,Buhana,Rajasthan,Y,Y,d
333515,Buhana,Rajasthan,Y,Y,d
333516,Buhana,Rajasthan,Y,Y,d
333517,Buhana,Rajasthan,Y,Y,e
333616,Jhunjhunun,Rajasthan,N,N,d
333701,Deenwa,Rajasthan,Y,Y,d
333702,Balaran,Rajasthan,Y,Y,d
333704,Deenwa,Rajasthan,Y,Y,d
333705,Balaran,Rajasthan,Y,Y,d
333706,Jhunjhunu,Rajasthan,Y,Y,d
333707,Jhunjhunu,Rajasthan,Y,Y,d
333709,Jhunjhunu,Rajasthan,Y,Y,d
333801,Neem Ka Thana,Rajasthan,Y,Y,d
334001,Bikaner,Rajasthan,Y,Y,d
334002,Bikaner,Rajasthan,Y,Y,d
334003,Bikaner,Rajasthan,Y,Y,d
334004,Bikaner,Rajasthan,Y,Y,d
334005,Bikaner,Rajasthan,Y,Y,d
334006,Bikaner,Rajasthan,Y,Y,d
334021,Satasar,Rajasthan,N,Y,d
334022,Bikaner,Rajasthan,Y,Y,d
334023,Khajuwala,Rajasthan,Y,Y,d
334024,Jasol,Rajasthan,N,N,d
334025,#REF!,#REF!,N,N,d
334101,Khajuvala,Rajasthan,N,Y,d
334201,Bikaner,Rajasthan,Y,Y,d
334202,Bikaner,Rajasthan,Y,Y,d
334301,Kolayat,Rajasthan,Y,Y,d
334302,KOLAYAT,Rajasthan,Y,Y,d
334303,Bajju,Rajasthan,N,Y,d
334304,Khajuvala,Rajasthan,N,Y,d
334305,Bajju,Rajasthan,N,Y,d
334306,Bikaner,Rajasthan,Y,Y,d
334401,Bikaner,Rajasthan,Y,Y,d
334402,Bikaner,Rajasthan,Y,Y,d
334403,Bikaner,Rajasthan,Y,Y,d
334404,Bikaner,Rajasthan,Y,Y,d
334601,Lunkaransar,Rajasthan,Y,Y,d
334602,Lunkaransar,Rajasthan,Y,Y,d
334603,SHRIDUNGARGARH,Rajasthan,Y,Y,d
334604,Lunkaransar,Rajasthan,Y,Y,d
334801,DeshNokh,Rajasthan,Y,Y,d
334802,Nokha,Rajasthan,Y,Y,d
334803,Nokha,Rajasthan,Y,Y,d
334804,Kolayat,Rajasthan,Y,Y,d
334808,KHAJUWALA,Rajasthan,N,N,d
335001,Ganga Nagar,Rajasthan,Y,Y,d
335002,Ganga Nagar,Rajasthan,Y,Y,d
335009,Surat,Gujarat,N,N,d
335021,Raisinghnagar,Rajasthan,Y,Y,d
335022,Ganga Nagar,Rajasthan,Y,Y,d
335023,Padampurrj,Rajasthan,Y,Y,d
335024,Raisinghnagar,Rajasthan,Y,Y,d
335025,Ganga Nagar,Rajasthan,Y,Y,d
335026,Padampurrj,Rajasthan,Y,Y,d
335027,SRIGANGANAGAR,Rajasthan,Y,Y,d
335037,Ganga Nagar,Rajasthan,Y,Y,d
335038,Ganga Nagar,Rajasthan,Y,Y,d
335039,Raisinghnagar,Rajasthan,Y,Y,d
335040,Padampur-Rj,Rajasthan,Y,Y,d
335041,Padampur-Rj,Rajasthan,Y,Y,d
335042,Sriganganagar,Rajasthan,N,Y,d
335043,Sriganganagar,Rajasthan,Y,Y,d
335051,Raisinghnagar,Rajasthan,Y,Y,d
335052,Shri Ganganagar,Rajasthan,N,N,d
335061,Raisinghnagar,Rajasthan,Y,Y,d
335062,Sangaria,Rajasthan,Y,Y,d
335063,Sangaria,Rajasthan,Y,Y,d
335064,Hanumangarh,Rajasthan,Y,Y,d
335065,Sangaria,Rajasthan,Y,Y,d
335073,Padampurrj,Rajasthan,Y,Y,d
335074,Raisinghnagar,Rajasthan,N,Y,d
335501,Bhadra,Rajasthan,Y,Y,d
335502,Bhadra,Rajasthan,Y,Y,d
335503,Bhadra,Rajasthan,Y,Y,d
335504,Bhadra,Rajasthan,Y,Y,d
335505,Mandi Adampur,Haryana,Y,Y,d
335511,Bhadra,Rajasthan,Y,Y,d
335512,Hanumangarh,Rajasthan,Y,Y,d
335513,Hanumangarh,Rajasthan,Y,Y,d
335514,Hanumangarh,Rajasthan,Y,Y,d
335515,Hanumangarh,Rajasthan,N,Y,d
335521,#REF!,#REF!,N,N,d
335522,Hanumangarh,Rajasthan,N,Y,d
335523,Nohar,Rajasthan,Y,Y,d
335524,Rawatsar,Rajasthan,Y,Y,d
335525,Sangaria,Rajasthan,Y,Y,d
335526,Sangaria,Rajasthan,Y,Y,d
335527,Hanumangarh,Rajasthan,N,Y,d
335528,Padampurrj,Rajasthan,Y,Y,d
335701,Anupgarh,Rajasthan,Y,Y,d
335702,Srivijaynagar,Rajasthan,Y,Y,d
335703,Srivijaynagar,Rajasthan,Y,Y,d
335704,Srivijaynagar,Rajasthan,Y,Y,d
335705,Pilibanga,Rajasthan,Y,Y,d
335707,Gharsana,Rajasthan,Y,Y,d
335708,Gharsana,Rajasthan,N,Y,d
335711,Gharsana,Rajasthan,Y,Y,d
335771,Gharsana,Rajasthan,Y,Y,d
335801,Pilibanga,Rajasthan,Y,Y,d
335802,Hanumangarh,Rajasthan,Y,Y,d
335803,Pilibanga,Rajasthan,Y,Y,d
335804,Suratgarh,Rajasthan,Y,Y,d
335805,Pilibanga,Rajasthan,Y,Y,d
335806,Suratgarh,Rajasthan,N,N,d
335807,Suratgarh,Rajasthan,N,N,d
335901,Ganga Nagar,Rajasthan,Y,Y,d
335902,Sriganganagar,Rajasthan,Y,Y,d
338430,SURAT,GUJARAT,N,N,d
341001,Nagaur,Rajasthan,Y,Y,d
341002,Nagaur,Rajasthan,N,Y,d
341003,#REF!,#REF!,N,N,d
341011,Nagaur,Rajasthan,N,Y,d
341012,Nagaur,Rajasthan,Y,Y,d
341013,Nagaur,Rajasthan,Y,Y,d
341020,#REF!,#REF!,N,N,d
341021,Nagaur,Rajasthan,Y,Y,d
341022,Nagaur,Rajasthan,Y,Y,d
341023,Jayal,Rajasthan,N,Y,d
341024,Nagaur,Rajasthan,Y,Y,d
341025,Khimsar,Rajasthan,Y,Y,d
341026,Nagaur,Rajasthan,Y,Y,d
341027,Nagaur,Rajasthan,Y,Y,d
341028,Khimsar,Rajasthan,Y,Y,d
341029,Nokha,Rajasthan,Y,Y,d
341030,Nagaur,Rajasthan,Y,Y,d
341031,Merta,Rajasthan,Y,Y,d
341035,Nagaur,Rajasthan,Y,Y,d
341301,Khatu Khurd,Rajasthan,Y,Y,d
341302,Khatu Khurd,Rajasthan,Y,Y,d
341303,Didwana,Rajasthan,Y,Y,d
341304,Sujangarh,Rajasthan,Y,Y,d
341305,Didwana,Rajasthan,Y,Y,d
341306,Sujangarh,Rajasthan,Y,Y,d
341307,#REF!,#REF!,N,N,d
341309,#REF!,#REF!,N,N,d
341313,Jodhpur,Rajasthan,N,N,d
341316,Sujangarh,Rajasthan,Y,Y,d
341317,Nagaur,Rajasthan,N,Y,d
341318,Khatu Khurd,Rajasthan,Y,Y,d
341319,Khatu Khurd,Rajasthan,Y,Y,d
341501,Makrana,Rajasthan,Y,Y,d
341502,Makrana,Rajasthan,Y,Y,d
341503,Degana,Rajasthan,Y,Y,d
341504,Degana,Rajasthan,Y,Y,d
341505,Makrana,Rajasthan,Y,Y,d
341506,Didwana,Rajasthan,Y,Y,d
341507,Renwal,Rajasthan,Y,Y,d
341508,Kuchaman,Rajasthan,Y,Y,d
341509,Kuchaman,Rajasthan,Y,Y,d
341510,Merta,Rajasthan,Y,Y,d
341511,Merta,Rajasthan,Y,Y,d
341512,Parbatsar,Rajasthan,Y,Y,d
341513,Merta,Rajasthan,Y,Y,d
341514,Degana,Rajasthan,Y,Y,d
341515,Degana,Rajasthan,Y,Y,d
341516,Kuchaman,Rajasthan,Y,Y,d
341517,Kuchaman,Rajasthan,Y,Y,d
341518,Merta,Rajasthan,Y,Y,d
341519,Ramgarh-RJ,Rajasthan,Y,Y,d
341520,Makrana,Rajasthan,Y,Y,d
341521,MAKRANA,Rajasthan,N,N,d
341522,Phulera,Rajasthan,Y,Y,d
341523,Kuchaman City,Rajasthan,N,Y,d
341524,Kishangarh,Rajasthan,N,Y,d
341525,Kuchaman City,Rajasthan,N,Y,d
341526,Kuchaman City,Rajasthan,N,Y,d
341527,Kuchaman City,Rajasthan,N,Y,d
341528,Kuchaman City,Rajasthan,N,Y,d
341533,Kuchaman,Rajasthan,Y,Y,d
341535,Jaipur,Rajasthan,N,N,d
341536,Kuchaman City,Rajasthan,N,Y,d
341537,Kuchaman City,Rajasthan,N,Y,d
341539,Kuchaman City,Rajasthan,N,Y,d
341542,Makrana,Rajasthan,Y,Y,d
341544,Merta,Rajasthan,N,Y,d
341545,Merta,Rajasthan,N,Y,d
341546,Merta,Rajasthan,N,Y,d
341547,Merta,Rajasthan,N,Y,d
341550,Jaipur,Rajasthan,N,N,d
341551,Didwana,Rajasthan,Y,Y,d
342000,Bhopalgarh,Rajasthan,N,N,d
342001,Jodhpur,Rajasthan,Y,Y,d
342002,Jodhpur,Rajasthan,Y,Y,d
342003,Jodhpur,Rajasthan,Y,Y,d
342004,Jodhpur,Rajasthan,Y,Y,d
342005,Jodhpur,Rajasthan,Y,Y,d
342006,Jodhpur,Rajasthan,Y,Y,d
342007,Jodhpur,Rajasthan,Y,Y,d
342008,Jodhpur,Rajasthan,Y,Y,d
342009,Jodhpur,Rajasthan,Y,Y,d
342010,Jodhpur,Rajasthan,Y,Y,d
342011,Jodhpur,Rajasthan,Y,Y,d
342012,Jodhpur,Rajasthan,Y,Y,d
342013,Jodhpur,Rajasthan,Y,Y,d
342014,Jodhpur,Rajasthan,Y,Y,d
342015,Jodhpur,Rajasthan,Y,Y,d
342016,Jodhpur,Rajasthan,Y,Y,d
342017,Jodhpur,Rajasthan,N,Y,d
342018,Jodhpur,Rajasthan,Y,Y,d
342019,Jodhpur,Rajasthan,Y,Y,d
342020,Jodhpur,Rajasthan,Y,Y,d
342021,Jodhpur,Rajasthan,N,Y,d
342022,Phalsund,Rajasthan,Y,Y,d
342023,Balesar,Rajasthan,N,Y,d
342024,Jodhpur,Rajasthan,Y,Y,d
342025,BALESAR,Rajasthan,N,N,d
342026,Jodhpur,Rajasthan,Y,Y,d
342027,Jodhpur,Rajasthan,Y,Y,d
342028,Balesar,Rajasthan,N,Y,d
342029,Khimsar,Rajasthan,Y,Y,d
342030,BALESAR,Rajasthan,Y,Y,d
342031,Jodhpur,Rajasthan,N,N,d
342032,BALESAR,Rajasthan,N,N,d
342033,Jodhpur,Rajasthan,Y,Y,d
342034,Jodhpur,Rajasthan,N,N,d
342037,Mathania,Rajasthan,Y,Y,d
342301,Phalodi,Rajasthan,Y,Y,d
342302,Lohawat,Rajasthan,N,N,d
342303,Mathania,Rajasthan,Y,Y,d
342304,Jodhpur,Rajasthan,Y,Y,d
342305,Mathania,Rajasthan,Y,Y,d
342306,Mathania,Rajasthan,Y,Y,d
342307,Ghator,Rajasthan,Y,Y,d
342308,Lohawat,Rajasthan,N,Y,d
342309,Dechu,Rajasthan,N,Y,d
342310,PHALODI,Rajasthan,N,N,d
342311,PHALODI,Rajasthan,N,N,d
342312,CHADI,Rajasthan,N,N,d
342314,Dechu,Rajasthan,N,Y,d
342601,Piparcity,Rajasthan,Y,Y,d
342602,Bilara,Rajasthan,Y,Y,d
342603,Bhopalgarh,Rajasthan,Y,Y,d
342604,MERTA,Rajasthan,Y,Y,d
342605,BILARA,Rajasthan,N,N,d
342606,Gotan,Rajasthan,Y,Y,d
342607,Jodhpur,Rajasthan,N,N,d
342608,Bhopalgarh,Rajasthan,N,N,d
342609,Bhopalgarh,Rajasthan,N,N,d
342611,Bhopalgarh,Rajasthan,N,N,d
342612,Bhopalgarh,Rajasthan,N,N,d
342705,Bhopalgarh,Rajasthan,N,Y,d
342801,Kalyanpurrj,Rajasthan,Y,Y,d
342802,LUNI,Rajasthan,N,Y,d
342803,Jodhpur,Rajasthan,N,Y,d
342804,Jodhpur,Rajasthan,N,Y,d
342901,BHOPALGARH,Rajasthan,Y,Y,d
342902,Gotan,Rajasthan,Y,Y,d
343001,Jalore,Rajasthan,Y,Y,d
343002,Jalore,Rajasthan,Y,Y,d
343011,Jalore,Rajasthan,N,N,d
343021,Jalore,Rajasthan,N,Y,d
343022,Jalore,Rajasthan,Y,Y,d
343023,Jalore,Rajasthan,N,Y,d
343024,Sirohi,Rajasthan,Y,Y,d
343025,Jalore,Rajasthan,Y,Y,d
343026,Jalore,Rajasthan,Y,Y,d
343027,Sanchore,Rajasthan,Y,Y,d
343028,Bhinmal,Rajasthan,Y,Y,d
343029,Bhinmal,Rajasthan,Y,Y,d
343030,Bhinmal,Rajasthan,Y,Y,d
343031,Jalore,Rajasthan,N,N,d
343032,Bagoda,Rajasthan,N,Y,d
343034,Jalore,Rajasthan,N,N,d
343039,Bhinmal,Rajasthan,Y,Y,d
343040,Bhinmal,Rajasthan,Y,Y,d
343041,Sanchore,Rajasthan,Y,Y,d
343042,Jalore,Rajasthan,Y,Y,d
343043,Sanchore,Rajasthan,Y,Y,d
343044,Sanchore,Rajasthan,Y,Y,d
343045,Sanchore,Rajasthan,Y,Y,d
343046,Jalore,Rajasthan,N,N,d
343047,Jalore,Rajasthan,N,N,d
343048,Bhinmal,Rajasthan,Y,Y,b
343049,Bhinmal,Rajasthan,Y,Y,d
344001,Barmer,Rajasthan,Y,Y,d
344011,Ramsar,Rajasthan,Y,Y,d
344012,Barmer,Rajasthan,Y,Y,d
344013,Barmer,Rajasthan,N,Y,d
344014,Barmer,Rajasthan,N,Y,d
344015,Barmer,Rajasthan,N,Y,d
344019,Balotra,Rajasthan,N,Y,d
344020,Balotra,Rajasthan,N,Y,d
344021,Siwana,Rajasthan,Y,Y,d
344022,Balotra,Rajasthan,Y,Y,d
344023,Balotra,Rajasthan,Y,Y,d
344024,Balotra,Rajasthan,Y,Y,d
344025,BALOTRA,Rajasthan,N,N,d
344026,Kalyanpurrj,Rajasthan,Y,Y,d
344027,Kalyanpurrj,Rajasthan,Y,Y,d
344028,Balotra,Rajasthan,Y,Y,d
344029,Balotra,Rajasthan,N,Y,d
344031,Dhorimana,Rajasthan,N,Y,d
344032,Balotra,Rajasthan,Y,Y,d
344033,Balotra,Rajasthan,Y,Y,d
344034,Baytu,Rajasthan,Y,Y,d
344035,Barmer,Rajasthan,Y,Y,d
344037,Phalsund,Rajasthan,Y,Y,d
344043,Siwana,Rajasthan,Y,Y,d
344044,Siwana,Rajasthan,Y,Y,d
344501,Ramsar,Rajasthan,N,Y,d
344502,Ramsar,Rajasthan,Y,Y,d
344503,Barmer,Rajasthan,N,Y,d
344601,Barmer,Rajasthan,Y,Y,d
344701,Sheo,Rajasthan,Y,Y,d
344702,Barmer,Rajasthan,Y,Y,d
344703,Barmer,Rajasthan,Y,Y,d
344704,Dhorimana,Rajasthan,N,Y,d
344705,Sheo,Rajasthan,Y,Y,d
344706,Dhorimana,Rajasthan,N,Y,d
344708,Dhorimana,Rajasthan,N,Y,d
344801,SINDHARI,Rajasthan,N,N,d
344802,#REF!,#REF!,N,N,d
345001,Jaisalmer,Rajasthan,Y,Y,d
345002,Jaisalmer,Rajasthan,Y,Y,d
345021,Pokhran,Rajasthan,Y,Y,d
345022,RAMGARH,Rajasthan,N,N,d
345023,Pokhran,Rajasthan,Y,Y,d
345024,Phalsund,Rajasthan,Y,Y,d
345025,Phalsund,Rajasthan,Y,Y,d
345026,Jaisalmer,Rajasthan,N,Y,d
345027,Sheo,Rajasthan,Y,Y,d
345028,POKHRAN,Rajasthan,N,N,d
345031,POKHRAN,Rajasthan,N,N,d
345032,Jaisalmer,Rajasthan,N,Y,d
345033,Jaisalmer,Rajasthan,Y,Y,d
345034,JAISALMER,Rajasthan,N,N,d
345110,Jaisalmer,Rajasthan,N,Y,d
346002,Bhavnagar,Gujarat,Y,Y,b
346003,Bhavnagar,Gujarat,Y,Y,b
346004,Bhavnagar,Gujarat,Y,Y,b
346005,Bhavnagar,Gujarat,Y,Y,b
346110,Bhavnagar,Gujarat,N,N,d
351505,Kuchaman,Rajasthan,N,N,d
354458,Amreli,Gujarat,N,Y,b
355702,SURATGARH,SRIGANGANAGAR BRANCH SF ( SGNSF ),N,N,d
360000,Rajkot,Gujarat,Y,Y,d
360001,Rajkot,Gujarat,Y,Y,b
360002,Rajkot,Gujarat,Y,Y,b
360003,Rajkot,Gujarat,Y,Y,b
360004,Rajkot,Gujarat,Y,Y,b
360005,Rajkot,Gujarat,Y,Y,b
360006,Rajkot,Gujarat,Y,Y,b
360007,Rajkot,Gujarat,Y,Y,b
360008,Rajkot,Gujarat,Y,Y,b
360009,RAJKOT,Gujarat,Y,Y,b
360011,Rajkot,Gujarat,Y,Y,b
360012,Rajkot,Gujarat,Y,Y,b
360013,Rajkot,Gujarat,Y,Y,b
360018,Rajkot,Gujarat,Y,Y,b
360019,Rajkot,Gujrat,N,N,d
360020,Rajkot,Gujarat,Y,Y,b
360021,Rajkot,Gujarat,Y,Y,b
360022,Rajkot,Gujarat,Y,Y,b
360023,RAJKOT,Gujarat,Y,Y,b
360024,Rajkot,Gujarat,Y,Y,b
360025,JASDAN,Gujarat,Y,Y,b
360026,Rajkot,Gujarat,Y,Y,b
360028,#REF!,#REF!,N,N,d
360029,Rajkot,Gujarat,N,N,d
360030,Gondal,Gujarat,Y,Y,b
360032,Jasdan,Gujarat,N,Y,b
360034,Rajkot,Gujarat,Y,Y,b
360035,Rajkot,Gujarat,Y,Y,b
360037,Rajkot,Gujarat,N,N,d
360040,Jasdan,Gujarat,Y,Y,b
360045,Amreli,Gujarat,Y,Y,b
360050,Jasdan,Gujarat,Y,Y,b
360055,Jasdan,Gujarat,Y,Y,b
360060,JASDAN,Gujarat,Y,Y,b
360070,Gondal,Gujarat,Y,Y,b
360075,Gondal,Gujarat,N,Y,b
360080,Jasdan,Gujarat,Y,Y,b
360110,Dhrol,Gujarat,Y,Y,b
360150,Bhanvad,Gujarat,Y,Y,d
360311,Gondal,Gujarat,Y,Y,b
360312,Gondal,Gujarat,N,Y,b
360320,Gondal,Gujarat,Y,Y,b
360325,Amreli,Gujarat,Y,Y,b
360330,GONDAL,Gujarat,Y,Y,b
360335,Gondal,Gujarat,N,Y,b
360360,Jetpur,Gujarat,Y,Y,b
360370,Jetpur,Gujarat,Y,Y,b
360375,Jetpur,Gujarat,Y,Y,b
360380,Jetpur,Gujarat,Y,Y,b
360405,Dhoraji,Gujarat,Y,Y,b
360410,Dhoraji,Gujarat,Y,Y,b
360411,Junagadh,Gujarat,N,Y,b
360421,Dhoraji,Gujarat,Y,Y,b
360430,Upleta,Gujarat,Y,Y,d
360440,Dhoraji,Gujarat,Y,Y,b
360450,Upleta,Gujarat,Y,Y,d
360452,Dhoraji,Gujarat,Y,Y,b
360460,Upleta,Gujarat,Y,Y,d
360465,#REF!,#REF!,N,N,d
360470,Upleta,Gujarat,Y,Y,d
360480,Jamjodhpur,Gujarat,Y,Y,d
360485,#REF!,#REF!,N,N,d
360490,Upleta,Gujarat,Y,Y,d
360510,Bhanvad,Gujarat,Y,Y,d
360515,Bhanvad,Gujarat,Y,Y,d
360520,Jamjodhpur,Gujarat,Y,Y,d
360530,Jamjodhpur,Gujarat,Y,Y,d
360531,Jamjodhpur,Gujarat,Y,Y,d
360540,Kalavad,Gujarat,N,Y,b
360545,Porbandar,Gujarat,Y,Y,d
360550,Porbandar,Gujarat,Y,Y,d
360560,Porbandar,Gujarat,Y,Y,d
360570,Kutiyana,Gujarat,Y,Y,d
360571,Kutiyana,Gujarat,N,Y,b
360572,Kutiyana,Gujarat,N,Y,b
360575,Porbandar,Gujarat,Y,Y,d
360576,Porbandar,Gujarat,Y,Y,d
360577,Porbandar,Gujarat,Y,Y,d
360578,Porbandar,Gujarat,Y,Y,d
360579,Porbandar,Gujarat,Y,Y,d
360583,Porbandar,Gujarat,N,Y,d
360585,Porbandar,Gujarat,Y,Y,d
360590,BAGVADAR,Gujarat,Y,Y,d
360625,Nakhatrana,Gujarat,N,N,d
360650,Kutiyana,Gujarat,N,Y,b
361001,Jamnagar,Gujarat,Y,Y,d
361002,Jamnagar,Gujarat,Y,Y,d
361003,Jamnagar,Gujarat,Y,Y,d
361004,Jamnagar,Gujarat,Y,Y,d
361005,Jamnagar,Gujarat,Y,Y,d
361006,Jamnagar,Gujarat,Y,Y,d
361007,Jamnagar,Gujarat,Y,Y,d
361008,Jamnagar,Gujarat,Y,Y,d
361009,Jamnagar,Gujarat,Y,Y,d
361010,Khambhalia,Gujarat,Y,Y,d
361011,Dhrol,Gujarat,Y,Y,b
361012,Jamnagar,Gujarat,N,Y,b
361013,Kalavad,Gujarat,Y,Y,b
361101,Jamnagar,Gujarat,Y,Y,d
361110,Jamnagar,Gujarat,Y,Y,d
361120,Jamnagar,Gujarat,Y,Y,d
361130,Dhrol,Gujarat,Y,Y,b
361135,Jamnagar,Gujarat,N,N,d
361140,Jamnagar,Gujarat,Y,Y,d
361141,Jamnagar,Gujarat,Y,Y,d
361142,Jamnagar,Gujarat,Y,Y,d
361150,Jamnagar,Gujarat,Y,Y,d
361160,Kalavad,Gujarat,Y,Y,b
361162,Kalavad,Gujarat,Y,Y,b
361170,Khambhalia,Gujarat,Y,Y,d
361210,Dhrol,Gujarat,Y,Y,b
361220,Dhrol,Gujarat,Y,Y,b
361230,Dhrol,Gujarat,Y,Y,b
361240,Dhrol,Gujarat,Y,Y,d
361250,Dhrol,Gujarat,Y,Y,b
361280,Khambhalia,Gujarat,Y,Y,d
361290,Jamnagar,Gujarat,N,N,d
361295,Jamnagar,Gujarat,N,N,d
361301,Kalavad,Gujarat,N,N,d
361305,Khambhalia,Gujarat,Y,Y,d
361306,Khambhalia,Gujarat,Y,Y,d
361310,Khambhalia,Gujarat,Y,Y,d
361312,Jamnagar,Gujarat,N,N,d
361315,Bhatiya,Gujarat,Y,Y,d
361316,Mahadeviya,Gujarat,N,N,d
361320,Bhatiya,Gujarat,Y,Y,d
361321,Jamnagar,Gujarat,N,N,d
361322,Jamnagar,Gujarat,N,N,d
361325,Bhatiya,Gujarat,Y,Y,d
361330,Dwarka,Gujarat,Y,Y,d
361335,Dwarka,Gujarat,Y,Y,d
361336,Dwarka,Gujarat,Y,Y,d
361342,Mithapur(Gj),Gujarat,N,N,d
361345,Dwarka,Gujarat,Y,Y,d
361347,Dwarka,Gujarat,Y,Y,d
361350,Dwarka,Gujarat,Y,Y,d
362001,Junagadh,Gujarat,Y,Y,b
362002,Junagadh,Gujarat,Y,Y,b
362003,Junagadh,Gujarat,Y,Y,b
362004,Junagadh,Gujarat,Y,Y,b
362005,Junagadh,Gujarat,N,Y,b
362011,Dhoraji,Gujarat,Y,Y,b
362012,JUNAGADH,Gujarat,N,Y,b
362013,Junagadh,Gujarat,N,Y,b
362014,Junagadh,Gujarat,Y,Y,b
362015,Junagadh,Gujarat,Y,Y,b
362020,Bhesan,Gujarat,Y,Y,d
362021,Junagadh,Gujarat,N,Y,b
362030,Bhesan,Gujarat,Y,Y,d
362036,Unagj,Gujarat,N,Y,b
362037,Junagadh,Gujarat,Y,Y,b
362110,Visavadar,Gujarat,Y,Y,d
362111,Vishavadar,Gujarat,N,Y,b
362120,Visavadar,Gujarat,Y,Y,d
362130,Visavadar,Gujarat,Y,Y,d
362132,Vishavadar,Gujarat,N,Y,b
362133,Vishavadar,Gujarat,N,Y,b
362135,Talala,Gujarat,Y,Y,d
362136,Unagj,Gujarat,N,Y,b
362140,Talala,Gujarat,Y,Y,d
362142,Talala,Gujarat,N,Y,b
362150,Talala,Gujarat,Y,Y,d
362151,Talala,Gujarat,N,Y,b
362152,Talala,Gujarat,N,Y,b
362155,Talala,Gujarat,N,Y,b
362204,Junagadh,Tamil Nadu,N,N,d
362205,Junagadh,Gujarat,Y,Y,b
362215,Mendarda,Gujarat,Y,Y,d
362216,Keshod,Gujarat,N,Y,b
362220,Keshod,Gujarat,Y,Y,d
362221,Keshod,Gujarat,Y,Y,d
362222,Keshod,Gujarat,Y,Y,d
362223,Keshod,Gujarat,N,Y,b
362224,Keshod,Gujarat,N,Y,b
362225,Keshod,Gujarat,Y,Y,d
362226,Keshod,Gujarat,Y,Y,d
362227,Keshod,Gujarat,Y,Y,d
362228,Keshod,Gujarat,N,Y,b
362229,Keshod,Gujarat,Y,Y,d
362230,Madhavpur,Gujarat,Y,Y,d
362231,Keshod,Gujarat,N,Y,d
362235,Keshod,Gujarat,Y,Y,d
362240,Madhavpur,Gujarat,Y,Y,d
362242,Mangrol,Gujarat,N,Y,b
362245,Keshod,Gujarat,Y,Y,d
362246,Keshod,Gujarat,N,Y,b
362247,Keshod,Gujarat,N,Y,b
362248,Keshod,Gujarat,N,Y,b
362249,Keshod,Gujarat,N,Y,b
362250,Keshod,Gujarat,Y,Y,d
362251,Mangrol,Gujarat,N,Y,d
362255,Veraval,Gujarat,Y,Y,d
362256,Veraval,Gujarat,Y,Y,d
362257,Veraval,Gujarat,N,Y,d
362258,Veraval,Gujarat,Y,Y,d
362259,Veraval,Gujarat,N,Y,b
362260,Mendarda,Gujarat,Y,Y,d
362263,Mendarda,Gujarat,Y,Y,d
362265,Veraval,Gujarat,Y,Y,d
362266,Veraval,Gujarat,Y,Y,d
362267,Veraval,Gujarat,Y,Y,d
362268,Veraval,Gujarat,Y,Y,d
362269,Veraval,Gujarat,Y,Y,d
362271,Kodinar,Daman And Diu,N,Y,b
362275,Veraval,Gujarat,Y,Y,d
362276,Veraval,Gujarat,Y,Y,d
362277,Kodinar,Daman And Diu,N,Y,b
362278,Kodinar,Daman And Diu,N,Y,b
362310,Junagadh,Gujarat,Y,Y,b
362315,Jetpur,Gujarat,Y,Y,b
362415,Junagadh,Gujarat,N,N,d
362510,UNA,Gujarat,Y,Y,d
362515,Unagj,Gujarat,N,Y,b
362520,UNA,Gujarat,Y,Y,d
362530,Girgadhada,Gujarat,Y,Y,d
362540,UNA,Gujarat,Y,Y,d
362550,UNA,Gujarat,Y,Y,d
362551,Veraval,Gujarat,N,Y,d
362552,Unagj,Gujarat,N,Y,b
362560,UNA,Gujarat,Y,Y,d
362565,UNA,Gujarat,Y,Y,d
362570,UNA,Gujarat,Y,Y,d
362571,Una,Gujarat,Y,Y,d
362610,Junagadh,Gujarat,Y,Y,b
362615,Junagadh,Gujarat,N,Y,b
362620,Manavadar,Gujarat,Y,Y,d
362621,Kutiyana,Gujarat,N,Y,b
362623,Kutiyana,Gujarat,N,Y,b
362624,Kutiyana,Gujarat,N,Y,b
362625,Manavadar,Gujarat,Y,Y,d
362626,Manavadar,Gujarat,N,Y,b
362627,Manavadar,Gujarat,N,Y,b
362630,Manavadar,Gujarat,Y,Y,d
362633,Manavadar,Gujarat,N,Y,b
362634,Manavadar,Gujarat,N,Y,b
362640,Manavadar,Gujarat,Y,Y,d
362650,Kutiyana,Gujarat,Y,Y,d
362652,Kutiyana,Gujarat,N,Y,b
362653,Kutiyana,Gujarat,N,Y,b
362710,Kodinar,Gujarat,Y,Y,d
362715,Kodinar,Gujarat,Y,Y,d
362720,Kodinar,Gujarat,Y,Y,d
362721,Kodinar,Daman And Diu,N,Y,b
362722,Kodinar,Daman And Diu,N,Y,b
362725,Kodinar,Gujarat,Y,Y,d
362726,Kodinar,Daman And Diu,N,Y,b
362727,Kodinar,Daman And Diu,N,Y,b
362730,UNA-GJ,Gujarat,N,Y,b
362733,Kodinar,Daman And Diu,N,Y,b
363001,Surendranagar,Gujarat,Y,Y,b
363002,Surendranagar,Gujarat,Y,Y,b
363005,Salem,Tamil Nadu,N,N,d
363007,Surendranagar,Gujarat,Y,Y,b
363020,Surendranagar,Gujarat,Y,Y,b
363022,Surendranagar,Gujarat,N,Y,b
363023,Surendranagar,Gujarat,N,Y,b
363030,Surendranagar,Gujarat,Y,Y,b
363031,Surendranagar,Gujarat,Y,Y,b
363035,Surendranagar,Gujarat,Y,Y,b
363039,Surendranagar,Gujarat,Y,Y,b
363040,Surendranagar,Gujarat,Y,Y,b
363041,Surendranagar,Gujarat,N,Y,b
363045,Surendranagar,Gujarat,N,Y,b
363110,Surendranagar,Gujarat,Y,Y,b
363115,Patdi,Gujarat,Y,Y,b
363140,Talala,Gujarat,N,N,d
363250,Chotila,Gujarat,N,Y,b
363310,Dhrangadhra,Gujarat,Y,Y,b
363312,Dharangathra,Gujarat,N,Y,b
363315,Dharangathra,Gujarat,N,Y,b
363320,Dhrangadhra,Gujarat,Y,Y,b
363330,Halvad,Gujarat,Y,Y,b
363331,Halvad,Gujarat,N,Y,b
363332,Halvad,Gujarat,N,Y,b
363333,Halvad,Gujarat,N,Y,b
363334,Halvad,Gujarat,Y,Y,b
363351,Halvad,Gujarat,Y,Y,b
363410,Limbdi,Gujarat,Y,Y,b
363411,Ranpur,Gujarat,N,N,d
363412,Surendranagar,Gujarat,N,N,d
363415,Limbdi,Gujarat,Y,Y,b
363416,Ranpur,Gujarat,N,N,d
363420,Limdi,Gujarat,N,Y,b
363421,Limbdi,Gujarat,Y,Y,b
363422,Limdi,Gujarat,N,Y,b
363423,Limbdi,Gujarat,Y,Y,b
363424,Limdi,Gujarat,N,Y,b
363426,Limdi,Gujarat,N,Y,b
363427,Limbdi,Gujarat,Y,Y,b
363430,Chotila,Gujarat,Y,Y,b
363435,Surendranagar,Gujarat,Y,Y,b
363440,Limbdi,Gujarat,Y,Y,b
363510,Limbdi,Gujarat,Y,Y,b
363520,Chotila,Gujarat,Y,Y,b
363522,Chotila,Gujarat,N,Y,b
363530,Chotila,Gujarat,Y,Y,b
363535,Chotila,Gujarat,N,Y,b
363610,Vijapur,Gujarat,Y,Y,d
363621,Wankaner,Gujarat,Y,Y,b
363622,Wankaner,Gujarat,Y,Y,b
363623,Wankaner,Gujarat,Y,Y,b
363626,Chotila,Gujarat,N,Y,b
363630,Halvad,Gujarat,Y,Y,b
363631,Morbi,Gujarat,Y,Y,b
363632,Almora,Uttarakhand,N,N,d
363636,Rajkot,Gujarat,N,N,d
363641,Morbi,Gujarat,Y,Y,b
363642,Morbi,Gujarat,Y,Y,b
363643,Morbi,Gujarat,Y,Y,b
363646,Morbi,Gujarat,N,N,d
363650,Morbi,Gujarat,Y,Y,b
363655,DHROL,Gujarat,Y,Y,b
363660,Morbi E-Tail Centre,Gujarat,Y,Y,b
363665,Veraval,Gujarat,N,Y,b
363666,Veraval,Gujarat,N,Y,b
363667,Veraval,Gujarat,N,Y,b
363668,Veraval,Gujarat,N,Y,b
363669,Veraval,Gujarat,N,Y,b
363670,Morbi,Gujarat,N,N,d
363745,Patdi,Gujarat,Y,Y,b
363750,Viramgam,Gujarat,Y,Y,b
363755,Viramgam,Gujarat,Y,Y,b
363760,Patdi,Gujarat,Y,Y,b
363765,Patdi,Gujarat,Y,Y,b
363775,#REF!,#REF!,N,N,d
363780,#REF!,#REF!,N,N,d
364001,Bhavnagar,Gujarat,Y,Y,b
364002,Bhavnagar,Gujarat,Y,Y,b
364003,Bhavnagar,Gujarat,Y,Y,b
364004,Bhavnagar,Gujarat,Y,Y,b
364005,Bhavnagar,Gujarat,Y,Y,b
364006,Bhavnagar,Gujarat,Y,Y,b
364021,Bhavnagar,Gujarat,N,Y,b
364022,Bhavnagar,Gujarat,N,Y,b
364050,Bhavnagar,Gujarat,Y,Y,b
364055,Bhavnagar,Gujarat,Y,Y,b
364060,Bhavnagar,Gujarat,Y,Y,b
364061,Bhavnagar,Gujarat,N,Y,b
364070,BHAVNAGAR,Gujarat,N,N,b
364071,Bhavnagar,Gujarat,N,Y,b
364081,Talaja,Gujarat,Y,Y,b
364110,Bhavnagar,Gujarat,Y,Y,b
364120,Talaja,Gujarat,Y,Y,b
364130,Mahuva,Gujarat,Y,Y,b
364131,Talaja,Gujarat,N,N,d
364135,Talaja,Gujarat,N,Y,b
364140,Talaja,Gujarat,Y,Y,b
364145,Mahuva,Gujarat,Y,Y,b
364146,Palitana,Gujarat,N,Y,b
364150,Talaja,Gujarat,Y,Y,b
364151,Talaja,Gujarat,N,N,d
364210,Sihor,Gujarat,Y,Y,b
364215,Palitana,Gujarat,N,Y,b
364220,Palitana,Gujarat,N,Y,b
364225,Palitana,Gujarat,N,Y,b
364230,Dhasa,Gujarat,Y,Y,b
364231,Palitana,Gujarat,N,Y,b
364240,Sihor,Gujarat,Y,Y,b
364241,Bhavnagar,Gujarat,Y,Y,b
364245,Palitana,Gujarat,N,Y,b
364250,Sihor,Gujarat,Y,Y,b
364251,Palitana,Gujarat,N,Y,b
364260,Sihor,Gujarat,Y,Y,b
364261,Palitana,Gujarat,N,Y,b
364262,Palitana,Gujarat,N,Y,b
364265,Palitana,Gujarat,Y,Y,b
364270,Palitana,Gujarat,Y,Y,b
364275,Palitana,Gujarat,N,Y,b
364276,Palitana,Gujarat,N,Y,b
364280,Mahuva,Gujarat,Y,Y,b
364290,Mahuva,Gujarat,Y,Y,b
364292,Mahuva,Gujarat,N,Y,b
364293,Mahuva,Gujarat,N,Y,b
364295,Mahuva,Gujarat,Y,Y,b
364296,Mahuva,Gujarat,N,Y,b
364297,Mahuva,Gujarat,N,Y,b
364298,Mahuva,Gujarat,N,Y,b
364310,BHAVNAGAR,Gujarat,Y,Y,b
364311,Palitana,Gujarat,N,Y,b
364312,Palitana,Gujarat,N,Y,b
364313,BHAVNAGAR,Gujarat,N,N,b
364315,Botad,Gujarat,Y,Y,b
364320,Sihor,Gujarat,Y,Y,b
364330,Sihor,Gujarat,Y,Y,b
364335,Palitana,Gujarat,N,Y,b
364365,Amreli,Gujarat,N,Y,b
364410,Palitana,Gujarat,N,Y,b
364421,Amreli,Gujarat,Y,Y,b
364430,Amreli,Gujarat,N,Y,b
364431,Amreli,Gujarat,N,Y,b
364432,Amreli,Gujarat,N,Y,b
364435,Amreli,Gujarat,N,Y,b
364436,Amreli,Gujarat,N,Y,b
364440,Jetpur,Gujarat,N,Y,b
364445,Dhari,Gujarat,N,Y,b
364455,Amreli,Gujarat,N,Y,b
364456,Savarkundla,Gujarat,N,Y,b
364457,Amreli,Gujarat,N,Y,b
364458,Dhari,Gujarat,N,Y,b
364460,Amreli,Gujarat,N,Y,b
364465,Amreli,Gujarat,Y,Y,b
364470,Amreli,Gujarat,Y,Y,b
364481,Dhari,Gujarat,N,Y,b
364485,Jetpur,Gujarat,Y,Y,b
364490,Amreli,Gujarat,Y,Y,b
364505,Palitana,Gujarat,Y,Y,b
364506,Palitana,Gujarat,N,Y,b
364507,Palitana,Gujarat,N,Y,b
364508,Palitana,Gujarat,N,Y,b
364510,Mahuva,Gujarat,Y,Y,b
364514,SAVARKUNDLA,Gujarat,N,N,d
364515,Savarkundla,Gujarat,Y,Y,b
364517,Savarkundla,Gujarat,N,Y,b
364518,Savarkundla,Gujarat,N,Y,b
364519,Amreli,Gujarat,N,Y,b
364521,Savarkundla,Gujarat,N,Y,b
364522,Savarkundla,Gujarat,Y,Y,b
364523,Savarkundla,Gujarat,N,Y,b
364524,Savarkundla,Gujarat,N,Y,b
364525,Palitana,Gujarat,Y,Y,b
364526,Palitana,Gujarat,N,Y,b
364530,Savarkundla,Gujarat,Y,Y,b
364535,Junagadh,Gujarat,N,Y,b
364536,Amreli,Gujarat,N,Y,b
364537,Amreli,Gujarat,N,Y,b
364540,Amreli,Gujarat,Y,Y,b
364545,Unagj,Gujarat,N,Y,b
364550,Amreli,Gujarat,N,Y,b
364560,Rajula,Gujarat,Y,Y,b
364561,Mahuva,Gujarat,N,Y,b
364565,Amreli,Gujarat,Y,Y,b
364570,Amreli,Gujarat,N,N,d
364601,Amreli,Gujarat,N,N,d
364610,Amreli,Gujarat,N,Y,b
364615,Amreli,Gujarat,N,Y,b
364616,Amreli,Gujarat,N,Y,b
364620,Amreli,Gujarat,N,Y,b
364622,Barwala,Haryana,N,Y,d
364630,Savarkundla,Gujarat,Y,Y,b
364632,Lathi,Gujarat,N,Y,b
364633,Savarkundla,Gujarat,N,Y,b
364635,Savarkundla,Gujarat,N,Y,b
364640,Lathi,Gujarat,N,Y,b
364641,Lathi,Gujarat,N,Y,b
364645,Junagadh,Gujarat,N,Y,b
364660,Dhari,Gujarat,N,Y,b
364710,Botad,Gujarat,Y,Y,b
364712,Botad,Gujarat,N,Y,b
364713,Botad,Gujarat,N,Y,b
364714,Botad,Gujarat,N,Y,b
364720,Botad,Gujarat,Y,Y,b
364730,Dhasa,Gujarat,Y,Y,b
364740,Dhasa,Gujarat,Y,Y,b
364741,Gathda,Gujarat,N,Y,b
364750,Botad,Gujarat,Y,Y,b
364760,Gathda,Gujarat,N,Y,b
364765,GATHDA,Gujarat,N,Y,b
365000,Amreli,Gujarat,N,N,d
365001,Rajkot,Gujarat,Y,Y,b
365220,Dhasa,Gujarat,Y,Y,b
365410,Amreli,Gujarat,Y,Y,b
365421,Dhasa,Gujarat,Y,Y,b
365422,Lathi,Gujarat,N,Y,b
365430,Amreli,Gujarat,Y,Y,b
365435,Dhasa,Gujarat,Y,Y,b
365440,Amreli,Gujarat,Y,Y,b
365450,Amreli,Gujarat,Y,Y,b
365455,Amreli,Gujarat,Y,Y,b
365456,Amreli,Gujarat,Y,Y,b
365460,AMRELI,Gujarat,Y,Y,b
365480,Bhesan,Gujarat,Y,Y,d
365490,Amreli,Gujarat,Y,Y,b
365535,Amreli,Gujarat,Y,Y,b
365540,Rajula,Gujarat,Y,Y,b
365541,Rajula,Gujarat,Y,Y,b
365545,Rajula,Gujarat,Y,Y,b
365550,Dhari,Gujarat,N,Y,b
365555,RAJULA,Gujarat,Y,Y,b
365560,Rajula,Gujarat,Y,Y,b
365565,Rajula,Gujarat,N,Y,b
365601,Amreli,Gujarat,Y,Y,b
365610,AMRELI,Gujarat,Y,Y,b
365615,Amreli,Gujarat,N,Y,b
365616,Amreli,Gujarat,N,Y,b
365620,AMRELI,Gujarat,Y,Y,b
365630,Visavadar,Gujarat,Y,Y,b
365632,Dhari,Gujarat,N,Y,b
365635,Savarkundla,Gujarat,Y,Y,b
365640,Visavadar,Gujarat,Y,Y,b
365645,Visavadar,Gujarat,Y,Y,d
365650,Visavadar,Gujarat,Y,Y,b
365660,Visavadar,Gujarat,Y,Y,d
365665,Amreli,Gujarat,Y,Y,b
365730,Vadodara,Gujarat,N,Y,b
370001,Bhuj,Gujarat,Y,Y,d
370002,BHUJ,Gujarat,Y,Y,d
370006,Bhuj,Gujarat,Y,Y,d
370007,Bhuj,Gujarat,Y,Y,d
370015,BHUJ,Gujarat,Y,Y,d
370020,Bhuj,Gujarat,Y,Y,d
370030,Bhuj,Gujarat,Y,Y,d
370040,Bhuj,Gujarat,Y,Y,d
370061,Bhuj,Gujarat,N,Y,b
370100,Anjar,Gujarat,N,N,d
370105,Bhuj,Gujarat,Y,Y,d
370110,Anjar,Gujarat,Y,Y,d
370111,Gandhidham,Gujarat,N,Y,b
370115,Bhachau,Gujarat,Y,Y,d
370130,Anjar,Gujarat,Y,Y,d
370132,Gandhidham,Gujarat,N,Y,b
370135,Bhachau,Gujarat,Y,Y,d
370140,Bhachau,Gujarat,Y,Y,d
370141,Bhachau,Gujarat,N,Y,b
370145,BACHAU,Gujarat,N,N,b
370146,Bhachau,Gujarat,N,N,d
370147,Bhachau,Gujarat,N,N,d
370150,Bhachau,Gujarat,Y,Y,d
370155,Bhachau,Gujarat,Y,Y,d
370156,Rapar,Gujarat,Y,Y,d
370160,Rapar,Gujarat,Y,Y,d
370165,Rapar,Gujarat,Y,Y,d
370170,Botad,Gujarat,Y,Y,b
370201,Gandhidham,Gujarat,Y,Y,d
370202,Gandhidham,Gujarat,Y,Y,d
370203,Gandhidham,Gujarat,Y,Y,d
370204,Gandhidham,Gujarat,Y,Y,b
370205,Anjar,Gujarat,Y,Y,d
370210,Gandhidham,Gujarat,Y,Y,d
370230,Gandhidham,Gujarat,Y,Y,d
370240,Gandhidham,Gujarat,Y,Y,d
370405,Mundra,Gujarat,Y,Y,d
370406,Mundra,Gujarat,N,Y,b
370410,Mundra,Gujarat,Y,Y,d
370411,MUNDRA,Gujarat,N,Y,b
370415,Mundra,Gujarat,Y,Y,d
370421,Mundra,Gujarat,Y,Y,d
370422,Mundra,Gujarat,N,Y,b
370425,MUNDRA,Gujarat,N,N,b
370427,Bhuj,Gujarat,Y,Y,d
370429,BHUJ,Gujarat,Y,Y,b
370430,BHUJ,Gujarat,Y,Y,d
370435,Mandvi,Gujarat,Y,Y,d
370440,Mundra,Gujarat,N,Y,b
370445,MANDVI,Gujarat,Y,Y,d
370450,Mandvi,Gujarat,Y,Y,b
370455,Mandvi,Gujarat,Y,Y,d
370460,Mandvi,Gujarat,Y,Y,d
370465,Mandvi,Gujarat,Y,Y,d
370471,Mandvi,Gujarat,Y,Y,b
370472,Mandvi,Gujarat,Y,Y,b
370475,Mandvi,Gujarat,Y,Y,d
370485,MANDVI,Gujarat,N,Y,d
370490,NALIYA,Gujarat,N,Y,d
370510,BHUJ,Gujarat,N,N,d
370511,Naliya,Gujarat,Y,Y,d
370515,Naliya,Gujarat,N,Y,b
370601,Dayapar,Gujarat,N,Y,d
370602,Dayapar,Gujarat,N,Y,b
370605,Nakhatrana,Gujarat,N,Y,d
370610,Nakhatrana,Gujarat,N,Y,d
370611,Bhuj,Gujarat,N,Y,b
370615,Nakhatrana,Gujarat,N,Y,d
370620,Nakhatrana,Gujarat,N,Y,d
370625,Dayapar,Gujarat,N,Y,d
370627,Dayapar,Gujarat,N,Y,d
370630,Dayapar,Gujarat,N,Y,d
370635,Bhuj,Gujarat,N,Y,b
370640,Naliya,Gujarat,Y,Y,d
370641,#REF!,#REF!,N,N,d
370645,Naliya,Gujarat,Y,Y,d
370650,Naliya,Gujarat,Y,Y,d
370655,Naliya,Gujarat,Y,Y,d
370660,Naliya,Gujarat,Y,Y,d
370665,Nakhatrana,Gujarat,N,Y,d
370670,Nakhatrana,Gujarat,N,Y,d
370675,Nakhatrana,Gujarat,N,Y,d
380000,Ahmedabad,Gujarat,N,Y,b
380001,Ahmedabad,Gujarat,Y,Y,b
380002,Ahmedabad,Gujarat,Y,Y,b
380003,Ahmedabad,Gujarat,Y,Y,b
380004,Ahmedabad,Gujarat,Y,Y,b
380005,Ahmedabad,Gujarat,Y,Y,b
380006,Ahmedabad,Gujarat,Y,Y,b
380007,Ahmedabad,Gujarat,Y,Y,b
380008,Ahmedabad,Gujarat,Y,Y,b
380009,Ahmedabad,Gujarat,Y,Y,b
380010,Ahmedabad,Gujarat,Y,Y,b
380011,Ahmedabad,Gujarat,Y,Y,b
380012,Vadodara,Gujarat,Y,Y,b
380013,Ahmedabad,Gujarat,Y,Y,b
380014,Ahmedabad,Gujarat,Y,Y,b
380015,Ahmedabad,Gujarat,Y,Y,b
380016,Ahmedabad,Gujarat,Y,Y,b
380017,Ahmedabad,Gujarat,Y,Y,b
380018,Ahmedabad,Gujarat,Y,Y,b
380019,Ahmedabad,Gujarat,Y,Y,b
380020,Ahmedabad,Gujarat,Y,Y,b
380021,Ahmedabad,Gujarat,Y,Y,b
380022,Ahmedabad,Gujarat,Y,Y,b
380023,Ahmedabad,Gujarat,Y,Y,b
380024,Ahmedabad,Gujarat,Y,Y,b
380025,Ahmedabad,Gujarat,Y,Y,b
380026,Ahmedabad,Gujarat,Y,Y,b
380027,Ahmedabad,Gujarat,Y,Y,b
380028,Ahmedabad,Gujarat,Y,Y,b
380029,Ahmedabad,Gujarat,Y,Y,b
380030,Gandhinagar,Gujarat,Y,Y,b
380038,Ahmedabad,Gujarat,Y,Y,b
380041,Ahmedabad,Gujarat,Y,Y,b
380043,Ahmedabad,Gujarat,Y,Y,b
380045,Ahmedabad,Gujarat,Y,Y,b
380049,AHMEDABAD,Gujarat,Y,Y,b
380050,Ahmedabad,Gujarat,Y,Y,b
380051,Ahmedabad,Gujarat,Y,Y,b
380052,Ahmedabad,Gujarat,Y,Y,b
380053,Ahmedabad,Gujarat,Y,Y,b
380054,Ahmedabad,Gujarat,Y,Y,b
380055,Ahmedabad,Gujarat,Y,Y,b
380056,Ahmedabad,Gujarat,N,Y,b
380057,Ahmedabad,Gujarat,Y,Y,b
380058,Bopal,Gujarat,Y,Y,b
380059,Ahmedabad,Gujarat,Y,Y,b
380060,Ahmedabad,Gujarat,Y,Y,b
380061,Ahmedabad,Gujarat,Y,Y,b
380062,Ahmedabad,Gujarat,Y,Y,b
380063,Ahmedabad,Gujarat,Y,Y,b
380075,Ahmedabad,Gujarat,N,Y,b
380081,Ahmedabad,Gujarat,N,Y,b
380123,Ahmedabad,Gujarat,N,Y,b
380151,Ahmedabad,Gujarat,N,Y,b
380152,Ahmedabad,Gujarat,N,Y,b
380202,Ahmedabad,Gujarat,N,Y,b
380210,Ahmedabad,Gujarat,Y,Y,b
380215,Ahmedabad,Gujarat,N,Y,b
380316,Ahmedabad,Gujarat,N,Y,b
380330,Ahmedabad,Gujarat,Y,Y,b
380452,Ahmedabad,Gujarat,N,Y,b
380481,Ahmedabad,Gujarat,N,Y,b
381111,Ahmedabad,Gujarat,N,Y,d
381156,Ahmedabad,Gujarat,N,Y,b
381520,Valsad,Gujarat,N,Y,b
382000,Gandhinagar,Gujarat,Y,Y,b
382001,Gandhinagar,Gujarat,Y,Y,b
382002,Gandhinagar,Gujarat,Y,Y,b
382003,Gandhinagar,Gujarat,Y,Y,b
382004,Gandhinagar,Gujarat,Y,Y,b
382005,Gandhinagar,Gujarat,Y,Y,b
382006,Gandhinagar,Gujarat,Y,Y,b
382007,Gandhinagar,Gujarat,Y,Y,b
382008,Gandhinagar,Gujarat,Y,Y,b
382009,Gandhinagar,Gujarat,Y,Y,b
382010,Gandhinagar,Gujarat,Y,Y,b
382011,Gandhinagar,Gujarat,Y,Y,b
382012,Gandhinagar,Gujarat,Y,Y,b
382013,Gandhinagar,Gujarat,Y,Y,b
382014,Gandhinagar,Gujarat,Y,Y,b
382015,Gandhinagar,Gujarat,Y,Y,b
382016,Gandhinagar,Gujarat,Y,Y,b
382017,Gandhinagar,Gujarat,Y,Y,b
382018,Gandhinagar,Gujarat,Y,Y,b
382019,Gandhinagar,Gujarat,Y,Y,b
382020,Gandhinagar,Gujarat,Y,Y,b
382021,Gandhinagar,Gujarat,Y,Y,b
382022,Gandhinagar,Gujarat,Y,Y,b
382023,Gandhinagar,Gujarat,Y,Y,b
382024,Gandhinagar,Gujarat,Y,Y,b
382025,Gandhinagar,Gujarat,Y,Y,b
382026,Gandhinagar,Gujarat,Y,Y,b
382027,Gandhinagar,Gujarat,Y,Y,b
382028,Gandhinagar,Gujarat,Y,Y,b
382029,Gandhinagar,Gujarat,Y,Y,b
382030,Gandhinagar,Gujarat,Y,Y,b
382032,Ahmedabad,Gujarat,N,N,d
382041,Gandhinagar,Gujarat,Y,Y,b
382042,Gandhinagar,Gujarat,Y,Y,b
382043,Gandhinagar,Gujarat,Y,Y,b
382044,Gandhinagar,Gujarat,Y,Y,b
382045,Gandhinagar,Gujarat,Y,Y,b
382050,Gandhinagar,Gujarat,Y,Y,b
382051,Gandhinagar,Gujarat,Y,Y,b
382055,Gandhinagar,Gujarat,Y,Y,b
382110,Sanand,Gujarat,Y,Y,b
382115,Ahmedabad,Gujarat,Y,Y,b
382117,Ahmedabad,Gujarat,N,N,d
382120,Kadi,Gujarat,Y,Y,b
382121,Kalol,Gujarat,N,Y,b
382122,Gandhinagar,Gujarat,N,N,b
382130,Viramgam,Gujarat,Y,Y,b
382140,Viramgam,Gujarat,Y,Y,b
382145,Kadi,Gujarat,Y,Y,b
382150,Viramgam,Gujarat,Y,Y,b
382155,Ahmedabad,Gujarat,N,N,d
382160,Viramgam,Gujarat,Y,Y,b
382165,Kadi,Gujarat,Y,Y,b
382166,Kadi,Gujarat,N,N,d
382170,Viramgam,Gujarat,Y,Y,b
382210,Bavla,Gujarat,Y,Y,b
382211,Ahmedabad,Gujarat,Y,Y,b
382212,Ahmedabad,Gujarat,N,N,d
382213,Bavla,Gujarat,Y,Y,b
382214,Ahmedabad,Gujarat,N,N,d
382215,Ahmedabad,Gujarat,N,N,d
382220,Bavla,Gujarat,Y,Y,b
382225,Dholka,Gujarat,Y,Y,b
382230,Bavla,Gujarat,Y,Y,b
382240,Bavla,Gujarat,Y,Y,b
382241,Limdi,Gujarat,N,Y,b
382245,Limbdi,Gujarat,Y,Y,b
382250,Dhandhuka,Gujarat,Y,Y,b
382255,Botad,Gujarat,Y,Y,b
382260,Dholka,Gujarat,Y,Y,b
382265,Dholka,Gujarat,Y,Y,b
382270,Limdi,Gujarat,N,Y,b
382276,Limdi,Gujarat,N,Y,b
382305,Dahegam,Gujarat,Y,Y,b
382308,Dahegam,Gujarat,Y,Y,b
382310,Dehgam,Gujarat,N,Y,b
382315,Dahegam,Gujarat,Y,Y,b
382316,Ahmedabad,Gujarat,N,Y,b
382320,Gandhinagar,Gujarat,Y,Y,b
382321,Gandhinagar,Gujarat,Y,Y,b
382324,Ahmedabad,Gujarat,Y,Y,b
382325,Ahmedabad,Gujarat,Y,Y,b
382327,Ahmedabad,Gujarat,Y,Y,b
382330,Ahmedabad,Gujarat,Y,Y,b
382333,Ahmedabad,Gujarat,Y,Y,b
382334,Ahmedabad,Gujarat,N,N,d
382340,Ahmedabad,Gujarat,Y,Y,b
382345,Ahmedabad,Gujarat,Y,Y,b
382346,Ahmedabad,Gujarat,Y,Y,b
382350,Ahmedabad,Gujarat,Y,Y,b
382352,Ahmedabad,Gujarat,Y,Y,b
382355,Gandhinagar,Gujarat,Y,Y,b
382360,Ahmedabad,Gujarat,N,Y,b
382404,Ahmedabad,Gujarat,Y,Y,b
382405,Ahmedabad,Gujarat,Y,Y,b
382410,Ahmedabad,Gujarat,Y,Y,b
382415,Ahmedabad,Gujarat,Y,Y,b
382417,Ahmedabad,Gujarat,N,N,d
382418,Ahmedabad,Gujarat,Y,Y,b
382419,Gandhinagar,Gujarat,Y,Y,b
382420,Gandhinagar,Gujarat,Y,Y,b
382421,Gandhinagar,Gujarat,Y,Y,b
382422,Gandhinagar,Gujarat,Y,Y,b
382423,Gandhinagar,Gujarat,Y,Y,b
382424,Ahmedabad,Gujarat,Y,Y,b
382425,Ahmedabad,Gujarat,Y,Y,b
382426,Gandhinagar,Gujarat,Y,Y,b
382427,Ahmedabad,Gujarat,Y,Y,b
382428,Ahmedabad,Gujarat,Y,Y,b
382430,Ahmedabad,Gujarat,Y,Y,b
382431,Ahmedabad,Gujarat,N,N,d
382433,Ahmedabad,Gujarat,Y,Y,b
382434,AHMEDABAD,GUJARAT,N,N,d
382435,Ahmedabad,Gujarat,Y,Y,b
382440,Ahmedabad,Gujarat,Y,Y,b
382442,Ahmedabad,Gujarat,Y,Y,b
382443,Ahmedabad,Gujarat,Y,Y,b
382445,Ahmedabad,Gujarat,Y,Y,b
382449,Ahmedabad,Gujarat,Y,Y,b
382450,Botad,Gujarat,Y,Y,b
382451,Barwalagj,Gujarat,N,Y,b
382455,Dhandhuka,Gujarat,Y,Y,b
382460,Dhandhuka,Gujarat,Y,Y,b
382461,AHMEDABAD,GUJARAT,N,N,d
382463,Dhandhuka,Gujarat,Y,Y,b
382465,Dhandhuka,Gujarat,Y,Y,b
382470,Ahmedabad,Gujarat,Y,Y,b
382475,Ahmedabad,Gujarat,Y,Y,b
382480,Ahmedabad,Gujarat,Y,Y,b
382481,Ahmedabad,Gujarat,Y,Y,b
382501,Gandhinagar,Gujarat,Y,Y,b
382610,Gandhinagar,Gujarat,Y,Y,b
382620,Gandhinagar,Gujarat,Y,Y,b
382625,Gandhinagar,Gujarat,Y,Y,b
382630,Kalol,Gujarat,Y,Y,b
382640,Kalol,Gujarat,Y,Y,b
382644,Gandhinagar,Gujarat,N,Y,b
382650,Kalol,Gujarat,Y,Y,b
382655,Gandhinagar,Gujarat,Y,Y,b
382704,Kalol,Gujarat,N,Y,b
382705,Kadi,Gujarat,Y,Y,b
382706,Mehsana,Gujarat,N,N,d
382707,Kalol,Gujarat,N,Y,b
382708,Mehsana,Gujarat,N,Y,b
382709,Mehsana,Gujarat,N,Y,b
382710,Mehsana,Gujarat,Y,Y,b
382711,Mehsana,Gujarat,Y,Y,b
382712,Anand,Gujarat,Y,Y,b
382713,Mehsana,Gujarat,N,Y,b
382715,Kadi,Gujarat,Y,Y,b
382716,Kadi,Gujarat,Y,Y,b
382717,Kadi,Gujarat,N,N,d
382718,Mehsana,Gujarat,N,N,d
382719,Kalol,Gujarat,N,Y,b
382720,Kalol,Gujarat,N,Y,b
382721,Kalol,Gujarat,Y,Y,b
382722,Kalol,Gujarat,Y,Y,b
382723,Kalol,Gujarat,N,N,d
382724,Ahmedabad,Gujarat,N,Y,b
382725,Kalol,Gujarat,Y,Y,b
382726,Kalol,Gujarat,N,Y,b
382727,Kadi-Gj,Gujarat,N,Y,b
382728,Kadi,Gujarat,Y,Y,b
382729,Kalol,Gujarat,Y,Y,b
382730,Mehsana,Gujarat,Y,Y,b
382731,Kalol,Gujarat,N,Y,b
382732,Mehsana,Gujarat,Y,Y,b
382733,Mehsana,Gujarat,N,Y,b
382734,Mehsana,Gujarat,N,Y,b
382735,Kalol,Gujarat,Y,Y,b
382736,Mansa Gj,Gujarat,N,Y,b
382737,Mansa Gj,Gujarat,N,Y,b
382739,Mansa Gj,Gujarat,N,Y,b
382740,Kalol,Gujarat,Y,Y,b
382741,Mehsana,Gujarat,N,N,d
382742,Kalol,Gujarat,N,Y,b
382743,Kalol,Gujarat,Y,Y,b
382745,Patdi,Gujarat,Y,Y,b
382750,Viramgam,Gujarat,Y,Y,b
382755,Viramgam,Gujarat,N,Y,b
382760,Patdi,Gujarat,Y,Y,b
382765,Patdi,Gujarat,Y,Y,b
382775,Surendranagar,Gujarat,N,Y,b
382780,Viramgam,Gujarat,Y,Y,b
382797,Vijapur,Gujarat,N,Y,b
382805,Vijapur,Gujarat,N,Y,b
382806,Vijapur,Gujarat,N,Y,b
382810,Vijapur,Gujarat,Y,Y,b
382812,Vijapur,Gujarat,N,Y,b
382815,Vijapur,Gujarat,Y,Y,b
382816,Vijapur,Gujarat,N,Y,b
382820,Vijapur,Gujarat,Y,Y,b
382823,Gandhinagar,Gujarat,Y,Y,b
382825,Mehsana,Gujarat,Y,Y,b
382826,Mehsana,Gujarat,N,Y,b
382830,Vijapur,Gujarat,Y,Y,b
382831,Vijapur,Gujarat,N,Y,b
382832,Vijapur,Gujarat,N,Y,b
382833,Vijapur,Gujarat,N,Y,b
382835,Gandhinagar,Gujarat,Y,Y,b
382836,Vijapur,Gujarat,N,Y,b
382840,Vadnagar,Gujarat,Y,Y,b
382845,Kalol,Gujarat,Y,Y,b
382850,Vijapur,Gujarat,Y,Y,b
382851,Vijapur,Gujarat,N,Y,b
382855,Gandhinagar,Gujarat,Y,Y,b
382856,Vijapur,Gujarat,N,Y,b
382857,Vijapur,Gujarat,N,Y,b
382860,Vadnagar,Gujarat,Y,Y,b
382861,Vadnagar,Gujarat,Y,Y,b
382862,Mehsana,Gujarat,N,Y,b
382863,Mehsana,Gujarat,N,Y,b
382865,Mehsana,Gujarat,Y,Y,b
382867,Mehsana,Gujarat,N,Y,b
382868,Mehsana,Gujarat,N,Y,b
382870,Himmatnagar,Gujarat,Y,Y,b
382871,Vijapur,Gujarat,N,Y,b
382875,Vijapur,Gujarat,Y,Y,b
383001,Himmatnagar,Gujarat,Y,Y,b
383002,Himmatnagar,Gujarat,Y,Y,b
383004,Ahmedabad,Gujarat,N,N,d
383006,Himmatnagar,Gujarat,Y,Y,b
383009,Ahmedabad,Gujarat,N,N,d
383010,Idar,Gujarat,Y,Y,b
383030,Himmatnagar,Gujarat,Y,Y,b
383110,Idar,Gujarat,Y,Y,b
383120,Himmatnagar,Gujarat,Y,Y,b
383205,Prantij,Gujarat,Y,Y,b
383210,Himmatnagar,Gujarat,Y,Y,b
383215,Prantij,Gujarat,Y,Y,b
383220,Himmatnagar,Gujarat,Y,Y,b
383225,Idar,Gujarat,Y,Y,b
383230,Idar,Gujarat,Y,Y,b
383235,Khedbrahma,Gujarat,Y,Y,b
383240,Bhiloda,Gujarat,Y,Y,b
383245,Bhiloda,Gujarat,Y,Y,b
383246,Bhiloda,Gujarat,Y,Y,b
383250,Modasa,Gujarat,Y,Y,b
383251,Bhiloda,Gujarat,Y,Y,b
383255,Khedbrahma,Gujarat,Y,Y,b
383260,Bayad,Gujarat,Y,Y,b
383270,KHEDBRAHMA,Gujarat,N,N,b
383275,Khedbrahma,Gujarat,Y,Y,b
383276,Modasa,Gujarat,Y,Y,b
383305,Himmatnagar,Gujarat,Y,Y,b
383307,Bayad,Gujarat,Y,Y,b
383310,Bayad,Gujarat,Y,Y,b
383315,Modasa,Gujarat,Y,Y,b
383316,Modasa,Gujarat,Y,Y,b
383317,Modasa,Gujarat,Y,Y,b
383320,Modasa,Gujarat,Y,Y,b
383325,Bayad,Gujarat,Y,Y,b
383327,Bayad,Gujarat,Y,Y,b
383330,Bayad,Gujarat,Y,Y,b
383335,Bayad,Gujarat,Y,Y,b
383340,Bayad,Gujarat,Y,Y,b
383341,Gandhinagar,Gujarat,Y,Y,b
383345,Modasa,Gujarat,Y,Y,b
383350,Modasa,Gujarat,Y,Y,b
383354,Ahmedabad,Gujarat,N,N,d
383355,Bhiloda,Gujarat,Y,Y,b
383410,Idar,Gujarat,Y,Y,b
383415,Ahmedabad,Gujarat,N,N,d
383421,Idar,Gujarat,Y,Y,b
383422,KHEDBRAHMA,Gujarat,N,N,b
383430,Idar,Gujarat,Y,Y,b
383434,Satlasana,Gujarat,Y,Y,b
383440,Idar,Gujarat,Y,Y,b
383450,Idar,Gujarat,Y,Y,b
383460,Bhiloda,Gujarat,Y,Y,b
383462,Bhiloda,Gujarat,Y,Y,b
384001,Mehsana,Gujarat,Y,Y,b
384002,Mehsana,Gujarat,Y,Y,b
384003,Mehsana,Gujarat,Y,Y,b
384004,Mehsana,Gujarat,N,Y,b
384005,Mehsana,Gujarat,N,N,b
384011,Mehsana,Gujarat,Y,Y,b
384012,Mehsana,Gujarat,Y,Y,b
384110,Patan,Gujarat,Y,Y,b
384111,Patan,Gujarat,N,Y,b
384112,Patan,Gujarat,N,Y,b
384120,Unjha,Gujarat,Y,Y,b
384121,Himmatnagar,Gujarat,Y,Y,b
384122,Mehsana,Gujarat,N,Y,b
384130,Unjha,Gujarat,Y,Y,b
384131,Vadnagar,Gujarat,N,Y,b
384132,Vadnagar,Gujarat,N,Y,b
384133,Vadnagar,Gujarat,N,Y,b
384135,Unjha,Gujarat,N,N,b
384140,Unjha,Gujarat,Y,Y,b
384151,Unjha,Gujarat,Y,Y,b
384152,Vadnagar,Gujarat,N,Y,b
384153,Mehsana,Gujarat,N,Y,b
384154,Vadnagar,Gujarat,N,Y,b
384160,Unjha,Gujarat,Y,Y,b
384165,Unjha,Gujarat,Y,Y,b
384170,Unjha,Gujarat,Y,Y,b
384171,Vadnagar,Gujarat,N,Y,b
384172,Vadnagar,Gujarat,N,Y,b
384174,Mehsana,Gujarat,N,Y,b
384175,Unjha,Gujarat,Y,Y,b
384176,Mehsana,Gujarat,N,Y,b
384177,Vadnagar,Gujarat,N,Y,b
384178,Mehsana,Gujarat,N,Y,b
384201,Niwari,Madhya Pradesh,N,Y,d
384205,Mehsana,Gujarat,Y,Y,b
384206,Mehsana,Gujarat,Y,Y,b
384207,Mehsana,Gujarat,Y,Y,b
384210,Becharaji,Gujarat,Y,Y,b
384211,Becharaji,Gujarat,N,Y,b
384212,Mehsana,Gujarat,Y,Y,b
384213,Mehsana,Gujarat,N,N,d
384215,Unjha,Gujarat,Y,Y,b
384220,Patan,Gujarat,Y,Y,b
384221,Patan,Gujarat,Y,Y,b
384222,Patan,Gujarat,N,Y,b
384225,Mehsana,Gujarat,Y,Y,b
384226,Mehsana,Gujarat,N,Y,b
384227,Patan,Gujarat,N,Y,b
384228,Patan,Gujarat,N,Y,b
384229,Mehsana,Gujarat,Y,Y,b
384230,Patan,Gujarat,Y,Y,b
384231,Becharaji,Gujarat,N,Y,b
384235,Becharaji,Gujarat,N,Y,b
384240,Harij,Gujarat,Y,Y,b
384241,Harij,Gujarat,Y,Y,b
384245,Sami,Gujarat,Y,Y,b
384246,Sami,Gujarat,Y,Y,b
384250,Visnagar,Gujarat,N,N,d
384255,Patan,Gujarat,Y,Y,b
384256,Patan,Gujarat,N,Y,b
384257,Patan,Gujarat,N,Y,b
384260,Patan,Gujarat,Y,Y,b
384261,Patan-Gj,Gujarat,N,Y,b
384265,Patan,Gujarat,Y,Y,b
384266,Patan,Gujarat,N,Y,b
384270,Unjha,Gujarat,Y,Y,b
384271,Patan-Gj,Gujarat,N,Y,b
384272,Patan,Gujarat,Y,Y,b
384273,Unjha,Gujarat,N,Y,b
384274,Patan,Gujarat,N,Y,b
384275,Patan,Gujarat,Y,Y,b
384276,Patan-Gj,Gujarat,N,Y,b
384277,Patan,Gujarat,N,Y,b
384278,Patan,Gujarat,N,Y,b
384280,Patan,Gujarat,N,Y,b
384285,Patan,Gujarat,Y,Y,b
384290,Unjha,Gujarat,Y,Y,b
384291,Patan,Gujarat,N,Y,b
384292,Patan-Gj,Gujarat,N,Y,b
384305,Vadnagar,Gujarat,Y,Y,b
384310,Unjha,Gujarat,Y,Y,b
384311,Mehsana,Gujarat,N,Y,b
384312,Unjha,Gujarat,Y,Y,b
384315,Vadnagar,Gujarat,Y,Y,b
384318,Vijapur,Gujarat,N,Y,b
384319,Vadnagar,Gujarat,N,Y,b
384320,Vadnagar,Gujarat,Y,Y,b
384321,Vadnagar,Gujarat,N,Y,b
384323,Vadnagar,Gujarat,N,Y,b
384325,Vadnagar,Gujarat,Y,Y,b
384327,Vadnagar,Gujarat,N,Y,b
384328,Vadnagar,Gujarat,N,Y,b
384329,Vadnagar,Gujarat,N,Y,b
384330,Satlasana,Gujarat,Y,Y,b
384335,Vadnagar,Gujarat,Y,Y,b
384340,Satlasana,Gujarat,Y,Y,b
384345,Vadnagar,Gujarat,Y,Y,b
384350,Satlasana,Gujarat,Y,Y,b
384355,Vadnagar,Gujarat,Y,Y,b
384360,Satlasana,Gujarat,Y,Y,b
384410,Mehsana,Gujarat,Y,Y,b
384411,Mehsana,Gujarat,Y,Y,b
384412,#REF!,#REF!,N,N,d
384415,Mahesana,Gujarat,Y,Y,b
384421,Mehsana,Gujarat,Y,Y,b
384430,Mehsana,Gujarat,Y,Y,b
384435,Mehsana,Gujarat,Y,Y,b
384440,KADI GJ,Gujarat,Y,Y,b
384441,#REF!,#REF!,N,N,d
384445,Viramgam,Gujarat,Y,Y,b
384450,#REF!,#REF!,N,N,d
384455,#REF!,#REF!,N,N,d
384460,Vijapur,Gujarat,Y,Y,b
384465,Vijapur,Gujarat,Y,Y,b
384470,Vijapur,Gujarat,Y,Y,b
384515,#REF!,#REF!,N,N,d
384520,#REF!,#REF!,N,N,d
384530,#REF!,#REF!,N,N,d
384540,#REF!,#REF!,N,N,d
384550,Vijapur,Gujarat,Y,Y,b
384560,#REF!,#REF!,N,N,d
384565,Vijapur,Gujarat,Y,Y,b
384570,Vijapur,Gujarat,Y,Y,b
385001,Palanpur,Gujarat,Y,Y,b
385002,PALANPUR,Gujarat,Y,Y,b
385007,Surat,Gujarat,Y,Y,b
385010,Palanpur,Gujarat,Y,Y,b
385011,Palanpur,Gujarat,Y,Y,b
385012,Palanpur,Gujarat,N,Y,b
385110,Ambaji,Gujarat,Y,Y,b
385111,Palanpur,Gujarat,N,N,d
385112,Palanpur,Gujarat,N,N,d
385120,Ambaji,Gujarat,Y,Y,b
385130,PALANPUR,Gujarat,N,N,b
385135,PALANPUR,Gujarat,N,Y,b
385210,Palanpur,Gujarat,Y,Y,b
385215,Palanpur,Gujarat,N,Y,b
385310,Dhanera,Gujarat,Y,Y,b
385315,Dhanera,Gujarat,N,N,d
385320,Bhabhar,Gujarat,Y,Y,b
385325,Mehsana,Gujarat,N,N,d
385326,Deesa,Gujarat,N,Y,b
385330,Shihori,Gujarat,Y,Y,b
385340,Radhanpur,Gujarat,Y,Y,b
385350,SANTALPUR,Gujarat,Y,Y,b
385360,Radhanpur,Gujarat,Y,Y,b
385410,PALANPUR,Gujarat,Y,Y,b
385421,Palanpur,Gujarat,Y,Y,b
385505,Deesa,Gujarat,Y,Y,b
385506,Deesa,Gujarat,Y,Y,b
385510,Palanpur,Gujarat,Y,Y,b
385515,Palanpur,Gujarat,Y,Y,b
385516,Palanpur,Gujarat,N,Y,b
385517,Palanpur,Gujarat,N,Y,b
385518,Palanpur,Gujarat,N,Y,b
385519,Palanpur,Gujarat,Y,Y,b
385520,Palanpur,Gujarat,Y,Y,b
385521,Palanpur,Gujarat,Y,Y,b
385522,Palanpur,Gujarat,N,Y,b
385525,Palanpur,Gujarat,N,Y,b
385526,Palanpur,Gujarat,Y,Y,b
385530,Deesa,Gujarat,Y,Y,b
385531,Shihorith,Gujarat,N,N,d
385533,Shihorith,Gujarat,N,N,d
385535,Deesa,Gujarat,Y,Y,b
385540,Deesa,Gujarat,Y,Y,b
385541,Deesa,Gujarat,N,N,d
385542,Deesa (Guj),Gujarat,N,N,d
385543,Deesa,Gujarat,N,Y,b
385545,Dhanera,Gujarat,Y,Y,b
385550,Shihori,Gujarat,N,Y,b
385551,Shihorith,Gujarat,N,N,d
385554,Deesa,Gujarat,N,Y,b
385555,Shihori,Gujarat,N,Y,b
385560,Radhanpur,Gujarat,N,Y,b
385565,Tharad,Gujarat,Y,Y,b
385566,Tharad,Gujarat,Y,Y,b
385570,Tharad,Gujarat,Y,Y,b
385571,Bhabhar,Gujarat,N,N,d
385575,Tharad,Gujarat,Y,Y,b
385581,BANAS KANTHA,GUJARAT,N,N,d
387001,Nadiad,Gujarat,Y,Y,b
387002,Nadiad,Gujarat,Y,Y,b
387003,Nadiad,Gujarat,Y,Y,b
387004,Nadiad(Guj),Gujarat,N,N,d
387005,Nadiad(Guj),Gujarat,N,N,d
387006,Nadiad(Guj),Gujarat,N,N,d
387100,Nadiad,Gujarat,Y,Y,b
387105,#REF!,#REF!,N,N,d
387110,Mahemdavad,Gujarat,Y,Y,b
387113,Nadiad,Gujarat,N,Y,b
387115,Umreth,Gujarat,Y,Y,b
387120,Mahemdavad,Gujarat,Y,Y,b
387130,Nadiad,Gujarat,Y,Y,b
387135,Nadiad,Gujarat,N,Y,b
387140,Nadiad,Gujarat,N,Y,b
387210,Tarapur,Gujarat,Y,Y,b
387220,Anand,Gujarat,Y,Y,b
387230,Nadiad,Gujarat,Y,Y,b
387240,Anand,Gujarat,Y,Y,b
387305,Kapadvanj,Gujarat,Y,Y,b
387310,Anand,Gujarat,Y,Y,b
387315,Anand,Gujarat,Y,Y,b
387320,Nadiad,Gujarat,Y,Y,b
387325,Anand,Gujarat,Y,Y,b
387330,Nadiad,Gujarat,Y,Y,b
387331,Umreth,Gujarat,Y,Y,b
387335,Nadiad,Gujarat,Y,Y,b
387340,Kapadvanj,Gujarat,Y,Y,b
387345,Anand,Gujarat,Y,Y,b
387350,Nadiad,Gujarat,Y,Y,b
387355,Nadiad,Gujarat,Y,Y,b
387360,Nadiad,Gujarat,Y,Y,b
387365,Kapadvanj,Gujarat,Y,Y,b
387366,Kapadvanj,Gujarat,N,N,d
387370,Nadiad,Gujarat,Y,Y,b
387375,Anand,Gujarat,Y,Y,b
387380,Nadiad,Gujarat,Y,Y,b
387382,Nadiad,Gujarat,N,Y,b
387385,Nadiad,Gujarat,N,Y,b
387411,Nadiad,Gujarat,Y,Y,b
387420,Nadiad,Gujarat,Y,Y,b
387421,Nadiad,Gujarat,Y,Y,b
387430,Nadiad,Gujarat,Y,Y,b
387435,Nadiad,Gujarat,Y,Y,b
387450,Ahmedabad,Gujarat,N,N,d
387510,Nadiad,Gujarat,Y,Y,b
387515,Umreth,Gujarat,Y,Y,b
387520,Matar,Gujarat,Y,Y,b
387530,Matar,Gujarat,Y,Y,b
387531,Nadiad,Gujarat,N,Y,b
387540,Ahmedabad,Gujarat,Y,Y,b
387550,Matar,Gujarat,Y,Y,b
387560,Matar,Gujarat,Y,Y,b
387570,Nadiad,Gujarat,Y,Y,b
387610,Kapadvanj,Gujarat,Y,Y,b
387620,Kapadvanj,Gujarat,Y,Y,b
387630,Kapadvanj,Gujarat,Y,Y,b
387635,Kapadvanj,Gujarat,Y,Y,b
387640,Kapadvanj,Gujarat,Y,Y,b
387650,Kapadvanj,Gujarat,Y,Y,b
387666,Kapadvanj,Gujarat,N,N,d
387710,Nadiad,Gujarat,Y,Y,b
387810,Dholka,Gujarat,Y,Y,b
388001,Anand,Gujarat,Y,Y,b
388011,Anand,Gujarat,N,Y,b
388020,Anand,Gujarat,N,Y,b
388051,Anand,Gujarat,Y,Y,b
388052,Anand,Gujarat,Y,Y,b
388105,Anand,Gujarat,Y,Y,b
388110,Anand,Gujarat,Y,Y,b
388120,Anand,Gujarat,Y,Y,b
388121,Anand,Gujarat,Y,Y,b
388122,Anand,Gujarat,Y,Y,b
388130,Borsad,Gujarat,Y,Y,b
388131,Anand,Gujarat,Y,Y,b
388132,Anand,Gujarat,Y,Y,b
388140,Borsad,Gujarat,Y,Y,b
388150,Tarapur,Gujarat,Y,Y,b
388160,Borsad,Gujarat,Y,Y,b
388170,Tarapur,Gujarat,Y,Y,b
388180,Tarapur,Gujarat,Y,Y,b
388201,Anand,Gujarat,Y,Y,b
388205,Anand,Gujarat,Y,Y,b
388210,Umreth,Gujarat,Y,Y,b
388211,Umreth,Gujarat,Y,Y,b
388212,Anand,Gujarat,N,Y,b
388213,Vadodara,Gujarat,N,Y,b
388215,Umreth,Gujarat,Y,Y,b
388216,Vadodara,Gujarat,N,Y,b
388217,Vadodara,Gujarat,N,Y,b
388220,Umreth,Gujarat,Y,Y,b
388225,Umreth,Gujarat,Y,Y,b
388230,Umreth,Gujarat,Y,Y,b
388235,Balasinor,Gujarat,Y,Y,b
388239,Balasinor,Gujarat,Y,Y,b
388240,Anand,Gujarat,Y,Y,d
388245,Umreth,Gujarat,Y,Y,b
388250,Umreth,Gujarat,Y,Y,b
388254,Balasinor,Gujarat,Y,Y,d
388255,Balasinor,Gujarat,Y,Y,b
388260,Lunawada,Gujarat,Y,Y,b
388265,Balasinor,Gujarat,Y,Y,b
388270,Lunawada,Gujarat,Y,Y,b
388275,Anand,Gujarat,Y,Y,d
388305,Borsad,Gujarat,Y,Y,b
388306,Borsad,Gujarat,Y,Y,b
388307,Borsad,Gujarat,Y,Y,b
388308,Anand,Gujarat,Y,Y,b
388310,Anand,Gujarat,Y,Y,b
388315,Anand,Gujarat,Y,Y,b
388320,Anand,Gujarat,Y,Y,b
388321,Anand,Gujarat,N,Y,b
388325,Anand,Gujarat,Y,Y,b
388330,Anand,Gujarat,Y,Y,b
388335,Anand,Gujarat,Y,Y,b
388336,Anand,Gujarat,Y,Y,b
388340,Anand,Gujarat,Y,Y,b
388345,Anand,Gujarat,Y,Y,b
388350,Anand,Gujarat,Y,Y,b
388355,Anand,Gujarat,Y,Y,b
388360,Anand,Gujarat,Y,Y,b
388365,Anand,Gujarat,Y,Y,b
388370,Anand,Gujarat,Y,Y,b
388410,Anand,Gujarat,Y,Y,b
388421,Anand,Gujarat,Y,Y,b
388425,Anand,Gujarat,N,Y,b
388430,Khambhat,Gujarat,Y,Y,b
388435,Tarapur,Gujarat,N,Y,b
388440,Anand,Gujarat,Y,Y,b
388445,Anand,Gujarat,N,Y,b
388450,Borsad,Gujarat,Y,Y,b
388460,Anand,Gujarat,Y,Y,b
388465,Anand,Gujarat,Y,Y,b
388466,Anand,Gujarat,N,Y,b
388470,Anand,Gujarat,Y,Y,b
388480,Borsad,Gujarat,Y,Y,b
388485,Anand,Gujarat,N,Y,b
388510,Anand,Gujarat,Y,Y,b
388515,Vadodara,Gujarat,Y,Y,b
388520,Borsad,Gujarat,Y,Y,b
388530,Vatadara,Gujarat,Y,Y,b
388540,Borsad,Gujarat,Y,Y,b
388543,Borsad,Gujarat,Y,Y,b
388544,Anand,Gujarat,Y,Y,b
388545,Borsad,Gujarat,Y,Y,b
388550,Vatadara,Gujarat,Y,Y,b
388555,Khambat,Gujarat,N,Y,b
388556,Khambat,Gujarat,N,Y,b
388560,Anand,Gujarat,Y,Y,b
388570,Vatadara,Gujarat,Y,Y,b
388580,Vatadara,Gujarat,Y,Y,b
388585,Khambat,Gujarat,N,Y,b
388590,Vatadara,Gujarat,Y,Y,b
388600,Khambat,Gujarat,N,Y,b
388610,Vatadara,Gujarat,Y,Y,b
388620,Khambhat,Gujarat,Y,Y,b
388625,KHEDA,Gujarat,Y,Y,b
388630,Khambhat,Gujarat,Y,Y,b
388640,Khambhat,Gujarat,Y,Y,b
388641,Khambat,Gujarat,N,Y,b
388710,Balasinor,Gujarat,Y,Y,b
388713,Godhra,Gujarat,Y,Y,b
388714,Godhra,Gujarat,N,Y,b
388715,Godhra,Gujarat,Y,Y,b
388716,Godhra,Gujarat,N,Y,b
388888,Godhra,Gujarat,N,Y,b
389001,Godhra,Gujarat,Y,Y,b
389002,Godhra,Gujarat,Y,Y,b
389110,Santrampur,Gujarat,N,Y,b
389115,Godhra,Gujarat,N,Y,b
389120,Godhra,Gujarat,Y,Y,b
389121,Godhra,Gujarat,N,Y,b
389122,Godhra,Gujarat,N,Y,b
389123,Godhra,Gujarat,N,Y,b
389130,Limkheda,Gujarat,Y,Y,b
389135,LIMKHEDA,GJ,N,N,b
389140,Limkheda,Gujarat,Y,Y,b
389146,Limkheda,Gujarat,Y,Y,b
389150,Dahod,Gujarat,Y,Y,b
389151,Dahod,Gujarat,Y,Y,b
389152,Dahod,Gujarat,Y,Y,b
389154,Dahod,Gujarat,Y,Y,b
389155,Dahod,Gujarat,N,Y,b
389157,Dahod,Gujarat,Y,Y,b
389158,Dahod,Gujarat,Y,Y,b
389160,Dahod,Gujarat,Y,Y,b
389170,Jhalod,Gujarat,N,Y,b
389172,Santrampur,Gujarat,N,Y,b
389175,DAHOD,Gujarat,N,Y,b
389180,Dahod,Gujarat,N,Y,b
389190,Jhalod,Gujarat,N,Y,b
389210,Lunawada,Gujarat,Y,Y,b
389220,Lunawada,Gujarat,Y,Y,b
389230,Lunawada,Gujarat,Y,Y,b
389232,VIRPUR,Gujarat,N,N,b
389235,Lunawada,Gujarat,Y,Y,b
389240,Santrampur,Gujarat,N,Y,b
389250,Santrampur,Gujarat,N,Y,b
389260,Santrampur,Gujarat,N,Y,b
389265,Lunawada,Gujarat,Y,Y,b
389310,Halol,Gujarat,Y,Y,b
389320,Halol,Gujarat,Y,Y,b
389322,Halol,Gujarat,Y,Y,b
389325,Halol,Gujarat,Y,Y,b
389330,Halol,Gujarat,Y,Y,b
389340,Godhra,Gujarat,Y,Y,b
389341,Halol Reach,Gujarat,N,Y,b
389344,Halol,Gujarat,N,N,d
389345,Halol Reach,Gujarat,N,Y,b
389347,Halol,Gujarat,N,Y,b
389348,Halol,Gujarat,N,Y,b
389350,Halol,Gujarat,Y,Y,b
389351,Halol,Gujarat,Y,Y,b
389352,Halol,Gujarat,Y,Y,b
389355,Halol,Gujarat,N,Y,b
389360,Halol,Gujarat,Y,Y,b
389365,Halol,Gujarat,Y,Y,b
389370,Halol,Gujarat,N,N,b
389380,Limkheda,Gujarat,Y,Y,b
389382,Limkheda,Gujarat,N,Y,b
389390,Bodeli,Gujarat,Y,Y,b
390000,Vadodara,Gujarat,Y,Y,d
390001,Vadodara,Gujarat,Y,Y,b
390002,Vadodara,Gujarat,Y,Y,b
390003,Vadodara,Gujarat,Y,Y,b
390004,Vadodara,Gujarat,Y,Y,b
390005,Vadodara,Gujarat,Y,Y,b
390006,Vadodara,Gujarat,Y,Y,b
390007,Vadodara,Gujarat,Y,Y,b
390008,Vadodara,Gujarat,Y,Y,b
390009,Vadodara,Gujarat,Y,Y,b
390010,Vadodara,Gujarat,Y,Y,b
390011,Vadodara,Gujarat,Y,Y,b
390012,Vadodara,Gujarat,Y,Y,b
390013,Vadodara,Gujarat,Y,Y,b
390014,Vadodara,Gujarat,Y,Y,b
390015,Vadodara,Gujarat,Y,Y,b
390016,Vadodara,Gujarat,Y,Y,b
390017,Vadodara,Gujarat,Y,Y,b
390018,Vadodara,Gujarat,Y,Y,b
390019,Vadodara,Gujarat,Y,Y,b
390020,Vadodara,Gujarat,Y,Y,b
390021,Vadodara,Gujarat,Y,Y,b
390022,Vadodara,Gujarat,Y,Y,b
390023,Vadodara,Gujarat,Y,Y,b
390024,Vadodara,Gujarat,Y,Y,b
390025,Vadodara,Gujarat,Y,Y,b
390034,Baroda,Gujarat,N,N,d
390915,Ahmedabad,Gujarat,N,Y,b
391101,Vadodara,Gujarat,Y,Y,b
391105,Dabhoi,Gujarat,Y,Y,b
391107,Dabhoi,Gujarat,Y,Y,b
391110,Dabhoi,Gujarat,Y,Y,b
391111,Dabhoi,Gujarat,Y,Y,d
391112,Baroda,Gujarat,N,N,d
391115,Dabhoi,Gujarat,Y,Y,b
391120,Nasvadi,Gujarat,Y,Y,b
391121,Rajpipla,Gujarat,Y,Y,b
391125,Bodeli,Gujarat,Y,Y,b
391126,Baroda,Gujarat,N,N,d
391130,Bodeli,Gujarat,Y,Y,b
391134,Baroda,Gujarat,N,N,d
391135,Bodeli,Gujarat,Y,Y,b
391140,Bodeli,Gujarat,Y,Y,b
391145,Bodeli,Gujarat,Y,Y,b
391150,Nasvadi,Gujarat,Y,Y,b
391151,Nasvadi,Gujarat,Y,Y,b
391152,Nasvadi,Gujarat,Y,Y,b
391155,Bodeli,Gujarat,Y,Y,b
391156,Chhota Udaipur,Gujarat,Y,Y,b
391160,Chhota Udaipur,Gujarat,Y,Y,b
391165,Chhota Udaipur,Gujarat,Y,Y,b
391168,Chhota Udaipur,Gujarat,Y,Y,b
391170,CHHOTAUDAIPUR,Gujarat,N,Y,b
391175,Kavant,Gujarat,N,Y,b
391210,Karjan,Gujarat,Y,Y,b
391220,Karjan,Gujarat,Y,Y,b
391230,Karjan,Gujarat,Y,Y,b
391240,Karjan,Gujarat,Y,Y,b
391241,Karjan,Gujarat,Y,Y,b
391242,Karjan,Gujarat,N,Y,b
391243,Karjan,Gujarat,Y,Y,b
391244,Karjan,Gujarat,Y,Y,b
391245,Karjan,Gujarat,Y,Y,b
391250,Karjan,Gujarat,Y,Y,b
391310,Vadodara,Gujarat,Y,Y,b
391320,Vadodara,Gujarat,Y,Y,b
391330,Vadodara,Gujarat,Y,Y,b
391340,Vadodara,Gujarat,Y,Y,b
391345,Vadodara,Gujarat,Y,Y,b
391346,Vadodara,Gujarat,Y,Y,b
391347,Vadodara,Gujarat,Y,Y,b
391350,Vadodara,Gujarat,Y,Y,b
391351,Vadodara,Gujarat,N,Y,b
391352,Vadodara,Gujarat,N,Y,b
391353,Vadodara,Gujarat,N,Y,b
391354,Vadodara,Gujarat,N,Y,b
391380,Vadodara,Gujarat,N,Y,b
391410,Vadodara,Gujarat,Y,Y,b
391411,Vadodara,Gujarat,N,Y,b
391421,Jambusar,Gujarat,Y,Y,b
391430,Vadodara,Gujarat,Y,Y,b
391431,Karjan,Gujarat,N,Y,b
391440,Vadodara,Gujarat,Y,Y,b
391441,Vadodara,Gujarat,N,Y,b
391442,Vadodara,Gujarat,N,Y,b
391443,Vadodara,Gujarat,N,Y,b
391445,Vadodara,Gujarat,Y,Y,b
391447,Vadodara,Gujarat,N,Y,b
391450,Vadodara,Gujarat,Y,Y,b
391460,Vadodara,Gujarat,Y,Y,b
391461,Jambusar,Gujarat,N,Y,b
391510,Halol,Gujarat,Y,Y,b
391520,Vadodara,Gujarat,Y,Y,b
391530,Vadodara,Gujarat,Y,Y,b
391535,Vadodara,Gujarat,Y,Y,d
391740,Vadodara,Gujarat,Y,Y,b
391742,Vadodara,Gujarat,Y,Y,b
391745,Vadodara,Gujarat,Y,Y,b
391750,Vadodara,Gujarat,Y,Y,b
391759,Baroda,Gujarat,N,N,d
391760,Vadodara,Gujarat,Y,Y,b
391761,JETPUR-PAVI,Gujarat,N,N,b
391765,Baroda,Gujarat,N,N,d
391766,Baroda,Gujarat,N,N,d
391770,Vadodara,Gujarat,Y,Y,b
391773,Vadodara,Gujarat,N,Y,b
391774,Vadodara,Gujarat,Y,Y,b
391775,Vadodara,Gujarat,Y,Y,b
391776,Vadodara,Gujarat,Y,Y,b
391780,Vadodara,Gujarat,Y,Y,b
391810,Jambusar,Gujarat,Y,Y,b
391815,Jambusar,Gujarat,N,Y,b
391816,Jambusar,Gujarat,N,Y,b
391817,Jambusar,Gujarat,N,Y,b
391818,Jambusar,Gujarat,N,Y,b
392001,Bharuch,Gujarat,Y,Y,b
392002,Bharuch,Gujarat,Y,Y,b
392003,Bharuch,Gujarat,Y,Y,b
392004,Bharuch,Gujarat,Y,Y,b
392005,Bharuch,Gujarat,Y,Y,b
392011,Bharuch,Gujarat,Y,Y,b
392012,Bharuch,Gujarat,Y,Y,b
392013,Bharuch,Gujarat,N,Y,b
392014,Bharuch,Gujarat,Y,Y,b
392015,Bharuch,Gujarat,Y,Y,b
392020,Bharuch,Gujarat,Y,Y,b
392021,Bharuch,Gujarat,Y,Y,b
392025,Karjan,Gujarat,N,Y,b
392026,Vyara-Gj,Gujarat,N,Y,b
392027,Ankleshwar,Gujarat,N,N,d
392030,Bharuch,Gujarat,Y,Y,b
392031,Bharuch,Gujarat,N,Y,b
392035,Jambusar,Gujarat,Y,Y,b
392040,Jambusar,Gujarat,Y,Y,b
392105,Bharuch,Gujarat,Y,Y,b
392110,Jambusar,Gujarat,Y,Y,b
392111,Bharuch,Gujarat,Y,Y,b
392115,Karjan,Gujarat,Y,Y,b
392130,Bharuch,Gujarat,Y,Y,b
392135,DAHEJ,Gujarat,Y,Y,b
392140,BHARUCH,Gujarat,N,Y,b
392150,Jambusar,Gujarat,Y,Y,b
392155,Jambusar,Gujarat,Y,Y,b
392160,Bharuch,Gujarat,Y,Y,b
392161,Bharuch,Gujarat,Y,Y,b
392162,Bharuch,Gujarat,Y,Y,b
392163,Ankleshwar,Gujarat,Y,Y,b
392165,DAHEJ,Gujarat,Y,Y,b
392170,Jambusar,Gujarat,Y,Y,b
392180,Jambusar,Gujarat,Y,Y,b
392210,Bharuch,Gujarat,Y,Y,b
392215,Bharuch Office,Gujarat,N,Y,b
392218,Ankleshwar,Gujarat,N,N,d
392220,Karjan,Gujarat,Y,Y,b
392221,Bharuch,Gujarat,Y,Y,b
392230,Karjan,Gujarat,Y,Y,b
392240,Bharuch,Gujarat,Y,Y,b
392243,Ankleshwar,Gujarat,N,N,d
392310,Karjan,Gujarat,Y,Y,b
393001,Ankleshwar,Gujarat,Y,Y,b
393002,Ankleshwar,Gujarat,Y,Y,b
393003,Ankleshwar,Gujarat,Y,Y,b
393004,Ankleshwar,Gujarat,Y,Y,b
393005,Ankleshwar,Gujarat,Y,Y,b
393006,Ankleshwar,Gujarat,N,Y,b
393008,Ankleshwar,Gujarat,N,N,d
393010,Ankleshwar,Gujarat,Y,Y,b
393016,Ankleshwar,Gujarat,N,Y,b
393017,Jhagadia,Gujarat,Y,Y,b
393018,Bharuch,Gujarat,N,Y,b
393020,Ankleshwar,Gujarat,Y,Y,b
393021,Ankleshwar,Gujarat,Y,Y,b
393025,Dediapada,Gujarat,Y,Y,b
393028,Ankleshwar,Gujarat,N,N,d
393030,Hansot,Gujarat,Y,Y,b
393035,Bharuch,Gujarat,N,Y,b
393040,Dediapada,Gujarat,Y,Y,b
393041,Dediapada,Gujarat,Y,Y,b
393050,Dediapada,Gujarat,Y,Y,b
393105,Karjan,Gujarat,N,N,b
393110,Jhagadia,Gujarat,Y,Y,b
393111,Bharuch,Gujarat,N,N,d
393115,Jhagadia,Gujarat,Y,Y,b
393117,Jhagadia,Gujarat,N,N,d
393120,Jhagadia,Gujarat,Y,Y,b
393125,Netrang,Gujarat,N,Y,b
393130,Netrang,Gujarat,N,Y,b
393131,Navsari,Gujarat,N,Y,b
393133,Navsari,Gujarat,N,Y,b
393135,Ankleshwar,Gujarat,Y,Y,b
393140,Rajpipla,Gujarat,Y,Y,b
393145,Rajpipla,Gujarat,Y,Y,b
393150,Rajpipla,Gujarat,Y,Y,b
393151,Rajpipla,Gujarat,Y,Y,b
393155,Rajpipla,Gujarat,Y,Y,b
393236,Vapi,Gujarat,Y,Y,b
393340,Vyara Guj,Gujarat,N,Y,b
394010,Surat,Gujarat,Y,Y,a
394101,Surat,Gujarat,Y,Y,a
394105,Surat,Gujarat,Y,Y,a
394107,Surat,Gujarat,Y,Y,a
394110,Kosamba,Gujarat,Y,Y,b
394111,Kosamba,Gujarat,Y,Y,b
394112,#REF!,#REF!,N,N,d
394114,Vyara-Gj,Gujarat,N,Y,b
394115,Ankleshwar,Gujarat,Y,Y,b
394116,Ankleshwar,Gujarat,Y,Y,b
394120,Kosamba,Gujarat,Y,Y,b
394125,Kosamba,Gujarat,Y,Y,b
394130,Surat,Gujarat,Y,Y,b
394140,Bardoli,Gujarat,Y,Y,b
394145,Surat,Gujarat,N,N,d
394150,Katodara,Gujarat,Y,Y,b
394155,Kosamba,Gujarat,Y,Y,b
394160,Mandvi (Surat),Gujarat,Y,Y,b
394163,Mandvi (Surat),Gujarat,Y,Y,b
394170,Kosamba,Gujarat,Y,Y,b
394180,Katodara,Gujarat,Y,Y,b
394181,Surat,Gujarat,N,N,d
394183,Surat,Gujarat,N,N,d
394184,Surat,Gujarat,N,N,d
394185,Katodara,Gujarat,Y,Y,b
394190,Katodara,Gujarat,Y,Y,b
394210,Surat,Gujarat,Y,Y,a
394211,Surat,Gujarat,Y,Y,a
394212,Surat,Gujarat,Y,Y,a
394218,Surat,Gujarat,Y,Y,a
394220,Surat,Gujarat,Y,Y,a
394221,Surat,Gujarat,Y,Y,a
394230,Surat,Gujarat,Y,Y,a
394235,Surat,Gujarat,Y,Y,b
394238,Surat,Gujarat,N,N,d
394240,Bardoli,Gujarat,Y,Y,b
394241,Vapi,Gujarat,Y,Y,b
394242,Vapi,Gujarat,N,Y,b
394243,SURAT,GUJARAT,N,Y,b
394244,Vapi,Gujarat,N,Y,b
394245,Navsari,Gujarat,Y,Y,b
394246,Bardoli,Gujarat,Y,Y,b
394248,Vansda,Gujarat,Y,Y,b
394250,Bardoli,Gujarat,Y,Y,b
394265,Surat,Gujarat,N,Y,a
394270,Surat,Gujarat,Y,Y,b
394296,Surat,Gujarat,N,Y,a
394305,Katodara,Gujarat,Y,Y,b
394306,Surat,Gujarat,N,N,d
394307,Valsad,Gujarat,Y,Y,b
394310,Katodara,Gujarat,Y,Y,b
394315,Katodara,Gujarat,Y,Y,b
394317,Katodara,Gujarat,Y,Y,b
394320,Bardoli,Gujarat,Y,Y,b
394324,Surat,Gujarat,N,N,d
394325,Katodara,Gujarat,Y,Y,b
394326,Bardoli,Gujarat,Y,Y,b
394327,Katodara,Gujarat,Y,Y,b
394330,Surat,Gujarat,Y,Y,b
394335,Bardoli,Gujarat,Y,Y,b
394340,Vyara,Gujarat,Y,Y,b
394345,Bardoli,Gujarat,Y,Y,b
394350,Bardoli,Gujarat,Y,Y,b
394352,Bardoli,Gujarat,Y,Y,b
394355,Bardoli,Gujarat,Y,Y,b
394360,Vyara,Gujarat,Y,Y,b
394365,Navapur,Maharashtra,Y,Y,b
394370,Rumkitalav,Gujarat,N,Y,b
394375,Songadh,Gujarat,Y,Y,b
394378,Bansda,Gujarat,N,N,d
394380,Rumkitalav,Gujarat,N,Y,b
394405,Kosamba,Gujarat,Y,Y,b
394410,Kosamba,Gujarat,Y,Y,b
394421,Kosamba,Gujarat,Y,Y,b
394430,SURAT,Gujarat,N,Y,b
394440,Mandvi (Surat),Gujarat,Y,Y,b
394445,Netrang,Gujarat,N,Y,b
394510,Surat,Gujarat,Y,Y,b
394515,Surat,Gujarat,Y,Y,b
394516,Surat,Gujarat,Y,Y,b
394517,Surat,Gujarat,Y,Y,a
394518,Surat,Gujarat,Y,Y,b
394520,Surat,Gujarat,Y,Y,a
394530,Surat,Gujarat,Y,Y,a
394540,Surat,Gujarat,Y,Y,b
394541,Surat,Gujarat,Y,Y,a
394550,Surat,Gujarat,Y,Y,a
394601,Bardoli,Gujarat,Y,Y,b
394602,Bardoli,Gujarat,Y,Y,b
394608,Surat,Gujarat,N,N,d
394620,Bardoli,Gujarat,Y,Y,b
394630,Bardoli,Gujarat,Y,Y,b
394631,Ankleshwar,Gujarat,N,Y,b
394632,Umbergaon,Gujarat,N,Y,b
394633,Songadh,Gujarat,Y,Y,b
394635,Songadh,Gujarat,Y,Y,b
394640,Bardoli,Gujarat,Y,Y,b
394641,Bardoli,Gujarat,Y,Y,b
394650,Vyara,Gujarat,Y,Y,b
394651,Vyara,Gujarat,Y,Y,b
394652,Songadh,Gujarat,Y,Y,b
394655,Vyara,Gujarat,Y,Y,b
394660,Vyara,Gujarat,Y,Y,b
394664,Vyara-Gj,Gujarat,N,Y,b
394670,Vyara,Gujarat,Y,Y,b
394675,Navsari,Gujarat,N,Y,b
394680,Songadh,Gujarat,Y,Y,b
394690,Vyara,Gujarat,Y,Y,b
394710,Ahwa,Gujarat,Y,Y,b
394715,AHWA,Gujarat,N,N,b
394716,Ahwa,Gujarat,Y,Y,b
394720,Ahwa,Gujarat,Y,Y,b
394730,Vansda,Gujarat,Y,Y,b
394810,Hansot,Gujarat,Y,Y,b
395000,Surat,Gujarat,N,Y,d
395001,Surat,Gujarat,Y,Y,a
395002,Surat,Gujarat,Y,Y,a
395003,Surat,Gujarat,Y,Y,a
395004,Surat,Gujarat,Y,Y,a
395006,Surat,Gujarat,Y,Y,a
395007,Surat,Gujarat,Y,Y,a
395008,Surat,Gujarat,Y,Y,a
395009,Surat,Gujarat,Y,Y,a
395010,Surat,Gujarat,Y,Y,a
395011,Surat,Gujarat,Y,Y,a
395012,Surat,Gujarat,Y,Y,a
395013,Surat,Gujarat,Y,Y,a
395014,Surat,Gujarat,N,Y,a
395015,Surat,Gujarat,N,Y,a
395016,Surat,Gujarat,Y,Y,a
395017,Surat,Gujarat,Y,Y,a
395018,Surat,Gujarat,Y,Y,a
395021,Surat,Gujarat,Y,Y,a
395023,Surat,Gujarat,Y,Y,a
395024,Surat,Gujarat,N,Y,d
395025,Surat,Gujarat,N,Y,d
395026,Surat,Gujarat,N,Y,d
395101,Surat,Gujarat,N,N,d
395163,Vyara Guj,Gujarat,N,Y,b
395210,Surat,Gujarat,Y,Y,a
395221,Surat,Gujarat,N,N,d
395345,Bardoli,Gujarat,Y,Y,b
395375,Bardoli,Gujarat,N,Y,b
395620,Bardoli,Gujarat,N,Y,b
395650,Songadh,Gujarat,Y,Y,b
396001,Valsad,Gujarat,Y,Y,b
396002,Valsad,Gujarat,Y,Y,b
396005,Vapi,Gujarat,N,N,d
396006,Surat,Gujarat,Y,Y,b
396007,Valsad,Gujarat,Y,Y,b
396008,Vapi,Gujarat,N,N,d
396009,Vapi,Gujarat,N,N,d
396015,Valsad,Gujarat,Y,Y,b
396020,Valsad,Gujarat,Y,Y,b
396021,Valsad,Gujarat,N,Y,b
396023,Vapi,Gujarat,N,N,d
396025,Valsad,Gujarat,N,Y,b
396030,Valsad,Gujarat,Y,Y,b
396031,Valsad,Gujarat,Y,Y,b
396035,Valsad,Gujarat,Y,Y,b
396040,Bilimora,Gujarat,Y,Y,b
396041,Jambusar,Gujarat,N,Y,b
396042,Jambusar,Gujarat,N,Y,b
396045,Valsad,Gujarat,Y,Y,b
396050,VALSAD,Gujarat,Y,Y,b
396051,Vansda,Gujarat,Y,Y,b
396055,Valsad,Gujarat,Y,Y,b
396060,Vansda,Gujarat,Y,Y,b
396065,Valsad,Gujarat,Y,Y,b
396067,Valsad,Gujarat,Y,Y,b
396068,Bansda,Gujarat,N,N,d
396091,Vapi,Gujarat,N,N,d
396101,Vapi,Gujarat,Y,Y,b
396105,Bhilad,Gujarat,Y,Y,b
396106,Vapi,Gujarat,N,Y,b
396107,Vapi,Gujarat,Y,Y,b
396108,Bhilad,Gujarat,Y,Y,b
396110,Bilimora,Gujarat,Y,Y,b
396112,Bilimora,Gujarat,N,Y,b
396115,Vapi,Gujarat,Y,Y,b
396117,Vapi,Gujarat,N,N,d
396120,Bhilad,Gujarat,Y,Y,b
396121,Vapi,Gujarat,N,N,d
396125,Valsad,Gujarat,Y,Y,b
396126,Valsad,Gujarat,Y,Y,b
396130,Bhilad,Gujarat,Y,Y,b
396135,Bhilad,Gujarat,Y,Y,b
396140,Bhilad,Gujarat,Y,Y,b
396142,Bilimora,Gujarat,N,Y,b
396145,Vapi,Gujarat,Y,Y,b
396150,Bhilad,Gujarat,Y,Y,b
396152,Vapi,Gujarat,N,N,d
396155,Bhilad,Gujarat,Y,Y,b
396156,Umbergaon,Gujarat,N,Y,b
396165,Bhilad,Gujarat,Y,Y,b
396170,Bhilad,Gujarat,Y,Y,b
396171,Bhilad,Gujarat,Y,Y,b
396172,Vapi,Gujarat,N,N,d
396175,Valsad,Gujarat,Y,Y,b
396180,Vapi,Gujarat,Y,Y,b
396185,Vapi,Gujarat,Y,Y,b
396191,Vapi,Gujarat,Y,Y,b
396192,Silvassa-Dnh,Dadra And Nagar Haveli,Y,Y,b
396193,Silvassa-DNH,Dadra And Nagar Haveli,Y,Y,b
396194,Vapi,Gujarat,Y,Y,b
396195,Vapi,Gujarat,Y,Y,b
396196,Vapi,Gujarat,N,Y,b
396197,Vapi,Gujarat,N,Y,b
396200,Vapi,Gujarat,N,Y,b
396201,Vapi,Gujarat,Y,Y,b
396202,Vapi,Gujarat,N,Y,b
396209,Vapi,Gujarat,N,Y,b
396210,Daman,Daman & Diu,Y,Y,b
396211,Vapi,Gujarat,Y,Y,b
396215,Daman,Daman & Diu,Y,Y,b
396217,Daman,Daman & Diu,Y,Y,b
396220,Daman,Daman & Diu,Y,Y,b
396223,Vapi,Gujarat,N,Y,b
396228,Silvassa,Gujarat,N,Y,b
396230,Silvassa-DNH,Dadra And Nagar Haveli,Y,Y,b
396231,Vapi,Gujarat,N,N,d
396235,Silvassa-DNH,Dadra And Nagar Haveli,Y,Y,b
396236,Silvassa,Gujarat,N,Y,b
396238,Silvassa-Dnh,Dadra And Nagar Haveli,Y,Y,b
396240,Silvassa-DNH,Dadra And Nagar Haveli,Y,Y,b
396245,Silvassa,Gujarat,N,Y,b
396250,Silvassa,Gujarat,N,Y,b
396301,Bilimora,Gujarat,Y,Y,b
396310,Bilimora,Gujarat,Y,Y,b
396321,Bilimora,Gujarat,Y,Y,b
396325,Bilimora,Gujarat,Y,Y,b
396330,Kadi,Gujarat,Y,Y,b
396331,Bilimora,Gujarat,N,Y,b
396340,Bilimora,Gujarat,N,Y,b
396350,Bilimora,Gujarat,Y,Y,b
396360,Bilimora,Gujarat,Y,Y,b
396370,Bilimora,Gujarat,Y,Y,b
396375,Valsad,Gujarat,Y,Y,b
396380,Bilimora,Gujarat,Y,Y,b
396385,Valsad,Gujarat,Y,Y,b
396400,Bilimora,Gujarat,N,Y,b
396403,Navsari,Gujarat,Y,Y,b
396406,Navsari,Gujarat,Y,Y,b
396409,Bilimora,Gujarat,Y,Y,b
396412,Navsari,Gujarat,Y,Y,b
396415,Navsari,Gujarat,Y,Y,b
396418,Navsari,Gujarat,Y,Y,b
396421,Navsari,Gujarat,Y,Y,b
396424,Navsari,Gujarat,Y,Y,b
396425,Navsari,Gujarat,Y,Y,b
396427,Navsari,Gujarat,Y,Y,b
396430,Bilimora,Gujarat,Y,Y,b
396431,Bilimora,Gujarat,N,Y,b
396433,Navsari,Gujarat,Y,Y,b
396436,Navsari,Gujarat,Y,Y,b
396439,Navsari,Gujarat,Y,Y,b
396440,Navsari,Gujarat,Y,Y,b
396443,Navsari,Gujarat,N,Y,b
396445,Navsari,Gujarat,Y,Y,b
396450,Navsari,Gujarat,Y,Y,b
396452,Navsari,Gujarat,N,Y,b
396460,Bilimora,Gujarat,Y,Y,b
396463,Navsari,Gujarat,Y,Y,b
396466,Navsari,Gujarat,Y,Y,b
396469,Navsari,Gujarat,Y,Y,b
396472,Navsari,Gujarat,Y,Y,b
396475,Navsari,Gujarat,Y,Y,b
396480,Navsari,Gujarat,N,Y,b
396510,Vansda,Gujarat,Y,Y,b
396521,Bilimora,Gujarat,Y,Y,b
396523,Bilimora,Gujarat,N,Y,b
396525,Bilimora,Gujarat,N,Y,b
396526,Bilimora,Gujarat,N,Y,b
396527,Jambusar,Gujarat,N,Y,b
396528,Jambusar,Gujarat,N,Y,b
396530,Bilimora,Gujarat,Y,Y,b
396540,Vansda,Gujarat,Y,Y,b
396560,Vansda,Gujarat,Y,Y,b
396562,Bharuch,Gujarat,N,Y,b
396570,Vansda,Gujarat,Y,Y,b
396571,Bansda,Gujarat,N,N,d
396580,Vansda,Gujarat,Y,Y,b
396590,Vansda,Gujarat,Y,Y,b
398350,Baroda,Gujarat,N,N,d
400000,Mumbai,Maharashtra,N,Y,d
400001,Mumbai,Maharashtra,Y,Y,b
400002,Mumbai,Maharashtra,Y,Y,b
400003,Mumbai,Maharashtra,Y,Y,b
400004,Mumbai,Maharashtra,Y,Y,b
400005,Mumbai,Maharashtra,Y,Y,b
400006,Mumbai,Maharashtra,Y,Y,b
400007,Mumbai,Maharashtra,Y,Y,b
400008,Mumbai,Maharashtra,Y,Y,b
400009,Mumbai,Maharashtra,Y,Y,b
400010,Mumbai,Maharashtra,Y,Y,b
400011,Mumbai,Maharashtra,Y,Y,b
400012,Mumbai,Maharashtra,Y,Y,b
400013,Mumbai,Maharashtra,Y,Y,b
400014,Mumbai,Maharashtra,Y,Y,b
400015,Mumbai,Maharashtra,Y,Y,b
400016,Mumbai,Maharashtra,Y,Y,b
400017,Mumbai,Maharashtra,Y,Y,b
400018,Mumbai,Maharashtra,Y,Y,b
400019,Mumbai,Maharashtra,Y,Y,b
400020,Mumbai,Maharashtra,Y,Y,b
400021,Mumbai,Maharashtra,Y,Y,b
400022,Mumbai,Maharashtra,Y,Y,b
400023,Mumbai,Maharashtra,Y,Y,b
400024,Mumbai,Maharashtra,Y,Y,b
400025,Mumbai,Maharashtra,Y,Y,b
400026,Mumbai,Maharashtra,Y,Y,b
400027,Mumbai,Maharashtra,Y,Y,b
400028,Mumbai,Maharashtra,Y,Y,b
400029,Mumbai,Maharashtra,Y,Y,b
400030,Mumbai,Maharashtra,Y,Y,b
400031,Mumbai,Maharashtra,Y,Y,b
400032,Mumbai,Maharashtra,Y,Y,b
400033,Mumbai,Maharashtra,Y,Y,b
400034,Mumbai,Maharashtra,Y,Y,b
400035,Mumbai,Maharashtra,Y,Y,b
400036,Mumbai,Maharashtra,Y,Y,b
400037,Mumbai,Maharashtra,Y,Y,b
400038,Mumbai,Maharashtra,Y,Y,b
400039,Mumbai,Maharashtra,Y,Y,b
400040,Mumbai,Maharashtra,N,Y,b
400041,Mumbai,Maharashtra,Y,Y,b
400042,Mumbai,Maharashtra,Y,Y,b
400043,Mumbai,Maharashtra,Y,Y,b
400044,Mumbai,Maharashtra,Y,Y,b
400045,Mumbai,Maharashtra,Y,Y,b
400046,Mumbai,Maharashtra,Y,Y,b
400047,Mumbai,Maharashtra,Y,Y,b
400048,Mumbai,Maharashtra,Y,Y,b
400049,Mumbai,Maharashtra,Y,Y,b
400050,Mumbai,Maharashtra,Y,Y,b
400051,Mumbai,Maharashtra,Y,Y,b
400052,Mumbai,Maharashtra,Y,Y,b
400053,Mumbai,Maharashtra,Y,Y,b
400054,Mumbai,Maharashtra,Y,Y,b
400055,Mumbai,Maharashtra,Y,Y,b
400056,Mumbai,Maharashtra,Y,Y,b
400057,Mumbai,Maharashtra,Y,Y,b
400058,Mumbai,Maharashtra,Y,Y,b
400059,Mumbai,Maharashtra,Y,Y,b
400060,Mumbai,Maharashtra,Y,Y,b
400061,Mumbai,Maharashtra,Y,Y,b
400062,Mumbai,Maharashtra,Y,Y,b
400063,Mumbai,Maharashtra,Y,Y,b
400064,Mumbai,Maharashtra,Y,Y,b
400065,Mumbai,Maharashtra,Y,Y,b
400066,Mumbai,Maharashtra,Y,Y,b
400067,Mumbai,Maharashtra,Y,Y,b
400068,Mumbai,Maharashtra,Y,Y,b
400069,Mumbai,Maharashtra,Y,Y,b
400070,Mumbai,Maharashtra,Y,Y,b
400071,Mumbai,Maharashtra,Y,Y,b
400072,Mumbai,Maharashtra,Y,Y,b
400073,Mumbai,Maharashtra,Y,Y,b
400074,Mumbai,Maharashtra,Y,Y,b
400075,Mumbai,Maharashtra,Y,Y,b
400076,Mumbai,Maharashtra,Y,Y,b
400077,Mumbai,Maharashtra,Y,Y,b
400078,Mumbai,Maharashtra,Y,Y,b
400079,Mumbai,Maharashtra,Y,Y,b
400080,Mumbai,Maharashtra,Y,Y,b
400081,Mumbai,Maharashtra,Y,Y,b
400082,Mumbai,Maharashtra,Y,Y,b
400083,Mumbai,Maharashtra,Y,Y,b
400084,Mumbai,Maharashtra,Y,Y,b
400085,Mumbai,Maharashtra,Y,Y,b
400086,Mumbai,Maharashtra,Y,Y,b
400087,Mumbai,Maharashtra,Y,Y,b
400088,Mumbai,Maharashtra,Y,Y,b
400089,Mumbai,Maharashtra,Y,Y,b
400090,Mumbai,Maharashtra,Y,Y,b
400091,Mumbai,Maharashtra,Y,Y,b
400092,Mumbai,Maharashtra,Y,Y,b
400093,Mumbai,Maharashtra,Y,Y,b
400094,Mumbai,Maharashtra,Y,Y,b
400095,Mumbai,Maharashtra,Y,Y,b
400096,Mumbai,Maharashtra,Y,Y,b
400097,Mumbai,Maharashtra,Y,Y,b
400098,Mumbai,Maharashtra,Y,Y,b
400099,Mumbai,Maharashtra,Y,Y,b
400100,Mumbai,Maharashtra,N,Y,b
400101,Mumbai,Maharashtra,Y,Y,b
400102,Mumbai,Maharashtra,Y,Y,b
400103,Mumbai,Maharashtra,Y,Y,b
400104,Mumbai,Maharashtra,Y,Y,b
400105,Mumbai,Maharashtra,Y,Y,b
400106,Mumbai,Maharashtra,Y,Y,b
400107,Mira Bhayander,Maharashtra,N,Y,b
400108,Mumbai,Maharashtra,Y,Y,b
400109,Mumbai,Maharashtra,Y,Y,b
400110,Mumbai,Maharashtra,Y,Y,b
400111,Mumbai,Maharashtra,Y,Y,b
400112,Mumbai,Maharashtra,Y,Y,b
400113,Mumbai,Maharashtra,Y,Y,b
400114,Mumbai,Maharashtra,Y,Y,b
400118,#REF!,#REF!,N,N,d
400125,Mumbai,Maharashtra,N,Y,b
400150,#REF!,#REF!,N,N,d
400153,#REF!,#REF!,N,N,d
400160,#REF!,#REF!,N,N,d
400162,Mumbai,Maharashtra,Y,Y,b
400167,Mumbai,Maharashtra,Y,Y,b
400171,#REF!,#REF!,N,N,d
400183,#REF!,#REF!,N,N,d
400186,#REF!,#REF!,N,N,d
400193,#REF!,#REF!,N,N,d
400201,Mumbai,Maharashtra,N,Y,b
400202,Mumbai,Maharashtra,Y,Y,b
400206,Thane,Maharashtra,Y,Y,b
400207,Thane,Maharashtra,Y,Y,b
400208,Thane,Maharashtra,Y,Y,b
400209,Thane,Maharashtra,N,Y,b
400210,Thane,Maharashtra,Y,Y,b
400218,Greater Thane,Maharashtra,Y,Y,b
400301,Mumbai,Maharashtra,N,N,d
400401,Mumbai,Maharashtra,Y,Y,b
400406,Thane,Maharashtra,N,N,d
400410,Mumbai,Maharashtra,Y,Y,b
400547,Mumbai,Maharashtra,N,Y,b
400601,Thane,Maharashtra,Y,Y,b
400602,Thane,Maharashtra,Y,Y,b
400603,Thane,Maharashtra,Y,Y,b
400604,Thane,Maharashtra,Y,Y,b
400605,Thane,Maharashtra,Y,Y,b
400606,Thane,Maharashtra,Y,Y,b
400607,Thane,Maharashtra,Y,Y,b
400608,Thane,Maharashtra,Y,Y,b
400609,Thane,Maharashtra,Y,Y,b
400610,Thane,Maharashtra,Y,Y,b
400611,Navi Mumbai,Maharashtra,Y,Y,b
400612,Greater Thane,Maharashtra,Y,Y,b
400613,Navi Mumbai,Maharashtra,Y,Y,b
400614,Navi Mumbai,Maharashtra,Y,Y,b
400615,Thane,Maharashtra,Y,Y,b
400616,Mumbai,Maharashtra,N,Y,d
400617,Thane,Maharashtra,N,Y,b
400620,Mumbai,Maharashtra,N,Y,d
400700,Navi Mumbai,Maharashtra,Y,Y,b
400701,Navi Mumbai,Maharashtra,Y,Y,b
400702,Jasai,Maharashtra,Y,Y,b
400703,Navi Mumbai,Maharashtra,Y,Y,b
400704,Jasai,Maharashtra,Y,Y,b
400705,Navi Mumbai,Maharashtra,Y,Y,b
400706,Navi Mumbai,Maharashtra,Y,Y,b
400707,Jasai,Maharashtra,Y,Y,b
400708,Navi Mumbai,Maharashtra,Y,Y,b
400709,Navi Mumbai,Maharashtra,Y,Y,b
400710,Navi Mumbai,Maharashtra,Y,Y,b
400713,Mumbai,Maharashtra,N,Y,b
400716,Navi Mumbai,Maharashtra,N,N,d
400901,Mumbai,Maharashtra,Y,Y,b
401000,Vasai,Maharashtra,N,Y,d
401016,Mumbai,Maharashtra,Y,Y,b
401100,Mumbai,Maharashtra,Y,Y,b
401101,Mumbai,Maharashtra,Y,Y,b
401102,Saphale,Maharashtra,Y,Y,b
401103,Boisar,Maharashtra,Y,Y,b
401104,Mumbai,Maharashtra,Y,Y,b
401105,Mumbai,Maharashtra,Y,Y,b
401106,Mumbai,Maharashtra,Y,Y,b
401107,Mumbai,Maharashtra,Y,Y,b
401108,#REF!,#REF!,N,N,d
401200,Mumbai,Maharashtra,Y,Y,b
401201,Mumbai,Maharashtra,Y,Y,b
401202,Mumbai,Maharashtra,Y,Y,b
401203,Mumbai,Maharashtra,Y,Y,b
401204,Kudus,Maharashtra,Y,Y,b
401205,Mumbai,Maharashtra,Y,Y,b
401206,Kudus,Maharashtra,Y,Y,b
401207,Mumbai,Maharashtra,Y,Y,b
401208,Mumbai,Maharashtra,Y,Y,b
401209,Mumbai,Maharashtra,Y,Y,b
401210,Mumbai,Maharashtra,Y,Y,b
401212,Vasai,Maharashtra,N,N,d
401214,Mumbai,Maharashtra,N,Y,b
401301,Mumbai,Maharashtra,Y,Y,b
401302,Mumbai,Maharashtra,Y,Y,b
401303,Mumbai,Maharashtra,Y,Y,b
401304,Mumbai,Maharashtra,Y,Y,b
401305,Mumbai,Maharashtra,Y,Y,b
401400,Palghar,Maharashtra,Y,Y,b
401401,Palghar,Maharashtra,Y,Y,b
401402,Palghar,Maharashtra,Y,Y,b
401403,Palghar,Maharashtra,Y,Y,b
401404,Palghar,Maharashtra,Y,Y,b
401405,Palghar,Maharashtra,Y,Y,b
401406,Palghar,Maharashtra,Y,Y,b
401407,Palghar,Maharashtra,N,Y,b
401501,Boisar,Maharashtra,Y,Y,b
401502,Boisar,Maharashtra,Y,Y,b
401503,Boisar,Maharashtra,Y,Y,b
401504,Boisar,Maharashtra,Y,Y,b
401505,Palghar,Maharashtra,Y,Y,b
401506,Boisar,Maharashtra,Y,Y,b
401601,Dahanu,Maharashtra,Y,Y,b
401602,Dahanu,Maharashtra,Y,Y,b
401603,JAWHAR,Maharashtra,Y,Y,b
401604,Jawhar,Maharashtra,Y,Y,b
401605,JAWHAR,Maharashtra,Y,Y,b
401606,Talasari,Maharashtra,Y,Y,b
401607,Dahanu,Maharashtra,Y,Y,b
401608,Dahanu,Maharashtra,Y,Y,b
401609,Dahanu,Maharashtra,Y,Y,b
401610,Talasari,Maharashtra,Y,Y,b
401701,TARAPUR,Maharashtra,Y,Y,b
401702,TARAPUR,Maharashtra,Y,Y,b
401703,Dahanu,Maharashtra,Y,Y,b
401706,Navi Mumbai,Maharashtra,N,N,d
401709,Navi Mumbai,Maharashtra,N,N,d
402100,Mahad,Maharashtra,N,Y,b
402101,Mangaon,Maharashtra,Y,Y,b
402102,Mangaon,Maharashtra,Y,Y,b
402103,Mangaon,Maharashtra,Y,Y,b
402104,Mangaon,Maharashtra,Y,Y,b
402105,Shriwardhan,Maharashtra,Y,Y,b
402106,Nagothane,Maharashtra,Y,Y,b
402107,Pen,Maharashtra,Y,Y,b
402108,Pen,Maharashtra,Y,Y,b
402109,Nagothane,Maharashtra,Y,Y,b
402110,Shriwardhan,Maharashtra,Y,Y,b
402111,Mangaon,Maharashtra,Y,Y,b
402112,Mangaon,Maharashtra,Y,Y,b
402113,Shriwardhan,Maharashtra,Y,Y,b
402114,Shriwardhan,Maharashtra,Y,Y,b
402115,Mahad,Maharashtra,Y,Y,b
402116,Nagothane,Maharashtra,Y,Y,b
402117,Mangaon,Maharashtra,Y,Y,b
402118,Mangaon,Maharashtra,Y,Y,b
402120,Mangaon,Maharashtra,Y,Y,b
402121,Mangaon,Maharashtra,N,N,d
402122,Mangaon,Maharashtra,Y,Y,b
402123,Mangaon,Maharashtra,Y,Y,b
402124,Alibaug,Maharashtra,N,N,d
402125,Nagothane,Maharashtra,Y,Y,b
402126,Nagothane,Maharashtra,Y,Y,b
402201,Alibag,Maharashtra,Y,Y,b
402202,Murud,Maharashtra,Y,Y,b
402203,Alibag,Maharashtra,Y,Y,b
402204,Alibag,Maharashtra,Y,Y,b
402205,Alibag,Maharashtra,Y,Y,b
402206,Alibag,Maharashtra,Y,Y,b
402207,Alibag,Maharashtra,Y,Y,b
402208,Alibag,Maharashtra,Y,Y,b
402209,Alibag,Maharashtra,Y,Y,b
402225,Alibaug,Maharashtra,N,N,d
402301,Mahad,Maharashtra,Y,Y,b
402302,Mahad,Maharashtra,Y,Y,b
402303,Mahad,Maharashtra,Y,Y,b
402304,Nagothane,Maharashtra,Y,Y,b
402305,Mahad,Maharashtra,Y,Y,b
402306,Mahad,Maharashtra,Y,Y,b
402307,Mahad,Maharashtra,Y,Y,b
402308,Mangaon,Maharashtra,Y,Y,b
402309,Mahad,Maharashtra,Y,Y,b
402401,Murud,Maharashtra,Y,Y,b
402402,Shriwardhan,Maharashtra,Y,Y,b
402403,Shriwardhan,Maharashtra,Y,Y,b
402404,Shriwardhan,Maharashtra,Y,Y,b
402405,Alibaug,Maharashtra,N,N,d
402406,Sonari Mh,Maharashtra,N,Y,b
402601,Shrigonda,Maharashtra,Y,Y,b
403000,Goa,Goa,N,N,d
403001,Panjim,Goa,Y,Y,d
403002,Panjim,Goa,Y,Y,d
403003,Panjim,Goa,Y,Y,d
403004,Panjim,Goa,Y,Y,d
403005,Panjim,Goa,Y,Y,d
403006,Goa,Goa,Y,Y,d
403007,Goa,Goa,N,N,d
403008,Goa,Goa,N,N,d
403010,Banda Mh,Maharashtra,N,Y,b
403100,Goa,Goa,N,N,d
403101,Panjim,Goa,Y,Y,d
403102,Goa,Goa,Y,Y,d
403103,Goa,Goa,Y,Y,d
403104,Goa,Goa,Y,Y,d
403105,Goa,Goa,Y,Y,d
403106,Goa,Goa,Y,Y,d
403107,Goa,Goa,Y,Y,d
403108,Panjim,Goa,Y,Y,d
403109,Panjim,Goa,Y,Y,d
403110,Goa,Goa,Y,Y,d
403111,MERCES,Goa,N,Y,d
403112,Panjim,Goa,Y,Y,d
403113,Goa,Goa,N,N,d
403114,Panjim,Goa,Y,Y,d
403115,Goa,Goa,Y,Y,d
403201,Panjim,Goa,Y,Y,d
403202,Panjim,Goa,Y,Y,d
403203,Panjim,Goa,Y,Y,d
403204,Goa,Goa,Y,Y,d
403206,Panjim,Goa,Y,Y,d
403401,Goa,Goa,Y,Y,d
403402,Goa,Goa,Y,Y,d
403403,Goa,Goa,Y,Y,d
403404,Goa,Goa,Y,Y,d
403405,Goa,Goa,Y,Y,d
403406,Goa,Goa,Y,Y,d
403407,Goa,Goa,Y,Y,d
403408,PONDA GOA,Goa,N,Y,d
403409,Goa,Goa,Y,Y,d
403410,Goa,Goa,Y,Y,d
403412,Goa,Goa,N,N,d
403421,Goa,Goa,N,N,d
403501,Panjim,Goa,Y,Y,d
403502,Bardez,Goa,Y,Y,d
403503,Goa,Goa,Y,Y,d
403504,Goa,Goa,Y,Y,d
403505,Goa,Goa,Y,Y,d
403506,Goa,Goa,Y,Y,d
403507,Bardez,Goa,Y,Y,d
403508,Panjim,Goa,Y,Y,d
403509,Goa,Goa,Y,Y,d
403510,Bardez,Goa,Y,Y,d
403511,Panjim,Goa,Y,Y,d
403512,Goa,Goa,Y,Y,d
403513,Goa,Goa,Y,Y,d
403514,Panjim,Goa,Y,Y,d
403515,Panjim,Goa,Y,Y,d
403516,Goa,Goa,Y,Y,d
403517,Bardez,Goa,Y,Y,d
403518,Goa,Goa,Y,Y,d
403519,Goa,Goa,Y,Y,d
403520,MAPUSA GOA,Goa,N,Y,d
403521,Panjim,Goa,Y,Y,d
403522,#REF!,#REF!,N,N,d
403523,Panjim,Goa,Y,Y,d
403524,Goa,Goa,Y,Y,d
403525,Mapusa,Goa,N,N,d
403526,Bardez,Goa,Y,Y,d
403527,Goa,Goa,Y,Y,d
403529,Goa,Goa,Y,Y,d
403530,Goa,Goa,Y,Y,d
403531,Panjim,Goa,Y,Y,d
403601,Goa,Goa,Y,Y,d
403602,Goa,Goa,Y,Y,d
403603,Goa,Goa,Y,Y,d
403604,Goa,Goa,Y,Y,d
403605,Goa,Goa,N,N,d
403701,Goa,Goa,Y,Y,d
403702,Canacona,Goa,Y,Y,d
403703,Canacona,Goa,Y,Y,d
403704,Sanvordem,Goa,Y,Y,d
403705,Sanvordem,Goa,Y,Y,d
403706,Sanvordem,Goa,Y,Y,d
403707,Goa,Goa,Y,Y,d
403708,Goa,Goa,Y,Y,d
403709,Sanvordem,Goa,Y,Y,d
403710,Goa,Goa,Y,Y,d
403711,Goa,Goa,Y,Y,d
403712,Goa,Goa,Y,Y,d
403713,Goa,Goa,Y,Y,d
403714,Sanvordem,Goa,Y,Y,d
403715,Goa,Goa,Y,Y,d
403716,Goa,Goa,Y,Y,d
403717,Goa,Goa,Y,Y,d
403718,Goa,Goa,Y,Y,d
403719,Goa,Goa,Y,Y,d
403720,Goa,Goa,Y,Y,d
403721,Goa,Goa,Y,Y,d
403722,Goa,Goa,Y,Y,d
403723,Goa,Goa,Y,Y,d
403724,Goa,Goa,Y,Y,d
403725,Goa,Goa,Y,Y,d
403726,Goa,Goa,Y,Y,d
403727,GOA,Goa,N,Y,b
403728,Canacona,Goa,Y,Y,d
403729,Goa,Goa,Y,Y,d
403730,Goa,Goa,Y,Y,d
403731,Goa,Goa,Y,Y,d
403801,Goa,Goa,Y,Y,d
403802,Goa,Goa,Y,Y,d
403803,Goa,Goa,Y,Y,d
403804,Goa,Goa,Y,Y,d
403806,Goa,Goa,Y,Y,d
403807,Goa,Goa,N,N,d
403808,GOA,Goa,N,Y,d
404001,Mandrup,Maharashtra,N,Y,b
404100,Ahmednagar,Maharashtra,Y,Y,b
404101,Waluj,Maharashtra,N,Y,b
404220,Ahmednagar,Maharashtra,Y,Y,b
404221,Ahmednagar,Maharashtra,Y,Y,b
404222,Sillod,Maharashtra,Y,Y,b
404404,Shrigonda,Maharashtra,Y,Y,b
404411,Ahmednagar,Maharashtra,Y,Y,b
404412,Sillod,Maharashtra,Y,Y,b
404502,Mumbai,Maharashtra,N,Y,b
404606,Goa,Goa,N,N,d
405510,Goa,Goa,N,N,d
407001,Navi Mumbai,Maharashtra,Y,Y,b
410000,Mumbai,Maharashtra,Y,Y,d
410001,Pune,Maharashtra,Y,Y,d
410005,Kolhapur,Maharashtra,Y,Y,d
410015,Satara,Maharashtra,N,N,d
410038,Pune,Maharashtra,N,N,d
410048,Pune,Maharashtra,N,N,d
410060,Pune,Maharashtra,N,N,d
410062,Kolhapur,Maharashtra,Y,Y,d
410065,Saidapura Satara,Maharashtra,N,Y,b
410101,Karjat,Maharashtra,Y,Y,b
410102,KARJAT - RAIGARH,Maharashtra,N,N,d
410105,Pune,Maharashtra,Y,Y,d
410107,Mumbai,Maharashtra,Y,Y,b
410200,Navi Mumbai,Maharashtra,Y,Y,b
410201,Karjat,Maharashtra,Y,Y,b
410202,Khopoli,Maharashtra,Y,Y,b
410203,Khopoli,Maharashtra,Y,Y,b
410204,Khopoli,Maharashtra,Y,Y,b
410205,Nagothane,Maharashtra,Y,Y,b
410206,Mumbai,Maharashtra,Y,Y,b
410207,Karjat,Maharashtra,Y,Y,b
410208,Navi Mumbai,Maharashtra,Y,Y,b
410209,Navi Mumbai,Maharashtra,Y,Y,b
410210,Navi Mumbai,Maharashtra,Y,Y,b
410211,Mumbai,Maharashtra,Y,Y,b
410212,Navi Mumbai,Maharashtra,N,N,d
410213,Mumbai,Maharashtra,Y,Y,b
410216,Navi Mumbai,Maharashtra,Y,Y,b
410217,Mumbai,Maharashtra,Y,Y,b
410218,Navi Mumbai,Maharashtra,Y,Y,b
410219,Navi Mumbai,Maharashtra,Y,Y,b
410220,Karjat,Maharashtra,Y,Y,b
410221,Mumbai,Maharashtra,Y,Y,b
410222,Karjat,Maharashtra,Y,Y,b
410301,Lonavala,Maharashtra,Y,Y,b
410302,Lonavala,Maharashtra,Y,Y,b
410303,Mumbai,Maharashtra,Y,Y,b
410308,Pune,Maharashtra,N,N,d
410401,Lonavala,Maharashtra,Y,Y,b
410402,Lonavala,Maharashtra,Y,Y,b
410403,Lonavala,Maharashtra,Y,Y,b
410405,Lonavala,Maharashtra,Y,Y,b
410406,Talegaon Dabhade,Maharashtra,Y,Y,b
410407,Pune,Maharashtra,N,N,d
410410,Lonavala,Maharashtra,Y,Y,d
410412,Pune,Maharashtra,N,N,d
410476,Pune,Maharashtra,N,N,d
410500,Pune,Maharashtra,N,N,d
410501,Chakan,Maharashtra,Y,Y,b
410502,Junnar,Maharashtra,Y,Y,b
410503,Ambegaon,Maharashtra,Y,Y,b
410504,Ambegaon,Maharashtra,Y,Y,b
410505,Rajgurunagar,Maharashtra,Y,Y,b
410506,Talegaon Dabhade,Maharashtra,Y,Y,b
410507,Talegaon Dabhade,Maharashtra,Y,Y,b
410508,Ambegaon,Maharashtra,Y,Y,b
410509,AMBEGOAN,Maharashtra,N,Y,b
410510,Ambegaon,Maharashtra,Y,Y,b
410511,Junnar,Maharashtra,Y,Y,b
410512,Ambegaon,Maharashtra,Y,Y,b
410513,Rajgurunagar,Maharashtra,Y,Y,b
410514,Junnar,Maharashtra,N,Y,b
410515,Ambegaon,Maharashtra,Y,Y,b
410516,Ambegaon,Maharashtra,Y,Y,b
410517,#REF!,#REF!,N,N,d
410520,Baramati,Maharashtra,Y,Y,d
410613,Pune,Maharashtra,Y,Y,b
410615,Pune,Maharashtra,N,Y,b
410706,Darave Thane,Maharashtra,N,N,d
410707,Pune,Maharashtra,N,Y,b
410708,Pune,Maharashtra,N,Y,b
411000,Pune,Maharashtra,Y,Y,b
411001,Pune,Maharashtra,Y,Y,b
411002,Pune,Maharashtra,Y,Y,b
411003,Pune,Maharashtra,Y,Y,b
411004,Pune,Maharashtra,Y,Y,b
411005,Pune,Maharashtra,Y,Y,b
411006,Pune,Maharashtra,Y,Y,b
411007,Pune,Maharashtra,Y,Y,b
411008,Pune,Maharashtra,Y,Y,b
411009,Pune,Maharashtra,Y,Y,b
411010,Pune,Maharashtra,Y,Y,b
411011,Pune,Maharashtra,Y,Y,b
411012,Pune,Maharashtra,Y,Y,b
411013,Pune,Maharashtra,Y,Y,b
411014,Pune,Maharashtra,Y,Y,b
411015,Pune,Maharashtra,Y,Y,b
411016,Pune,Maharashtra,Y,Y,b
411017,Pune,Maharashtra,Y,Y,b
411018,Pune,Maharashtra,Y,Y,b
411019,Pune,Maharashtra,Y,Y,b
411020,Pune,Maharashtra,Y,Y,b
411021,Pune,Maharashtra,Y,Y,b
411022,Pune,Maharashtra,Y,Y,b
411023,Pune,Maharashtra,Y,Y,b
411024,Pune,Maharashtra,Y,Y,b
411025,Pune,Maharashtra,Y,Y,b
411026,Pune,Maharashtra,Y,Y,b
411027,Pune,Maharashtra,Y,Y,b
411028,Pune,Maharashtra,Y,Y,b
411029,Pune,Maharashtra,Y,Y,b
411030,Pune,Maharashtra,Y,Y,b
411031,Pune,Maharashtra,Y,Y,b
411032,Pune,Maharashtra,Y,Y,b
411033,Pune,Maharashtra,Y,Y,b
411034,Pune,Maharashtra,Y,Y,b
411035,Pune,Maharashtra,Y,Y,b
411036,Pune,Maharashtra,Y,Y,b
411037,Pune,Maharashtra,Y,Y,b
411038,Pune,Maharashtra,Y,Y,b
411039,Pune,Maharashtra,Y,Y,b
411040,Pune,Maharashtra,Y,Y,b
411041,Pune,Maharashtra,Y,Y,b
411042,Pune,Maharashtra,Y,Y,b
411043,Pune,Maharashtra,Y,Y,b
411044,Pune,Maharashtra,Y,Y,b
411045,Pune,Maharashtra,Y,Y,b
411046,Pune,Maharashtra,Y,Y,b
411047,Pune,Maharashtra,Y,Y,b
411048,Pune,Maharashtra,Y,Y,b
411049,Pune,Maharashtra,Y,Y,b
411050,Pune,Maharashtra,Y,Y,b
411051,Pune,Maharashtra,Y,Y,b
411052,Pune,Maharashtra,Y,Y,b
411053,Pune,Maharashtra,Y,Y,b
411054,Pune,Maharashtra,Y,Y,b
411055,Pune,Maharashtra,Y,Y,b
411056,Pune,Maharashtra,Y,Y,b
411057,Pune,Maharashtra,Y,Y,b
411058,Pune,Maharashtra,Y,Y,b
411059,Pune,Maharashtra,Y,Y,b
411060,Pune,Maharashtra,Y,Y,b
411061,Pune,Maharashtra,Y,Y,b
411062,Pune,Maharashtra,Y,Y,b
411063,Pune,Maharashtra,Y,Y,b
411064,Pune,Maharashtra,Y,Y,b
411065,Pune,Maharashtra,N,Y,b
411066,Pune,Maharashtra,Y,Y,b
411067,Pune,Maharashtra,Y,Y,b
411068,Pune,Maharashtra,Y,Y,b
411069,Pune,Maharashtra,Y,Y,b
411070,Pune,Maharashtra,N,Y,b
411071,Pune,Maharashtra,N,Y,b
411072,Pune,Maharashtra,N,Y,b
411073,Pune,Maharashtra,N,Y,b
411074,Pune,Maharashtra,Y,Y,b
411075,Pune,Maharashtra,N,Y,b
411076,Pune,Maharashtra,N,Y,b
411077,Pune,Maharashtra,Y,Y,b
411078,Pune,Maharashtra,N,Y,b
411079,Pune,Maharashtra,N,Y,b
411080,Pune,Maharashtra,Y,Y,b
411081,Pune,Maharashtra,Y,Y,b
411082,Pune,Maharashtra,Y,Y,b
411083,Pune,Maharashtra,Y,Y,b
411084,Pune,Maharashtra,N,Y,b
411085,Pune,Maharashtra,N,Y,b
411086,Pune,Maharashtra,N,Y,b
411087,Pune,Maharashtra,N,Y,b
411088,Pune,Maharashtra,Y,Y,b
411089,Pune,Maharashtra,N,Y,b
411090,Pune,Maharashtra,N,Y,b
411091,Pune,Maharashtra,Y,Y,b
411092,Pune,Maharashtra,N,Y,b
411093,Pune,Maharashtra,N,Y,b
411094,Pune,Maharashtra,N,Y,b
411095,Pune,Maharashtra,Y,Y,b
411096,Pune,Maharashtra,N,Y,b
411097,Pune,Maharashtra,N,Y,b
411098,Pune,Maharashtra,N,Y,b
411099,Pune,Maharashtra,N,Y,b
411100,Pune,Maharashtra,Y,Y,b
411104,Nagpur,Maharashtra,N,N,d
411105,Pune,Maharashtra,N,Y,b
411107,Pune,Maharashtra,Y,Y,b
411111,Dhayari,Maharashtra,N,Y,b
411125,Pirangut,Maharashtra,Y,Y,b
411201,Dhayari,Maharashtra,Y,Y,b
411208,Pune,Maharashtra,Y,Y,b
411220,Pune,Maharashtra,Y,Y,b
411230,Pune,Maharashtra,Y,Y,b
411307,Pune,Maharashtra,N,N,d
411406,Pune,Maharashtra,Y,Y,b
411412,Shirur,Maharashtra,Y,Y,b
411501,Pune,Maharashtra,Y,Y,b
411505,Pune,Maharashtra,N,N,d
411507,Pune,Maharashtra,N,N,d
411925,Dhayari,Maharashtra,N,Y,b
412001,Pune,Maharashtra,Y,Y,d
412042,Pirangut,Maharashtra,N,Y,b
412101,Pune,Maharashtra,Y,Y,b
412102,Nira,Maharashtra,Y,Y,b
412103,Baramati,Maharashtra,Y,Y,d
412104,Saswad,Maharashtra,Y,Y,b
412105,Pune,Maharashtra,Y,Y,b
412106,Talegaon Dabhade,Maharashtra,Y,Y,b
412107,BHOR,Maharashtra,N,N,d
412108,Pirangut,Maharashtra,Y,Y,b
412109,Talegaon Dabhade,Maharashtra,Y,Y,b
412110,Urlikanchan,Maharashtra,Y,Y,b
412111,Pirangut,Maharashtra,Y,Y,b
412112,Pirangut,Maharashtra,Y,Y,b
412113,Telegaon,Maharashtra,Y,Y,b
412114,Pune,Maharashtra,Y,Y,b
412115,Pirangut,Maharashtra,Y,Y,b
412116,Pune,Maharashtra,N,Y,b
412117,Pune,Maharashtra,N,Y,b
412119,Pune,Maharashtra,N,Y,b
412120,Pune,Maharashtra,N,Y,b
412200,Pune,Maharashtra,N,N,d
412201,UrliKanchan,Maharashtra,Y,Y,b
412202,UrliKanchan,Maharashtra,Y,Y,b
412203,Supe,Maharashtra,Y,Y,b
412204,Supe,Maharashtra,Y,Y,b
412205,Khandala,Maharashtra,Y,Y,b
412206,Khandala,Maharashtra,Y,Y,b
412207,Pune,Maharashtra,Y,Y,b
412208,Lonikand,Maharashtra,Y,Y,b
412209,Shirur,Maharashtra,Y,Y,b
412210,Shirur,Maharashtra,Y,Y,b
412211,Shirur,Maharashtra,Y,Y,b
412212,Khandala,Maharashtra,Y,Y,b
412213,Khandala,Maharashtra,Y,Y,b
412214,UrliKanchan,Maharashtra,Y,Y,b
412215,WARWAND,Maharashtra,N,Y,b
412216,Pune,Maharashtra,Y,Y,b
412217,Pune,Maharashtra,Y,Y,b
412218,Shirur,Maharashtra,Y,Y,b
412219,Daund,Maharashtra,Y,Y,b
412220,Shirur,Maharashtra,Y,Y,b
412221,Pune,Maharashtra,N,N,d
412223,Ranjangaon,Maharashtra,N,Y,b
412224,Ranjangaon,Maharashtra,N,Y,b
412225,Ranjangaon,Maharashtra,N,Y,b
412231,Pune,Maharashtra,N,Y,b
412232,Pune,Maharashtra,N,Y,b
412233,Bhor,Maharashtra,N,Y,b
412234,Bhor,Maharashtra,N,Y,b
412235,Bhor,Maharashtra,N,Y,b
412236,Nasrapur Mh,Maharashtra,N,Y,b
412237,Shirur,Maharashtra,N,Y,b
412238,Nasrapur Mh,Maharashtra,N,Y,b
412239,Nasrapur Mh,Maharashtra,N,Y,b
412240,Nasrapur Mh,Maharashtra,N,Y,b
412241,Nasrapur Mh,Maharashtra,N,Y,b
412301,Saswad,Maharashtra,Y,Y,b
412302,Pune,Maharashtra,Y,Y,b
412303,Saswad,Maharashtra,Y,Y,b
412304,Supe,Maharashtra,Y,Y,d
412305,Nira,Maharashtra,Y,Y,b
412306,Nira,Maharashtra,Y,Y,b
412307,Pune,Maharashtra,Y,Y,b
412308,Pune,Maharashtra,Y,Y,b
412309,Pune,Maharashtra,Y,Y,b
412310,Shirwal,Maharashtra,N,Y,b
412311,Saswad,Maharashtra,Y,Y,b
412312,Nira,Maharashtra,Y,Y,b
412401,Junnar,Maharashtra,Y,Y,b
412402,Rajgurunagar,Maharashtra,Y,Y,b
412403,Rajgurunagar,Maharashtra,Y,Y,b
412404,Rajgurunagar,Maharashtra,Y,Y,b
412405,Ambegaon,Maharashtra,Y,Y,b
412406,Ambegaon,Maharashtra,Y,Y,b
412407,Ambegaon,Maharashtra,Y,Y,b
412408,Ambegaon,Maharashtra,Y,Y,b
412409,Junnar,Maharashtra,Y,Y,b
412410,Alephata,Maharashtra,Y,Y,b
412411,Alephata,Maharashtra,Y,Y,b
412412,Alephata,Maharashtra,Y,Y,b
412413,Junnar,Maharashtra,Y,Y,b
412415,Junnar,Maharashtra,Y,Y,b
412425,Otur,Maharashtra,N,Y,b
412501,Chakan,Maharashtra,N,Y,b
412502,Shirwal,Maharashtra,N,Y,b
412507,Shirwal,Maharashtra,N,Y,b
412801,Khandala,Maharashtra,Y,Y,b
412802,Khandala,Maharashtra,Y,Y,b
412803,Wai,Maharashtra,Y,Y,b
412804,Wai,Maharashtra,Y,Y,b
412805,Mahabaleshwar,Maharashtra,N,Y,b
412806,Mahabaleshwar,Maharashtra,N,Y,b
412903,Wai,Maharashtra,N,Y,b
413001,Solapur,Maharashtra,Y,Y,d
413002,Solapur,Maharashtra,Y,Y,d
413003,Solapur,Maharashtra,Y,Y,d
413004,Solapur,Maharashtra,Y,Y,d
413005,Solapur,Maharashtra,Y,Y,d
413006,Solapur,Maharashtra,Y,Y,d
413007,Solapur,Maharashtra,Y,Y,d
413008,Solapur,Maharashtra,Y,Y,d
413009,Solapur,Maharashtra,N,Y,b
413010,Solapur,Maharashtra,Y,Y,d
413011,Temburni,Maharashtra,N,Y,b
413012,Baramati,Maharashtra,N,N,d
413013,Jawala,Maharashtra,N,Y,b
413019,Solapur,Maharashtra,N,N,d
413021,Barshi,Maharashtra,N,Y,b
413022,Barshi,Maharashtra,N,Y,b
413024,Akluj,Maharashtra,N,Y,b
413025,Paranda,Maharashtra,N,Y,b
413026,Paranda,Maharashtra,N,Y,b
413101,Akluj,Maharashtra,Y,Y,d
413102,Baramati,Maharashtra,Y,Y,d
413103,Akluj,Maharashtra,Y,Y,d
413104,Baramati,Maharashtra,Y,Y,d
413105,Baramati,Maharashtra,N,Y,d
413106,Indapur,Maharashtra,Y,Y,d
413107,Mhaswad,Maharashtra,Y,Y,d
413108,Akluj,Maharashtra,Y,Y,d
413109,Walchandnagar,Maharashtra,Y,Y,d
413110,Baramati,Maharashtra,Y,Y,d
413111,Mhaswad,Maharashtra,Y,Y,d
413112,Akluj,Maharashtra,Y,Y,d
413113,Akluj,Maharashtra,Y,Y,d
413114,Walchandnagar,Maharashtra,Y,Y,d
413115,Baramati,Maharashtra,Y,Y,d
413116,Baramati,Maharashtra,Y,Y,d
413117,Baramati,Maharashtra,Y,Y,d
413118,Akluj,Maharashtra,Y,Y,d
413119,Malashiras,Maharashtra,N,Y,b
413120,Indapur,Maharashtra,Y,Y,d
413121,Indapur,Maharashtra,N,Y,b
413122,Beed,Maharashtra,N,Y,b
413123,Indapur,Maharashtra,N,Y,b
413124,Indapur,Maharashtra,N,Y,b
413125,Pune,Maharashtra,N,N,d
413126,Pune,Maharashtra,N,N,d
413127,Pune,Maharashtra,N,N,d
413128,Pune,Maharashtra,N,N,d
413129,Pune,Maharashtra,N,N,d
413130,Baramati,Maharashtra,Y,Y,d
413131,Indapur,Maharashtra,N,Y,b
413132,Indapur,Maharashtra,Y,Y,d
413133,Baramati,Maharashtra,Y,Y,d
413134,Indapur,Maharashtra,N,Y,b
413135,Indapur,Maharashtra,N,Y,b
413136,Indapur,Maharashtra,N,Y,b
413137,Indapur,Maharashtra,N,Y,b
413138,Indapur,Maharashtra,N,Y,b
413167,Jawala,Maharashtra,N,Y,b
413168,Jawala,Maharashtra,N,Y,b
413169,Jawala,Maharashtra,N,Y,b
413196,Indapur,Maharashtra,N,Y,b
413197,Indapur,Maharashtra,N,Y,b
413198,Indapur,Maharashtra,N,Y,b
413201,Jamkhed,Maharashtra,Y,Y,b
413202,Karmala,Maharashtra,Y,Y,b
413203,Karmala,Maharashtra,Y,Y,b
413204,Jamkhed,Maharashtra,Y,Y,b
413205,Jamkhed,Maharashtra,Y,Y,b
413206,Karmala,Maharashtra,Y,Y,d
413207,Dongarkinhi,Maharashtra,Y,Y,b
413208,Kurduwadi,Maharashtra,Y,Y,d
413209,Kurduwadi,Maharashtra,Y,Y,d
413210,Kurduwadi,Maharashtra,Y,Y,d
413211,Indapur,Maharashtra,Y,Y,d
413212,Indapur,Maharashtra,Y,Y,d
413213,Solapur,Maharashtra,Y,Y,d
413214,Solapur,Maharashtra,Y,Y,d
413215,Mandrup,Maharashtra,Y,Y,d
413216,Akkalkot,Maharashtra,Y,Y,d
413217,Akkalkot,Maharashtra,Y,Y,d
413218,Akkalkot,Maharashtra,Y,Y,d
413219,Mandrup,Maharashtra,Y,Y,d
413220,Akkalkot,Maharashtra,Y,Y,d
413221,Mandrup,Maharashtra,Y,Y,d
413222,Vairag,Maharashtra,Y,Y,d
413223,Kurduwadi,Maharashtra,Y,Y,d
413224,Solapur,Maharashtra,Y,Y,d
413225,Solapur,Maharashtra,Y,Y,b
413226,Akkalkot,Maharashtra,Y,Y,d
413227,Akkalkot,Maharashtra,Y,Y,d
413228,Solapur,Maharashtra,Y,Y,d
413229,Dongarkinhi,Maharashtra,Y,Y,b
413230,Jamkhed,Maharashtra,N,Y,b
413231,Jamkhed,Maharashtra,N,Y,b
413232,Jamkhed,Maharashtra,N,Y,b
413233,MANDRUP,Maharashtra,Y,Y,b
413234,Jamkhed,Maharashtra,N,Y,b
413235,Jamkhed,Maharashtra,N,Y,b
413236,Jamkhed,Maharashtra,N,Y,b
413237,Jamkhed,Maharashtra,N,Y,b
413238,Jamkhed,Maharashtra,N,Y,b
413239,Jamkhed,Maharashtra,N,Y,b
413240,Jamkhed,Maharashtra,N,Y,b
413241,Jamkhed,Maharashtra,N,Y,b
413242,Mohol,Maharashtra,N,Y,b
413243,Mohol,Maharashtra,N,Y,b
413244,Mohol,Maharashtra,N,Y,b
413245,MOHOL,Maharashtra,N,Y,b
413246,Mohol,Maharashtra,N,Y,b
413248,Solapur,Maharashtra,Y,Y,d
413249,Dongarkinhi,Maharashtra,Y,Y,b
413250,Kurduwadi,Maharashtra,Y,Y,d
413251,Karmala,Maharashtra,Y,Y,d
413252,Kurduwadi,Maharashtra,Y,Y,d
413253,Solapur,Maharashtra,Y,Y,d
413254,Solapur,Maharashtra,N,Y,b
413255,Solapur,Maharashtra,Y,Y,d
413270,Velapur,Maharashtra,N,Y,b
413271,Velapur,Maharashtra,N,Y,b
413272,Velapur,Maharashtra,N,Y,b
413273,Velapur,Maharashtra,N,Y,b
413274,Velapur,Maharashtra,N,Y,b
413275,Karmala,Maharashtra,N,Y,b
413276,Temburni,Maharashtra,N,Y,b
413277,Kem,Maharashtra,N,Y,b
413278,Kem,Maharashtra,N,Y,b
413279,Jeur,Maharashtra,N,Y,b
413280,Jeur,Maharashtra,N,Y,b
413281,Kem,Maharashtra,N,Y,b
413282,Kem,Maharashtra,N,Y,b
413284,Kurduwadi,Maharashtra,N,Y,b
413285,Kurduwadi,Maharashtra,N,Y,b
413286,Kurduwadi,Maharashtra,N,Y,b
413287,Kurduwadi,Maharashtra,N,Y,b
413288,Kurduwadi,Maharashtra,N,Y,b
413296,Kem,Maharashtra,N,Y,b
413297,Mahisgaon,Maharashtra,N,Y,b
413298,Mahisgaon,Maharashtra,N,Y,b
413301,Pandharpur,Maharashtra,Y,Y,d
413302,Pandharpur,Maharashtra,Y,Y,d
413303,Pandharpur,Maharashtra,Y,Y,d
413304,Pandharpur,Maharashtra,Y,Y,d
413305,MANGALVEDHA,Maharashtra,Y,Y,d
413306,Atapadi,Maharashtra,Y,Y,d
413307,Sangola,Maharashtra,Y,Y,d
413308,Atapadi,Maharashtra,Y,Y,d
413309,JAWALA,Maharashtra,Y,Y,d
413310,Mhaswad,Maharashtra,Y,Y,d
413312,PILIV,Maharashtra,N,N,d
413313,ATPADI,Maharashtra,N,Y,b
413314,Atapadi,Maharashtra,Y,Y,d
413315,Pandharpur,Maharashtra,Y,Y,d
413316,Pandharpur,Maharashtra,N,Y,b
413317,Pandharpur,Maharashtra,Y,Y,d
413318,Pandharpur,Maharashtra,N,Y,b
413319,MANGALVEDHA,Maharashtra,Y,Y,d
413322,Pandharpur,Maharashtra,Y,Y,d
413323,Bhose,Maharashtra,N,Y,b
413324,Solapur,Maharashtra,Y,Y,d
413325,Bhose,Maharashtra,N,Y,b
413326,Bhose,Maharashtra,N,Y,b
413327,Bhose,Maharashtra,N,Y,b
413347,Pandharpur,Maharashtra,N,Y,b
413348,Pandharpur,Maharashtra,N,Y,b
413401,Barshi,Maharashtra,Y,Y,d
413402,Vairag,Maharashtra,Y,Y,d
413403,Barshi,Maharashtra,Y,Y,d
413404,Barshi,Maharashtra,Y,Y,d
413405,Osmanabad,Maharashtra,Y,Y,d
413406,Vairag,Maharashtra,Y,Y,d
413409,Barshi,Maharashtra,Y,Y,d
413410,Solapur,Maharashtra,Y,Y,d
413411,Barshi,Maharashtra,Y,Y,d
413412,Vairag,Maharashtra,Y,Y,d
413413,Veeta,Maharashtra,N,Y,b
413416,Veeta,Maharashtra,N,Y,b
413432,Udgir,Maharashtra,N,Y,b
413501,Osmanabad,Maharashtra,Y,Y,d
413502,Barshi,Maharashtra,Y,Y,d
413503,Bhoom,Maharashtra,Y,Y,d
413504,Bhoom,Maharashtra,Y,Y,d
413505,Paranda,Maharashtra,N,Y,b
413506,Osmanabad,Maharashtra,Y,Y,d
413507,Kaij,Maharashtra,Y,Y,d
413508,Osmanabad,Maharashtra,Y,Y,b
413509,Osmanabad,Maharashtra,Y,Y,d
413510,Osmanabad,Maharashtra,Y,Y,d
413511,Osmanabad,Maharashtra,Y,Y,b
413512,Latur,Maharashtra,Y,Y,d
413513,Ahmadpur,Maharashtra,Y,Y,d
413514,Ahmadpur,Maharashtra,Y,Y,d
413515,Ahmadpur,Maharashtra,Y,Y,d
413516,Nilanga,Maharashtra,Y,Y,d
413517,Udgir,Maharashtra,Y,Y,d
413518,Udgir,Maharashtra,Y,Y,d
413519,Udgir,Maharashtra,Y,Y,d
413520,Latur,Maharashtra,Y,Y,d
413521,Nilanga,Maharashtra,Y,Y,d
413522,Nilanga,Maharashtra,Y,Y,d
413523,Ahmadpur,Maharashtra,Y,Y,d
413524,Shirur Anantapal,Maharashtra,Y,Y,d
413525,Kaij,Maharashtra,Y,Y,d
413526,Bhoom,Maharashtra,Y,Y,d
413527,Latur,Maharashtra,Y,Y,d
413528,Kaij,Maharashtra,Y,Y,d
413529,Chakur,Maharashtra,N,Y,b
413530,Nilanga,Maharashtra,Y,Y,d
413531,Latur,Maharashtra,Y,Y,d
413532,AHMEDPUR,Maharashtra,Y,Y,d
413533,Udgir,Maharashtra,N,Y,b
413534,Bhoom,Maharashtra,Y,Y,d
413535,Bhoom,Maharashtra,Y,Y,b
413536,Bhoom,Maharashtra,Y,Y,b
413537,Bhoom,Maharashtra,Y,Y,b
413538,Dharmabad,Maharashtra,N,Y,b
413539,Dharmabad,Maharashtra,N,Y,b
413540,Dharmabad,Maharashtra,N,Y,b
413541,Latur,Maharashtra,Y,Y,d
413542,Shirur Anantpal,Maharashtra,N,Y,b
413543,Pune,Maharashtra,Y,Y,b
413544,Shirur Anantapal,Maharashtra,Y,Y,d
413545,Shirur Anantpal,Maharashtra,N,Y,b
413546,Shirur Anantpal,Maharashtra,N,Y,b
413547,Shirur Anantpal,Maharashtra,N,Y,b
413548,Shirur Anantpal,Maharashtra,N,Y,b
413549,Shirur Anantpal,Maharashtra,N,Y,b
413550,Shirur Anantpal,Maharashtra,N,Y,b
413551,Paranda,Maharashtra,N,Y,b
413553,Akhadabalapur,Maharashtra,N,Y,b
413554,Akhadabalapur,Maharashtra,N,Y,b
413555,Akhadabalapur,Maharashtra,N,Y,b
413556,Killari,Maharashtra,N,Y,b
413557,Killari,Maharashtra,N,Y,b
413558,Killari,Maharashtra,N,Y,b
413559,Killari,Maharashtra,N,Y,b
413560,Bhiloli,Maharashtra,N,Y,b
413561,Terkheda,Maharashtra,N,Y,b
413562,Terkheda,Maharashtra,N,Y,b
413563,Udgir,Maharashtra,Y,Y,b
413564,Ahmedpur,Maharashtra,N,Y,b
413565,Osmanabad,Maharashtra,N,Y,b
413566,Osmanabad,Maharashtra,N,Y,b
413567,Osmanabad,Maharashtra,N,Y,b
413568,Osmanabad,Maharashtra,N,Y,b
413569,Osmanabad,Maharashtra,Y,Y,d
413570,Osmanabad,Maharashtra,N,Y,b
413571,Osmanabad,Maharashtra,N,Y,b
413572,Osmanabad,Maharashtra,N,Y,b
413573,Osmanabad,Maharashtra,N,Y,b
413574,Osmanabad,Maharashtra,N,Y,b
413575,Osmanabad,Maharashtra,N,Y,b
413576,Osmanabad,Maharashtra,N,Y,b
413577,Osmanabad,Maharashtra,N,Y,b
413578,Paranda,Maharashtra,N,Y,b
413579,Paranda,Maharashtra,N,Y,b
413580,Osmanabad,Maharashtra,Y,Y,d
413581,Shirur Anantapal,Maharashtra,Y,Y,d
413582,Barshi,Maharashtra,Y,Y,d
413583,Terkheda,Maharashtra,N,Y,b
413584,Terkheda,Maharashtra,N,Y,b
413585,Terkheda,Maharashtra,N,Y,b
413586,Terkheda,Maharashtra,N,Y,b
413587,Terkheda,Maharashtra,N,Y,b
413588,Anala,Maharashtra,Y,Y,b
413589,Anala,Maharashtra,Y,Y,b
413590,Anala,Maharashtra,Y,Y,b
413591,Anala,Maharashtra,Y,Y,b
413592,Osmanabad,Maharashtra,N,Y,b
413593,Osmanabad,Maharashtra,N,Y,b
413594,Osmanabad,Maharashtra,N,Y,b
413595,Anala,Maharashtra,Y,Y,b
413596,Anala,Maharashtra,Y,Y,b
413597,Aundha Nagnath,Maharashtra,N,Y,b
413598,Aundha Nagnath,Maharashtra,N,Y,b
413599,Aundha Nagnath,Maharashtra,N,Y,b
413601,Osmanabad,Maharashtra,Y,Y,d
413602,Naldurg,Maharashtra,Y,Y,d
413603,Naldurg,Maharashtra,Y,Y,d
413604,Omerga,Maharashtra,Y,Y,d
413605,MURUM,Maharashtra,Y,Y,d
413606,Omerga,Maharashtra,Y,Y,d
413607,Nilanga,Maharashtra,Y,Y,d
413608,Naldurg,Maharashtra,Y,Y,d
413609,Andur,Maharashtra,N,Y,b
413610,Andur,Maharashtra,N,Y,b
413611,Andur,Maharashtra,N,Y,b
413612,Tuljapur,Maharashtra,N,Y,b
413613,Omerga,Maharashtra,Y,Y,b
413614,Jintur,Maharashtra,N,Y,b
413615,Tuljapur,Maharashtra,N,Y,b
413616,Tuljapur,Maharashtra,N,Y,b
413617,Murum,Maharashtra,N,Y,b
413618,Murum,Maharashtra,N,Y,b
413619,Murum,Maharashtra,N,Y,b
413620,Murum,Maharashtra,N,Y,b
413621,Aundha Nagnath,Maharashtra,N,Y,b
413622,Aundha Nagnath,Maharashtra,N,Y,b
413623,Osmanabad,Maharashtra,Y,Y,d
413624,Osmanabad,Maharashtra,Y,Y,d
413625,Aundha Nagnath,Maharashtra,N,Y,b
413626,Andur,Maharashtra,N,Y,b
413627,Andur,Maharashtra,N,Y,b
413628,Andur,Maharashtra,N,Y,b
413629,Andur,Maharashtra,N,Y,b
413630,Omerga,Maharashtra,N,Y,b
413631,Omerga,Maharashtra,N,Y,b
413632,Omerga,Maharashtra,N,Y,b
413633,Omerga,Maharashtra,N,Y,b
413701,Shrigonda,Maharashtra,Y,Y,b
413702,Shrigonda,Maharashtra,Y,Y,b
413703,Shrigonda,Maharashtra,Y,Y,b
413704,Rahuri,Maharashtra,Y,Y,b
413705,Rahuri,Maharashtra,Y,Y,b
413706,Rahuri,Maharashtra,Y,Y,b
413707,Shrirampur,Maharashtra,Y,Y,b
413708,Kopargaon,Maharashtra,Y,Y,b
413709,Shrirampur,Maharashtra,Y,Y,b
413710,Loni,Maharashtra,Y,Y,b
413711,Loni,Maharashtra,Y,Y,b
413712,Loni,Maharashtra,Y,Y,b
413713,Loni,Maharashtra,Y,Y,b
413714,Sangamner,Maharashtra,Y,Y,b
413715,Shrirampur,Maharashtra,Y,Y,b
413716,Rahuri,Maharashtra,Y,Y,b
413717,Shrirampur,Maharashtra,Y,Y,b
413718,Shrirampur,Maharashtra,Y,Y,b
413719,Shirdi,Maharashtra,Y,Y,b
413720,Shrirampur,Maharashtra,Y,Y,b
413721,Shrirampur,Maharashtra,Y,Y,b
413722,Rahuri,Maharashtra,Y,Y,b
413723,Shrirampur,Maharashtra,Y,Y,b
413725,Shrirampur,Maharashtra,Y,Y,b
413726,Shrigonda,Maharashtra,Y,Y,b
413728,Shrigonda,Maharashtra,Y,Y,b
413736,Loni,Maharashtra,Y,Y,b
413737,Loni,Maharashtra,Y,Y,b
413738,Sangamner,Maharashtra,Y,Y,b
413739,Shrirampur,Maharashtra,Y,Y,b
413801,Daund,Maharashtra,Y,Y,b
413802,Daund,Maharashtra,Y,Y,b
413901,Nilanga,Maharashtra,N,Y,b
414001,Ahmednagar,Maharashtra,Y,Y,b
414002,Ahmednagar,Maharashtra,Y,Y,b
414003,Ahmednagar,Maharashtra,Y,Y,b
414004,Ahmednagar,Maharashtra,Y,Y,b
414005,Ahmednagar,Maharashtra,Y,Y,b
414006,Ahmednagar,Maharashtra,Y,Y,b
414011,Shrigonda,Maharashtra,Y,Y,b
414101,SHRIGONDA,Maharashtra,N,N,d
414102,Pathardi,Maharashtra,Y,Y,b
414103,Parner,Maharashtra,Y,Y,b
414104,Junnar,Maharashtra,Y,Y,b
414105,Newasa,Maharashtra,Y,Y,b
414106,PATHARDI,Maharashtra,Y,Y,b
414107,Shrigonda,Maharashtra,Y,Y,b
414108,Ahmednagar,Maharashtra,Y,Y,b
414109,Ahmednagar,Maharashtra,Y,Y,b
414110,Ahmednagar,Maharashtra,Y,Y,b
414111,Ahmednagar,Maharashtra,Y,Y,b
414112,Ahmednagar,Maharashtra,Y,Y,b
414113,Pathardi,Maharashtra,Y,Y,b
414118,Pune,Maharashtra,N,Y,b
414141,Panvel Etail Process Unit,Maharashtra,N,Y,d
414200,Khalapuri,Maharashtra,N,N,d
414201,Ahmednagar,Maharashtra,Y,Y,b
414202,Ashti,Maharashtra,Y,Y,b
414203,Ashti,Maharashtra,Y,Y,b
414204,Jamkhed,Maharashtra,Y,Y,d
414205,Dongarkinhi,Maharashtra,Y,Y,d
414206,Jamkhed,Maharashtra,N,Y,b
414207,Jamkhed,Maharashtra,N,Y,b
414208,Ashti,Maharashtra,Y,Y,b
414212,Patan Mh,Maharashtra,N,Y,b
414301,Parner,Maharashtra,Y,Y,b
414302,Parner,Maharashtra,Y,Y,b
414303,Parner,Maharashtra,Y,Y,b
414304,Parner,Maharashtra,Y,Y,b
414305,Alephata,Maharashtra,Y,Y,b
414306,Parner,Maharashtra,Y,Y,b
414307,Ahmednagar,Maharashtra,Y,Y,d
414401,Karjat-Mh,Maharashtra,Y,Y,b
414402,Karjat-Mh,Maharashtra,Y,Y,b
414403,Karjat-Mh,Maharashtra,Y,Y,b
414404,Ahmednagar,Maharashtra,N,N,d
414405,Rahata,Maharashtra,N,Y,b
414410,Karjat,Maharashtra,N,N,d
414501,Shevgaon,Maharashtra,Y,Y,b
414502,Shevgaon,Maharashtra,Y,Y,b
414503,Shevgaon,Maharashtra,Y,Y,b
414504,PAITHAN,Maharashtra,N,Y,b
414505,Pathardi,Maharashtra,Y,Y,b
414506,Shevgaon (Mah),Maharashtra,N,N,d
414507,Shevgaon (Mah),Maharashtra,N,N,d
414508,Shevgaon (Mah),Maharashtra,N,N,d
414509,Kopargaon,Maharashtra,N,Y,b
414510,Beed,Maharashtra,N,Y,b
414578,Ahmednagar,Maharashtra,Y,Y,b
414601,Ahmednagar,Maharashtra,Y,Y,b
414602,Newasa,Maharashtra,Y,Y,b
414603,Newasa,Maharashtra,Y,Y,b
414604,Newasa,Maharashtra,Y,Y,b
414605,Newasa,Maharashtra,Y,Y,b
414606,Newasa,Maharashtra,Y,Y,b
414607,NEWASA,Maharashtra,Y,Y,b
414608,Wadwani,Maharashtra,N,Y,b
414609,Newasa,Maharashtra,Y,Y,b
414610,Newasa,Maharashtra,N,Y,b
414611,Newasa,Maharashtra,N,Y,b
414612,Newasa,Maharashtra,N,Y,b
414613,Newasa,Maharashtra,N,Y,b
414614,Newasa,Maharashtra,N,Y,b
414615,Newasa,Maharashtra,N,Y,b
414671,Kopargaon,Maharashtra,N,Y,b
414674,Kada,Maharashtra,N,Y,b
414701,Shrigonda,Maharashtra,Y,Y,b
414702,Daund,Maharashtra,Y,Y,b
414703,Daund,Maharashtra,Y,Y,b
414709,Daund,Maharashtra,Y,Y,b
415001,Satara,Maharashtra,Y,Y,d
415002,Satara,Maharashtra,Y,Y,d
415003,Satara,Maharashtra,Y,Y,d
415004,Satara,Maharashtra,Y,Y,d
415005,Satara,Maharashtra,Y,Y,b
415010,Koregaon,Maharashtra,Y,Y,d
415011,Satara,Maharashtra,Y,Y,d
415012,Wai,Maharashtra,Y,Y,b
415013,SATARA,Maharashtra,N,N,d
415014,Karad,Maharashtra,Y,Y,d
415015,Wai,Maharashtra,Y,Y,d
415016,Saidapura Satara,Maharashtra,N,Y,b
415017,Satara,Maharashtra,N,N,d
415019,Rahimatpur,Maharashtra,Y,Y,d
415020,Panchwad,Maharashtra,Y,Y,d
415021,Koregaon,Maharashtra,Y,Y,d
415022,Satara,Maharashtra,Y,Y,d
415023,VADUJ,Maharashtra,N,Y,b
415035,Saidapura Satara,Maharashtra,N,Y,b
415045,Vaduj,Maharashtra,N,Y,b
415051,Saidapura Satara,Maharashtra,N,Y,b
415101,Bambavade,Maharashtra,Y,Y,d
415102,Mayani,Maharashtra,N,Y,d
415103,Karad,Maharashtra,Y,Y,d
415104,Karad,Maharashtra,Y,Y,d
415105,Karad,Maharashtra,Y,Y,d
415106,Karad,Maharashtra,Y,Y,d
415107,Rahimatpur,Maharashtra,Y,Y,d
415108,Karad,Maharashtra,Y,Y,d
415109,Karad,Maharashtra,Y,Y,d
415110,Karad,Maharashtra,Y,Y,d
415111,Karad,Maharashtra,Y,Y,d
415112,Karad,Maharashtra,Y,Y,d
415114,Karad,Maharashtra,Y,Y,d
415115,Karad,Maharashtra,Y,Y,d
415116,Rahimatpur,Maharashtra,Y,Y,d
415118,KOREGAON,Maharashtra,N,Y,b
415119,Karad,Maharashtra,Y,Y,d
415120,Patan Mh,Maharashtra,N,Y,b
415122,Karad,Maharashtra,Y,Y,d
415124,Karad,Maharashtra,Y,Y,d
415201,Mahad,Maharashtra,N,Y,b
415202,Mandangad,Maharashtra,Y,Y,b
415203,Mandangad,Maharashtra,Y,Y,b
415205,Patan-Mh,Maharashtra,Y,Y,d
415206,Patan-Mh,Maharashtra,Y,Y,d
415207,Patan Mh,Maharashtra,N,Y,b
415208,Mandangad,Maharashtra,Y,Y,b
415209,Patan-MH,Maharashtra,Y,Y,d
415210,Patan Mh,Maharashtra,N,Y,b
415211,Patan-Mh,Maharashtra,Y,Y,d
415212,Patan-MH,Maharashtra,Y,Y,d
415213,Mahad,Maharashtra,Y,Y,b
415214,Mandangad,Maharashtra,Y,Y,b
415216,Bambavade,Maharashtra,N,Y,b
415301,Atapadi,Maharashtra,Y,Y,d
415302,Islampur,Maharashtra,Y,Y,d
415303,Islampur,Maharashtra,Y,Y,d
415304,Vita,Maharashtra,Y,Y,d
415305,Vita,Maharashtra,Y,Y,d
415306,Atapadi,Maharashtra,Y,Y,d
415307,Vita,Maharashtra,Y,Y,d
415308,Atapadi,Maharashtra,Y,Y,d
415309,Vita,Maharashtra,Y,Y,d
415310,Vita,Maharashtra,Y,Y,d
415311,Vita,Maharashtra,Y,Y,d
415312,Mayani,Maharashtra,N,Y,d
415313,Islampur,Maharashtra,Y,Y,d
415314,Bhavaninagar,Maharashtra,Y,Y,b
415315,Atapadi,Maharashtra,Y,Y,d
415316,Bhavaninagar,Maharashtra,Y,Y,b
415317,Bhavaninagar,Maharashtra,Y,Y,b
415345,Atpadi,Maharashtra,N,Y,b
415401,Shirala,Maharashtra,Y,Y,d
415402,Shirala,Maharashtra,Y,Y,d
415403,Islampur,Maharashtra,Y,Y,d
415404,Islampur,Maharashtra,Y,Y,d
415405,Shirala,Maharashtra,Y,Y,d
415406,Islampur,Maharashtra,Y,Y,d
415407,Islampur,Maharashtra,Y,Y,d
415408,Shirala,Maharashtra,Y,Y,d
415409,Islampur,Maharashtra,Y,Y,d
415410,Islampur,Maharashtra,Y,Y,d
415411,Islampur,Maharashtra,Y,Y,d
415412,Shirala,Maharashtra,Y,Y,d
415413,Islampur,Maharashtra,Y,Y,d
415414,Islampur,Maharashtra,Y,Y,d
415415,Shirala,Maharashtra,Y,Y,d
415416,SHAHUWADI,Maharashtra,N,N,d
415417,Pune,Maharashtra,N,N,d
415418,ISLAMPUR - MH,Maharashtra,N,N,d
415501,Koregaon,Maharashtra,Y,Y,d
415502,Vaduj,Maharashtra,Y,Y,d
415503,Koregaon,Maharashtra,Y,Y,d
415504,Koregaon,Maharashtra,Y,Y,d
415505,Vaduj,Maharashtra,Y,Y,d
415506,Vaduj,Maharashtra,Y,Y,d
415507,Mayani,Maharashtra,N,Y,d
415508,Vaduj,Maharashtra,Y,Y,d
415509,Mhaswad,Maharashtra,Y,Y,d
415510,Vaduj,Maharashtra,Y,Y,d
415511,Rahimatpur,Maharashtra,Y,Y,d
415512,Rahimatpur,Maharashtra,Y,Y,d
415513,Wai,Maharashtra,Y,Y,b
415514,Panchwad,Maharashtra,Y,Y,b
415515,Wai,Maharashtra,Y,Y,b
415516,Wai,Maharashtra,Y,Y,b
415517,Wai,Maharashtra,Y,Y,b
415518,Satara,Maharashtra,Y,Y,d
415519,Satara,Maharashtra,Y,Y,d
415520,Patan-MH,Maharashtra,Y,Y,d
415521,Nira,Maharashtra,Y,Y,b
415522,Phaltan,Maharashtra,Y,Y,d
415523,Phaltan,Maharashtra,Y,Y,d
415524,Koregaon,Maharashtra,Y,Y,d
415525,Wai,Maharashtra,Y,Y,b
415526,Nira,Maharashtra,Y,Y,b
415527,Vaduj,Maharashtra,Y,Y,d
415528,Phaltan,Maharashtra,Y,Y,d
415529,Wai,Maharashtra,Y,Y,b
415530,Panchwad,Maharashtra,Y,Y,b
415531,Wai,Maharashtra,N,Y,b
415532,Wai,Maharashtra,N,Y,b
415534,Lonand,Maharashtra,N,Y,b
415535,Lonand,Maharashtra,N,Y,b
415536,Wai,Maharashtra,Y,Y,b
415537,Phaltan,Maharashtra,Y,Y,d
415538,Mayani,Maharashtra,N,Y,d
415539,Karad,Maharashtra,Y,Y,d
415540,Mhaswad,Maharashtra,Y,Y,d
415551,Lonand,Maharashtra,N,Y,b
415552,Lonand,Maharashtra,N,Y,b
415553,Lonand,Maharashtra,N,Y,b
415554,Mhaswad,Maharashtra,N,Y,b
415555,Mhaswad,Maharashtra,N,Y,b
415556,Mhaswad,Maharashtra,N,Y,b
415557,Mhaswad,Maharashtra,N,Y,b
415558,Mhaswad,Maharashtra,N,Y,b
415560,Mhaswad,Maharashtra,N,Y,b
415565,Mhaswad,Maharashtra,N,Y,b
415567,Mhaswad,Maharashtra,N,Y,b
415568,Mhaswad,Maharashtra,N,Y,b
415569,Mhaswad,Maharashtra,N,Y,b
415570,Aurangabad,Maharashtra,Y,Y,b
415601,Chiplun,Maharashtra,Y,Y,d
415602,Chiplun,Maharashtra,Y,Y,d
415603,Chiplun,Maharashtra,Y,Y,d
415604,Chiplun,Maharashtra,Y,Y,d
415605,Chiplun,Maharashtra,Y,Y,d
415606,Chiplun,Maharashtra,Y,Y,d
415607,SANGMESHWAR,Maharashtra,N,N,d
415608,Sangmeshwar,Maharashtra,Y,Y,d
415609,Sangameshwar,Maharashtra,Y,Y,d
415610,Sangameshwar,Maharashtra,Y,Y,d
415611,Sangameshwar,Maharashtra,Y,Y,d
415612,Ratnagiri,Maharashtra,Y,Y,d
415613,Ganpatipule,Maharashtra,Y,Y,d
415614,Ganpatipule,Maharashtra,Y,Y,d
415615,Ganpatipule,Maharashtra,Y,Y,d
415616,Ratnagiri,Maharashtra,Y,Y,d
415617,Ganpatipule,Maharashtra,Y,Y,d
415618,Ratnagiri,Maharashtra,Y,Y,d
415619,Ratnagiri,Maharashtra,Y,Y,d
415620,Ganpatipule,Maharashtra,Y,Y,d
415621,Khed,Maharashtra,Y,Y,b
415622,Khed,Maharashtra,Y,Y,b
415626,Ratnagiri,Maharashtra,Y,Y,d
415627,Ratnagiri,Maharashtra,N,Y,b
415628,Chiplun,Maharashtra,Y,Y,d
415629,Ratnagiri,Maharashtra,Y,Y,d
415630,RATNAGIRI,Maharashtra,N,Y,b
415631,Chiplun,Maharashtra,N,N,d
415634,Shringartali,Maharashtra,Y,Y,d
415637,SANGMESHWAR,Maharashtra,Y,Y,d
415639,Ratnagiri,Maharashtra,Y,Y,d
415640,Khed,Maharashtra,Y,Y,b
415641,Chiplun,Maharashtra,N,Y,b
415643,Lanja,Maharashtra,Y,Y,d
415701,Chiplun,Maharashtra,Y,Y,d
415702,Shringartali,Maharashtra,Y,Y,d
415703,Shringartali,Maharashtra,Y,Y,d
415704,Shringartali,Maharashtra,Y,Y,b
415705,Shringartali,Maharashtra,Y,Y,d
415706,Dapoli,Maharashtra,Y,Y,b
415707,Chiplun,Maharashtra,N,N,d
415708,Khed,Maharashtra,Y,Y,b
415709,Khed,Maharashtra,Y,Y,b
415710,Khed,Maharashtra,Y,Y,b
415711,Khed,Maharashtra,Y,Y,b
415712,Dapoli,Maharashtra,Y,Y,b
415713,Dapoli,Maharashtra,Y,Y,b
415714,Dapoli,Maharashtra,Y,Y,b
415715,Khed,Maharashtra,Y,Y,b
415716,Khed,Maharashtra,Y,Y,b
415717,Dapoli,Maharashtra,Y,Y,b
415718,Chiplun,Maharashtra,Y,Y,d
415719,Shringartali,Maharashtra,Y,Y,b
415720,Dapoli,Maharashtra,Y,Y,b
415721,Ratnagiri,Maharashtra,N,Y,b
415722,Khed,Maharashtra,Y,Y,b
415724,Shringartali,Maharashtra,Y,Y,d
415726,Shringartali,Maharashtra,Y,Y,d
415727,Khed,Maharashtra,Y,Y,b
415728,Shringartali,Maharashtra,Y,Y,d
415729,Shringartali,Maharashtra,Y,Y,d
415730,Khed,Maharashtra,Y,Y,b
415801,Lanja,Maharashtra,Y,Y,d
415802,Lanja,Maharashtra,Y,Y,d
415803,Lanja,Maharashtra,Y,Y,d
415804,Sangameshwar,Maharashtra,Y,Y,d
415805,RATNAGIRI,Maharashtra,Y,Y,d
415806,Ratnagiri,Maharashtra,Y,Y,d
415807,Lanja,Maharashtra,Y,Y,d
416001,Kolhapur,Maharashtra,Y,Y,d
416002,Kolhapur,Maharashtra,Y,Y,d
416003,Kolhapur,Maharashtra,Y,Y,d
416004,Kagal,Maharashtra,Y,Y,d
416005,Kolhapur,Maharashtra,Y,Y,d
416006,Kolhapur,Maharashtra,Y,Y,d
416007,Kolhapur,Maharashtra,Y,Y,d
416008,Kolhapur,Maharashtra,Y,Y,d
416009,Kolhapur,Maharashtra,Y,Y,d
416010,Kale,Maharashtra,Y,Y,d
416011,Kolhapur,Maharashtra,Y,Y,d
416012,Kolhapur,Maharashtra,Y,Y,d
416013,Kolhapur,Maharashtra,Y,Y,d
416014,Kolhapur,Maharashtra,Y,Y,d
416015,Kolhapur,Maharashtra,Y,Y,d
416016,Arjunwad,Maharashtra,N,Y,b
416017,Arjunwad,Maharashtra,N,Y,b
416019,Kolhapur,Maharashtra,Y,Y,d
416022,Kolhapur,Maharashtra,Y,Y,d
416025,Jawaharnagar,Maharashtra,N,Y,b
416026,Jawaharnagar,Maharashtra,N,Y,b
416027,Jawaharnagar,Maharashtra,N,Y,b
416028,Jawaharnagar,Maharashtra,N,Y,b
416034,Kolhapur,Maharashtra,N,Y,b
416051,Gadhingalaj,Maharashtra,N,Y,b
416065,Hupari,Maharashtra,N,Y,b
416070,Hupari,Maharashtra,N,Y,b
416071,Hupari,Maharashtra,N,Y,b
416072,Hupari,Maharashtra,N,Y,b
416074,Hupari,Maharashtra,N,Y,b
416091,Talere,Maharashtra,N,Y,b
416092,Talere,Maharashtra,N,Y,b
416095,Talere,Maharashtra,N,Y,b
416098,Talere,Maharashtra,N,Y,b
416101,Jaysingpur,Maharashtra,Y,Y,d
416102,Jaysingpur,Maharashtra,Y,Y,d
416103,Jaysingpur,Maharashtra,Y,Y,d
416104,Jaysingpur,Maharashtra,Y,Y,d
416105,Jaysingpur,Maharashtra,Y,Y,d
416106,Jaysingpur,Maharashtra,Y,Y,d
416107,Ichalkaranji,Maharashtra,Y,Y,d
416108,Jaysingpur,Maharashtra,Y,Y,d
416109,Ichalkaranji,Maharashtra,Y,Y,d
416110,Ichalkaranji,Maharashtra,Y,Y,d
416111,Ichalkaranji,Maharashtra,Y,Y,d
416112,Kolhapur,Maharashtra,Y,Y,d
416113,Shirala,Maharashtra,Y,Y,d
416114,Shirala,Maharashtra,Y,Y,d
416115,Ichalkaranji,Maharashtra,Y,Y,d
416116,Ichalkaranji,Maharashtra,Y,Y,d
416117,Ichalkaranji,Maharashtra,Y,Y,d
416118,Ichalkaranji,Maharashtra,Y,Y,d
416119,Kolhapur,Maharashtra,Y,Y,d
416120,Miraj,Maharashtra,Y,Y,d
416121,Ichalkaranji,Maharashtra,Y,Y,d
416122,Kolhapur,Maharashtra,Y,Y,d
416123,Kolhapur,Maharashtra,Y,Y,d
416125,Kolhapur,Maharashtra,Y,Y,d
416127,Kolhapur,Maharashtra,N,Y,b
416129,KOLHAPUR,Maharashtra,Y,Y,b
416130,Ichalkaranji,Maharashtra,Y,Y,d
416132,Tasgaon,Maharashtra,N,Y,b
416134,Jaysingpur,Maharashtra,Y,Y,d
416137,Sangli,Maharashtra,Y,Y,d
416138,Ichalkaranji,Maharashtra,Y,Y,d
416143,Ichalkaranji,Maharashtra,Y,Y,d
416144,Sangli,Maharashtra,Y,Y,d
416145,Ichalkaranji,Maharashtra,Y,Y,d
416146,Ichalkaranji,Maharashtra,Y,Y,d
416201,Kolhapur,Maharashtra,Y,Y,d
416202,Kagal,Maharashtra,Y,Y,d
416203,Ichalkaranji,Maharashtra,Y,Y,d
416204,Kale,Maharashtra,Y,Y,d
416205,Kale,Maharashtra,Y,Y,d
416206,Kale,Maharashtra,Y,Y,d
416207,Kagal,Maharashtra,Y,Y,d
416208,Rashiwade Bk,Maharashtra,Y,Y,d
416209,Mudal,Maharashtra,Y,Y,d
416210,Kadgaon,Maharashtra,N,Y,b
416211,Rashiwade Bk,Maharashtra,Y,Y,d
416212,Mudal,Maharashtra,Y,Y,d
416213,Bambavade,Maharashtra,Y,Y,d
416214,Bambavade,Maharashtra,Y,Y,d
416215,Bambavade,Maharashtra,Y,Y,d
416216,Kagal,Maharashtra,Y,Y,d
416217,Kolhapur,Maharashtra,Y,Y,b
416218,Gadhinglaj,Maharashtra,Y,Y,d
416219,Mudal,Maharashtra,Y,Y,d
416220,Gadhinglaj,Maharashtra,Y,Y,d
416221,Rashiwade Bk,Maharashtra,Y,Y,d
416222,Kolhapur,Maharashtra,Y,Y,d
416223,Mudal,Maharashtra,Y,Y,d
416224,GARGOTI,Maharashtra,N,N,d
416227,Kolhapur,Maharashtra,N,Y,b
416228,KOLHAPUR,Maharashtra,N,Y,b
416229,Kolhapur,Maharashtra,Y,Y,d
416230,Kale,Maharashtra,Y,Y,d
416231,Mudal,Maharashtra,Y,Y,d
416232,Kagal,Maharashtra,Y,Y,d
416234,Kagal,Maharashtra,Y,Y,d
416235,Kolhapur,Maharashtra,Y,Y,d
416236,Kagal,Maharashtra,Y,Y,d
416301,AshtaSangli,Maharashtra,Y,Y,d
416302,AshtaSangli,Maharashtra,Y,Y,d
416303,Tasgaon,Maharashtra,Y,Y,d
416304,Sangli,Maharashtra,Y,Y,d
416305,AshtaSangli,Maharashtra,Y,Y,d
416306,Sangli,Maharashtra,Y,Y,d
416307,Tasgaon,Maharashtra,Y,Y,d
416308,AshtaSangli,Maharashtra,Y,Y,d
416309,Vita,Maharashtra,Y,Y,d
416310,Vita,Maharashtra,Y,Y,d
416311,Kavathe Mahankal,Maharashtra,Y,Y,d
416312,Tasgaon,Maharashtra,Y,Y,d
416313,AshtaSangli,Maharashtra,Y,Y,d
416314,Vita,Maharashtra,Y,Y,d
416315,AshtaSangli,Maharashtra,Y,Y,d
416316,AshtaSangli,Maharashtra,Y,Y,d
416317,TASGAON,Maharashtra,Y,Y,d
416319,TASGAON,Maharashtra,Y,Y,b
416320,ISLAMPUR - MH,Maharashtra,N,N,d
416321,VEETA,Maharashtra,Y,Y,b
416322,Islampur,Maharashtra,Y,Y,d
416401,Miraj,Maharashtra,Y,Y,d
416402,Jath,Maharashtra,Y,Y,d
416403,Kavathe Mahankal,Maharashtra,Y,Y,d
416404,Jath,Maharashtra,Y,Y,d
416405,Kavathe Mahankal,Maharashtra,Y,Y,d
416406,Sangli,Maharashtra,Y,Y,d
416407,Miraj,Maharashtra,Y,Y,d
416408,Tasgaon,Maharashtra,Y,Y,d
416409,Miraj,Maharashtra,Y,Y,d
416410,Miraj,Maharashtra,Y,Y,d
416411,Kavathe Mahankal,Maharashtra,Y,Y,d
416412,Jath,Maharashtra,Y,Y,d
416413,Jath,Maharashtra,Y,Y,d
416414,Miraj,Maharashtra,Y,Y,d
416415,Sangli,Maharashtra,Y,Y,d
416416,Sangli,Maharashtra,Y,Y,d
416417,AshtaSangli,Maharashtra,Y,Y,d
416418,Kavathe Mahankal,Maharashtra,Y,Y,d
416419,Kavathe Mahankal,Maharashtra,Y,Y,d
416420,Miraj,Maharashtra,Y,Y,d
416421,Sangli,Maharashtra,Y,Y,d
416422,MAHISHAL,Maharashtra,Y,Y,b
416423,Sangli,Maharashtra,Y,Y,d
416424,Walwa,Maharashtra,N,Y,b
416425,Sangli,Maharashtra,Y,Y,d
416426,Sangli,Maharashtra,Y,Y,d
416428,Veeta,Maharashtra,Y,Y,b
416429,Sangli,Maharashtra,N,N,d
416430,Walwa,Maharashtra,N,Y,b
416431,Walwa,Maharashtra,N,Y,b
416432,Kavathemahankal,Maharashtra,N,Y,b
416433,Kavathemahankal,Maharashtra,N,Y,b
416434,Kavathemahankal,Maharashtra,N,Y,b
416435,Sangli,Maharashtra,Y,Y,d
416436,Sangli,Maharashtra,Y,Y,d
416437,Miraj,Maharashtra,Y,Y,d
416438,Kavathemahankal,Maharashtra,N,Y,b
416501,Gadhinglaj,Maharashtra,Y,Y,d
416502,Gadhinglaj,Maharashtra,Y,Y,d
416503,Gadhinglaj,Maharashtra,Y,Y,d
416504,Gadhinglaj,Maharashtra,Y,Y,d
416505,Gadhinglaj,Maharashtra,Y,Y,d
416506,Gadhinglaj,Maharashtra,Y,Y,d
416507,Halkarni,Maharashtra,Y,Y,d
416508,Halkarni,Maharashtra,Y,Y,d
416509,Halkarni,Maharashtra,Y,Y,d
416510,Sawantwadi,Maharashtra,Y,Y,d
416511,Sawantwadi,Maharashtra,Y,Y,d
416512,Dodamarg,Maharashtra,N,Y,d
416513,Goa,Goa,Y,Y,d
416514,Sawantwadi,Maharashtra,Y,Y,d
416515,Sawantwadi,Maharashtra,Y,Y,d
416516,Sawantwadi,Maharashtra,Y,Y,d
416517,Sawantwadi,Maharashtra,Y,Y,d
416518,Sawantwadi,Maharashtra,Y,Y,d
416519,Oras,Maharashtra,Y,Y,d
416520,Oras,Maharashtra,Y,Y,d
416521,Oras,Maharashtra,Y,Y,d
416522,Malvan,Maharashtra,Y,Y,d
416523,Malvan,Maharashtra,Y,Y,d
416524,Malvan,Maharashtra,Y,Y,d
416525,Sawantwadi,Maharashtra,Y,Y,d
416526,Gadhinglaj,Maharashtra,Y,Y,d
416527,AJRA,Maharashtra,N,N,d
416528,Oras,Maharashtra,Y,Y,d
416529,Sawantwadi,Maharashtra,Y,Y,d
416530,Banda Mh,Maharashtra,N,Y,b
416531,Sawantwadi,Maharashtra,Y,Y,d
416532,Sawantwadi,Maharashtra,Y,Y,b
416534,Oras,Maharashtra,Y,Y,d
416536,Gadhinglaj,Maharashtra,Y,Y,d
416539,Dodamarg,Maharashtra,N,Y,b
416540,Sangli,Maharashtra,Y,Y,d
416541,Ratnagiri,Maharashtra,Y,Y,b
416542,Dodamarg,Maharashtra,N,Y,b
416544,Sawantwadi,Maharashtra,N,Y,b
416549,Dodamarg,Maharashtra,N,Y,b
416550,Sawantwadi,Maharashtra,Y,Y,d
416551,Gadhinglaj,Maharashtra,Y,Y,d
416552,Halkarni,Maharashtra,Y,Y,d
416601,Kankavali,Maharashtra,Y,Y,d
416602,Kankavali,Maharashtra,Y,Y,d
416603,Oras,Maharashtra,Y,Y,d
416604,Malvan,Maharashtra,Y,Y,d
416605,Malvan,Maharashtra,Y,Y,d
416606,Malvan,Maharashtra,Y,Y,d
416607,Malvan,Maharashtra,Y,Y,d
416608,Malvan,Maharashtra,Y,Y,d
416609,Kankavali,Maharashtra,Y,Y,d
416610,Kankavali,Maharashtra,Y,Y,d
416611,Devgad,Maharashtra,N,Y,d
416612,Devgad,Maharashtra,Y,Y,d
416613,Devgad,Maharashtra,Y,Y,d
416614,Malvan,Maharashtra,Y,Y,d
416615,Devgad,Maharashtra,N,Y,d
416616,Malvan,Maharashtra,Y,Y,d
416618,Kankavli,Maharashtra,N,N,d
416620,Oras,Maharashtra,Y,Y,d
416621,Kankavli,Maharashtra,N,N,d
416622,Kankavli,Maharashtra,N,N,d
416623,Devgad,Maharashtra,Y,Y,d
416624,Kankavli,Maharashtra,N,N,d
416625,Kankavli,Maharashtra,N,N,d
416626,Malvan,Maharashtra,Y,Y,d
416628,Oras,Maharashtra,Y,Y,d
416630,Malvan,Maharashtra,Y,Y,d
416632,Oras,Maharashtra,Y,Y,d
416701,Lanja,Maharashtra,Y,Y,d
416702,Rajapur,Maharashtra,Y,Y,d
416703,Talere,Maharashtra,Y,Y,d
416704,Rajapur,Maharashtra,Y,Y,d
416705,Rajapur,Maharashtra,Y,Y,d
416707,Ratnagiri,Maharashtra,Y,Y,d
416709,Rajapur,Maharashtra,Y,Y,d
416712,Lanja,Maharashtra,Y,Y,d
416713,Rajapur,Maharashtra,Y,Y,d
416801,Talere,Maharashtra,Y,Y,d
416802,Kankavli,Maharashtra,N,N,d
416803,Devgad,Maharashtra,Y,Y,d
416804,Devgad,Maharashtra,Y,Y,d
416805,Devgad,Maharashtra,Y,Y,d
416806,Devgad,Maharashtra,Y,Y,d
416807,Devgad,Maharashtra,Y,Y,d
416809,Kankavli,Maharashtra,N,N,d
416810,Talere,Maharashtra,Y,Y,d
416811,Talere,Maharashtra,Y,Y,d
416812,Oras,Maharashtra,Y,Y,d
416813,Talere,Maharashtra,N,Y,b
416814,Oras,Maharashtra,Y,Y,d
418010,Kankavli,Maharashtra,N,N,d
418101,Kankavli,Maharashtra,N,N,d
418110,Kankavli,Maharashtra,N,N,d
418115,Kankavli,Maharashtra,N,N,d
419209,Mumbai,Maharashtra,N,Y,b
420007,Indore,Madhya Pradesh,N,N,d
420421,Thane,Maharashtra,Y,Y,b
421000,Bhiwandi,Maharashtra,Y,Y,d
421001,Greater Thane,Maharashtra,Y,Y,b
421002,Greater Thane,Maharashtra,Y,Y,b
421003,Greater Thane,Maharashtra,Y,Y,b
421004,Greater Thane,Maharashtra,Y,Y,b
421005,Greater Thane,Maharashtra,Y,Y,b
421006,Mumbai,Maharashtra,Y,Y,b
421032,Greater Thane,Maharashtra,Y,Y,b
421051,Mumbai,Maharashtra,N,Y,b
421101,Asangaon,Maharashtra,Y,Y,b
421102,Greater Thane,Maharashtra,Y,Y,b
421103,Greater Thane,Maharashtra,Y,Y,b
421104,Bhiwandi,Maharashtra,N,Y,b
421111,Bhiwandi,Maharashtra,Y,Y,d
421200,Mumbai,Maharashtra,N,N,d
421201,Greater Thane,Maharashtra,Y,Y,b
421202,Greater Thane,Maharashtra,Y,Y,b
421203,Greater Thane,Maharashtra,Y,Y,b
421204,Greater Thane,Maharashtra,Y,Y,b
421205,Navi Mumbai,Maharashtra,Y,Y,b
421206,Kalyan,Maharashtra,N,Y,b
421208,Vasai,Maharashtra,N,N,d
421300,Greater Thane,Maharashtra,Y,Y,b
421301,Greater Thane,Maharashtra,Y,Y,b
421302,Greater Thane,Maharashtra,Y,Y,b
421303,Kudus,Maharashtra,Y,Y,b
421304,Greater Thane,Maharashtra,Y,Y,b
421305,Greater Thane,Maharashtra,Y,Y,b
421306,Greater Thane,Maharashtra,Y,Y,b
421307,Thane,Maharashtra,Y,Y,b
421308,Greater Thane,Maharashtra,Y,Y,b
421309,Mumbai,Maharashtra,N,N,d
421311,Greater Thane,Maharashtra,Y,Y,b
421312,Kudus,Maharashtra,Y,Y,b
421313,Bhiwandi,Maharashtra,N,N,d
421317,Pimpalgaon,Maharashtra,N,N,d
421401,Murbad,Maharashtra,Y,Y,b
421402,Murbad,Maharashtra,Y,Y,b
421403,Murbad,Maharashtra,Y,Y,b
421405,Thane,Maharashtra,Y,Y,d
421501,Greater Thane,Maharashtra,Y,Y,b
421502,Greater Thane,Maharashtra,Y,Y,b
421503,Greater Thane,Maharashtra,Y,Y,b
421504,Greater Thane,Maharashtra,Y,Y,b
421505,Greater Thane,Maharashtra,Y,Y,b
421506,Greater Thane,Maharashtra,Y,Y,b
421507,Mumbai,Maharashtra,Y,Y,b
421508,Kur,Maharashtra,N,N,d
421601,Asangaon,Maharashtra,Y,Y,b
421602,Igatpuri,Maharashtra,Y,Y,b
421603,Asangaon,Maharashtra,Y,Y,b
421604,Asangaon,Maharashtra,Y,Y,b
421605,Greater Thane,Maharashtra,Y,Y,b
421607,Kalyan,Maharashtra,N,N,d
421999,Bhiwandi,Maharashtra,N,Y,b
422001,Nashik,Maharashtra,Y,Y,b
422002,Nashik,Maharashtra,Y,Y,b
422003,Nashik,Maharashtra,Y,Y,b
422004,Dindori-MH,Maharashtra,Y,Y,b
422005,Nashik,Maharashtra,Y,Y,b
422006,Nashik,Maharashtra,Y,Y,b
422007,Nashik,Maharashtra,Y,Y,b
422008,Nashik,Maharashtra,Y,Y,b
422009,Nashik,Maharashtra,Y,Y,b
422010,Nashik,Maharashtra,Y,Y,b
422011,Nashik,Maharashtra,Y,Y,b
422012,Nashik,Maharashtra,Y,Y,b
422013,Nashik,Maharashtra,Y,Y,b
422014,Nasik,Maharashtra,N,N,d
422015,Nasik,Maharashtra,N,N,d
422017,Nasik,Maharashtra,N,N,d
422100,NASHIK,Maharashtra,N,N,d
422101,Nashik,Maharashtra,Y,Y,b
422102,Sinnar,Maharashtra,Y,Y,b
422103,Sinnar,Maharashtra,Y,Y,b
422104,Sinnar,Maharashtra,Y,Y,b
422105,Sinnar,Maharashtra,Y,Y,b
422106,Nashik,Maharashtra,N,Y,b
422107,Nashik,Maharashtra,N,Y,b
422108,Nashik,Maharashtra,N,Y,b
422109,Sinnar,Maharashtra,Y,Y,b
422110,Satana,Maharashtra,Y,Y,b
422111,Nashik,Maharashtra,N,Y,b
422112,Sinnar,Maharashtra,Y,Y,b
422113,Sinnar,Maharashtra,Y,Y,b
422200,Nasik,Maharashtra,N,N,d
422201,Ojhar,Maharashtra,Y,Y,b
422202,Dindori-Mh,Maharashtra,Y,Y,b
422203,NASIK,Maharashtra,Y,Y,b
422204,Kudus,Maharashtra,Y,Y,b
422205,Nashik,Maharashtra,Y,Y,b
422206,Ojhar,Maharashtra,Y,Y,b
422207,Ojhar,Maharashtra,Y,Y,b
422208,Peint,Maharashtra,N,Y,b
422209,Ojhar,Maharashtra,Y,Y,b
422210,Sinnar,Maharashtra,Y,Y,b
422211,KALVAN,Maharashtra,N,N,d
422212,Nashik,Maharashtra,Y,Y,b
422213,NASHIK,Maharashtra,Y,Y,b
422214,Nashik,Maharashtra,N,Y,b
422215,Nashik,Maharashtra,Y,Y,b
422216,Nashik,Maharashtra,N,Y,b
422217,Nashik,Maharashtra,N,Y,b
422218,Nasik,Maharashtra,N,N,d
422219,Kalvan,Maharashtra,N,Y,b
422220,Nashik,Maharashtra,N,Y,b
422221,Ojhar,Maharashtra,Y,Y,b
422222,NASHIK,Maharashtra,Y,Y,b
422223,Nasik,Maharashtra,N,N,d
422240,Nashik,Maharashtra,N,N,d
422301,Nashik,Maharashtra,Y,Y,b
422302,Ojhar,Maharashtra,Y,Y,b
422303,Lasalgaon,Maharashtra,Y,Y,b
422304,Lasalgaon,Maharashtra,Y,Y,b
422305,Lasalgaon,Maharashtra,Y,Y,b
422306,Lasalgaon,Maharashtra,Y,Y,b
422307,Lasalgaon,Maharashtra,N,Y,b
422308,Lasalgaon,Maharashtra,Y,Y,b
422401,Nashik,Maharashtra,Y,Y,b
422402,Igatpuri,Maharashtra,Y,Y,b
422403,Igatpuri,Maharashtra,Y,Y,b
422404,Nashik,Maharashtra,N,Y,b
422405,Nashik,Maharashtra,N,Y,b
422406,Nasik,Maharashtra,N,N,d
422407,Nasik,Maharashtra,N,N,d
422408,Nasik,Maharashtra,N,N,d
422409,Nasik,Maharashtra,N,N,d
422501,Nashik,Maharashtra,Y,Y,b
422502,Nashik,Maharashtra,Y,Y,b
422503,Nashik,Maharashtra,N,Y,b
422509,Nashik,Maharashtra,N,Y,b
422601,Akole,Maharashtra,Y,Y,b
422602,Alephata,Maharashtra,Y,Y,b
422603,Sangamner,Maharashtra,Y,Y,b
422604,Akole,Maharashtra,Y,Y,b
422605,Sangamner,Maharashtra,Y,Y,b
422606,Sinnar,Maharashtra,Y,Y,b
422607,Sinnar,Maharashtra,Y,Y,b
422608,Sangamner,Maharashtra,Y,Y,b
422610,Akole,Maharashtra,Y,Y,b
422611,Sangamner,Maharashtra,Y,Y,b
422615,Sangamner,Maharashtra,Y,Y,b
422617,Sangamner,Maharashtra,N,Y,b
422619,Sangamner,Maharashtra,N,Y,b
422620,SANGAMNER,Maharashtra,N,Y,b
422621,Sangamner,Maharashtra,N,Y,b
422622,SANGAMNER,Maharashtra,Y,Y,b
423101,Chandwad,Maharashtra,Y,Y,b
423102,Satana,Maharashtra,Y,Y,b
423103,Malegaon,Maharashtra,Y,Y,b
423104,Manmad,Maharashtra,Y,Y,b
423105,Malegaon,Maharashtra,Y,Y,b
423106,Manmad,Maharashtra,Y,Y,b
423107,Shirdi,Maharashtra,Y,Y,b
423108,Malegaon,Maharashtra,Y,Y,b
423109,Shirdi,Maharashtra,Y,Y,b
423110,Chandwad,Maharashtra,Y,Y,b
423111,Nashik,Maharashtra,Y,Y,b
423112,Aurangabad,Maharashtra,N,Y,b
423113,Ambejogai,Maharashtra,N,Y,b
423114,Lasalgaon,Maharashtra,N,Y,b
423115,Lasur,Maharashtra,N,Y,b
423116,Lasalgaon,Maharashtra,N,Y,b
423117,Chandwad,Maharashtra,Y,Y,b
423120,Jalna,Maharashtra,N,Y,b
423201,Malegaon,Maharashtra,Y,Y,b
423202,Malegaon,Maharashtra,Y,Y,b
423203,Malegaon,Maharashtra,Y,Y,b
423204,Satana,Maharashtra,Y,Y,b
423205,Malegaon,Maharashtra,Y,Y,b
423206,Malegaon,Maharashtra,Y,Y,b
423207,Malegaon,Maharashtra,Y,Y,b
423208,Malegaon,Maharashtra,Y,Y,b
423209,Malegaon,Maharashtra,N,Y,b
423210,Malegaon,Maharashtra,Y,Y,b
423211,Malegaon,Maharashtra,Y,Y,b
423212,Malegaon,Maharashtra,Y,Y,b
423213,Satana,Maharashtra,Y,Y,b
423301,Satana,Maharashtra,Y,Y,b
423302,Satana,Maharashtra,Y,Y,b
423303,SATANA,Maharashtra,Y,Y,b
423304,Sakri,Maharashtra,N,Y,b
423305,Satana,Maharashtra,Y,Y,b
423401,Yeola,Maharashtra,Y,Y,b
423402,Yeola,Maharashtra,Y,Y,b
423403,Yeola,Maharashtra,Y,Y,b
423501,Satana,Maharashtra,Y,Y,b
423502,Dindori-MH,Maharashtra,Y,Y,b
423601,Kopargaon,Maharashtra,Y,Y,b
423602,Kopargaon,Maharashtra,Y,Y,b
423603,Kopargaon,Maharashtra,Y,Y,b
423604,Kopargaon,Maharashtra,Y,Y,b
423605,Kopargaon,Maharashtra,Y,Y,b
423607,Kopargaon,Maharashtra,Y,Y,b
423701,Vaijapur,Maharashtra,Y,Y,b
423702,Gangapur-MH,Maharashtra,Y,Y,b
423703,Vaijapur,Maharashtra,Y,Y,b
423704,Vaijapur,Maharashtra,Y,Y,b
423705,Aurangabad,Maharashtra,N,Y,b
424001,Dhule,Maharashtra,Y,Y,b
424002,Dhule,Maharashtra,Y,Y,b
424003,Dhule,Maharashtra,Y,Y,b
424004,Dhule,Maharashtra,Y,Y,b
424005,Dhule,Maharashtra,Y,Y,b
424006,Dhule,Maharashtra,Y,Y,b
424026,Nashik,Maharashtra,Y,Y,b
424027,Dhule,Maharashtra,N,Y,b
424101,Chalisgaon,Maharashtra,Y,Y,b
424102,Chalisgaon,Maharashtra,Y,Y,b
424103,Chalisgaon,Maharashtra,Y,Y,b
424104,KAJGAON,Maharashtra,Y,Y,b
424105,Pachora,Maharashtra,Y,Y,b
424106,Chalisgaon,Maharashtra,Y,Y,b
424107,Chalisgaon,Maharashtra,Y,Y,b
424108,Chalisgaon,Maharashtra,Y,Y,b
424109,Manmad,Maharashtra,Y,Y,b
424110,Chalisgaon,Maharashtra,N,Y,b
424111,Bhadgaon,Maharashtra,Y,Y,b
424112,Chalisgaon,Maharashtra,N,Y,b
424113,Dhule,Maharashtra,N,Y,b
424114,Chalisgaon,Maharashtra,N,Y,b
424116,Chalisgaon,Maharashtra,N,Y,b
424117,Chalisgaon,Maharashtra,N,Y,b
424119,Chalisgaon,Maharashtra,Y,Y,b
424201,Pachora,Maharashtra,Y,Y,b
424202,Pachora,Maharashtra,Y,Y,b
424203,Pachora,Maharashtra,Y,Y,b
424204,Pachora,Maharashtra,Y,Y,b
424205,Jamner,Maharashtra,Y,Y,b
424206,Jamner,Maharashtra,Y,Y,b
424207,Jamner,Maharashtra,Y,Y,b
424208,Jamner,Maharashtra,Y,Y,b
424209,Jamner,Maharashtra,Y,Y,b
424210,Jamner,Maharashtra,N,Y,b
424214,Jamner,Maharashtra,N,Y,b
424301,Dhule,Maharashtra,Y,Y,b
424302,Dhule,Maharashtra,Y,Y,b
424303,Sakri,Maharashtra,Y,Y,b
424304,Sakri,Maharashtra,Y,Y,b
424305,Sakri,Maharashtra,Y,Y,b
424306,Sakri,Maharashtra,Y,Y,b
424307,Dhule,Maharashtra,Y,Y,b
424308,Dhule,Maharashtra,Y,Y,b
424309,Shindkheda,Maharashtra,Y,Y,b
424310,Sakri,Maharashtra,Y,Y,b
424311,Dhule,Maharashtra,Y,Y,b
424312,Kannad,Maharashtra,Y,Y,b
424313,Nashik,Maharashtra,Y,Y,b
424314,Dhule,Maharashtra,N,Y,b
424315,Dhule,Maharashtra,N,Y,b
424316,Dhule,Maharashtra,N,Y,b
424317,Dhule,Maharashtra,N,Y,b
424318,Dhule,Maharashtra,Y,Y,b
424425,Nandurbar,Maharashtra,N,N,d
425001,Jalgaon,Maharashtra,Y,Y,b
425002,Jalgaon,Maharashtra,Y,Y,b
425003,Jalgaon,Maharashtra,Y,Y,b
425004,Jalgaon,Maharashtra,Y,Y,b
425101,Jalgaon,Maharashtra,Y,Y,b
425102,Jalgaon,Maharashtra,Y,Y,b
425103,Jalgaon,Maharashtra,Y,Y,b
425104,Erandol,Maharashtra,Y,Y,b
425105,Erandol,Maharashtra,Y,Y,b
425106,Erandol,Maharashtra,N,Y,b
425107,Chopda,Maharashtra,Y,Y,b
425108,CHOPDA,Maharashtra,Y,Y,b
425109,Erandol,Maharashtra,Y,Y,b
425110,Erandol,Maharashtra,Y,Y,b
425111,Erandol,Maharashtra,Y,Y,b
425112,Erandol,Maharashtra,N,Y,b
425113,ERANDOL,Maharashtra,Y,Y,b
425114,Jamner,Maharashtra,Y,Y,b
425115,Pachora,Maharashtra,Y,Y,b
425116,Jalgaon,Maharashtra,Y,Y,b
425117,Jalgaon,Maharashtra,Y,Y,b
425118,Jalgaon,Maharashtra,N,Y,b
425119,Jalgaon,Maharashtra,N,Y,b
425120,Jalgaon,Maharashtra,Y,Y,b
425121,Jalgaon,Maharashtra,N,Y,b
425122,Jalgaon,Maharashtra,N,Y,b
425123,Chopda,Maharashtra,Y,Y,b
425124,Jalgaon,Maharashtra,N,Y,b
425125,Bhusawal,Maharashtra,Y,Y,b
425126,Jalgaon,Maharashtra,Y,Y,b
425127,Jalgaon,Maharashtra,N,Y,b
425128,Jalgaon,Maharashtra,N,Y,b
425129,Jalgaon,Maharashtra,N,Y,b
425130,Jalgaon,Maharashtra,N,Y,b
425131,Jalgaon,Maharashtra,N,Y,b
425132,Jalgaon,Maharashtra,Y,Y,b
425133,Jalgaon,Maharashtra,N,Y,b
425134,Jalgaon,Maharashtra,N,Y,b
425135,Jalgaon,Maharashtra,Y,Y,b
425136,Jalgaon,Maharashtra,N,Y,b
425201,Bhusawal,Maharashtra,Y,Y,b
425202,Bhusawal,Maharashtra,Y,Y,b
425203,Bhusawal,Maharashtra,Y,Y,b
425204,Bhusawal,Maharashtra,N,Y,b
425211,Jamner,Maharashtra,N,Y,b
425301,Bhusawal,Maharashtra,Y,Y,b
425302,YAWAL,Maharashtra,Y,Y,b
425303,Chopda,Maharashtra,Y,Y,b
425304,Bhusawal,Maharashtra,Y,Y,b
425305,Bhusawal,Maharashtra,Y,Y,b
425306,Raver,Maharashtra,Y,Y,b
425307,Bhusawal,Maharashtra,Y,Y,b
425308,Bhusawal,Maharashtra,Y,Y,b
425309,Bhusawal,Maharashtra,Y,Y,b
425310,Malkapur,Maharashtra,Y,Y,b
425311,Malkapur,Maharashtra,Y,Y,b
425312,Bhusawal,Maharashtra,Y,Y,b
425313,Malkapur,Maharashtra,N,Y,b
425314,Malkapur,Maharashtra,N,Y,b
425315,Malkapur,Maharashtra,N,Y,b
425316,Malkapur,Maharashtra,N,Y,b
425317,Malkapur,Maharashtra,N,Y,b
425318,Bhusawal,Maharashtra,Y,Y,b
425319,Malkapur,Maharashtra,N,Y,b
425320,Malkapur,Maharashtra,N,Y,b
425321,Malkapur,Maharashtra,N,Y,b
425322,Malkapur,Maharashtra,N,Y,b
425323,Malkapur,Maharashtra,N,Y,b
425324,Malkapur,Maharashtra,N,Y,b
425325,Malkapur,Maharashtra,N,Y,b
425326,Bhusawal,Maharashtra,Y,Y,b
425327,Malkapur,Maharashtra,Y,Y,b
425328,Yawal,Maharashtra,Y,Y,b
425336,Malkapur,Maharashtra,N,Y,b
425400,Nandurbar,Maharashtra,N,N,d
425401,Amalner,Maharashtra,Y,Y,b
425402,Amalner,Maharashtra,Y,Y,b
425403,Shindkheda,Maharashtra,Y,Y,b
425404,Shindkheda,Maharashtra,Y,Y,b
425405,Shirpur,Maharashtra,Y,Y,b
425406,Shindkheda,Maharashtra,Y,Y,b
425407,Shindkheda,Maharashtra,Y,Y,b
425408,Shindkheda,Maharashtra,Y,Y,b
425409,Shahada,Maharashtra,Y,Y,b
425410,Shahada,Maharashtra,Y,Y,b
425411,Nandurbar,Maharashtra,Y,Y,b
425412,Nandurbar,Maharashtra,Y,Y,b
425413,KHANDBARA,Maharashtra,Y,Y,b
425414,Nandurbar,Maharashtra,N,Y,b
425415,Akkalkuva,Maharashtra,Y,Y,b
425416,Nandurbar,Maharashtra,Y,Y,b
425417,Navapur,Maharashtra,Y,Y,b
425418,Navapur,Maharashtra,Y,Y,b
425419,Akkalkuva,Maharashtra,Y,Y,b
425420,Amalner,Maharashtra,Y,Y,b
425421,Shirpur,Maharashtra,Y,Y,b
425422,Shahada,Maharashtra,Y,Y,b
425423,Shahada,Maharashtra,Y,Y,b
425424,Shahada,Maharashtra,Y,Y,b
425425,Navapur,Maharashtra,N,Y,b
425426,Navapur,Maharashtra,Y,Y,b
425427,Shirpur,Maharashtra,Y,Y,b
425428,Shirpur,Maharashtra,Y,Y,b
425429,Khandbara,Maharashtra,N,Y,b
425430,Shahada,Maharashtra,N,Y,b
425431,Shahada,Maharashtra,N,Y,b
425432,Borad,Maharashtra,Y,Y,b
425433,Shahada,Maharashtra,N,Y,b
425434,Chopda,Maharashtra,Y,Y,b
425435,Shahada,Maharashtra,N,Y,b
425436,Shahada,Maharashtra,N,Y,b
425437,Shahada,Maharashtra,N,Y,b
425438,Amalner,Maharashtra,Y,Y,b
425439,Nandurbar,Maharashtra,N,Y,b
425440,Shahada,Maharashtra,N,Y,b
425441,Nandurbar,Maharashtra,N,Y,b
425442,Borad,Maharashtra,Y,Y,b
425443,Khandbara,Maharashtra,N,Y,b
425444,Shahada,Maharashtra,Y,Y,b
425445,Shahada,Maharashtra,N,Y,b
425446,Shahada,Maharashtra,N,Y,b
425447,Shahada,Maharashtra,N,Y,b
425448,Shahada,Maharashtra,Y,Y,b
425449,Khandbara,Maharashtra,N,Y,b
425450,Khandbara,Maharashtra,N,Y,b
425451,Nandurbar,Maharashtra,N,Y,b
425452,Nandurbar,Maharashtra,N,Y,b
425453,Khandbara,Maharashtra,N,Y,b
425501,Raver,Maharashtra,Y,Y,b
425502,Raver,Maharashtra,Y,Y,b
425503,Bhusawal,Maharashtra,Y,Y,b
425504,Raver,Maharashtra,Y,Y,b
425505,Raver,Maharashtra,Y,Y,b
425506,Raver,Maharashtra,Y,Y,b
425507,Raver,Maharashtra,Y,Y,b
425508,Raver,Maharashtra,Y,Y,b
425509,Raver,Maharashtra,Y,Y,b
425510,Bhusawal,Maharashtra,Y,Y,b
425511,Nagpur,Maharashtra,Y,Y,b
425512,Karhale,Maharashtra,N,Y,b
425513,Karhale,Maharashtra,N,Y,b
425514,Karhale,Maharashtra,N,Y,b
425515,Karhale,Maharashtra,N,Y,b
425516,Raver,Maharashtra,Y,Y,b
425517,Muktainagar,Maharashtra,N,Y,b
425518,Muktainagar,Maharashtra,N,Y,b
425519,Bhusawal,Maharashtra,Y,Y,b
425520,Muktainagar,Maharashtra,N,Y,b
425521,Muktainagar,Maharashtra,N,Y,b
425522,Bhusawal,Maharashtra,Y,Y,b
425523,Phaltan,Maharashtra,Y,Y,b
425524,Bhusawal,Maharashtra,Y,Y,b
430004,Banda Mh,Maharashtra,N,Y,b
430005,Aurangabad,Maharashtra,Y,Y,b
430006,Aurangabad,Maharashtra,Y,Y,b
430007,Sillod,Maharashtra,Y,Y,b
430507,Goa,Goa,Y,Y,d
431000,Manwath,Maharashtra,N,N,d
431001,Aurangabad,Maharashtra,Y,Y,b
431002,Aurangabad,Maharashtra,Y,Y,b
431003,Aurangabad,Maharashtra,Y,Y,b
431004,Aurangabad,Maharashtra,Y,Y,b
431005,Aurangabad,Maharashtra,Y,Y,b
431006,Aurangabad,Maharashtra,Y,Y,b
431007,Aurangabad,Maharashtra,Y,Y,b
431008,Aurangabad,Maharashtra,Y,Y,b
431009,Aurangabad,Maharashtra,Y,Y,b
431010,Aurangabad,Maharashtra,Y,Y,b
431011,Aurangabad,Maharashtra,N,N,d
431012,Aurangabad(Mah),Maharashtra,N,N,d
431013,Aurangabad(Mah),Maharashtra,N,N,d
431014,Aurangabad(Mah),Maharashtra,N,N,d
431015,Aurangabad(Mah),Maharashtra,N,N,d
431016,Aurangabad(Mah),Maharashtra,N,N,d
431025,#REF!,#REF!,N,N,d
431100,Aurangabad,Maharashtra,N,Y,b
431101,Aurangabad,Maharashtra,Y,Y,b
431102,Kannad,Maharashtra,Y,Y,b
431103,Kannad,Maharashtra,Y,Y,b
431104,Kannad,Maharashtra,Y,Y,b
431105,Paithan,Maharashtra,Y,Y,b
431106,Selu,Maharashtra,Y,Y,b
431107,Paithan,Maharashtra,Y,Y,b
431108,Paithan,Maharashtra,Y,Y,b
431109,Gangapur-MH,Maharashtra,Y,Y,b
431110,Gangapur-MH,Maharashtra,Y,Y,b
431111,Phulambri,Maharashtra,Y,Y,b
431112,Sillod,Maharashtra,Y,Y,b
431113,Sillod,Maharashtra,Y,Y,b
431114,Sillod,Maharashtra,Y,Y,b
431115,Kannad,Maharashtra,Y,Y,b
431116,Vaijapur,Maharashtra,Y,Y,b
431117,Sillod,Maharashtra,Y,Y,b
431118,Soegaon,Maharashtra,Y,Y,b
431119,Lasur,Maharashtra,N,Y,b
431120,Soegaon,Maharashtra,Y,Y,b
431121,Paithan,Maharashtra,Y,Y,b
431122,Beed,Maharashtra,Y,Y,d
431123,Kaij,Maharashtra,Y,Y,d
431124,Ambajogai,Maharashtra,Y,Y,d
431125,Beed,Maharashtra,Y,Y,d
431126,Beed,Maharashtra,Y,Y,d
431127,Georai,Maharashtra,Y,Y,b
431128,Parli,Maharashtra,N,Y,d
431129,Manjlegaon,Maharashtra,Y,Y,d
431130,Georai,Maharashtra,Y,Y,b
431131,Manjlegaon,Maharashtra,Y,Y,d
431132,Buldhana,Maharashtra,Y,Y,b
431133,Aurangabad,Maharashtra,Y,Y,b
431134,Phulambri,Maharashtra,Y,Y,b
431135,Sillod,Maharashtra,Y,Y,b
431136,Aurangabad,Maharashtra,Y,Y,b
431137,Paithan,Maharashtra,Y,Y,b
431138,Paithan,Maharashtra,Y,Y,b
431139,Majalgaon,Maharashtra,N,Y,b
431140,Majalgaon,Maharashtra,N,Y,b
431141,Pathardi,Maharashtra,N,Y,d
431142,Manjlegaon,Maharashtra,Y,Y,d
431143,Georai,Maharashtra,Y,Y,b
431144,WADWANI,Maharashtra,N,Y,d
431145,Ambejogai,Maharashtra,N,Y,d
431146,Kannad,Maharashtra,Y,Y,b
431147,Kannad,Maharashtra,Y,Y,b
431148,Paithan,Maharashtra,Y,Y,b
431149,Wadwani,Maharashtra,N,Y,b
431150,Pachora,Maharashtra,N,Y,b
431151,Phulambri,Maharashtra,Y,Y,b
431152,Aurangabad,Maharashtra,Y,Y,b
431153,WADWANI,Maharashtra,N,Y,b
431154,Aurangabad,Maharashtra,Y,Y,b
431155,Waluj,Maharashtra,N,Y,b
431157,Manjarsumba,Maharashtra,N,Y,b
431161,Newasa,Maharashtra,N,Y,b
431164,Rahuri,Maharashtra,N,Y,b
431165,Waluj,Maharashtra,N,Y,b
431166,Manjarsumba,Maharashtra,N,Y,b
431167,Manjarsumba,Maharashtra,N,Y,b
431168,Parli Vaijnath,Maharashtra,N,Y,b
431169,Waluj,Maharashtra,N,Y,b
431170,Manjarsumba,Maharashtra,N,Y,b
431171,Wadwani,Maharashtra,N,Y,b
431172,Rahata,Maharashtra,N,Y,b
431173,Kada,Maharashtra,N,Y,b
431174,Manjarsumba,Maharashtra,N,Y,b
431175,Manjarsumba,Maharashtra,N,Y,b
431176,Kada,Maharashtra,N,Y,b
431177,Lasur,Maharashtra,N,Y,b
431184,Aurangabad,Maharashtra,N,Y,b
431200,Jalna,Maharashtra,Y,Y,b
431201,Aurangabad,Maharashtra,Y,Y,b
431202,Jalna,Maharashtra,Y,Y,b
431203,Jalna,Maharashtra,Y,Y,b
431204,Jalna,Maharashtra,Y,Y,b
431205,Georai,Maharashtra,Y,Y,b
431206,Jafrabad,Maharashtra,N,Y,b
431207,Partur,Maharashtra,Y,Y,b
431208,Jafrabad,Maharashtra,N,Y,b
431209,Partur,Maharashtra,Y,Y,b
431210,Aurangabad,Maharashtra,Y,Y,b
431211,Partur,Maharashtra,Y,Y,b
431212,Georai,Maharashtra,Y,Y,b
431213,Jalna,Maharashtra,Y,Y,b
431214,Jalna,Maharashtra,Y,Y,b
431215,Jalna,Maharashtra,Y,Y,b
431216,Jalna,Maharashtra,N,Y,b
431217,Partur,Maharashtra,N,Y,b
431218,Jalna,Maharashtra,N,Y,b
431219,Partur,Maharashtra,N,Y,b
431222,Jalna,Maharashtra,N,Y,b
431223,Jalna,Maharashtra,N,Y,b
431224,Jalna,Maharashtra,N,Y,b
431225,Jalna,Maharashtra,N,Y,b
431226,Jalna,Maharashtra,Y,Y,b
431247,Pachod,Maharashtra,N,Y,b
431248,Pachod,Maharashtra,N,Y,b
431249,Pachod,Maharashtra,N,Y,b
431260,Gevrai,Maharashtra,N,Y,b
431261,Pachod,Maharashtra,N,Y,b
431262,Gevrai,Maharashtra,N,Y,b
431263,Gevrai,Maharashtra,N,Y,b
431264,Gevrai,Maharashtra,N,Y,b
431265,Gevrai,Maharashtra,N,Y,b
431302,Thane,Maharashtra,Y,Y,b
431401,Parbhani,Maharashtra,Y,Y,d
431402,Parbhani,Maharashtra,Y,Y,d
431403,Vairag,Maharashtra,N,Y,d
431406,Parbhani,Maharashtra,N,Y,b
431407,Parbhani,Maharashtra,N,Y,b
431408,Manwath,Maharashtra,N,Y,b
431409,Manwath,Maharashtra,N,Y,b
431410,Manwath,Maharashtra,N,Y,b
431411,Manwath,Maharashtra,N,Y,b
431501,Partur,Maharashtra,Y,Y,b
431502,Selu,Maharashtra,Y,Y,d
431503,Selu,Maharashtra,Y,Y,d
431504,Mantha,Maharashtra,Y,Y,d
431505,Selu,Maharashtra,Y,Y,d
431506,Selu,Maharashtra,Y,Y,d
431507,Manjlegaon,Maharashtra,Y,Y,d
431508,Mantha,Maharashtra,Y,Y,d
431509,Mantha,Maharashtra,Y,Y,d
431510,Mantha,Maharashtra,Y,Y,d
431511,Vasmat,Maharashtra,Y,Y,d
431512,Vasmat,Maharashtra,Y,Y,d
431513,Hingoli,Maharashtra,Y,Y,d
431514,Gangakher,Maharashtra,Y,Y,d
431515,Parli,Maharashtra,Y,Y,d
431516,Parli,Maharashtra,Y,Y,d
431517,Ambajogai,Maharashtra,Y,Y,d
431518,Kaij,Maharashtra,Y,Y,d
431519,Ambajogai,Maharashtra,Y,Y,d
431520,Parli,Maharashtra,Y,Y,d
431521,Parbhani,Maharashtra,Y,Y,d
431522,Latur,Maharashtra,N,Y,d
431523,Ambajogai,Maharashtra,Y,Y,d
431524,Ambejogai,Maharashtra,N,Y,b
431525,Vasmat,Maharashtra,Y,Y,b
431526,Ambajogai,Maharashtra,Y,Y,d
431527,Parli Vaijnath,Maharashtra,N,Y,b
431528,Parli,Maharashtra,Y,Y,d
431529,Parli Vaijnath,Maharashtra,N,Y,b
431530,Parli,Maharashtra,Y,Y,d
431531,Gangakher,Maharashtra,Y,Y,d
431532,Partur,Maharashtra,N,Y,b
431533,Partur,Maharashtra,N,Y,b
431534,Jalna,Maharashtra,N,Y,b
431535,Sonpeth,Maharashtra,N,Y,b
431536,Gangakher,Maharashtra,Y,Y,d
431537,Parbhani,Maharashtra,Y,Y,d
431538,Manwath,Maharashtra,N,Y,b
431539,Parbhani,Maharashtra,N,Y,b
431540,Parbhani,Maharashtra,Y,Y,d
431541,Sonpeth,Maharashtra,Y,Y,b
431542,SENGAON,Maharashtra,Y,Y,d
431543,#REF!,#REF!,N,N,d
431554,Basmath,Maharashtra,Y,Y,b
431560,Basmath,Maharashtra,Y,Y,b
431561,Basmath,Maharashtra,Y,Y,b
431562,Basmath,Maharashtra,Y,Y,b
431563,Basmath,Maharashtra,Y,Y,b
431601,Nanded,Maharashtra,Y,Y,d
431602,Nanded,Maharashtra,Y,Y,d
431603,Nanded,Maharashtra,Y,Y,d
431604,Nanded,Maharashtra,Y,Y,d
431605,Nanded,Maharashtra,Y,Y,d
431606,Nanded,Maharashtra,Y,Y,d
431646,Mukhed,Maharashtra,Y,Y,d
431701,Waranga Phata,Maharashtra,Y,Y,b
431702,Hingoli,Maharashtra,Y,Y,d
431703,Hingoli,Maharashtra,Y,Y,d
431704,Waranga Phata,Maharashtra,Y,Y,d
431705,Hingoli,Maharashtra,Y,Y,d
431706,Nanded,Maharashtra,N,Y,b
431707,Loha,Maharashtra,Y,Y,d
431708,Loha,Maharashtra,Y,Y,d
431709,Mukhed,Maharashtra,Y,Y,d
431710,Dharmabad,Maharashtra,Y,Y,d
431711,Dharmabad,Maharashtra,Y,Y,d
431712,Umarkhed,Maharashtra,Y,Y,d
431713,Bhokar,Maharashtra,Y,Y,d
431714,Loha,Maharashtra,Y,Y,d
431715,Mukhed,Maharashtra,Y,Y,d
431716,Mukhed,Maharashtra,Y,Y,d
431717,Degloor,Maharashtra,Y,Y,d
431718,Degloor,Maharashtra,Y,Y,d
431719,Udgir,Maharashtra,Y,Y,d
431720,Gangakher,Maharashtra,Y,Y,d
431721,Mahagaon,Maharashtra,Y,Y,d
431722,Mukhed,Maharashtra,Y,Y,d
431723,Degloor,Maharashtra,Y,Y,d
431724,Degloor,Maharashtra,N,Y,b
431725,Loha,Maharashtra,Y,Y,b
431726,Degloor,Maharashtra,N,Y,b
431727,Degloor,Maharashtra,N,Y,b
431728,Dharmabad,Maharashtra,N,Y,b
431729,Purna,Maharashtra,N,Y,b
431730,Dharmabad,Maharashtra,N,Y,b
431731,DHARMABAD,Maharashtra,N,Y,b
431732,Dharmabad,Maharashtra,N,Y,b
431733,Dharmabad,Maharashtra,N,Y,b
431734,Purna,Maharashtra,N,Y,b
431735,Aundha Nagnath,Maharashtra,N,Y,b
431736,Mukhed,Maharashtra,Y,Y,d
431737,Ahmedpur,Maharashtra,N,Y,b
431738,Parbhani,Maharashtra,Y,Y,b
431739,Degloor,Maharashtra,N,Y,b
431740,Degloor,Maharashtra,N,Y,b
431741,Aurad,Karnataka,Y,Y,d
431742,Mukhed,Maharashtra,Y,Y,d
431743,Umarkhed,Maharashtra,Y,Y,d
431744,Mukhed,Maharashtra,N,Y,b
431745,Bhokar,Maharashtra,Y,Y,d
431746,Mukhed,Maharashtra,Y,Y,d
431747,Mudkhed,Maharashtra,N,Y,b
431748,Mudkhed,Maharashtra,N,Y,b
431749,Mudkhed,Maharashtra,N,Y,b
431750,Vasmat,Maharashtra,Y,Y,d
431751,Aundha Nagnath,Maharashtra,N,Y,b
431752,Kalamnuri,Maharashtra,N,Y,b
431753,Kalamnuri,Maharashtra,N,Y,b
431754,Kalamnuri,Maharashtra,N,Y,b
431755,Kalamnuri,Maharashtra,N,Y,b
431759,Aundha Nagnath,Maharashtra,N,Y,b
431791,Naigaon,Maharashtra,N,Y,b
431792,Naigaon,Maharashtra,N,Y,b
431793,Naigaon,Maharashtra,N,Y,b
431801,Bhokar,Maharashtra,Y,Y,d
431802,Bhokar,Maharashtra,Y,Y,d
431803,HIMAYATNAGAR,Maharashtra,Y,Y,d
431804,Kinwat,Maharashtra,Y,Y,d
431805,Kinwat,Maharashtra,Y,Y,d
431806,Bhokar,Maharashtra,Y,Y,d
431807,Bhokar,Maharashtra,Y,Y,d
431808,Dharmabad,Maharashtra,Y,Y,d
431809,Dharmabad,Maharashtra,Y,Y,d
431810,Kinwat,Maharashtra,Y,Y,d
431811,Kinwat,Maharashtra,Y,Y,d
431812,Kinwat,Maharashtra,Y,Y,d
431813,Kinwat,Maharashtra,N,Y,b
431814,Kinwat,Maharashtra,N,Y,b
431815,Kinwat,Maharashtra,N,Y,b
431816,Mudkhed,Maharashtra,N,Y,b
431818,Mudkhed,Maharashtra,N,Y,b
431819,Mudkhed,Maharashtra,N,Y,b
431820,Mudkhed,Maharashtra,N,Y,b
432001,Raipur,Chhattisgarh,N,N,d
432119,Lasur,Maharashtra,N,Y,b
436160,Nanded,Maharashtra,N,N,d
438412,Becharaji,Gujarat,N,Y,b
440000,Nagpur,Maharashtra,Y,Y,d
440001,Nagpur,Maharashtra,Y,Y,d
440002,Nagpur,Maharashtra,Y,Y,d
440003,Nagpur,Maharashtra,Y,Y,d
440004,Nagpur,Maharashtra,Y,Y,d
440005,Nagpur,Maharashtra,Y,Y,d
440006,Nagpur,Maharashtra,Y,Y,d
440007,Nagpur,Maharashtra,Y,Y,d
440008,Nagpur,Maharashtra,Y,Y,d
440009,Nagpur,Maharashtra,Y,Y,d
440010,Nagpur,Maharashtra,Y,Y,d
440011,Nagpur,Maharashtra,Y,Y,d
440012,Nagpur,Maharashtra,Y,Y,d
440013,Nagpur,Maharashtra,Y,Y,d
440014,Nagpur,Maharashtra,Y,Y,d
440015,Nagpur,Maharashtra,Y,Y,d
440016,Nagpur,Maharashtra,Y,Y,d
440017,Nagpur,Maharashtra,Y,Y,d
440018,Nagpur,Maharashtra,Y,Y,d
440019,Nagpur,Maharashtra,Y,Y,d
440020,Nagpur,Maharashtra,Y,Y,d
440021,Nagpur,Maharashtra,Y,Y,d
440022,Nagpur,Maharashtra,Y,Y,d
440023,Nagpur,Maharashtra,Y,Y,d
440024,Nagpur,Maharashtra,Y,Y,d
440025,Nagpur,Maharashtra,Y,Y,d
440026,Nagpur,Maharashtra,Y,Y,d
440027,Nagpur,Maharashtra,Y,Y,d
440028,Nagpur,Maharashtra,Y,Y,d
440029,Nagpur,Maharashtra,Y,Y,d
440030,Nagpur,Maharashtra,Y,Y,d
440031,Nagpur,Maharashtra,Y,Y,d
440032,Nagpur,Maharashtra,Y,Y,d
440033,Nagpur,Maharashtra,Y,Y,d
440034,Nagpur,Maharashtra,Y,Y,d
440035,Nagpur,Maharashtra,Y,Y,d
440036,Nagpur,Maharashtra,Y,Y,d
440037,Nagpur,Maharashtra,Y,Y,d
440038,Nagpur,Maharashtra,N,Y,b
440104,Nagpur,Maharashtra,Y,Y,d
440531,Nagpur,Maharashtra,N,Y,b
440705,Nagpur,Maharashtra,N,N,d
441001,Nagpur,Maharashtra,Y,Y,d
441002,Nagpur,Maharashtra,Y,Y,d
441004,Nagpur,Maharashtra,N,N,d
441008,Butibori,Maharashtra,N,N,d
441100,Nagpur,Maharashtra,N,N,d
441101,Savner,Maharashtra,Y,Y,d
441102,Nagpur,Maharashtra,Y,Y,d
441103,Katol,Maharashtra,Y,Y,d
441104,Ramtek,Maharashtra,Y,Y,d
441105,Savner,Maharashtra,Y,Y,d
441106,Ramtek,Maharashtra,Y,Y,d
441107,Savner,Maharashtra,Y,Y,d
441108,Nagpur,Maharashtra,Y,Y,d
441109,Nagpur,Maharashtra,Y,Y,d
441110,Nagpur,Maharashtra,Y,Y,d
441111,Nagpur,Maharashtra,Y,Y,d
441112,Savner,Maharashtra,Y,Y,d
441113,Nagpur,Maharashtra,Y,Y,d
441114,NAGPUR,Maharashtra,Y,Y,b
441115,Nagpur,Maharashtra,Y,Y,d
441116,Gondia,Maharashtra,Y,Y,d
441117,Savner,Maharashtra,Y,Y,d
441118,Wardha,Maharashtra,Y,Y,d
441121,Wardha,Maharashtra,N,Y,d
441122,Nagpur,Maharashtra,Y,Y,d
441123,Nagpur,Maharashtra,Y,Y,d
441124,#REF!,#REF!,N,N,d
441125,Nagpur,Maharashtra,Y,Y,b
441130,Warud,Maharashtra,N,N,d
441131,Warud,Maharashtra,N,N,d
441135,Nagpur,Maharashtra,N,N,d
441201,Pauni,Maharashtra,Y,Y,d
441202,Umred,Maharashtra,Y,Y,d
441203,Umred,Maharashtra,Y,Y,d
441204,Umred,Maharashtra,Y,Y,d
441205,Brahmapuri,Maharashtra,Y,Y,d
441206,Brahmapuri,Maharashtra,Y,Y,d
441207,Brahmapuri,Maharashtra,Y,Y,d
441208,Brahmapuri,Maharashtra,Y,Y,d
441209,Kurkheda,Maharashtra,Y,Y,d
441210,Umred,Maharashtra,Y,Y,d
441212,Mul,Maharashtra,Y,Y,d
441213,Pune,Maharashtra,Y,Y,b
441214,Umred,Maharashtra,Y,Y,d
441215,SAOLI,Maharashtra,Y,Y,d
441216,Gondia,Maharashtra,Y,Y,b
441217,Kurkheda,Maharashtra,Y,Y,d
441221,Sindewahi,Maharashtra,Y,Y,d
441222,Sindewahi,Maharashtra,Y,Y,d
441223,Sindewahi,Maharashtra,Y,Y,d
441224,Mul,Maharashtra,Y,Y,d
441225,Saoli,Maharashtra,Y,Y,d
441226,Gondpipri,Maharashtra,Y,Y,b
441227,Gondpipari,Maharashtra,N,Y,b
441228,Saoli,Maharashtra,Y,Y,b
441301,Katol,Maharashtra,Y,Y,d
441302,Katol,Maharashtra,Y,Y,d
441303,Katol,Maharashtra,Y,Y,d
441304,Katol,Maharashtra,Y,Y,d
441305,Katol,Maharashtra,Y,Y,d
441306,Katol,Maharashtra,Y,Y,d
441400,Ramtek,Maharashtra,N,N,d
441401,Ramtek,Maharashtra,Y,Y,d
441402,Nagpur,Maharashtra,N,N,d
441403,Saoner,Maharashtra,Y,Y,b
441404,Nagpur,Maharashtra,Y,Y,d
441405,Nagpur,Maharashtra,N,N,d
441406,Ramtek,Maharashtra,Y,Y,d
441408,Ramtek,Maharashtra,Y,Y,d
441409,Nagpur,Maharashtra,Y,Y,b
441458,Nagpur,Maharashtra,N,N,d
441501,Savner,Maharashtra,Y,Y,d
441502,Savner,Maharashtra,Y,Y,d
441503,Saoner,Maharashtra,Y,Y,b
441504,Nagpur,Maharashtra,Y,Y,b
441601,Gondia,Maharashtra,Y,Y,d
441602,Gondia,Maharashtra,Y,Y,b
441603,Gondia,Maharashtra,Y,Y,d
441604,TIRODA,Maharashtra,Y,Y,b
441605,Gondia,Maharashtra,Y,Y,d
441606,Gondia,Maharashtra,Y,Y,d
441607,Tiroda,Maharashtra,Y,Y,b
441608,Gondia,Maharashtra,Y,Y,b
441609,Gondia,Maharashtra,Y,Y,d
441611,Gondia,Maharashtra,Y,Y,d
441612,Gondia,Maharashtra,Y,Y,b
441613,Gondia,Maharashtra,Y,Y,d
441614,Gondia,Maharashtra,Y,Y,d
441701,Lakhandur,Maharashtra,Y,Y,d
441702,Sadak Arjuni,Maharashtra,Y,Y,d
441703,Arjuni Morgaon,Maharashtra,N,Y,b
441801,Tirora,Maharashtra,Y,Y,d
441802,Sakoli,Maharashtra,Y,Y,d
441803,Brahmapuri,Maharashtra,Y,Y,d
441804,Sakoli,Maharashtra,Y,Y,d
441805,Sakoli,Maharashtra,Y,Y,d
441806,Sadak Arjuni,Maharashtra,Y,Y,d
441807,Sadak Arjuni,Maharashtra,Y,Y,d
441808,Sakoli,Maharashtra,Y,Y,d
441809,Sakoli,Maharashtra,Y,Y,d
441810,Sakoli,Maharashtra,N,Y,b
441811,Sakoli,Maharashtra,Y,Y,d
441901,Sadak Arjuni,Maharashtra,Y,Y,d
441902,Gondia,Maharashtra,Y,Y,d
441903,Pauni,Maharashtra,Y,Y,d
441904,Bhandara,Maharashtra,Y,Y,d
441905,Bhandara,Maharashtra,Y,Y,d
441906,Bhandara,Maharashtra,Y,Y,d
441907,Tumsar,Maharashtra,Y,Y,d
441908,Pauni,Maharashtra,Y,Y,d
441909,Bhandara,Maharashtra,Y,Y,d
441910,Pauni,Maharashtra,Y,Y,d
441911,Tirora,Maharashtra,Y,Y,d
441912,Tumsar,Maharashtra,Y,Y,d
441913,Tumsar,Maharashtra,Y,Y,d
441914,Ramtek,Maharashtra,Y,Y,d
441915,Tumsar,Maharashtra,Y,Y,d
441916,AMANGAON,Maharashtra,N,Y,d
441917,BHANDARA,Maharashtra,N,Y,b
441918,Tumsar,Maharashtra,N,Y,b
441919,Gondia,Maharashtra,Y,Y,b
441920,Umred,Maharashtra,Y,Y,d
441921,Bhandara,Maharashtra,N,Y,b
441922,Bhandara,Maharashtra,N,Y,b
441923,Bhandara,Maharashtra,Y,Y,b
441924,Bhandara,Maharashtra,Y,Y,d
441928,Bhandara,Maharashtra,N,Y,b
441930,Bhandara,Maharashtra,N,Y,b
441991,Gondia,Maharashtra,Y,Y,b
442001,Wardha,Maharashtra,Y,Y,d
442002,Wardha,Maharashtra,Y,Y,d
442003,Wardha,Maharashtra,Y,Y,d
442004,Wardha,Maharashtra,Y,Y,d
442005,Wardha,Maharashtra,Y,Y,d
442006,Wardha,Maharashtra,Y,Y,d
442101,Pulgaon,Maharashtra,Y,Y,d
442102,Wardha,Maharashtra,Y,Y,d
442103,Wardha,Maharashtra,Y,Y,b
442104,Wardha,Maharashtra,Y,Y,d
442105,Wardha,Maharashtra,Y,Y,d
442106,KARANJAGHADGE,Maharashtra,N,N,d
442107,Wardha,Maharashtra,Y,Y,d
442108,Wardha,Maharashtra,N,Y,b
442109,Wardha,Maharashtra,N,Y,d
442110,Wardha,Maharashtra,N,Y,b
442111,Wardha,Maharashtra,Y,Y,d
442112,Wardha,Maharashtra,N,Y,b
442201,Talegaon Sp,Maharashtra,Y,Y,d
442202,Talegaon Sp,Maharashtra,Y,Y,d
442203,Talegaon Sp,Maharashtra,Y,Y,d
442204,Talegaon Sp,Maharashtra,Y,Y,d
442205,Arvi,Maharashtra,Y,Y,b
442207,Wardha,Maharashtra,N,N,d
442301,Hinganghat,Maharashtra,Y,Y,d
442302,Pulgaon,Maharashtra,Y,Y,d
442303,Pulgaon,Maharashtra,Y,Y,d
442304,Hinganghat,Maharashtra,Y,Y,d
442305,Hinganghat,Maharashtra,Y,Y,d
442306,Pulgaon,Maharashtra,Y,Y,d
442307,Hinganghat,Maharashtra,Y,Y,d
442308,Hinganghat,Maharashtra,N,Y,d
442309,Hinganghat,Maharashtra,N,Y,b
442310,Hinganghat,Maharashtra,N,Y,b
442311,Hinganghat,Maharashtra,N,Y,b
442312,Hinganghat,Maharashtra,N,Y,b
442401,Chandrapur,Maharashtra,Y,Y,d
442402,Chandrapur,Maharashtra,Y,Y,d
442403,Chandrapur,Maharashtra,Y,Y,d
442404,Chandrapur,Maharashtra,Y,Y,d
442405,Chandrapur,Maharashtra,N,Y,b
442406,Chandrapur,Maharashtra,Y,Y,d
442501,Bhadravati,Maharashtra,Y,Y,d
442502,Ghugus,Maharashtra,Y,Y,d
442503,Wani,Maharashtra,Y,Y,d
442504,Sironcha,Maharashtra,Y,Y,d
442505,Ghugus,Maharashtra,Y,Y,d
442506,Gadchiroli,Maharashtra,Y,Y,b
442507,Chandrapur,Maharashtra,Y,Y,d
442603,Chamorshi,Maharashtra,Y,Y,d
442604,Chamorshi,Maharashtra,Y,Y,d
442605,Gadchiroli,Maharashtra,Y,Y,d
442606,Gadchiroli,Maharashtra,N,Y,b
442700,Gondpipari,Maharashtra,N,Y,b
442701,Ballarpur,Maharashtra,Y,Y,d
442702,Gondpipri,Maharashtra,Y,Y,b
442703,Aheri,Maharashtra,Y,Y,d
442704,Aheri,Maharashtra,Y,Y,d
442705,Aheri,Maharashtra,Y,Y,d
442706,Rajura,Maharashtra,Y,Y,b
442707,Chamorshi,Maharashtra,Y,Y,d
442708,Chandrapur -Mh,Maharashtra,N,N,d
442709,AHIRI,Maharashtra,N,N,d
442710,Bhamragarh,Maharashtra,Y,Y,d
442901,Ballarpur,Maharashtra,Y,Y,d
442902,Bhadravati,Maharashtra,Y,Y,d
442903,Chimur,Maharashtra,Y,Y,d
442904,Chimur,Maharashtra,Y,Y,d
442905,Rajura,Maharashtra,Y,Y,d
442906,Warora,Maharashtra,N,Y,b
442907,Wani,Maharashtra,Y,Y,d
442908,Chandrapur,Maharashtra,Y,Y,d
442909,Aheri,Maharashtra,N,Y,b
442910,Chandrapur,Maharashtra,N,Y,b
442911,Chandrapur,Maharashtra,N,Y,b
442912,Warora,Maharashtra,N,Y,b
442913,Chimur,Maharashtra,Y,Y,b
442914,WARORA,Maharashtra,Y,Y,d
442915,Wani,Maharashtra,N,Y,b
442916,Chandrapur,Maharashtra,Y,Y,d
442917,Chandrapur,Maharashtra,Y,Y,d
442918,Gondpipri,Maharashtra,Y,Y,d
442919,Chamorshi,Maharashtra,Y,Y,d
442920,#REF!,#REF!,N,N,d
443001,Buldhana,Maharashtra,Y,Y,b
443002,Buldhana,Maharashtra,Y,Y,b
443101,Malkapur,Maharashtra,Y,Y,b
443102,Malkapur,Maharashtra,Y,Y,b
443103,Malkapur,Maharashtra,Y,Y,b
443104,Jamner,Maharashtra,Y,Y,b
443105,MALKAPUR,Maharashtra,Y,Y,b
443106,Buldhana,Maharashtra,Y,Y,b
443107,Jafrabadmh,Maharashtra,N,Y,b
443108,Jafrabadmh,Maharashtra,N,Y,b
443109,Malkapur,Maharashtra,N,Y,b
443110,Malkapur,Maharashtra,N,Y,b
443111,Malkapur,Maharashtra,N,Y,b
443112,Malkapur,Maharashtra,Y,Y,b
443201,Amdapur,Maharashtra,Y,Y,b
443202,Dusrabid,Maharashtra,Y,Y,b
443203,Deaulgaon Raja,Maharashtra,Y,Y,b
443204,Deaulgaon Raja,Maharashtra,Y,Y,b
443205,Deolgaon Raja,Maharashtra,N,N,d
443206,Deaulgaon Raja,Maharashtra,Y,Y,b
443207,Akola,Maharashtra,N,N,d
443209,Dusrabid,Maharashtra,Y,Y,b
443301,Mehkar,Maharashtra,N,Y,b
443302,Lonar,Maharashtra,N,Y,d
443303,Mehkar,Maharashtra,N,Y,b
443304,Mehkar,Maharashtra,N,Y,b
443305,JANEFAL,Maharashtra,Y,Y,b
443306,JANEFAL,Maharashtra,Y,Y,b
443307,MEHKAR,Maharashtra,N,Y,b
443308,Dusrabid,Maharashtra,Y,Y,b
443401,Nandura,Maharashtra,Y,Y,b
443402,Jalgaon Jamod,Maharashtra,Y,Y,b
443403,Nandura,Maharashtra,Y,Y,b
443404,Nandura,Maharashtra,Y,Y,b
443405,NANDURA,Maharashtra,Y,Y,b
443406,Jalgaon Jamod,Maharashtra,Y,Y,b
443407,Nandura,Maharashtra,N,Y,b
444001,Akola,Maharashtra,Y,Y,d
444002,Akola,Maharashtra,Y,Y,d
444003,Akola,Maharashtra,Y,Y,d
444004,Akola,Maharashtra,Y,Y,d
444005,Akola,Maharashtra,Y,Y,d
444006,Akola,Maharashtra,Y,Y,d
444007,#REF!,#REF!,N,N,d
444101,Akot,Maharashtra,Y,Y,d
444102,Akola,Maharashtra,Y,Y,d
444103,Akot,Maharashtra,Y,Y,d
444104,Akola,Maharashtra,Y,Y,d
444105,Karanja,Maharashtra,Y,Y,d
444106,Murtizapur,Maharashtra,Y,Y,d
444107,Murtizapur,Maharashtra,Y,Y,d
444108,Akot,Maharashtra,Y,Y,d
444109,Akola,Maharashtra,Y,Y,d
444110,Murtizapur,Maharashtra,Y,Y,d
444111,Akot,Maharashtra,Y,Y,d
444112,Akot,Maharashtra,N,Y,b
444113,Dahihanda,Maharashtra,N,Y,b
444114,Akot,Maharashtra,N,Y,b
444115,Kamargaon,Maharashtra,N,Y,b
444116,Akot,Maharashtra,N,Y,b
444117,Akot,Maharashtra,Y,Y,d
444118,Akot,Maharashtra,N,Y,b
444119,Akot,Maharashtra,N,Y,b
444120,Akot,Maharashtra,N,Y,b
444121,Akot,Maharashtra,N,Y,b
444122,Akot,Maharashtra,N,Y,b
444123,Akot,Maharashtra,N,Y,b
444124,Akot,Maharashtra,N,Y,b
444125,Akot,Maharashtra,Y,Y,d
444126,Akot,Maharashtra,Y,Y,d
444129,Jalgaon Jamod,Maharashtra,Y,Y,b
444201,Jalgaon Jamod,Maharashtra,Y,Y,b
444202,Akot,Maharashtra,Y,Y,d
444203,Shegaon,Maharashtra,Y,Y,b
444204,Jalgaon Jamod,Maharashtra,Y,Y,b
444301,Amdapur,Maharashtra,Y,Y,b
444302,Akola,Maharashtra,Y,Y,d
444303,Khamgaon,Maharashtra,Y,Y,b
444304,Nandura,Maharashtra,Y,Y,b
444306,Khamgaon,Maharashtra,Y,Y,b
444307,Janefal,Maharashtra,Y,Y,b
444308,Akola,Maharashtra,Y,Y,d
444309,Balapur,Maharashtra,Y,Y,b
444311,Akola,Maharashtra,Y,Y,d
444312,Khamgaon,Maharashtra,Y,Y,b
444401,Akola,Maharashtra,Y,Y,d
444402,Mangrulpir,Maharashtra,Y,Y,d
444403,Mangrulpir,Maharashtra,Y,Y,d
444404,Digras,Maharashtra,Y,Y,d
444405,Akola,Maharashtra,Y,Y,d
444407,Akola,Maharashtra,Y,Y,d
444409,Mangrulpir,Maharashtra,N,Y,d
444444,Rajankhed,Maharashtra,N,N,d
444447,Indore,Madhya Pradesh,N,N,d
444501,Akola,Maharashtra,Y,Y,d
444502,Akola,Maharashtra,Y,Y,d
444503,Washim,Maharashtra,Y,Y,d
444504,Washim,Maharashtra,N,Y,b
444505,Washim,Maharashtra,Y,Y,d
444506,Risod,Maharashtra,Y,Y,d
444507,Washim,Maharashtra,Y,Y,d
444508,Washim,Maharashtra,N,Y,b
444509,Washim,Maharashtra,N,Y,b
444510,Risod,Maharashtra,N,Y,d
444511,Akola,Maharashtra,Y,Y,d
444512,Washim,Maharashtra,N,Y,b
444601,Amravati,Maharashtra,Y,Y,d
444602,Amravati,Maharashtra,Y,Y,d
444603,Amravati,Maharashtra,Y,Y,d
444604,Amravati,Maharashtra,Y,Y,d
444605,Amravati,Maharashtra,Y,Y,d
444606,Amravati,Maharashtra,Y,Y,d
444607,Amravati,Maharashtra,Y,Y,d
444608,Amravati,Maharashtra,Y,Y,d
444609,Amravati,Maharashtra,Y,Y,b
444701,Amravati,Maharashtra,Y,Y,d
444702,Dharni,Maharashtra,Y,Y,b
444703,Amaravati,Maharashtra,N,N,d
444704,Morshi,Maharashtra,Y,Y,d
444705,Daryapur,Maharashtra,Y,Y,d
444706,Daryapur,Maharashtra,Y,Y,d
444707,Morshi,Maharashtra,Y,Y,d
444708,Yavatmal,Maharashtra,Y,Y,d
444709,Dhamangaon,Maharashtra,Y,Y,d
444710,Amravati,Maharashtra,Y,Y,d
444711,Dhamangaon,Maharashtra,Y,Y,d
444712,Amaravati,Maharashtra,N,N,d
444713,Daryapur,Maharashtra,Y,Y,b
444714,Morshi,Maharashtra,Y,Y,d
444716,Amaravati,Maharashtra,N,N,d
444717,Paratwadda,Maharashtra,N,Y,d
444718,Akot,Maharashtra,N,Y,b
444719,Dharni,Maharashtra,Y,Y,b
444720,Paratwada,Maharashtra,Y,Y,d
444721,Walgaon,Maharashtra,N,Y,b
444723,Paratwada,Maharashtra,Y,Y,d
444726,Morshi,Maharashtra,Y,Y,b
444727,Amaravati,Maharashtra,N,N,d
444728,Daryapur,Maharashtra,Y,Y,b
444801,Amravati,Maharashtra,Y,Y,d
444802,Amravati,Maharashtra,Y,Y,d
444803,Daryapur,Maharashtra,Y,Y,d
444804,Paratwada,Maharashtra,Y,Y,d
444805,Paratwada,Maharashtra,Y,Y,d
444806,Paratwada,Maharashtra,Y,Y,d
444807,Paratwada,Maharashtra,Y,Y,d
444808,Paratwada,Maharashtra,Y,Y,d
444809,Paratwada,Maharashtra,Y,Y,d
444810,Paratwada,Maharashtra,Y,Y,d
444811,Amaravati,Maharashtra,N,N,d
444812,Morshi,Maharashtra,Y,Y,d
444813,Dharni,Maharashtra,N,Y,d
444814,Amravati,Maharashtra,Y,Y,d
444815,Amaravati,Maharashtra,N,N,d
444818,Amaravati,Maharashtra,N,N,d
444819,Akot,Maharashtra,Y,Y,d
444821,Amaravati,Maharashtra,N,N,d
444826,Morshi,Maharashtra,N,Y,b
444827,Paratwada,Maharashtra,Y,Y,d
444900,Morshi,Maharashtra,Y,Y,b
444901,Amravati,Maharashtra,Y,Y,d
444902,Morshi,Maharashtra,Y,Y,d
444903,Morshi,Maharashtra,Y,Y,d
444904,Amravati,Maharashtra,Y,Y,d
444905,Morshi,Maharashtra,Y,Y,d
444906,Warud,Maharashtra,Y,Y,d
444907,Warud,Maharashtra,Y,Y,d
444908,Warud,Maharashtra,Y,Y,d
444909,Warud,Maharashtra,Y,Y,b
444910,Paratwada,Maharashtra,Y,Y,d
444911,Amravati,Maharashtra,Y,Y,b
444912,Warud,Maharashtra,N,Y,b
444913,Warud,Maharashtra,Y,Y,b
444914,Morshi,Maharashtra,Y,Y,b
444915,Nandgaonpeth,Maharashtra,N,Y,b
444921,Warud,Maharashtra,N,Y,b
444923,Amravati,Maharashtra,N,N,d
445001,Yavatmal,Maharashtra,Y,Y,d
445002,Yavatmal,Maharashtra,Y,Y,d
445003,Yavatmal,Maharashtra,N,Y,b
445101,MANGRULDASTGIR,Maharashtra,Y,Y,d
445102,Yavatmal,Maharashtra,Y,Y,d
445103,Arni,Maharashtra,Y,Y,d
445105,Arni,Maharashtra,Y,Y,d
445106,Arni,Maharashtra,Y,Y,d
445108,Yavatmal,Maharashtra,N,Y,b
445109,Ghatanji,Maharashtra,Y,Y,d
445110,Digras,Maharashtra,Y,Y,d
445201,Yavatmal,Maharashtra,Y,Y,d
445202,DARWAH,Maharashtra,Y,Y,d
445203,Digras,Maharashtra,N,Y,d
445204,Pusad,Maharashtra,Y,Y,d
445205,Mahagaon,Maharashtra,Y,Y,d
445206,Umarkhed,Maharashtra,Y,Y,d
445207,Umarkhed,Maharashtra,Y,Y,d
445208,Pusad,Maharashtra,Y,Y,b
445209,Pusad,Maharashtra,Y,Y,d
445210,Yavatmal,Maharashtra,Y,Y,d
445211,Umarkhed,Maharashtra,Y,Y,d
445212,Umarkhed,Maharashtra,N,Y,b
445213,Umarkhed,Maharashtra,Y,Y,b
445214,Pusad,Maharashtra,N,Y,b
445215,Pusad,Maharashtra,Y,Y,d
445216,Pusad,Maharashtra,Y,Y,d
445217,Pusad,Maharashtra,N,Y,b
445230,UMARKHED,Maharashtra,Y,Y,b
445301,Ghatanji,Maharashtra,Y,Y,d
445302,Pandharkawada,Maharashtra,Y,Y,d
445303,Wani,Maharashtra,Y,Y,d
445304,Wani,Maharashtra,Y,Y,d
445305,Wani,Maharashtra,N,Y,d
445306,Ghatanji,Maharashtra,Y,Y,d
445307,Wani,Maharashtra,Y,Y,d
445308,Wadki,Maharashtra,Y,Y,d
445309,Wani,Maharashtra,Y,Y,d
445311,Yavatmal,Maharashtra,N,N,d
445322,Pandharkawada,Maharashtra,N,Y,d
445323,GHATANJI,Maharashtra,N,Y,b
445324,#REF!,#REF!,N,N,d
445401,Kalamb,Maharashtra,Y,Y,d
445402,Wadki,Maharashtra,Y,Y,d
445677,Hinganghat,Maharashtra,N,Y,b
449202,Warora,Maharashtra,N,Y,b
450001,Khandwa,Madhya Pradesh,Y,Y,d
450003,Indore,Madhya Pradesh,Y,Y,d
450006,Khandwa,Madhya Pradesh,Y,Y,d
450017,Khandwa,Madhya Pradesh,Y,Y,d
450051,KHANDWA,Madhya Pradesh,Y,Y,b
450052,Khandwa,Madhya Pradesh,Y,Y,d
450053,Khandwa,Madhya Pradesh,N,N,d
450110,Mundi,Madhya Pradesh,Y,Y,b
450112,Mundi,Madhya Pradesh,Y,Y,d
450113,Khandwa,Madhya Pradesh,N,Y,b
450114,Mundi,Madhya Pradesh,Y,Y,d
450115,Mundi,Madhya Pradesh,Y,Y,d
450116,Khirkiya,Madhya Pradesh,Y,Y,d
450117,KHANDWA,Madhya Pradesh,Y,Y,d
450118,Indore,Madhya Pradesh,N,N,d
450119,Mundi,Madhya Pradesh,Y,Y,d
450124,Indore,Madhya Pradesh,N,N,d
450220,Khandwa,Madhya Pradesh,N,N,d
450221,Nepanagar,Madhya Pradesh,Y,Y,b
450223,Indore,Madhya Pradesh,N,N,d
450331,Burhanpur,Madhya Pradesh,Y,Y,d
450332,Nepanagar,Madhya Pradesh,Y,Y,b
450333,NEPANAGAR,Madhya Pradesh,N,N,d
450334,Indore,Madhya Pradesh,N,N,d
450335,Indore,Madhya Pradesh,N,N,d
450337,Khandwa,Madhya Pradesh,Y,Y,b
450341,Khandwa,Madhya Pradesh,Y,Y,d
450343,Khandwa,Madhya Pradesh,Y,Y,d
450445,Burhanpur,Madhya Pradesh,Y,Y,b
450551,MUNDI,Madhya Pradesh,Y,Y,b
450554,Sanawad,Madhya Pradesh,Y,Y,d
450661,Khandwa,Madhya Pradesh,Y,Y,d
450771,Khandwa,Madhya Pradesh,Y,Y,b
450881,Nepanagar,Madhya Pradesh,Y,Y,b
450991,Mundi,Madhya Pradesh,Y,Y,b
450992,Khandwa,Madhya Pradesh,Y,Y,d
451001,Khargone,Madhya Pradesh,Y,Y,d
451010,Indore,Madhya Pradesh,Y,Y,d
451110,Mandsaur / Daspurkunj,Madhya Pradesh,N,N,d
451111,Sanawad,Madhya Pradesh,Y,Y,d
451112,Mandsaur / Daspurkunj,Madhya Pradesh,N,N,d
451113,BEDIYA,Madhya Pradesh,Y,Y,b
451114,#REF!,#REF!,N,N,d
451115,Sanawad,Madhya Pradesh,Y,Y,d
451117,Indore,Madhya Pradesh,N,N,d
451220,Maheshwar,Madhya Pradesh,Y,Y,b
451221,Maheshwar,Madhya Pradesh,Y,Y,d
451222,Mandleshwar,Madhya Pradesh,N,N,d
451223,Mandleshwar,Madhya Pradesh,N,N,d
451224,Maheshwar,Madhya Pradesh,Y,Y,d
451225,Maheshwar,Madhya Pradesh,Y,Y,b
451228,Thikri,Madhya Pradesh,Y,Y,d
451229,Julwania,Madhya Pradesh,N,N,d
451327,Bhikangoan,Madhya Pradesh,N,N,d
451331,Khargone,Madhya Pradesh,Y,Y,d
451332,BHIKANGAON,Madhya Pradesh,Y,Y,d
451335,Khargone,Madhya Pradesh,Y,Y,d
451337,Khargone,Madhya Pradesh,Y,Y,b
451338,Khragone,Madhya Pradesh,N,Y,d
451341,Khragone,Madhya Pradesh,N,Y,d
451376,Khragone,Madhya Pradesh,N,Y,d
451381,Khragone,Madhya Pradesh,N,Y,d
451411,Khragone,Madhya Pradesh,N,Y,d
451435,Khragone,Madhya Pradesh,N,Y,d
451440,Khargone,Madhya Pradesh,Y,Y,d
451441,KHRAGONE,Madhya Pradesh,N,N,d
451442,Thikri,Madhya Pradesh,Y,Y,d
451443,Khargone,Madhya Pradesh,Y,Y,d
451447,Barwani,Madhya Pradesh,Y,Y,d
451448,Sendhwa,Madhya Pradesh,Y,Y,d
451449,Sendhwa,Madhya Pradesh,Y,Y,d
451451,Sendhwa,Madhya Pradesh,N,Y,d
451550,Barwani,Madhya Pradesh,Y,Y,d
451551,Barwani,Madhya Pradesh,Y,Y,d
451552,Barwani,Madhya Pradesh,N,Y,d
451553,Barwani,Madhya Pradesh,N,Y,d
451555,Barwani,Madhya Pradesh,Y,Y,d
451556,Barwani,Madhya Pradesh,Y,Y,d
451557,Barwani,Madhya Pradesh,N,Y,d
451558,Barwani,Madhya Pradesh,N,Y,d
451559,Barwani,Madhya Pradesh,N,Y,d
451563,Barwani,Madhya Pradesh,N,Y,d
451659,Indore,Madhya Pradesh,N,N,d
451660,Thikri,Madhya Pradesh,Y,Y,d
451661,Barwani,Madhya Pradesh,Y,Y,d
451663,Thikri,Madhya Pradesh,N,N,d
451664,Sendhwa,Madhya Pradesh,N,Y,d
451665,Sendhwa,Madhya Pradesh,Y,Y,d
451666,Sendhwa,Madhya Pradesh,Y,Y,d
451667,Pansemal,Madhya Pradesh,Y,Y,d
451669,Sendhwa,Madhya Pradesh,Y,Y,d
451695,Sendhwa,Madhya Pradesh,N,Y,d
451770,PANSEMAL,Madhya Pradesh,Y,Y,d
451771,Pansemal,Madhya Pradesh,N,Y,d
451773,Pansemal,Madhya Pradesh,N,Y,d
451877,Pansemal,Madhya Pradesh,N,Y,d
451881,Borad,Maharashtra,Y,Y,b
452000,Indore,Madhya Pradesh,N,N,d
452001,Indore,Madhya Pradesh,Y,Y,d
452002,Indore,Madhya Pradesh,Y,Y,d
452003,Indore,Madhya Pradesh,Y,Y,d
452004,Indore,Madhya Pradesh,Y,Y,d
452005,Indore,Madhya Pradesh,Y,Y,d
452006,Indore,Madhya Pradesh,Y,Y,d
452007,Indore,Madhya Pradesh,Y,Y,d
452008,Indore,Madhya Pradesh,Y,Y,d
452009,Indore,Madhya Pradesh,Y,Y,d
452010,Indore,Madhya Pradesh,Y,Y,d
452011,Indore,Madhya Pradesh,Y,Y,d
452012,Indore,Madhya Pradesh,Y,Y,d
452013,Indore,Madhya Pradesh,Y,Y,d
452014,Indore,Madhya Pradesh,Y,Y,d
452015,Indore,Madhya Pradesh,Y,Y,d
452016,Indore,Madhya Pradesh,Y,Y,d
452017,Indore,Madhya Pradesh,Y,Y,d
452018,Indore,Madhya Pradesh,Y,Y,d
452019,Indore,Madhya Pradesh,Y,Y,d
452020,Indore,Madhya Pradesh,Y,Y,d
452023,Indore,Madhya Pradesh,Y,Y,b
452056,Indore,Madhya Pradesh,Y,Y,d
453001,Depalpur,Madhya Pradesh,Y,Y,b
453111,Indore,Madhya Pradesh,Y,Y,d
453112,Indore,Madhya Pradesh,Y,Y,d
453115,Depalpur,Madhya Pradesh,Y,Y,d
453220,Badnagar,Madhya Pradesh,Y,Y,d
453331,Indore,Madhya Pradesh,Y,Y,d
453332,Indore,Madhya Pradesh,Y,Y,b
453440,Indore,Madhya Pradesh,N,N,d
453441,Pithampur,Madhya Pradesh,Y,Y,d
453442,Indore,Madhya Pradesh,N,N,d
453443,Indore,Madhya Pradesh,N,N,d
453446,Pithampur,Madhya Pradesh,Y,Y,b
453463,Indore,Madhya Pradesh,N,N,d
453551,Indore,Madhya Pradesh,Y,Y,d
453552,Indore,Madhya Pradesh,Y,Y,d
453555,Indore,Madhya Pradesh,Y,Y,d
453556,Indore,Madhya Pradesh,Y,Y,d
453562,Sanwer,Madhya Pradesh,N,Y,d
453576,Indore,Madhya Pradesh,Y,Y,d
453643,Indore,Madhya Pradesh,Y,Y,d
453652,Indore,Madhya Pradesh,N,N,d
453661,INDORE,Madhya Pradesh,Y,Y,b
453711,Indore,Madhya Pradesh,Y,Y,d
453771,Indore,Madhya Pradesh,Y,Y,d
453777,Indore,Madhya Pradesh,Y,Y,d
453831,Indore,Madhya Pradesh,Y,Y,d
454001,Dhar,Madhya Pradesh,Y,Y,d
454010,Dhar,Madhya Pradesh,Y,Y,d
454020,DHAR,Madhya Pradesh,N,Y,d
454051,Dhar,Madhya Pradesh,N,Y,d
454111,Sardarpur,Madhya Pradesh,Y,Y,d
454116,Sardarpur,Madhya Pradesh,Y,Y,d
454221,Kukshi,Madhya Pradesh,Y,Y,d
454276,Kukshi,Madhya Pradesh,N,Y,d
454280,Kukshi,Madhya Pradesh,N,Y,d
454331,Kukshi,Madhya Pradesh,Y,Y,d
454333,Kukshi,Madhya Pradesh,N,Y,d
454334,Barwani,Madhya Pradesh,Y,Y,d
454335,Kukshi,Madhya Pradesh,Y,Y,d
454341,Barwani,Madhya Pradesh,Y,Y,d
454345,Kukshi,Madhya Pradesh,Y,Y,d
454350,Dhar,Madhya Pradesh,Y,Y,d
454365,Kukshi,Madhya Pradesh,Y,Y,d
454435,Sardarpur,Madhya Pradesh,Y,Y,d
454441,Sardarpur,Madhya Pradesh,Y,Y,d
454446,Manawar,Madhya Pradesh,Y,Y,d
454448,Manawar,Madhya Pradesh,Y,Y,d
454449,Manawar,Madhya Pradesh,Y,Y,b
454552,Maheshwar,Madhya Pradesh,Y,Y,d
454648,Badnagar,Madhya Pradesh,Y,Y,d
454660,Badnagar,Madhya Pradesh,Y,Y,d
454665,Sardarpur,Madhya Pradesh,Y,Y,b
454666,Badnawar,Madhya Pradesh,N,N,d
454667,Dhar,Madhya Pradesh,N,N,d
454668,Badnawar,Madhya Pradesh,N,Y,d
454669,Badnawar,Madhya Pradesh,N,Y,d
454729,Badnawar,Madhya Pradesh,N,Y,d
454730,Badnawar,Madhya Pradesh,N,Y,d
454749,Dhar,Madhya Pradesh,Y,Y,d
454772,DHAR,Madhya Pradesh,Y,Y,d
454773,Dhar,Madhya Pradesh,Y,Y,d
454774,Pithampur,Madhya Pradesh,Y,Y,d
454775,Pithampur,Madhya Pradesh,Y,Y,d
454776,Indore,Madhya Pradesh,N,N,d
455001,Dewas,Madhya Pradesh,Y,Y,d
455002,Indore,Madhya Pradesh,Y,Y,d
455003,Dewas,Madhya Pradesh,Y,Y,d
455004,Dewas,Madhya Pradesh,N,Y,d
455005,Dewas,Madhya Pradesh,N,Y,d
455048,Dewas,Madhya Pradesh,Y,Y,b
455111,Dewas,Madhya Pradesh,Y,Y,d
455112,Dewas,Madhya Pradesh,Y,Y,d
455113,Dewas,Madhya Pradesh,Y,Y,d
455114,Dewas,Madhya Pradesh,Y,Y,d
455115,Dewas,Madhya Pradesh,Y,Y,d
455116,Dewas,Madhya Pradesh,Y,Y,d
455117,Dewas,Madhya Pradesh,N,N,d
455118,Dewas,Madhya Pradesh,Y,Y,d
455119,Gandharvpuri,Madhya Pradesh,N,N,d
455120,Sonkatch,Madhya Pradesh,N,N,d
455133,Sonkatch,Madhya Pradesh,N,N,d
455178,Sonkatch,Madhya Pradesh,N,N,d
455179,Sonkatch,Madhya Pradesh,N,N,d
455180,Sonkatch,Madhya Pradesh,N,N,d
455221,Chapda,Madhya Pradesh,Y,Y,b
455223,Chapda,Madhya Pradesh,Y,Y,d
455224,Dewas,Madhya Pradesh,N,Y,d
455225,Chapda,Madhya Pradesh,Y,Y,d
455227,CHAPADA,Madhya Pradesh,Y,Y,b
455302,Kamlapur,Madhya Pradesh,N,N,d
455332,Khategaon,Madhya Pradesh,Y,Y,d
455335,Khategaon,Madhya Pradesh,N,Y,d
455336,Khategaon,Madhya Pradesh,Y,Y,d
455337,Khategaon,Madhya Pradesh,N,Y,d
455339,Khategaon,Madhya Pradesh,Y,Y,d
455342,Khategaon,Madhya Pradesh,N,Y,d
455344,Khategaon,Madhya Pradesh,N,Y,d
455348,Khategaon,Madhya Pradesh,N,Y,d
455435,Indore,Madhya Pradesh,N,N,d
455440,Khategaon,Madhya Pradesh,Y,Y,d
455459,Khategaon,Madhya Pradesh,Y,Y,d
455552,Indore,Madhya Pradesh,N,N,d
456001,Ujjain,Madhya Pradesh,Y,Y,d
456002,Ujjain,Madhya Pradesh,Y,Y,d
456003,Ujjain,Madhya Pradesh,Y,Y,d
456004,Ujjain,Madhya Pradesh,Y,Y,d
456005,Ujjain,Madhya Pradesh,Y,Y,d
456006,Ujjain,Madhya Pradesh,Y,Y,d
456007,Ujjain,Madhya Pradesh,Y,Y,d
456008,Ujjain,Madhya Pradesh,Y,Y,d
456009,Ujjain,Madhya Pradesh,Y,Y,d
456010,Ujjain,Madhya Pradesh,Y,Y,d
456221,Nagda,Madhya Pradesh,Y,Y,d
456222,Badnagar,Madhya Pradesh,Y,Y,b
456224,Nagda,Madhya Pradesh,Y,Y,d
456300,Nagda,Madhya Pradesh,N,Y,d
456313,Badnagar,Madhya Pradesh,Y,Y,d
456331,Nagda,Madhya Pradesh,Y,Y,d
456335,Nagda,Madhya Pradesh,Y,Y,d
456337,Nagda,Madhya Pradesh,Y,Y,b
456440,Nagda,Madhya Pradesh,Y,Y,d
456441,Alote,Madhya Pradesh,Y,Y,d
456443,Agar,Madhya Pradesh,Y,Y,d
456550,Agar,Madhya Pradesh,Y,Y,d
456661,Ujjain,Madhya Pradesh,Y,Y,d
456662,Ujjain,Madhya Pradesh,N,Y,d
456664,Ujjain,Madhya Pradesh,Y,Y,d
456665,Tarana,Madhya Pradesh,Y,Y,d
456668,Tarana,Madhya Pradesh,Y,Y,d
456770,Shajapur,Madhya Pradesh,Y,Y,d
456771,Badnagar,Madhya Pradesh,Y,Y,d
456776,Badnagar,Madhya Pradesh,Y,Y,b
457001,Ratlam,Madhya Pradesh,Y,Y,d
457002,Ratlam,Madhya Pradesh,Y,Y,d
457003,Ratlam,Madhya Pradesh,N,Y,d
457111,Ratlam,Madhya Pradesh,N,Y,d
457112,Alot,Madhya Pradesh,Y,Y,d
457114,Alote,Madhya Pradesh,Y,Y,d
457115,A Lot,Madhya Pradesh,N,N,d
457118,Alote,Madhya Pradesh,Y,Y,d
457119,Alote,Madhya Pradesh,Y,Y,d
457222,Ratlam,Madhya Pradesh,Y,Y,d
457223,Jaora,Madhya Pradesh,N,Y,d
457226,Jaora,Madhya Pradesh,Y,Y,d
457227,Jaora,Madhya Pradesh,Y,Y,d
457228,Jaora,Madhya Pradesh,N,Y,d
457330,Jaora,Madhya Pradesh,N,Y,d
457331,Jaora,Madhya Pradesh,Y,Y,d
457332,Jaora,Madhya Pradesh,N,Y,d
457333,Jaora,Madhya Pradesh,Y,Y,d
457334,Jaora,Madhya Pradesh,N,Y,d
457335,Jaora,Madhya Pradesh,N,Y,d
457336,Jaora,Madhya Pradesh,Y,Y,d
457337,Jaora,Madhya Pradesh,N,Y,d
457339,Jaora,Madhya Pradesh,Y,Y,d
457340,Jaora,Madhya Pradesh,Y,Y,d
457426,Jaora,Madhya Pradesh,N,Y,d
457440,Ratlam,Madhya Pradesh,N,Y,d
457441,Ratlam,Madhya Pradesh,Y,Y,b
457550,Ratlam,Madhya Pradesh,Y,Y,d
457551,Ratlam,Madhya Pradesh,Y,Y,d
457552,Ratlam,Madhya Pradesh,Y,Y,d
457553,Ratlam,Madhya Pradesh,N,Y,d
457555,RATLAM,Madhya Pradesh,N,N,d
457556,Thandla,Madhya Pradesh,N,Y,d
457583,Thandla,Madhya Pradesh,N,Y,d
457661,Jhabua,Madhya Pradesh,Y,Y,d
457662,Jhabua,Madhya Pradesh,N,Y,d
457664,Jhabua,Madhya Pradesh,N,Y,d
457665,Jhabua,Madhya Pradesh,N,Y,d
457769,Ratlam,Madhya Pradesh,N,Y,d
457770,Petlawad,Madhya Pradesh,Y,Y,d
457771,Thandla,Madhya Pradesh,N,Y,d
457772,Petlawad,Madhya Pradesh,Y,Y,d
457773,Petlawad,Madhya Pradesh,Y,Y,d
457774,Petlawad,Madhya Pradesh,N,Y,d
457775,Petlawad,Madhya Pradesh,Y,Y,d
457776,Thandla,Madhya Pradesh,N,Y,d
457777,Petlawad,Madhya Pradesh,Y,Y,d
457778,Jhabua,Madhya Pradesh,Y,Y,d
457779,Jhabua,Madhya Pradesh,Y,Y,d
457780,Jhabua,Madhya Pradesh,N,Y,d
457880,Jhabua,Madhya Pradesh,N,Y,d
457882,Alirajpur,Madhya Pradesh,Y,Y,d
457885,Alirajpur,Madhya Pradesh,Y,Y,b
457886,Alirajpur,Madhya Pradesh,N,Y,d
457887,Alirajpur,Madhya Pradesh,Y,Y,d
457888,Alirajpur,Madhya Pradesh,Y,Y,b
457889,Alirajpur,Madhya Pradesh,N,Y,d
457890,Alirajpur,Madhya Pradesh,N,Y,d
457891,Alirajpur,Madhya Pradesh,N,Y,d
457892,Alirajpur,Madhya Pradesh,N,Y,d
457893,Alirajpur,Madhya Pradesh,Y,Y,d
457990,Alirajpur,Madhya Pradesh,Y,Y,d
457991,Alirajpur,Madhya Pradesh,N,Y,d
457993,Jhabua,Madhya Pradesh,Y,Y,d
457994,Jobat,Madhya Pradesh,N,Y,d
457995,Jobat,Madhya Pradesh,N,Y,d
457996,Jobat,Madhya Pradesh,N,Y,d
458001,Mandsaur,Madhya Pradesh,Y,Y,d
458002,Mandsaur,Madhya Pradesh,Y,Y,d
458110,Manasa,Madhya Pradesh,Y,Y,d
458113,Manasa,Madhya Pradesh,Y,Y,d
458116,Manasa,Madhya Pradesh,Y,Y,d
458118,MANASA,Madhya Pradesh,Y,Y,d
458220,Jawad,Madhya Pradesh,Y,Y,d
458224,Manasa,Madhya Pradesh,N,Y,d
458226,Ratangarh-Mp,Madhya Pradesh,Y,Y,d
458228,Ratangarh-Mp,Madhya Pradesh,Y,Y,d
458232,Manasa,Madhya Pradesh,N,Y,d
458254,Manasa,Madhya Pradesh,N,Y,d
458265,Manasa,Madhya Pradesh,N,Y,d
458272,Manasa,Madhya Pradesh,N,Y,d
458330,Jawad,Madhya Pradesh,Y,Y,d
458333,Jiran,Madhya Pradesh,N,Y,d
458334,Jawad,Madhya Pradesh,Y,Y,d
458335,Jiran,Madhya Pradesh,N,Y,d
458336,JIRAN,Madhya Pradesh,Y,Y,d
458338,Mandsaur,Madhya Pradesh,N,Y,d
458339,Neemuch,Madhya Pradesh,Y,Y,d
458389,Mandsaur,Madhya Pradesh,Y,Y,d
458393,Mandsaur,Madhya Pradesh,N,Y,d
458441,Neemuch,Madhya Pradesh,Y,Y,d
458442,Neemuch,Madhya Pradesh,N,N,d
458445,Nimach,Madhya Pradesh,N,N,d
458468,Jawad,Madhya Pradesh,Y,Y,d
458470,Neemuch,Madhya Pradesh,Y,Y,d
458474,Neemuch,Madhya Pradesh,Y,Y,d
458553,Manasa,Madhya Pradesh,Y,Y,d
458556,MANDSAUR,Madhya Pradesh,Y,Y,d
458558,Mandsaur,Madhya Pradesh,Y,Y,d
458576,Mandsaur,Madhya Pradesh,N,Y,d
458581,Mandsaur,Madhya Pradesh,N,Y,d
458588,Mandsaur,Madhya Pradesh,N,Y,d
458595,Mandsaur,Madhya Pradesh,N,Y,d
458660,Mandsaur,Madhya Pradesh,Y,Y,d
458664,Mandsaur,Madhya Pradesh,Y,Y,d
458667,Mandsaur,Madhya Pradesh,Y,Y,d
458668,Mandsaur,Madhya Pradesh,Y,Y,d
458669,MANDSAUR,Madhya Pradesh,Y,Y,d
458676,Mandsaur,Madhya Pradesh,N,Y,d
458688,Mandsaur,Madhya Pradesh,N,Y,d
458770,Bhanpura,Madhya Pradesh,N,Y,d
458771,Bhanpura,Madhya Pradesh,Y,Y,d
458772,Bhanpura,Madhya Pradesh,N,Y,d
458775,Bhanpura,Madhya Pradesh,Y,Y,d
458777,Bhanpura,Madhya Pradesh,N,Y,d
458778,Bhanpura,Madhya Pradesh,Y,Y,d
458880,Garoth,Madhya Pradesh,Y,Y,d
458883,Garoth,Madhya Pradesh,Y,Y,d
458886,Mandsaur,Madhya Pradesh,N,Y,d
458888,Garoth,Madhya Pradesh,Y,Y,d
458895,Mandsaur,Madhya Pradesh,Y,Y,d
458976,Mandsaur,Madhya Pradesh,N,Y,d
458982,Mandsaur,Madhya Pradesh,N,Y,d
458990,Mandsaur,Madhya Pradesh,Y,Y,d
460001,Betul,Madhya Pradesh,Y,Y,d
460002,Betul,Madhya Pradesh,Y,Y,d
460003,Betul,Madhya Pradesh,Y,Y,d
460004,Betul,Madhya Pradesh,Y,Y,d
460005,Betul,Madhya Pradesh,N,Y,b
460008,Amla,Madhya Pradesh,N,Y,d
460050,Saidapura Satara,Maharashtra,N,N,d
460110,Athner,Madhya Pradesh,Y,Y,d
460111,Bhainsdehi,Madhya Pradesh,N,Y,d
460220,BHAINSDEHI,Madhya Pradesh,Y,Y,d
460225,Athner,Madhya Pradesh,Y,Y,d
460226,Bhainsdehi,Madhya Pradesh,N,Y,d
460330,CHICHOLI,Madhya Pradesh,Y,Y,d
460400,Shahpur,Himachal Pradesh,N,N,d
460440,Sarni,Madhya Pradesh,Y,Y,d
460443,Sarni,Madhya Pradesh,Y,Y,d
460444,Ghoradongari,Madhya Pradesh,Y,Y,d
460445,Ghoradongari,Madhya Pradesh,Y,Y,d
460447,Sarni,Madhya Pradesh,Y,Y,d
460449,Sarni,Madhya Pradesh,Y,Y,d
460551,Amla,Madhya Pradesh,Y,Y,d
460552,Amla,Madhya Pradesh,N,Y,d
460553,Amla,Madhya Pradesh,Y,Y,d
460554,Amla,Madhya Pradesh,Y,Y,d
460555,Amla,Madhya Pradesh,N,Y,d
460557,Athner,Madhya Pradesh,Y,Y,d
460660,Multai,Madhya Pradesh,Y,Y,d
460661,Multai,Madhya Pradesh,Y,Y,d
460663,Multai,Madhya Pradesh,Y,Y,d
460665,Multai,Madhya Pradesh,Y,Y,d
460666,Multai,Madhya Pradesh,Y,Y,d
460667,Multai,Madhya Pradesh,N,Y,d
460668,Athner,Madhya Pradesh,Y,Y,d
460669,Multai,Madhya Pradesh,Y,Y,d
461001,Hoshangabad,Madhya Pradesh,Y,Y,d
461005,Hoshangabad,Madhya Pradesh,Y,Y,d
461109,Aurangabad Mh,Maharashtra,N,N,d
461110,Itarsi,Madhya Pradesh,Y,Y,d
461111,Itarsi,Madhya Pradesh,Y,Y,d
461114,Itarsi,Madhya Pradesh,Y,Y,d
461115,Itarsi,Madhya Pradesh,Y,Y,d
461116,Hoshangabad,Madhya Pradesh,Y,Y,d
461118,Itarsi,Madhya Pradesh,N,Y,d
461122,Itarsi,Madhya Pradesh,Y,Y,d
461166,Itarsi,Madhya Pradesh,N,Y,d
461221,Seoni Malwa,Madhya Pradesh,Y,Y,d
461222,Itarsi,Madhya Pradesh,Y,Y,d
461223,Seoni Malwa,Madhya Pradesh,Y,Y,d
461224,Bhopal,Madhya Pradesh,N,N,d
461225,Indore,Madhya Pradesh,N,N,d
461228,HARDA,Madhya Pradesh,Y,Y,d
461251,Harda,Madhya Pradesh,Y,Y,d
461331,Harda,Madhya Pradesh,Y,Y,d
461335,KHIRKIYA,Madhya Pradesh,Y,Y,d
461338,Harda,Madhya Pradesh,N,Y,d
461381,Harda,Madhya Pradesh,N,Y,d
461427,Bhopal,Madhya Pradesh,N,N,d
461441,Khirkiya,Madhya Pradesh,Y,Y,d
461444,Harda,Madhya Pradesh,Y,Y,d
461445,Itarsi,Madhya Pradesh,Y,Y,d
461446,Itarsi,Madhya Pradesh,Y,Y,d
461551,Itarsi,Madhya Pradesh,Y,Y,d
461553,Itarsi,Madhya Pradesh,N,Y,d
461555,Itarsi,Madhya Pradesh,N,Y,d
461661,Hoshangabad,Madhya Pradesh,Y,Y,d
461668,SEMRI,Madhya Pradesh,Y,Y,d
461771,Pipariya,Madhya Pradesh,Y,Y,d
461772,Pipariya,Madhya Pradesh,Y,Y,d
461775,Pipariya,Madhya Pradesh,Y,Y,d
461785,Pipariya,Madhya Pradesh,N,Y,d
461881,Pipariya,Madhya Pradesh,N,Y,d
461951,Pipariya,Madhya Pradesh,N,Y,d
461990,Pipariya,Madhya Pradesh,Y,Y,d
462000,Bhopal,Madhya Pradesh,Y,Y,d
462001,Bhopal,Madhya Pradesh,Y,Y,d
462002,Bhopal,Madhya Pradesh,Y,Y,d
462003,Bhopal,Madhya Pradesh,Y,Y,d
462004,Bhopal,Madhya Pradesh,Y,Y,d
462005,Bhopal,Madhya Pradesh,Y,Y,d
462006,Bhopal,Madhya Pradesh,Y,Y,d
462007,Bhopal,Madhya Pradesh,Y,Y,d
462008,Bhopal,Madhya Pradesh,Y,Y,d
462009,Bhopal,Madhya Pradesh,N,N,d
462010,Bhopal,Madhya Pradesh,Y,Y,d
462011,Bhopal,Madhya Pradesh,Y,Y,d
462012,Bhopal,Madhya Pradesh,Y,Y,d
462013,Bhopal,Madhya Pradesh,Y,Y,d
462014,Bhopal,Madhya Pradesh,Y,Y,d
462015,Bhopal,Madhya Pradesh,Y,Y,d
462016,Bhopal,Madhya Pradesh,Y,Y,d
462017,Bhopal,Madhya Pradesh,Y,Y,d
462018,Bhopal,Madhya Pradesh,Y,Y,d
462019,Bhopal,Madhya Pradesh,Y,Y,d
462020,Bhopal,Madhya Pradesh,Y,Y,d
462021,Bhopal,Madhya Pradesh,Y,Y,d
462022,Bhopal,Madhya Pradesh,Y,Y,d
462023,Bhopal,Madhya Pradesh,Y,Y,d
462024,Bhopal,Madhya Pradesh,Y,Y,d
462025,Bhopal,Madhya Pradesh,Y,Y,d
462026,Bhopal,Madhya Pradesh,Y,Y,d
462027,Bhopal,Madhya Pradesh,Y,Y,d
462028,Bhopal,Madhya Pradesh,Y,Y,d
462029,Bhopal,Madhya Pradesh,Y,Y,d
462030,Bhopal,Madhya Pradesh,Y,Y,d
462031,Bhopal,Madhya Pradesh,Y,Y,d
462032,Bhopal,Madhya Pradesh,Y,Y,d
462033,Bhopal,Madhya Pradesh,Y,Y,d
462034,Bhopal,Madhya Pradesh,Y,Y,d
462035,Bhopal,Madhya Pradesh,Y,Y,d
462036,Bhopal,Madhya Pradesh,Y,Y,d
462037,Bhopal,Madhya Pradesh,Y,Y,d
462038,Bhopal,Madhya Pradesh,Y,Y,d
462039,Bhopal,Madhya Pradesh,Y,Y,d
462040,Bhopal,Madhya Pradesh,Y,Y,d
462041,Bhopal,Madhya Pradesh,Y,Y,d
462042,Bhopal,Madhya Pradesh,Y,Y,d
462043,Bhopal,Madhya Pradesh,Y,Y,d
462044,Bhopal,Madhya Pradesh,Y,Y,d
462045,Mandideep,Madhya Pradesh,Y,Y,d
462046,Mandideep,Madhya Pradesh,Y,Y,d
462047,Bhopal,Madhya Pradesh,Y,Y,d
462048,Bhopal,Madhya Pradesh,N,N,d
462049,Bhopal,Madhya Pradesh,N,N,d
462050,Bhopal,Madhya Pradesh,N,N,d
462051,Kolar,Madhya Pradesh,N,N,d
462052,Bhopal,Madhya Pradesh,N,N,d
462053,Bhopal,Madhya Pradesh,N,N,d
462054,Bhopal,Madhya Pradesh,N,N,d
462055,Bhopal,Madhya Pradesh,N,N,d
462056,Bhopal,Madhya Pradesh,N,N,d
462057,Bhopal,Madhya Pradesh,N,N,d
462058,Bhopal,Madhya Pradesh,N,N,d
462059,Bhopal,Madhya Pradesh,N,N,d
462060,Bhopal,Madhya Pradesh,N,N,d
462061,Bhopal,Madhya Pradesh,N,N,d
462062,Bhopal,Madhya Pradesh,N,N,d
462063,Bhopal,Madhya Pradesh,N,N,d
462064,Bhopal,Madhya Pradesh,N,N,d
462065,Bhopal,Madhya Pradesh,N,N,d
462066,Bhopal,Madhya Pradesh,Y,Y,d
462100,Bhopal,Madhya Pradesh,Y,Y,d
462101,Berasia,Madhya Pradesh,Y,Y,d
462120,Berasia,Madhya Pradesh,Y,Y,d
462420,Bhopal,Madhya Pradesh,N,N,d
462421,Bhopal,Madhya Pradesh,N,N,d
462464,Bhopal,Madhya Pradesh,N,N,d
463105,Bhopal,Madhya Pradesh,N,N,d
463106,Berasia,Madhya Pradesh,Y,Y,d
463111,Berasia,Madhya Pradesh,Y,Y,d
463113,Bhopal,Madhya Pradesh,N,N,d
463662,Dhamtari,Chhattisgarh,N,Y,d
464001,Vidisha,Madhya Pradesh,Y,Y,d
464002,Vidisha,Madhya Pradesh,Y,Y,d
464010,Sagar,Madhya Pradesh,Y,Y,d
464016,Sagar,Madhya Pradesh,Y,Y,d
464101,Vidisha,Madhya Pradesh,N,Y,d
464110,Vidisha,Madhya Pradesh,N,Y,d
464111,Berasia,Madhya Pradesh,Y,Y,d
464112,Vidisha,Madhya Pradesh,N,Y,d
464113,Berasia,Madhya Pradesh,Y,Y,d
464114,Maksudangarh,Madhya Pradesh,Y,Y,d
464116,Vidisha,Madhya Pradesh,N,Y,d
464118,Sironj,Madhya Pradesh,N,Y,d
464220,Ganj Basoda,Madhya Pradesh,Y,Y,d
464221,Ganj Basoda,Madhya Pradesh,Y,Y,d
464224,Bina,Madhya Pradesh,Y,Y,d
464225,Sironj,Madhya Pradesh,N,Y,d
464226,Vidisha,Madhya Pradesh,Y,Y,d
464228,Sironj,Madhya Pradesh,Y,Y,d
464229,Ganj Basoda,Madhya Pradesh,N,Y,d
464240,BINA,Madhya Pradesh,N,Y,d
464258,Ganj Basoda,Madhya Pradesh,Y,Y,d
464331,Khurai,Madhya Pradesh,Y,Y,d
464334,Ganj Basoda,Madhya Pradesh,Y,Y,d
464337,Khurai,Madhya Pradesh,Y,Y,d
464551,Raisen,Madhya Pradesh,Y,Y,d
464552,Bhopal,Madhya Pradesh,N,N,d
464553,Bhopal,Madhya Pradesh,N,N,d
464554,Bhopal,Madhya Pradesh,N,N,d
464555,Bhopal,Madhya Pradesh,N,N,d
464556,Raisen,Madhya Pradesh,N,Y,d
464570,Raisin,Madhya Pradesh,N,Y,d
464573,Raisen,Madhya Pradesh,Y,Y,d
464651,RAISEN,Madhya Pradesh,Y,Y,d
464661,Raisen,Madhya Pradesh,Y,Y,d
464665,Bareli,Madhya Pradesh,Y,Y,d
464668,Bareli,Madhya Pradesh,Y,Y,d
464670,Bareli,Madhya Pradesh,Y,Y,d
464671,Bareli,Madhya Pradesh,Y,Y,d
464672,Udaipura,Madhya Pradesh,Y,Y,d
464676,Silwani,Madhya Pradesh,N,Y,d
464770,Udaipura,Madhya Pradesh,Y,Y,d
464774,Gadarwara,Madhya Pradesh,Y,Y,d
464776,Udaipura,Madhya Pradesh,Y,Y,d
464881,Begumganj,Madhya Pradesh,Y,Y,d
464884,Begumganj,Madhya Pradesh,Y,Y,d
464886,Silwani,Madhya Pradesh,Y,Y,d
464887,Bhopal,Madhya Pradesh,N,N,d
464986,BHOPAL,Madhya Pradesh,Y,Y,d
464990,Mandideep,Madhya Pradesh,Y,Y,d
464993,Mandideep,Madhya Pradesh,Y,Y,d
464995,Mandideep,Madhya Pradesh,Y,Y,d
464996,Mandideep,Madhya Pradesh,N,N,d
465001,Shajapur,Madhya Pradesh,Y,Y,d
465106,Shajapur,Madhya Pradesh,Y,Y,d
465110,Shajapur,Madhya Pradesh,Y,Y,d
465113,Polay Kalan,Madhya Pradesh,Y,Y,d
465116,Polay Kalan,Madhya Pradesh,Y,Y,d
465118,Polay Kalan,Madhya Pradesh,Y,Y,d
465220,Shajapur,Madhya Pradesh,Y,Y,d
465221,Shajapur,Madhya Pradesh,N,Y,d
465223,Shujalpur,Madhya Pradesh,Y,Y,d
465226,AGARMALWA,Madhya Pradesh,Y,Y,d
465227,Shujalpur,Madhya Pradesh,Y,Y,d
465230,Nalkheda,Madhya Pradesh,Y,Y,d
465331,Shujalpur,Madhya Pradesh,Y,Y,d
465333,Shujalpur,Madhya Pradesh,Y,Y,d
465335,Shujalpur,Madhya Pradesh,Y,Y,d
465336,Shujalpur,Madhya Pradesh,N,Y,d
465337,Shujalpur,Madhya Pradesh,Y,Y,d
465339,KURAWAR,Madhya Pradesh,Y,Y,d
465418,Shujalpur,Madhya Pradesh,N,Y,d
465441,Agar,Madhya Pradesh,Y,Y,d
465444,Agarmalwa,Madhya Pradesh,N,Y,d
465445,Agar,Madhya Pradesh,Y,Y,d
465446,Nalkheda,Madhya Pradesh,N,Y,d
465447,Rajgarh-Mp,Madhya Pradesh,Y,Y,d
465448,Nalkheda,Madhya Pradesh,N,Y,d
465449,Rajgarh-Mp,Madhya Pradesh,Y,Y,d
465550,Alote,Madhya Pradesh,Y,Y,d
465661,Rajgarh-MP,Madhya Pradesh,Y,Y,d
465667,Narsinghgarh,Madhya Pradesh,Y,Y,d
465669,Narsinghgarh,Madhya Pradesh,Y,Y,d
465670,Bhopal,Madhya Pradesh,N,N,d
465671,Bhopal,Madhya Pradesh,N,N,d
465672,Indore,Madhya Pradesh,N,N,d
465674,Narsinghgarh,Madhya Pradesh,Y,Y,d
465677,Maksudangarh,Madhya Pradesh,Y,Y,d
465679,Rajgarh-MP,Madhya Pradesh,Y,Y,d
465680,Pachore,Madhya Pradesh,Y,Y,d
465683,Pachore,Madhya Pradesh,Y,Y,d
465685,Pachore,Madhya Pradesh,Y,Y,d
465687,Pachore,Madhya Pradesh,Y,Y,d
465689,Rajgarh-Mp,Madhya Pradesh,Y,Y,d
465691,Jirapur,Madhya Pradesh,Y,Y,d
465693,Rajgarh-Mp,Madhya Pradesh,Y,Y,d
465695,Jhalawar,Rajasthan,Y,Y,d
465697,Shajapur,Madhya Pradesh,Y,Y,d
465977,Sehore,Madhya Pradesh,N,Y,d
466000,Bhopal,Madhya Pradesh,N,N,d
466001,Sehore,Madhya Pradesh,Y,Y,d
466002,Sehore,Madhya Pradesh,Y,Y,d
466003,Sehore,Madhya Pradesh,N,Y,d
466011,Sehore,Madhya Pradesh,N,Y,d
466111,Sehore,Madhya Pradesh,Y,Y,d
466112,Sehore,Madhya Pradesh,Y,Y,d
466113,Ashta,Madhya Pradesh,Y,Y,d
466114,Ashta,Madhya Pradesh,Y,Y,d
466115,Sehore,Madhya Pradesh,Y,Y,d
466116,Ashta,Madhya Pradesh,Y,Y,d
466117,Sehore,Madhya Pradesh,Y,Y,d
466118,Ashta,Madhya Pradesh,Y,Y,d
466119,Ashta,Madhya Pradesh,Y,Y,d
466120,Ashta,Madhya Pradesh,Y,Y,d
466125,Ashta,Madhya Pradesh,Y,Y,d
466166,Bhopal,Madhya Pradesh,N,N,d
466221,Ashta,Madhya Pradesh,Y,Y,d
466331,Nasrullaganj,Madhya Pradesh,Y,Y,d
466441,Bhopal,Madhya Pradesh,N,N,d
466445,Hoshangabad,Madhya Pradesh,Y,Y,d
466446,Nasrullaganj,Madhya Pradesh,Y,Y,d
466448,Bareli,Madhya Pradesh,Y,Y,d
466554,HOSHANGABAD,Madhya Pradesh,Y,Y,d
466644,Sehore,Madhya Pradesh,N,Y,d
466651,Sehore,Madhya Pradesh,Y,Y,d
466661,Sehore,Madhya Pradesh,N,Y,d
466665,Narsinghgarh,Madhya Pradesh,Y,Y,d
466666,Narsinghgarh,Madhya Pradesh,Y,Y,d
469571,Bilaspur,Chhattisgarh,N,N,d
470000,Khurai,Madhya Pradesh,Y,Y,d
470001,Sagar,Madhya Pradesh,Y,Y,d
470002,Sagar,Madhya Pradesh,Y,Y,d
470003,Sagar,Madhya Pradesh,Y,Y,d
470004,Sagar,Madhya Pradesh,Y,Y,d
470005,MAKRONIYA,Madhya Pradesh,Y,Y,d
470006,Sagar,Madhya Pradesh,Y,Y,d
470007,Sagar,Madhya Pradesh,N,N,d
470008,Sagar,Madhya Pradesh,Y,Y,d
470013,Sagar,Madhya Pradesh,Y,Y,d
470021,Sagar,Madhya Pradesh,Y,Y,d
470025,Kesli,Madhya Pradesh,N,Y,d
470027,Deori,Madhya Pradesh,N,Y,d
470051,Sagar,Madhya Pradesh,Y,Y,d
470111,Bina,Madhya Pradesh,N,Y,d
470112,Makroniya,Madhya Pradesh,Y,Y,d
470113,Bina,Madhya Pradesh,Y,Y,d
470114,Sagar,Madhya Pradesh,Y,Y,d
470115,Khurai,Madhya Pradesh,Y,Y,d
470116,Bina,Madhya Pradesh,Y,Y,d
470117,Khurai,Madhya Pradesh,Y,Y,d
470118,Khurai,Madhya Pradesh,Y,Y,d
470119,Rahatgarh,Madhya Pradesh,Y,Y,d
470120,Rahatgarh,Madhya Pradesh,Y,Y,d
470121,Rahatgarh,Madhya Pradesh,N,N,d
470122,RAHATGARH,Madhya Pradesh,N,N,d
470124,Bina,Madhya Pradesh,Y,Y,d
470125,Sagar,Madhya Pradesh,Y,Y,d
470221,Sagar,Madhya Pradesh,Y,Y,d
470223,Jhunku,Madhya Pradesh,Y,Y,d
470225,Kesli,Madhya Pradesh,N,Y,d
470226,Jhunku,Madhya Pradesh,Y,Y,d
470227,Rehli,Madhya Pradesh,Y,Y,d
470228,Rehli,Madhya Pradesh,Y,Y,d
470229,Rehli,Madhya Pradesh,Y,Y,d
470230,Garhakota,Madhya Pradesh,N,Y,d
470232,Rehli,Madhya Pradesh,Y,Y,d
470235,Kesali,Madhya Pradesh,Y,Y,d
470277,Bhopal,Madhya Pradesh,N,N,d
470335,Banda-MP,Madhya Pradesh,Y,Y,d
470337,Sagar,Madhya Pradesh,Y,Y,d
470339,Shahgarh,Madhya Pradesh,Y,Y,d
470340,#REF!,#REF!,N,N,d
470341,Shahgarh,Madhya Pradesh,N,N,d
470441,RAJWAS,Madhya Pradesh,Y,Y,d
470442,Barodia,Madhya Pradesh,Y,Y,d
470661,Damoh,Madhya Pradesh,Y,Y,d
470662,HATTA,Madhya Pradesh,N,Y,d
470663,Damoh,Madhya Pradesh,Y,Y,d
470664,Hatta,Madhya Pradesh,Y,Y,d
470666,Damoh,Madhya Pradesh,Y,Y,d
470669,Banda-Mp,Madhya Pradesh,Y,Y,d
470672,Damoh,Madhya Pradesh,Y,Y,d
470673,Hatta,Madhya Pradesh,Y,Y,d
470675,Damoh,Madhya Pradesh,Y,Y,d
470771,Damoh,Madhya Pradesh,Y,Y,d
470772,Hatta,Madhya Pradesh,Y,Y,d
470773,Hatta,Madhya Pradesh,N,Y,d
470775,Hatta,Madhya Pradesh,Y,Y,d
470776,#REF!,#REF!,N,N,d
470880,Tendukheda,Madhya Pradesh,N,Y,d
470881,KATANGI,Madhya Pradesh,N,N,d
470882,Tendukheda,Madhya Pradesh,N,Y,d
470889,Tendukheda,Madhya Pradesh,N,Y,d
471001,Chhatarpur,Madhya Pradesh,Y,Y,d
471003,Rehli,Madhya Pradesh,N,Y,d
471028,Deori,Madhya Pradesh,N,Y,d
471101,Khajuraho,Madhya Pradesh,Y,Y,d
471105,Chhatarpur,Madhya Pradesh,Y,Y,d
471111,CHATARPUR,Madhya Pradesh,Y,Y,d
471201,Chhatarpur,Madhya Pradesh,Y,Y,d
471202,Khajuraho,Madhya Pradesh,Y,Y,d
471203,Chatarpur,Madhya Pradesh,N,Y,d
471301,Malhera,Madhya Pradesh,Y,Y,d
471311,Malhera,Madhya Pradesh,Y,Y,d
471313,Shahgarh,Madhya Pradesh,Y,Y,d
471315,Chhatarpur,Madhya Pradesh,N,Y,d
471318,Shahgarh,Madhya Pradesh,Y,Y,d
471401,Chhatarpur,Madhya Pradesh,N,N,d
471405,Chhatarpur,Madhya Pradesh,Y,Y,d
471408,Chhatarpur,Madhya Pradesh,Y,Y,d
471411,Chhatarpur,Madhya Pradesh,Y,Y,d
471501,Chhatarpur,Madhya Pradesh,Y,Y,d
471505,Khajuraho,Madhya Pradesh,N,N,d
471510,Lavkush Nagar,Madhya Pradesh,Y,Y,d
471515,Lavkush Nagar,Madhya Pradesh,Y,Y,d
471516,Lavkush Nagar,Madhya Pradesh,Y,Y,d
471525,Chandla,Madhya Pradesh,Y,Y,d
471606,Khajuraho,Madhya Pradesh,Y,Y,d
471621,Chhatarpur,Madhya Pradesh,N,N,d
471625,Khajuraho,Madhya Pradesh,Y,Y,d
471803,Tarana,Madhya Pradesh,Y,Y,d
472001,Tikamgarh,Madhya Pradesh,Y,Y,d
472005,Tikamgarh,Madhya Pradesh,Y,Y,d
472010,Tikamgarh,Madhya Pradesh,Y,Y,d
472101,Prithvipur,Madhya Pradesh,Y,Y,d
472111,Tikamgarh,Madhya Pradesh,Y,Y,d
472115,Jatara,Madhya Pradesh,Y,Y,d
472118,Jatara,Madhya Pradesh,Y,Y,d
472221,Jatara,Madhya Pradesh,Y,Y,d
472246,Prithvipur,Madhya Pradesh,Y,Y,d
472331,Jatara,Madhya Pradesh,Y,Y,d
472336,Prithvipur,Madhya Pradesh,Y,Y,d
472337,Prithvipur,Madhya Pradesh,Y,Y,d
472338,Prithvipur,Madhya Pradesh,Y,Y,d
472339,Tikamgarh,Madhya Pradesh,Y,Y,d
472366,Jhansi,Uttar Pradesh,N,N,d
472442,Niwari,Madhya Pradesh,Y,Y,d
472445,Niwari,Madhya Pradesh,Y,Y,d
472446,Prithvipur,Madhya Pradesh,Y,Y,d
472447,Prithvipur,Madhya Pradesh,Y,Y,d
473001,Guna,Madhya Pradesh,Y,Y,d
473002,Guna,Madhya Pradesh,Y,Y,d
473101,Guna,Madhya Pradesh,Y,Y,d
473105,Guna,Madhya Pradesh,Y,Y,d
473110,Guna,Madhya Pradesh,Y,Y,d
473111,Guna,Madhya Pradesh,Y,Y,d
473112,Guna,Madhya Pradesh,Y,Y,d
473113,Guna,Madhya Pradesh,Y,Y,d
473115,Binaganj,Madhya Pradesh,Y,Y,d
473116,Badrawas,Madhya Pradesh,N,Y,d
473118,Binaganj,Madhya Pradesh,Y,Y,d
473222,GUNA,Madhya Pradesh,Y,Y,d
473226,Guna,Madhya Pradesh,Y,Y,d
473229,Guna,Madhya Pradesh,Y,Y,d
473249,Guna,Madhya Pradesh,Y,Y,d
473287,Maksudangarh,Madhya Pradesh,Y,Y,d
473330,Ashok Nagar,Madhya Pradesh,Y,Y,d
473331,Ashok Nagar,Madhya Pradesh,Y,Y,d
473332,Ashok Nagar,Madhya Pradesh,Y,Y,d
473333,Guna,Madhya Pradesh,N,N,d
473335,Ashok Nagar,Madhya Pradesh,Y,Y,d
473338,Ashok Nagar,Madhya Pradesh,Y,Y,d
473440,Mungaoli,Madhya Pradesh,Y,Y,d
473443,Mungaoli,Madhya Pradesh,Y,Y,d
473444,Mungaoli,Madhya Pradesh,Y,Y,d
473445,Mungaoli,Madhya Pradesh,Y,Y,d
473446,Chanderi,Madhya Pradesh,Y,Y,d
473447,#REF!,#REF!,N,N,d
473551,Shivpuri,Madhya Pradesh,Y,Y,d
473554,Shivpuri,Madhya Pradesh,Y,Y,d
473559,Shivpuri,Madhya Pradesh,N,Y,d
473583,Shivpuri,Madhya Pradesh,Y,Y,d
473585,Chanderi,Madhya Pradesh,Y,Y,d
473638,SHIVPURI,Madhya Pradesh,Y,Y,d
473660,Karera-MP,Madhya Pradesh,Y,Y,d
473662,Karera-MP,Madhya Pradesh,Y,Y,d
473665,Karera-Mp,Madhya Pradesh,Y,Y,d
473670,Karera-MP,Madhya Pradesh,Y,Y,d
473770,Shivpuri,Madhya Pradesh,Y,Y,d
473773,#REF!,#REF!,N,N,d
473774,Shivpuri,Madhya Pradesh,Y,Y,d
473775,Bairad,Madhya Pradesh,Y,Y,d
473781,Shivpuri,Madhya Pradesh,Y,Y,d
473785,Guna,Madhya Pradesh,N,N,d
473793,Bairad,Madhya Pradesh,Y,Y,d
473865,Dabra,Madhya Pradesh,Y,Y,d
473880,NARWAR,Madhya Pradesh,Y,Y,d
473885,BADRAWAS,Madhya Pradesh,Y,Y,d
473990,Pichhore,Madhya Pradesh,Y,Y,d
473993,Pichhore,Madhya Pradesh,Y,Y,d
473995,SHIVPURI,Madhya Pradesh,Y,Y,d
474001,Gwalior,Madhya Pradesh,Y,Y,d
474002,Gwalior,Madhya Pradesh,Y,Y,d
474003,Gwalior,Madhya Pradesh,Y,Y,d
474004,Gwalior,Madhya Pradesh,Y,Y,d
474005,Gwalior,Madhya Pradesh,Y,Y,d
474006,Gwalior,Madhya Pradesh,Y,Y,d
474007,Gwalior,Madhya Pradesh,Y,Y,d
474008,Gwalior,Madhya Pradesh,Y,Y,d
474009,Gwalior,Madhya Pradesh,Y,Y,d
474010,Gwalior,Madhya Pradesh,Y,Y,d
474011,Gwalior,Madhya Pradesh,Y,Y,d
474012,Gwalior,Madhya Pradesh,Y,Y,d
474013,GWALIOR,Madhya Pradesh,N,N,d
474015,Gwalior,Madhya Pradesh,Y,Y,d
474020,Gwalior,Madhya Pradesh,Y,Y,d
474021,Gwalior,Madhya Pradesh,N,N,d
474040,Gwalior,Madhya Pradesh,N,Y,d
474041,Gwalior,Madhya Pradesh,N,Y,d
474042,Gwalior,Madhya Pradesh,Y,Y,d
474050,Gwalior,Madhya Pradesh,N,Y,d
474055,Gwalior,Madhya Pradesh,N,Y,d
475001,Gwalior,Madhya Pradesh,Y,Y,d
475002,GWALIOR,MADHYA PRADESH,N,Y,d
475003,Gwalior,Madhya Pradesh,Y,Y,d
475005,Dabra,Madhya Pradesh,Y,Y,d
475110,Dabra,Madhya Pradesh,Y,Y,d
475112,Gwalior,Madhya Pradesh,Y,Y,d
475115,Dabra,Madhya Pradesh,Y,Y,d
475118,Gwalior,Madhya Pradesh,N,N,d
475220,Dabra,Madhya Pradesh,Y,Y,d
475330,MOHNA,Madhya Pradesh,Y,Y,d
475331,#REF!,#REF!,N,N,d
475335,BHANDER,Madhya Pradesh,Y,Y,d
475336,Datia,Madhya Pradesh,Y,Y,d
475533,Datia,Madhya Pradesh,Y,Y,d
475661,Datia,Madhya Pradesh,Y,Y,d
475671,Datia,Madhya Pradesh,Y,Y,d
475673,Datia,Madhya Pradesh,Y,Y,d
475675,INDERGARH,Madhya Pradesh,Y,Y,d
475677,Datia,Madhya Pradesh,N,N,d
475682,Lahar,Madhya Pradesh,Y,Y,d
475684,Datia,Madhya Pradesh,N,N,d
475685,Datia,Madhya Pradesh,Y,Y,d
475686,DATIA,Madhya Pradesh,Y,Y,d
475687,Pachore,Madhya Pradesh,N,Y,d
476001,Morena,Madhya Pradesh,Y,Y,d
476006,Morena,Madhya Pradesh,N,Y,d
476026,Morena,Madhya Pradesh,N,Y,d
476027,Morena,Madhya Pradesh,N,Y,d
476031,Morena,Madhya Pradesh,N,Y,d
476111,Ambah,Madhya Pradesh,Y,Y,d
476113,Ambah,Madhya Pradesh,N,N,d
476115,Ambah,Madhya Pradesh,Y,Y,d
476133,Morena,Madhya Pradesh,N,Y,d
476134,Ambah,Madhya Pradesh,Y,Y,d
476219,Morena,Madhya Pradesh,N,Y,d
476221,Morena,Madhya Pradesh,Y,Y,d
476224,Sabalgarh,Madhya Pradesh,Y,Y,d
476228,Sabalgarh,Madhya Pradesh,Y,Y,d
476229,Sabalgarh,Madhya Pradesh,Y,Y,d
476235,Morena,Madhya Pradesh,N,N,d
476332,Sabalgarh,Madhya Pradesh,Y,Y,d
476335,BIJAIPUR,Madhya Pradesh,N,N,d
476337,Sheopur,Madhya Pradesh,Y,Y,d
476339,Sheopur,Madhya Pradesh,Y,Y,d
476345,Sheopur,Madhya Pradesh,N,Y,d
476355,Sheopur,Madhya Pradesh,Y,Y,d
476444,Morena,Madhya Pradesh,Y,Y,d
476554,Morena,Madhya Pradesh,Y,Y,d
477001,Bhind,Madhya Pradesh,Y,Y,d
477105,Bhind,Madhya Pradesh,Y,Y,d
477111,Ater,Madhya Pradesh,N,Y,d
477116,Bhind,Madhya Pradesh,Y,Y,d
477117,Gwalior,Madhya Pradesh,Y,Y,d
477222,Bhind,Madhya Pradesh,Y,Y,d
477227,Bhind,Madhya Pradesh,Y,Y,d
477331,Bhind,Madhya Pradesh,Y,Y,d
477332,Bhind,Madhya Pradesh,Y,Y,d
477333,Bhind,Madhya Pradesh,Y,Y,d
477335,MIHONA,Madhya Pradesh,Y,Y,d
477441,Lahar,Madhya Pradesh,Y,Y,d
477445,Lahar,Madhya Pradesh,Y,Y,d
477446,Lahar,Madhya Pradesh,Y,Y,d
477447,DABOH,Madhya Pradesh,Y,Y,d
477449,DABOH,Madhya Pradesh,Y,Y,d
477450,#REF!,#REF!,N,N,d
477555,Bhind,Madhya Pradesh,Y,Y,d
477557,BHIND,Madhya Pradesh,Y,Y,d
477566,Bhind,Madhya Pradesh,Y,Y,d
477660,GWALIOR,Madhya Pradesh,Y,Y,d
480000,Sausar,Madhya Pradesh,Y,Y,d
480001,Chhindwara,Madhya Pradesh,Y,Y,d
480002,Chindwara,Madhya Pradesh,Y,Y,d
480003,Chhindwara,Madhya Pradesh,Y,Y,d
480004,Chhindwara,Madhya Pradesh,Y,Y,d
480015,Chhindwara,Madhya Pradesh,N,N,d
480102,Chhindwara,Madhya Pradesh,Y,Y,d
480104,Sausar,Madhya Pradesh,N,Y,d
480105,Sausar,Madhya Pradesh,Y,Y,d
480106,Sausar,Madhya Pradesh,Y,Y,d
480107,Chhindwara,Madhya Pradesh,Y,Y,d
480108,SAUSAR,Madhya Pradesh,Y,Y,d
480109,Sausar,Madhya Pradesh,Y,Y,d
480110,Chhindwara,Madhya Pradesh,Y,Y,d
480111,Chhindwara,Madhya Pradesh,Y,Y,d
480112,Chhindwara,Madhya Pradesh,Y,Y,d
480115,Chand,Madhya Pradesh,Y,Y,d
480116,Bhopal,Madhya Pradesh,N,N,d
480221,Amarwara,Madhya Pradesh,Y,Y,d
480223,Amarwara,Madhya Pradesh,Y,Y,d
480224,Amarwara,Madhya Pradesh,Y,Y,d
480331,CHHINDWARA,Madhya Pradesh,Y,Y,d
480334,Pandhurna,Madhya Pradesh,Y,Y,d
480337,Pandhurna,Madhya Pradesh,Y,Y,d
480338,Pandhurna,Madhya Pradesh,Y,Y,d
480339,Pandhurna,Madhya Pradesh,N,Y,d
480357,Parasia,Madhya Pradesh,Y,Y,d
480441,Parasia,Madhya Pradesh,Y,Y,d
480442,Parasiya,Madhya Pradesh,N,Y,d
480447,Parasia,Madhya Pradesh,Y,Y,d
480449,Parasia,Madhya Pradesh,Y,Y,d
480551,Junnardeo,Madhya Pradesh,Y,Y,d
480553,Seoni,Madhya Pradesh,Y,Y,d
480554,Junnardeo,Madhya Pradesh,Y,Y,d
480555,Junnardeo,Madhya Pradesh,Y,Y,d
480557,Parasia,Madhya Pradesh,Y,Y,d
480559,Parasia,Madhya Pradesh,Y,Y,d
480661,Seoni,Madhya Pradesh,Y,Y,d
480664,Seoni,Madhya Pradesh,N,Y,d
480667,Seoni,Madhya Pradesh,Y,Y,d
480669,Seoni,Madhya Pradesh,N,Y,d
480771,Katangi,Madhya Pradesh,Y,Y,d
480880,KURAI,Madhya Pradesh,Y,Y,d
480881,KURAI,Madhya Pradesh,Y,Y,d
480882,Seoni,Madhya Pradesh,Y,Y,d
480884,Lakhnadon,Madhya Pradesh,Y,Y,d
480886,Lakhnadon,Madhya Pradesh,Y,Y,d
480887,Lakhnadon,Madhya Pradesh,Y,Y,d
480888,Lakhnadon,Madhya Pradesh,Y,Y,d
480990,Seoni,Madhya Pradesh,Y,Y,d
480991,Nainpur,Madhya Pradesh,Y,Y,d
480994,Nainpur,Madhya Pradesh,Y,Y,d
480996,Nainpur,Madhya Pradesh,Y,Y,d
480997,LAKHNADON,Madhya Pradesh,Y,Y,d
480998,Lakhnadon,Madhya Pradesh,Y,Y,d
480999,Lakhnadon,Madhya Pradesh,Y,Y,d
481001,Balaghat,Madhya Pradesh,Y,Y,d
481015,Balaghat,Madhya Pradesh,N,Y,d
481022,Balaghat,Madhya Pradesh,N,Y,d
481051,Malanjkhand,Madhya Pradesh,Y,Y,d
481101,Balaghat,Madhya Pradesh,Y,Y,d
481102,Balaghat,Madhya Pradesh,Y,Y,d
481105,Malanjkhand,Madhya Pradesh,Y,Y,d
481111,Malanjkhand,Madhya Pradesh,Y,Y,d
481115,LANJI,Madhya Pradesh,Y,Y,d
481116,Malanjkhand,Madhya Pradesh,Y,Y,d
481117,BAIHAR,Madhya Pradesh,N,N,d
481125,Bichhiya,Madhya Pradesh,N,N,d
481222,LANJI,Madhya Pradesh,Y,Y,d
481224,Balaghat,Madhya Pradesh,N,Y,d
481226,Balaghat,Madhya Pradesh,Y,Y,d
481266,Budbuda,Madhya Pradesh,N,Y,d
481331,Waraseoni,Madhya Pradesh,Y,Y,d
481332,Waraseoni,Madhya Pradesh,Y,Y,d
481335,Waraseoni,Madhya Pradesh,Y,Y,d
481337,Waraseoni,Madhya Pradesh,Y,Y,d
481338,Waraseoni,Madhya Pradesh,N,Y,d
481339,Waraseoni,Madhya Pradesh,N,Y,d
481340,Waraseoni,Madhya Pradesh,N,Y,d
481441,Waraseoni,Madhya Pradesh,Y,Y,d
481445,Katangi,Madhya Pradesh,Y,Y,d
481449,Katangi,Madhya Pradesh,Y,Y,d
481551,Linga,Madhya Pradesh,Y,Y,d
481556,Linga,Madhya Pradesh,Y,Y,d
481661,Mandla,Madhya Pradesh,Y,Y,d
481662,BIJADANDI,Madhya Pradesh,Y,Y,d
481663,Ghugri,Madhya Pradesh,Y,Y,d
481664,Ghugri,Madhya Pradesh,Y,Y,d
481665,Mandla,Madhya Pradesh,Y,Y,d
481666,BARELA MP,Madhya Pradesh,Y,Y,d
481667,Nainpur,Madhya Pradesh,N,Y,d
481668,Nainpur,Madhya Pradesh,Y,Y,d
481669,Mandla,Madhya Pradesh,N,Y,d
481672,Shahpuramp,Madhya Pradesh,Y,Y,d
481768,Nainpur,Madhya Pradesh,Y,Y,d
481771,Mandla,Madhya Pradesh,Y,Y,d
481776,Nainpur,Madhya Pradesh,Y,Y,d
481778,Dindori,Madhya Pradesh,N,Y,d
481879,Dindori,Madhya Pradesh,Y,Y,d
481880,Dindori,Madhya Pradesh,Y,Y,d
481882,Bajag,Madhya Pradesh,Y,Y,d
481883,Bajag,Madhya Pradesh,Y,Y,d
481884,Bajag,Madhya Pradesh,Y,Y,d
481885,Shahpuramp,Madhya Pradesh,Y,Y,d
481990,ShahpuraMP,Madhya Pradesh,Y,Y,d
481991,Shahpura Ser,Madhya Pradesh,N,Y,d
481995,Bichhiya,Madhya Pradesh,Y,Y,d
481996,Bichhiya,Madhya Pradesh,Y,Y,d
481998,Bichhiya,Madhya Pradesh,Y,Y,d
482000,Jabalpur,Madhya Pradesh,N,Y,d
482001,Jabalpur,Madhya Pradesh,Y,Y,d
482002,Jabalpur,Madhya Pradesh,Y,Y,d
482003,Jabalpur,Madhya Pradesh,Y,Y,d
482004,Jabalpur,Madhya Pradesh,Y,Y,d
482005,Jabalpur,Madhya Pradesh,Y,Y,d
482006,Jabalpur,Madhya Pradesh,Y,Y,d
482007,Jabalpur,Madhya Pradesh,Y,Y,d
482008,Jabalpur,Madhya Pradesh,Y,Y,d
482009,Jabalpur,Madhya Pradesh,Y,Y,d
482010,Jabalpur,Madhya Pradesh,Y,Y,d
482011,Jabalpur,Madhya Pradesh,Y,Y,d
482012,Jabalpur,Madhya Pradesh,N,N,d
482013,Jabalpur,Madhya Pradesh,N,N,d
482014,Jabalpur,Madhya Pradesh,N,N,d
482015,Jabalpur,Madhya Pradesh,N,N,d
482016,Jabalpur,Madhya Pradesh,N,Y,d
482017,Jabalpur,Madhya Pradesh,N,N,d
482018,Jabalpur,Madhya Pradesh,N,N,d
482019,Jabalpur,Madhya Pradesh,N,N,d
482020,Jabalpur,Madhya Pradesh,Y,Y,d
482021,Jabalpur,Madhya Pradesh,Y,Y,d
482023,Jabalpur,Madhya Pradesh,N,N,d
482024,Jabalpur,Madhya Pradesh,N,N,d
482025,Jabalpur,Madhya Pradesh,N,N,d
482026,Jabalpur,Madhya Pradesh,N,N,d
482027,Jabalpur,Madhya Pradesh,N,N,d
482028,Jabalpur,Madhya Pradesh,N,N,d
482029,Jabalpur,Madhya Pradesh,N,N,d
482050,Jabalpur,Madhya Pradesh,Y,Y,d
482051,BARELA MP,Madhya Pradesh,Y,Y,d
482052,Jabalpur,Madhya Pradesh,N,N,d
482053,Jabalpur,Madhya Pradesh,Y,Y,d
482054,Jabalpur,Madhya Pradesh,N,N,d
482055,Jabalpur,Madhya Pradesh,N,N,d
482056,Bargi,Madhya Pradesh,Y,Y,d
483001,Jabalpur,Madhya Pradesh,Y,Y,d
483050,JABALPUR,Madhya Pradesh,N,Y,d
483053,Jabalpur,Madhya Pradesh,Y,Y,d
483105,Garha,Madhya Pradesh,Y,Y,d
483110,Shahpuramp,Madhya Pradesh,Y,Y,d
483113,Tendukheda,Madhya Pradesh,Y,Y,d
483119,Gotegaon,Madhya Pradesh,Y,Y,d
483220,Jabalpur,Madhya Pradesh,Y,Y,d
483222,Sihora,Madhya Pradesh,Y,Y,d
483225,Sihora,Madhya Pradesh,Y,Y,d
483330,BAHURIBAND,Madhya Pradesh,Y,Y,d
483331,Raipura,Madhya Pradesh,Y,Y,d
483332,Sihora,Madhya Pradesh,Y,Y,d
483333,Pan Umariya,Madhya Pradesh,N,Y,d
483334,Sihora,Madhya Pradesh,Y,Y,d
483336,Sihora,Madhya Pradesh,Y,Y,d
483440,Sleemnabad,Madhya Pradesh,Y,Y,d
483442,KATNI,Madhya Pradesh,Y,Y,d
483443,Pan Umariya,Madhya Pradesh,N,Y,d
483445,Pan Umariya,Madhya Pradesh,N,Y,d
483446,Pan Umariya,Madhya Pradesh,N,Y,d
483501,Katni,Madhya Pradesh,Y,Y,d
483503,Katni,Madhya Pradesh,Y,Y,d
483504,Katni,Madhya Pradesh,Y,Y,d
483507,Katni,Madhya Pradesh,N,Y,d
483770,Barhi,Madhya Pradesh,Y,Y,d
483773,KATNI,Madhya Pradesh,Y,Y,d
483775,Vijayraghavgarh,Madhya Pradesh,Y,Y,d
483776,Barhi,Madhya Pradesh,N,Y,d
483880,Vijayraghavgarh,Madhya Pradesh,Y,Y,d
483990,Raipura,Madhya Pradesh,Y,Y,d
484001,Shahdol,Madhya Pradesh,Y,Y,d
484002,Shahdol,Madhya Pradesh,Y,Y,d
484110,Shahdol,Madhya Pradesh,Y,Y,d
484113,Pendra,Chhattisgarh,Y,Y,d
484114,Shahdol,Madhya Pradesh,Y,Y,d
484116,Burhar,Madhya Pradesh,Y,Y,d
484117,Burhar,Madhya Pradesh,Y,Y,d
484120,Burhar,Madhya Pradesh,Y,Y,d
484220,Burhar,Madhya Pradesh,Y,Y,d
484224,Anuppur,Madhya Pradesh,Y,Y,d
484330,Anuppur,Madhya Pradesh,Y,Y,d
484334,Kotma,Madhya Pradesh,Y,Y,d
484336,Kotma,Madhya Pradesh,Y,Y,d
484440,Kotma,Madhya Pradesh,Y,Y,d
484444,Kotma,Madhya Pradesh,Y,Y,d
484446,Kotma,Madhya Pradesh,Y,Y,d
484447,Anuppur,Madhya Pradesh,Y,Y,d
484551,Pali Birsinghpur,Madhya Pradesh,Y,Y,d
484552,Pali Birsinghpur,Madhya Pradesh,Y,Y,d
484555,Pali Birsinghpur,Madhya Pradesh,Y,Y,d
484660,Umaria,Madhya Pradesh,Y,Y,d
484661,Umaria,Madhya Pradesh,Y,Y,d
484664,Ranchha,Madhya Pradesh,Y,Y,d
484665,Ranchha,Madhya Pradesh,Y,Y,d
484669,BURHAR,Madhya Pradesh,N,Y,d
484770,Jaisinghnagar,Madhya Pradesh,Y,Y,d
484771,Jaisinghnagar,Madhya Pradesh,Y,Y,d
484774,Beohari,Madhya Pradesh,Y,Y,d
484776,Jaisinghnagar,Madhya Pradesh,Y,Y,d
484881,Anuppur,Madhya Pradesh,Y,Y,d
484885,Rajendragram,Madhya Pradesh,N,Y,d
484886,Anuppur,Madhya Pradesh,Y,Y,d
484887,Anuppur,Madhya Pradesh,Y,Y,d
485001,Satna,Madhya Pradesh,Y,Y,d
485002,Satna,Madhya Pradesh,Y,Y,d
485003,Satna,Madhya Pradesh,Y,Y,d
485004,Satna,Madhya Pradesh,Y,Y,d
485005,Satna,Madhya Pradesh,Y,Y,d
485081,Rewa,Madhya Pradesh,Y,Y,d
485111,Rampur Baghelan,Madhya Pradesh,Y,Y,d
485112,Satna,Madhya Pradesh,Y,Y,d
485113,Satna,Madhya Pradesh,Y,Y,d
485114,Maihar,Madhya Pradesh,Y,Y,d
485115,Rampur Baghelan,Madhya Pradesh,Y,Y,d
485116,Rewa,Madhya Pradesh,N,Y,d
485221,Jaitwara,Madhya Pradesh,Y,Y,d
485226,BIRSHINGHPUR,Madhya Pradesh,Y,Y,d
485227,#REF!,#REF!,N,N,d
485331,Majhgawa,Madhya Pradesh,Y,Y,d
485334,Chitrakoot,Uttar Pradesh,Y,Y,d
485336,Majhgawa,Madhya Pradesh,Y,Y,d
485441,Satna,Madhya Pradesh,Y,Y,d
485446,Nagod,Madhya Pradesh,Y,Y,d
485447,NAGOD,Madhya Pradesh,Y,Y,d
485551,Nagod,Madhya Pradesh,Y,Y,d
485661,MAIHAR,Madhya Pradesh,Y,Y,d
485666,Jaitwara,Madhya Pradesh,Y,Y,d
485771,Maihar,Madhya Pradesh,Y,Y,d
485772,Maihar,Madhya Pradesh,Y,Y,d
485773,Maihar,Madhya Pradesh,Y,Y,d
485774,Maihar,Madhya Pradesh,Y,Y,d
485775,Amarpatan,Madhya Pradesh,Y,Y,d
485778,Amarpatan,Madhya Pradesh,Y,Y,d
485881,Amarpatan,Madhya Pradesh,Y,Y,d
486001,Rewa,Madhya Pradesh,Y,Y,d
486002,Rewa,Madhya Pradesh,Y,Y,d
486003,Rewa,Madhya Pradesh,Y,Y,d
486004,Rewa,Madhya Pradesh,Y,Y,d
486005,Rewa,Madhya Pradesh,Y,Y,d
486006,Rewa,Madhya Pradesh,Y,Y,d
486007,Rewa,Madhya Pradesh,N,Y,d
486008,Rewa,Madhya Pradesh,Y,Y,d
486009,Rewa,Madhya Pradesh,N,Y,d
486010,Rewa,Madhya Pradesh,N,Y,d
486111,Raipur Karchulion,Madhya Pradesh,Y,Y,d
486112,Mangawan,Madhya Pradesh,N,N,d
486113,Mangawan,Madhya Pradesh,N,N,d
486114,Raipur Karchulion,Madhya Pradesh,Y,Y,d
486115,Sohagi,Madhya Pradesh,Y,Y,d
486117,Sohagi,Madhya Pradesh,Y,Y,d
486123,Raipur Karchulion,Madhya Pradesh,Y,Y,d
486220,Sohagi,Madhya Pradesh,Y,Y,d
486223,Sohagi,Madhya Pradesh,Y,Y,d
486226,Sohagi,Madhya Pradesh,Y,Y,d
486228,Teonthar,Madhya Pradesh,N,N,d
486331,Deotalab,Madhya Pradesh,Y,Y,d
486333,Deotalab,Madhya Pradesh,Y,Y,d
486335,Amiliya,Madhya Pradesh,Y,Y,d
486338,Deotalab,Madhya Pradesh,Y,Y,d
486340,Sohagi,Madhya Pradesh,Y,Y,d
486341,Deotalab,Madhya Pradesh,Y,Y,d
486342,Jabalpur,Madhya Pradesh,N,N,d
486343,Jabalpur,Madhya Pradesh,N,N,d
486355,Mauganj,Madhya Pradesh,N,N,d
486440,REWA,Madhya Pradesh,Y,Y,d
486441,REWA,Madhya Pradesh,Y,Y,d
486442,Mangawan,Madhya Pradesh,N,N,d
486443,Mangawan,Madhya Pradesh,N,N,d
486444,Sirmaur,Madhya Pradesh,N,N,d
486445,Semariya,Madhya Pradesh,Y,Y,d
486446,Rewa,Madhya Pradesh,Y,Y,d
486447,Rewa,Madhya Pradesh,Y,Y,d
486448,Semariya,Madhya Pradesh,Y,Y,d
486449,Rewa,Madhya Pradesh,N,N,d
486450,Rewa,Madhya Pradesh,Y,Y,d
486497,Rewa,Madhya Pradesh,N,N,d
486550,Rewa,Madhya Pradesh,Y,Y,d
486553,REWA,Madhya Pradesh,Y,Y,d
486556,Rewa,Madhya Pradesh,Y,Y,d
486661,Sidhi,Madhya Pradesh,Y,Y,d
486666,Madwas,Madhya Pradesh,Y,Y,d
486669,Madwas,Madhya Pradesh,Y,Y,d
486670,Amiliya,Madhya Pradesh,Y,Y,d
486675,Amiliya,Madhya Pradesh,Y,Y,d
486771,Churhat,Madhya Pradesh,Y,Y,d
486775,Rampur Naikin,Madhya Pradesh,Y,Y,d
486776,Rampur Naikin,Madhya Pradesh,Y,Y,d
486881,Deosar,Madhya Pradesh,Y,Y,d
486882,Deosar,Madhya Pradesh,Y,Y,d
486883,#REF!,#REF!,N,N,d
486884,Singrauli,Madhya Pradesh,Y,Y,d
486885,Singrauli,Madhya Pradesh,Y,Y,d
486886,Singrauli,Madhya Pradesh,Y,Y,d
486887,Singrauli,Madhya Pradesh,Y,Y,d
486888,Singrauli,Madhya Pradesh,Y,Y,d
486889,Singrauli,Madhya Pradesh,Y,Y,d
486890,Singrauli,Madhya Pradesh,Y,Y,d
486892,Bargawan,Madhya Pradesh,Y,Y,d
486894,Singrauli,Madhya Pradesh,N,N,d
487001,Narsinghpur,Madhya Pradesh,Y,Y,d
487110,Narsinghpur,Madhya Pradesh,Y,Y,d
487114,Narsinghpur,Madhya Pradesh,Y,Y,d
487118,Gotegaon,Madhya Pradesh,Y,Y,d
487221,Narsinghpur,Madhya Pradesh,Y,Y,d
487225,Kareli,Madhya Pradesh,Y,Y,d
487231,Jabalpur,Madhya Pradesh,N,N,d
487330,Kareli,Madhya Pradesh,Y,Y,d
487334,Gadarwara,Madhya Pradesh,Y,Y,d
487337,Gadarwara,Madhya Pradesh,Y,Y,d
487441,KARELI,Madhya Pradesh,Y,Y,d
487551,Gadarwara,Madhya Pradesh,Y,Y,d
487555,Gadarwara,Madhya Pradesh,Y,Y,d
487661,Gadarwara,Madhya Pradesh,Y,Y,d
487770,Gadarwara,Madhya Pradesh,Y,Y,d
487771,Gadarwara,Madhya Pradesh,Y,Y,d
487881,GADARWARA,Madhya Pradesh,Y,Y,d
487885,Gadarwara,Madhya Pradesh,N,Y,d
488001,Panna,Madhya Pradesh,Y,Y,d
488050,Pawai,Madhya Pradesh,Y,Y,d
488051,Pawai,Madhya Pradesh,Y,Y,d
488058,Pawai,Madhya Pradesh,Y,Y,d
488059,Pawai,Madhya Pradesh,Y,Y,d
488101,Panna,Madhya Pradesh,N,Y,d
488220,Chandla,Madhya Pradesh,Y,Y,d
488222,CHANDLA,Madhya Pradesh,N,N,d
488333,Panna,Madhya Pradesh,Y,Y,d
488441,Amanganj,Madhya Pradesh,Y,Y,d
488442,PAWAI,Madhya Pradesh,Y,Y,d
488443,Raipura,Madhya Pradesh,Y,Y,d
488446,Pawai,Madhya Pradesh,Y,Y,d
488448,Pawai,Madhya Pradesh,Y,Y,d
490000,Raipur,Chhattisgarh,N,N,d
490001,Durg,Chhattisgarh,Y,Y,d
490002,Durg,Chhattisgarh,Y,Y,d
490003,Durg,Chhattisgarh,Y,Y,d
490004,Durg,Chhattisgarh,Y,Y,d
490005,Durg,Chhattisgarh,Y,Y,d
490006,Durg,Chhattisgarh,Y,Y,d
490007,Patan-Cg,Chhattisgarh,Y,Y,d
490008,Bhilai,Chhattisgarh,Y,Y,d
490009,Durg,Chhattisgarh,Y,Y,d
490010,Durg,Chhattisgarh,Y,Y,d
490011,Durg,Chhattisgarh,Y,Y,d
490012,Durg,Chhattisgarh,Y,Y,d
490013,Durg,Chhattisgarh,Y,Y,d
490015,Bhilai Jamul,Chhattisgarh,N,Y,d
490019,Raipur,Chhattisgarh,N,N,d
490020,Durg,Chhattisgarh,Y,Y,d
490021,Durg,Chhattisgarh,Y,Y,d
490022,Durg,Chhattisgarh,Y,Y,d
490023,Durg,Chhattisgarh,Y,Y,d
490024,Durg,Chhattisgarh,Y,Y,d
490025,Durg,Chhattisgarh,Y,Y,d
490026,Durg,Chhattisgarh,Y,Y,d
490027,Durg,Chhattisgarh,Y,Y,d
490028,Durg,Chhattisgarh,Y,Y,d
490030,Raipur,Chhattisgarh,N,N,d
490031,Raipur,Chhattisgarh,N,N,d
490032,Raipur,Chhattisgarh,N,N,d
490033,Raipur,Chhattisgarh,N,N,d
490034,Raipur,Chhattisgarh,N,N,d
490035,Raipur,Chhattisgarh,N,N,d
490036,Durg,Chhattisgarh,Y,Y,d
490037,Raipur,Chhattisgarh,N,N,d
490038,Raipur,Chhattisgarh,N,N,d
490039,Raipur,Chhattisgarh,N,N,d
490040,Raipur,Chhattisgarh,N,N,d
490041,Raipur,Chhattisgarh,N,N,d
490042,Durg,Chhattisgarh,Y,Y,d
490044,Raipur,Chhattisgarh,N,N,d
490054,Bhilai,Chhattisgarh,N,Y,d
491001,Durg,Chhattisgarh,Y,Y,d
491002,Durg,Chhattisgarh,Y,Y,d
491003,Durg,Chhattisgarh,Y,Y,d
491004,Durg,Chhattisgarh,Y,Y,d
491006,Raipur,Chhattisgarh,N,N,d
491009,Durg,Chhattisgarh,Y,Y,d
491107,Durg,Chhattisgarh,Y,Y,d
491111,Patan-CG,Chhattisgarh,Y,Y,d
491113,Berla,Chhattisgarh,Y,Y,d
491221,Patan-CG,Chhattisgarh,Y,Y,d
491222,Balod,Chhattisgarh,Y,Y,d
491223,Balod,Chhattisgarh,Y,Y,d
491224,Raipur,Chhattisgarh,N,N,d
491225,Balod,Chhattisgarh,Y,Y,d
491226,Balod,Chhattisgarh,Y,Y,d
491227,Dhamtari,Chhattisgarh,Y,Y,d
491228,Balod,Chhattisgarh,Y,Y,d
491229,Manpur,Chhattisgarh,Y,Y,d
491230,Bhanupratappur,Chhattisgarh,Y,Y,d
491232,Balod,Chhattisgarh,N,Y,d
491331,Berla,Chhattisgarh,Y,Y,d
491332,Berla,Chhattisgarh,Y,Y,d
491333,Raipur,Chhattisgarh,N,N,d
491335,Bemetara,Chhattisgarh,Y,Y,d
491336,Kawardha,Chhattisgarh,Y,Y,d
491337,Mungeli,Chhattisgarh,Y,Y,d
491338,Bemetara,Chhattisgarh,Y,Y,d
491339,Raipur,Chhattisgarh,N,N,d
491340,Bhatapara,Chhattisgarh,Y,Y,d
491441,Rajnandgaon,Chhattisgarh,Y,Y,d
491443,KHAIRAGARH-CG,Chhattisgarh,N,N,d
491444,KHAIRAGARH,Chhattisgarh,Y,Y,d
491445,Dongargarh,Chhattisgarh,Y,Y,d
491557,Dongargarh,Chhattisgarh,Y,Y,d
491558,Ambagarhchowki,Chhattisgarh,Y,Y,d
491559,Pandariya,Chhattisgarh,Y,Y,d
491661,Rajnandgaon,Chhattisgarh,Y,Y,d
491665,Ambagarhchowki,Chhattisgarh,Y,Y,d
491666,Ambagarhchowki,Chhattisgarh,Y,Y,d
491668,Ambagarhchowki,Chhattisgarh,Y,Y,d
491771,Balod,Chhattisgarh,Y,Y,d
491881,Khairagarh,Chhattisgarh,Y,Y,d
491885,Khairagarh,Chhattisgarh,Y,Y,d
491888,Berla,Chhattisgarh,Y,Y,d
491993,Berla,Chhattisgarh,Y,Y,d
491995,Kawardha,Chhattisgarh,Y,Y,d
491996,Kawardha,Chhattisgarh,Y,Y,d
492000,Raipur,Chhattisgarh,N,Y,d
492001,Raipur,Chhattisgarh,Y,Y,d
492002,Raipur,Chhattisgarh,Y,Y,d
492003,Raipur,Chhattisgarh,Y,Y,d
492004,Raipur,Chhattisgarh,Y,Y,d
492005,Raipur,Chhattisgarh,Y,Y,d
492006,Raipur,Chhattisgarh,Y,Y,d
492007,Raipur,Chhattisgarh,Y,Y,d
492008,Raipur,Chhattisgarh,Y,Y,d
492009,Raipur,Chhattisgarh,Y,Y,d
492010,Raipur,Chhattisgarh,Y,Y,d
492011,Raipur,Chhattisgarh,Y,Y,d
492012,Raipur,Chhattisgarh,Y,Y,d
492013,Raipur,Chhattisgarh,Y,Y,d
492014,Raipur,Chhattisgarh,Y,Y,d
492015,Raipur,Chhattisgarh,Y,Y,d
492016,Raipur,Chhattisgarh,Y,Y,d
492017,Raipur,Chhattisgarh,Y,Y,d
492018,Abhanpur,Chhattisgarh,Y,Y,d
492019,Raipur,Chhattisgarh,N,N,d
492021,Raipur,Chhattisgarh,N,Y,d
492033,Raipur,Chhattisgarh,N,N,d
492042,Bhilai,Chhattisgarh,N,Y,d
492075,Raipur,Chhattisgarh,N,N,d
492099,Raipur,Chhattisgarh,Y,Y,d
492100,Raipur,Chhattisgarh,N,Y,d
492101,Raipur,Chhattisgarh,Y,Y,d
492102,Raipur,Chhattisgarh,Y,Y,d
492103,Bhilai,Chhattisgarh,N,Y,d
492104,Raipur,Chhattisgarh,Y,Y,d
492105,Raipur,Chhattisgarh,N,Y,d
492106,Raipur,Chhattisgarh,Y,Y,d
492107,Raipur,Chhattisgarh,N,Y,d
492108,Raipur,Chhattisgarh,N,N,d
492109,Gariyaband,Chhattisgarh,Y,Y,d
492112,Basna,Chhattisgarh,Y,Y,d
492441,Raipur,Chhattisgarh,N,N,d
492559,Mungeli,Chhattisgarh,N,Y,d
492885,Khairagarh,Chhattisgarh,N,Y,d
493002,Raipur,Chhattisgarh,N,Y,d
493003,Raipur,Chhattisgarh,N,N,d
493004,Raipur,Chhattisgarh,N,N,d
493101,Tilda,Chhattisgarh,Y,Y,d
493109,Gariyaband,Chhattisgarh,Y,Y,d
493110,Raipur,Chhattisgarh,N,N,d
493111,Mandhar,Chhattisgarh,Y,Y,d
493112,Basna,Chhattisgarh,N,N,d
493113,Bhatapara,Chhattisgarh,Y,Y,d
493114,Tilda,Chhattisgarh,Y,Y,d
493116,Tilda,Chhattisgarh,Y,Y,d
493118,Bhatapara,Chhattisgarh,Y,Y,d
493195,Bhatapara,Chhattisgarh,Y,Y,d
493196,Bhatapara,Chhattisgarh,Y,Y,d
493211,Raipur,Chhattisgarh,Y,Y,d
493221,Raipur,Chhattisgarh,Y,Y,d
493222,SHIVARINARAYAN,Chhattisgarh,Y,Y,d
493225,Kharora,Chhattisgarh,Y,Y,d
493228,Baloda Bazar,Chhattisgarh,Y,Y,d
493229,Tilda,Chhattisgarh,Y,Y,d
493330,Nagri,Chhattisgarh,Y,Y,d
493331,Baloda Bazar,Chhattisgarh,Y,Y,d
493332,Baloda Bazar,Chhattisgarh,Y,Y,d
493335,Shivrinarayan,Chhattisgarh,Y,Y,d
493338,Shivrinarayan,Chhattisgarh,Y,Y,d
493344,Shivrinarayan,Chhattisgarh,Y,Y,d
493441,Mahasamund,Chhattisgarh,Y,Y,d
493445,Mahasamund,Chhattisgarh,Y,Y,d
493448,Mahasamund,Chhattisgarh,Y,Y,d
493449,Bagbahra,Chhattisgarh,Y,Y,d
493526,Baloda Bazar,Chhattisgarh,Y,Y,d
493551,Pithora,Chhattisgarh,Y,Y,d
493554,Basna,Chhattisgarh,Y,Y,d
493555,Saraipalli,Chhattisgarh,Y,Y,d
493558,Saraipalli,Chhattisgarh,Y,Y,d
493559,Sarangarh,Chhattisgarh,Y,Y,d
493562,Mahasamund,Chhattisgarh,Y,Y,d
493661,Abhanpur,Chhattisgarh,Y,Y,d
493662,Gariyaband,Chhattisgarh,Y,Y,d
493663,Abhanpur,Chhattisgarh,Y,Y,d
493738,Shivarinarayan,Chhattisgarh,N,Y,d
493770,Dhamtari,Chhattisgarh,Y,Y,d
493773,Dhamtari,Chhattisgarh,Y,Y,d
493776,Dhamtari,Chhattisgarh,Y,Y,d
493778,Nagri,Chhattisgarh,Y,Y,d
493881,Abhanpur,Chhattisgarh,Y,Y,d
493885,Abhanpur,Chhattisgarh,Y,Y,d
493887,Gariyaband,Chhattisgarh,Y,Y,d
493888,Gariyaband,Chhattisgarh,Y,Y,d
493889,Gariyaband,Chhattisgarh,Y,Y,d
493890,DEVBHOG,Chhattisgarh,Y,Y,d
493891,Gohrapadar,Chhattisgarh,N,Y,d
493892,Devbhog,Chhattisgarh,N,Y,d
493895,Gariyaband,Chhattisgarh,Y,Y,d
493985,Raipur,Chattisgarh,N,N,d
493992,Mahasamund,Chhattisgarh,Y,Y,d
493996,Gariyaband,Chhattisgarh,Y,Y,d
494001,Jagdalpur,Chhattisgarh,Y,Y,d
494002,Jagdalpur,Chhattisgarh,Y,Y,d
494003,Jagdalpur,Chhattisgarh,N,Y,d
494004,Jagdalpur,Chhattisgarh,Y,Y,d
494005,Jagdalpur,Chhattisgarh,Y,Y,d
494010,Bastar,Chhattisgarh,Y,Y,d
494111,Sukma,Chhattisgarh,Y,Y,d
494114,Konta,Chhattisgarh,Y,Y,d
494115,SUKMA,Chhattisgarh,N,N,d
494122,Sukma,Chhattisgarh,Y,Y,d
494221,Jagdalpur,Chhattisgarh,Y,Y,d
494222,Bastar,Chhattisgarh,Y,Y,d
494223,Bastar,Chhattisgarh,Y,Y,d
494224,Bastar,Chhattisgarh,Y,Y,d
494225,Bastar,Chhattisgarh,Y,Y,d
494226,Kondagaon,Chhattisgarh,Y,Y,d
494227,Keshkal,Chhattisgarh,Y,Y,d
494228,Kondagaon,Chhattisgarh,Y,Y,d
494229,Kondagaon,Chhattisgarh,Y,Y,d
494230,Keshkal,Chhattisgarh,Y,Y,d
494237,KONDAGAON,Chhattisgarh,N,N,d
494330,Keshkal,Chhattisgarh,Y,Y,d
494331,Keshkal,Chhattisgarh,Y,Y,d
494332,Kanker,Chhattisgarh,Y,Y,d
494333,Charama,Chhattisgarh,Y,Y,d
494334,Kanker,Chhattisgarh,Y,Y,d
494335,Kanker,Chhattisgarh,Y,Y,d
494336,Charama,Chhattisgarh,Y,Y,d
494337,Charama,Chhattisgarh,Y,Y,d
494347,Keshkal,Chhattisgarh,Y,Y,d
494435,Dantewada,Chhattisgarh,Y,Y,d
494441,Dantewada,Chhattisgarh,Y,Y,d
494442,Jagdalpur,Chhattisgarh,Y,Y,d
494444,Bijapurch,Chhattisgarh,Y,Y,d
494445,Jagdalpur,Chhattisgarh,Y,Y,d
494446,BIJAPUR CG,Chhattisgarh,N,N,d
494447,BIJAPUR CG,Chhattisgarh,N,N,d
494448,BHOPALPATTNAM,Chhattisgarh,N,N,d
494449,Dantewada,Chhattisgarh,Y,Y,d
494450,BHAIRAMGARH,Chhattisgarh,N,N,d
494551,Dantewada,Chhattisgarh,Y,Y,d
494552,BACHELI,Chhattisgarh,Y,Y,d
494553,BACHELI,Chhattisgarh,Y,Y,d
494556,BACHELI,Chhattisgarh,Y,Y,d
494635,Bhanupratappur,Chhattisgarh,Y,Y,d
494661,Narayanpur-CH,Chhattisgarh,Y,Y,d
494662,NARAYANPUR,Chhattisgarh,N,N,d
494665,Narayanpur-CH,Chhattisgarh,Y,Y,d
494669,Bhanupratappur,Chhattisgarh,Y,Y,d
494670,Bhanupratappur,Chhattisgarh,Y,Y,d
494771,Pakhanjur,Chhattisgarh,Y,Y,d
494775,Durg,Chhattisgarh,N,N,d
494776,Pakhanjur,Chhattisgarh,Y,Y,d
494777,Pakhanjur,Chhattisgarh,Y,Y,d
495001,Bilaspur,Chhattisgarh,Y,Y,d
495002,Bilaspur,Chhattisgarh,Y,Y,d
495003,Bilaspur,Chhattisgarh,Y,Y,d
495004,Bilaspur,Chhattisgarh,Y,Y,d
495005,Bilaspur,Chhattisgarh,Y,Y,d
495006,Bilaspur,Chhattisgarh,Y,Y,d
495007,Bilaspur,Chhattisgarh,Y,Y,d
495008,Bilaspur,Chhattisgarh,N,N,d
495009,Bilaspur,Chhattisgarh,Y,Y,d
495011,Bilaspur,Chhattisgarh,N,N,d
495012,Bilaspur,Chhattisgarh,N,N,d
495111,Korba,Chhattisgarh,N,N,d
495112,Ratanpur,Chhattisgarh,Y,Y,d
495113,Ratanpur,Chhattisgarh,Y,Y,d
495115,Mungeli,Chhattisgarh,Y,Y,d
495116,KOTA,Chhattisgarh,Y,Y,d
495117,Pendra,Chhattisgarh,Y,Y,d
495118,Pendra,Chhattisgarh,Y,Y,d
495119,Pendra,Chhattisgarh,Y,Y,d
495220,Bilaspur,Chhattisgarh,Y,Y,d
495222,BILHA,Chhattisgarh,Y,Y,d
495223,Bilaspur,Chhattisgarh,Y,Y,d
495224,BILHA,Chhattisgarh,Y,Y,d
495330,Mungeli,Chhattisgarh,Y,Y,d
495334,Mungeli,Chhattisgarh,Y,Y,d
495335,Bilaspur,Chhattisgarh,Y,Y,d
495337,Mungeli,Chhattisgarh,N,Y,d
495442,Ratanpur,Chhattisgarh,Y,Y,d
495444,Korba,Chhattisgarh,Y,Y,d
495445,Amakhokhara,Chhattisgarh,Y,Y,d
495446,Korba,Chhattisgarh,Y,Y,d
495447,Korba,Chhattisgarh,Y,Y,d
495448,Korba,Chhattisgarh,Y,Y,d
495449,KASDOL,Chhattisgarh,Y,Y,d
495450,Korba,Chhattisgarh,Y,Y,d
495452,Korba,Chhattisgarh,Y,Y,d
495453,Korba,Chhattisgarh,Y,Y,d
495454,Korba,Chhattisgarh,Y,Y,d
495455,Korba,Chhattisgarh,Y,Y,d
495549,Akaltara,Chhattisgarh,Y,Y,d
495550,Bilaspur,Chhattisgarh,Y,Y,d
495551,Bilaspur,Chhattisgarh,Y,Y,d
495552,Akaltara,Chhattisgarh,Y,Y,d
495553,Akaltara,Chhattisgarh,Y,Y,d
495554,Bilaspur,Chhattisgarh,Y,Y,d
495555,Bilaspur,Chhattisgarh,Y,Y,d
495556,Shivrinarayan,Chhattisgarh,Y,Y,d
495557,Shivrinarayan,Chhattisgarh,Y,Y,d
495559,Champa,Chhattisgarh,Y,Y,d
495577,Korba,Chhattisgarh,N,N,d
495617,Korba,Chhattisgarh,N,N,d
495660,Jaijaipur,Chhattisgarh,Y,Y,d
495661,Jaijaipur,Chhattisgarh,Y,Y,d
495663,Akaltara,Chhattisgarh,Y,Y,d
495667,Korba,Chhattisgarh,N,N,d
495668,Champa,Chhattisgarh,Y,Y,d
495669,Champa,Chhattisgarh,Y,Y,d
495671,Champa,Chhattisgarh,Y,Y,d
495674,KORBA,Chhattisgarh,Y,Y,d
495677,Korba,Chhattisgarh,Y,Y,d
495678,Korba,Chhattisgarh,Y,Y,d
495679,Korba,Chhattisgarh,Y,Y,d
495680,Korba,Chhattisgarh,Y,Y,d
495681,Korba,Chhattisgarh,N,N,d
495682,Korba,Chhattisgarh,Y,Y,d
495683,Korba,Chhattisgarh,Y,Y,d
495684,Korba,Chhattisgarh,Y,Y,d
495685,Sakti,Chhattisgarh,Y,Y,d
495686,Champa,Chhattisgarh,Y,Y,d
495687,Sakti,Chhattisgarh,Y,Y,d
495688,Dabhra,Chhattisgarh,Y,Y,d
495689,Sakti,Chhattisgarh,Y,Y,d
495690,Jaijaipur,Chhattisgarh,Y,Y,d
495691,Dabhra,Chhattisgarh,Y,Y,d
495692,Dabhra,Chhattisgarh,Y,Y,d
495695,Sakti,Chhattisgarh,Y,Y,d
496001,Raigarh,Chhattisgarh,Y,Y,d
496004,Raigarh,Chhattisgarh,Y,Y,d
496005,Kharsia,Chhattisgarh,Y,Y,d
496051,Raigarh,Chhattisgarh,N,N,d
496100,Raigarh,Chhattisgarh,Y,Y,d
496101,Dabhara,Chhattisgarh,N,Y,d
496107,Raigarh,Chhattisgarh,Y,Y,d
496108,Raigarh,Chhattisgarh,Y,Y,d
496109,Raigarh,Chhattisgarh,Y,Y,d
496111,RAIGARH,Chhattisgarh,Y,Y,d
496113,Lailunga,Chhattisgarh,Y,Y,d
496115,Lailunga,Chhattisgarh,Y,Y,d
496116,Dharamjaigarh,Chhattisgarh,Y,Y,d
496118,Pathalgaon,Chhattisgarh,Y,Y,d
496197,Raigarh,Chhattisgarh,Y,Y,d
496220,Pathalgaon,Chhattisgarh,Y,Y,d
496223,Kunkuri,Chhattisgarh,N,Y,d
496224,BAGICHA,Chhattisgarh,Y,Y,d
496225,Kunkuri,Chhattisgarh,Y,Y,d
496227,Kunkuri,Chhattisgarh,Y,Y,d
496242,Kunkuri,Chhattisgarh,Y,Y,d
496245,Kunkuri,Chhattisgarh,Y,Y,d
496330,Jashpur Nagar,Chhattisgarh,Y,Y,d
496331,Jashpur Nagar,Chhattisgarh,Y,Y,d
496334,Kunkuri,Chhattisgarh,Y,Y,d
496336,Kusmi,Chhattisgarh,Y,Y,d
496338,Jashpur Nagar,Chhattisgarh,Y,Y,d
496440,Raigarh,Chhattisgarh,Y,Y,d
496445,Saraipalli,Chhattisgarh,Y,Y,d
496450,Sarangarh,Chhattisgarh,Y,Y,d
496460,Sarangarh,Chhattisgarh,N,Y,d
496551,Baramkela,Chhattisgarh,Y,Y,d
496553,Sarangarh,Chhattisgarh,N,Y,d
496554,Baramkela,Chhattisgarh,Y,Y,d
496661,Kharsia,Chhattisgarh,Y,Y,d
496665,Kharsia,Chhattisgarh,Y,Y,d
497001,Ambikapur,Chhattisgarh,Y,Y,d
497020,Ambikapur,Chhattisgarh,N,Y,d
497101,Bargidih,Chhattisgarh,Y,Y,d
497110,Batauli,Chhattisgarh,N,N,d
497111,Pathalgaon,Chhattisgarh,Y,Y,d
497114,Pathalgaon,Chhattisgarh,Y,Y,d
497116,Ambikapur,Chhattisgarh,Y,Y,d
497117,Premnagar,Chhattisgarh,Y,Y,d
497118,Rajpur-CH,Chhattisgarh,Y,Y,d
497119,Ramanujganj,Chhattisgarh,Y,Y,d
497210,Raipur,Chhattisgarh,N,N,d
497220,Ramanujganj,Chhattisgarh,Y,Y,d
497223,Pratappur,Chhattisgarh,N,N,d
497224,Kusmi,Chhattisgarh,Y,Y,d
497225,Wadrafnagar,Chhattisgarh,Y,Y,d
497226,Surajapur,Chhattisgarh,Y,Y,d
497229,Surajapur,Chhattisgarh,Y,Y,d
497231,Bhatgaon,Chhattisgarh,Y,Y,d
497235,Bhatgaon,Chhattisgarh,Y,Y,d
497331,Patna-CH,Chhattisgarh,Y,Y,d
497333,Premnagar,Chhattisgarh,Y,Y,d
497335,Baikunthpur,Chhattisgarh,Y,Y,d
497339,Baikunthpur,Chhattisgarh,Y,Y,d
497437,Raipur,Chhattisgarh,N,N,d
497442,Manendragarh,Chhattisgarh,Y,Y,d
497446,Manendragarh,Chhattisgarh,Y,Y,d
497447,Manendragarh,Chhattisgarh,Y,Y,d
497448,Manendragarh,Chhattisgarh,Y,Y,d
497449,Chirimiri,Chhattisgarh,Y,Y,d
497450,Chirmiri,Chhattisgarh,N,Y,d
497451,Manendragarh,Chhattisgarh,Y,Y,d
497553,Manendragarh,Chhattisgarh,Y,Y,d
497555,Manendragarh,Chhattisgarh,Y,Y,d
497557,Chirimiri,Chhattisgarh,Y,Y,d
497559,Chirimiri,Chhattisgarh,Y,Y,d
497773,Chirimiri,Chhattisgarh,Y,Y,d
497778,BHARATPUR,Chhattisgarh,Y,Y,d
499115,Balod,Chhattisgarh,N,N,d
500000,Hyderabad,Telangana,N,Y,d
500001,Hyderabad,Telangana,Y,Y,d
500002,Hyderabad,Telangana,Y,Y,d
500003,Hyderabad,Telangana,Y,Y,d
500004,Hyderabad,Telangana,Y,Y,d
500005,Hyderabad,Telangana,Y,Y,d
500006,Hyderabad,Telangana,Y,Y,d
500007,Hyderabad,Telangana,Y,Y,d
500008,Hyderabad,Telangana,Y,Y,d
500009,Hyderabad,Telangana,Y,Y,d
500010,Hyderabad,Telangana,Y,Y,d
500011,Hyderabad,Telangana,Y,Y,d
500012,Hyderabad,Telangana,Y,Y,d
500013,Hyderabad,Telangana,Y,Y,d
500014,Hyderabad,Telangana,Y,Y,d
500015,Hyderabad,Telangana,Y,Y,d
500016,Hyderabad,Telangana,Y,Y,d
500017,Hyderabad,Telangana,Y,Y,d
500018,Hyderabad,Telangana,Y,Y,d
500019,Hyderabad,Telangana,Y,Y,d
500020,Hyderabad,Telangana,Y,Y,d
500021,Hyderabad,Telangana,Y,Y,d
500022,Hyderabad,Telangana,Y,Y,d
500023,Hyderabad,Telangana,Y,Y,d
500024,Hyderabad,Telangana,Y,Y,d
500025,Hyderabad,Telangana,Y,Y,d
500026,Hyderabad,Telangana,Y,Y,d
500027,Hyderabad,Telangana,Y,Y,d
500028,Hyderabad,Telangana,Y,Y,d
500029,Hyderabad,Telangana,Y,Y,d
500030,Hyderabad,Telangana,Y,Y,d
500031,Hyderabad,Telangana,Y,Y,d
500032,Hyderabad,Telangana,Y,Y,d
500033,Hyderabad,Telangana,Y,Y,d
500034,Hyderabad,Telangana,Y,Y,d
500035,Hyderabad,Telangana,Y,Y,d
500036,Hyderabad,Telangana,Y,Y,d
500037,Hyderabad,Telangana,Y,Y,d
500038,Hyderabad,Telangana,Y,Y,d
500039,Hyderabad,Telangana,Y,Y,d
500040,Hyderabad,Telangana,Y,Y,d
500041,Hyderabad,Telangana,Y,Y,d
500042,Hyderabad,Telangana,Y,Y,d
500043,Hyderabad,Telangana,Y,Y,d
500044,Hyderabad,Telangana,Y,Y,d
500045,Hyderabad,Telangana,Y,Y,d
500046,Hyderabad,Telangana,Y,Y,d
500047,Hyderabad,Telangana,Y,Y,d
500048,Hyderabad,Telangana,Y,Y,d
500049,Hyderabad,Telangana,Y,Y,d
500050,Hyderabad,Telangana,Y,Y,d
500051,Hyderabad,Telangana,Y,Y,d
500052,Hyderabad,Telangana,Y,Y,d
500053,Hyderabad,Telangana,Y,Y,d
500054,Hyderabad,Telangana,Y,Y,d
500055,Hyderabad,Telangana,Y,Y,d
500056,Hyderabad,Telangana,Y,Y,d
500057,Hyderabad,Telangana,Y,Y,d
500058,Hyderabad,Telangana,Y,Y,d
500059,Hyderabad,Telangana,Y,Y,d
500060,Hyderabad,Telangana,Y,Y,d
500061,Hyderabad,Telangana,Y,Y,d
500062,Hyderabad,Telangana,Y,Y,d
500063,Hyderabad,Telangana,Y,Y,d
500064,Hyderabad,Telangana,Y,Y,d
500065,Hyderabad,Telangana,Y,Y,d
500066,Hyderabad,Telangana,Y,Y,d
500067,Hyderabad,Telangana,Y,Y,d
500068,Hyderabad,Telangana,Y,Y,d
500069,Hyderabad,Telangana,Y,Y,d
500070,Hyderabad,Telangana,Y,Y,d
500071,Hyderabad,Telangana,Y,Y,d
500072,Hyderabad,Telangana,Y,Y,d
500073,Hyderabad,Telangana,Y,Y,d
500074,Hyderabad,Telangana,Y,Y,d
500075,Hyderabad,Telangana,Y,Y,d
500076,Hyderabad,Telangana,Y,Y,d
500077,Hyderabad,Telangana,Y,Y,d
500078,Medchal,Telangana,Y,Y,d
500079,Hyderabad,Telangana,Y,Y,d
500080,Hyderabad,Telangana,Y,Y,d
500081,Hyderabad,Telangana,Y,Y,d
500082,Hyderabad,Telangana,Y,Y,d
500083,Hyderabad,Telangana,Y,Y,d
500084,Hyderabad,Telangana,Y,Y,d
500085,Hyderabad,Telangana,Y,Y,d
500086,Hyderabad,Telangana,Y,Y,d
500087,Hyderabad,Telangana,Y,Y,d
500088,Ghatkesar,Telangana,Y,Y,d
500089,Hyderabad,Telangana,Y,Y,d
500090,Hyderabad,Telangana,Y,Y,d
500091,Hyderabad,Telangana,Y,Y,d
500092,Hyderabad,Telangana,Y,Y,d
500093,Hyderabad,Telangana,Y,Y,d
500094,Hyderabad,Telangana,Y,Y,d
500095,Hyderabad,Telangana,Y,Y,d
500096,Hyderabad,Telangana,Y,Y,d
500097,Hyderabad,Telangana,Y,Y,d
500098,Hyderabad,Telangana,Y,Y,d
500099,Hyderabad,Telangana,Y,Y,d
500100,Hyderabad,Telangana,Y,Y,d
500101,Medchal,Telangana,Y,Y,d
500102,HYDERABAD,Telangana,Y,Y,d
500103,Hyderabad,Telangana,Y,Y,d
500104,Hyderabad,Telangana,Y,Y,d
500105,Hyderabad,Telangana,Y,Y,d
500106,Hyderabad,Telangana,N,N,d
500107,Hyderabad,Telangana,Y,Y,d
500108,Hyderabad,Telangana,Y,Y,d
500109,Hyderabad,Telangana,N,N,d
500110,Hyderabad,Telangana,Y,Y,d
500111,Hyderabad,Telangana,Y,Y,d
500112,Hyderabad,Telangana,Y,Y,d
500113,Hyderabad,Telangana,N,N,d
500114,Hyderabad,Telangana,Y,Y,d
500115,Hyderabad,Telangana,N,N,d
500117,Hyderabad,Telangana,N,N,d
500118,Hyderabad,Telangana,N,N,d
500123,Hyderabad,Telangana,Y,Y,d
500133,Hyderabad,Telangana,Y,Y,d
500138,Hyderabad,Telangana,N,N,d
500146,Hyderabad,Telangana,Y,Y,d
500170,Hyderabad,Telangana,Y,Y,d
500171,Hyderabad,Telangana,N,N,d
500175,Hyderabad,Telangana,N,N,d
500177,Hyderabad,Telangana,Y,Y,d
500178,Hyderabad,Telangana,Y,Y,d
500195,Hyderabad,Telangana,Y,Y,d
500252,Hyderabad,Telangana,Y,Y,d
500253,Hyderabad,Telangana,Y,Y,d
500258,Hyderabad,Telangana,N,N,d
500264,Hyderabad,Telangana,Y,Y,d
500265,Hyderabad,Telangana,Y,Y,d
500266,Hyderabad,Telangana,N,N,d
500267,Hyderabad,Telangana,Y,Y,d
500361,Hyderabad,Telangana,Y,Y,d
500380,Hyderabad,Telangana,Y,Y,d
500401,Hyderabad,Telangana,N,N,d
500409,Hyderabad,Telangana,Y,Y,d
500457,Hyderabad,Telangana,Y,Y,d
500463,Hyderabad,Telangana,N,N,d
500472,Hyderabad,Telangana,Y,Y,d
500475,Hyderabad,Telangana,Y,Y,d
500476,Hyderabad,Telangana,Y,Y,d
500482,Hyderabad,Telangana,Y,Y,d
500484,Hyderabad,Telangana,Y,Y,d
500485,Hyderabad,Telangana,N,N,d
500486,Hyderabad,Telangana,Y,Y,d
500488,Hyderabad,Telangana,Y,Y,d
500556,Secunderabad,Telangana,N,N,d
500587,Hyderabad,Telangana,N,N,d
500593,Hyderabad,Telangana,N,N,d
500594,Hyderabad,Telangana,Y,Y,d
500605,Hyderabad,Telangana,Y,Y,d
500609,Hyderabad,Telangana,N,N,d
500658,Hyderabad,Telangana,N,N,d
500659,Hyderabad,Telangana,Y,Y,d
500660,Hyderabad,Telangana,Y,Y,d
500661,Hyderabad,Telangana,N,N,d
500762,Hyderabad,Telangana,Y,Y,d
500768,Hyderabad,Telangana,Y,Y,d
500789,Hyderabad,Telangana,Y,Y,d
500855,Hyderabad,Telangana,N,N,d
500872,Hyderabad,Telangana,N,N,d
500873,Hyderabad,Telangana,Y,Y,d
500890,Hyderabad,Telangana,Y,Y,d
500960,Hyderabad,Telangana,Y,Y,d
500963,Hyderabad,Telangana,N,N,d
500991,Hyderabad,Telangana,Y,Y,d
501101,Vikarabad,Telangana,Y,Y,d
501102,Vikarabad,Telangana,Y,Y,d
501103,Vikarabad,Talengana,N,N,d
501104,Vikarabad,Talengana,N,N,d
501106,DHARUR TG,Telangana,Y,Y,d
501110,Vikarabad,Talengana,N,N,d
501111,Vikarabad,Telangana,Y,Y,d
501112,Vikarabad,Talengana,N,N,d
501113,Vikarabad,Talengana,N,N,d
501114,Mahbubnagar,Telangana,N,N,d
501121,Vikarabad,Telangana,Y,Y,d
501141,Tandur-TL,Telangana,Y,Y,d
501142,Tandur-TL,Telangana,Y,Y,d
501143,Tandur-TL,Telangana,Y,Y,d
501144,Tandur-Tl,Telangana,Y,Y,d
501157,Tandur,Telangana,N,N,d
501158,Tandur-Tl,Telangana,Y,Y,d
501201,Vikarabad,Telangana,Y,Y,d
501202,Mominpet,Telangana,Y,Y,d
501203,Shankarpalle,Telangana,Y,Y,d
501204,Chevella,Talengana,N,N,d
501205,Chevella,Talengana,N,N,d
501218,Hyderabad,Telangana,Y,Y,d
501301,Ghatkesar,Telangana,Y,Y,d
501302,Malkajgiri,Hyderabad,N,N,d
501323,Hyderabad,Telangana,Y,Y,d
501359,Kadthal,Telangana,Y,Y,d
501401,Hyderabad,Telangana,Y,Y,d
501403,Rangareddy,Telangana,N,N,d
501404,Gowdavalli,Telangana,N,N,d
501405,Medchal,Telangana,N,N,d
501501,Vikarabad,Telangana,Y,Y,d
501502,Vikarabad,Telangana,Y,Y,d
501503,Shankarpalle,Telangana,Y,Y,d
501504,Shankarpalle,Telangana,Y,Y,d
501505,Hayathnagar,Telangana,Y,Y,d
501506,Ibrahimpatnam,Telangana,Y,Y,d
501507,Hyderabad,Telangana,Y,Y,d
501508,Ibrahimpatnam,Telangana,Y,Y,d
501509,Yacharam,Telangana,Y,Y,d
501510,Hyderabad,Telangana,Y,Y,d
501511,HYDERABAD,Telangana,Y,Y,d
501512,POCHAMPALLY,Telangana,Y,Y,d
501513,Hyderabad,Telangana,N,Y,d
501518,Hyderabad,Telangana,N,N,d
501539,Rangareddy,Telangana,N,N,d
502001,Sangareddy,Telangana,Y,Y,d
502002,Patancheru,Telangana,N,Y,d
502005,Hyderabad,Telangana,N,N,d
502032,Hyderabad,Telangana,Y,Y,d
502033,Hyderabad,Telangana,N,N,d
502034,Hyderabad,Telangana,N,N,d
502101,Medak,Telangana,Y,Y,d
502102,Siddipet,Telangana,Y,Y,d
502103,Siddipet,Telangana,Y,Y,d
502104,Siddipet,Telangana,N,N,d
502106,#REF!,#REF!,N,N,d
502107,Siddipet,Telangana,Y,Y,d
502108,Siddipet,Telangana,Y,Y,d
502109,Medak,Telangana,Y,Y,d
502110,Medak,Telangana,Y,Y,d
502113,Medak,Telangana,Y,Y,d
502114,Siddipet,Telangana,Y,Y,d
502115,Medak,Telangana,Y,Y,d
502117,Medak,Telangana,Y,Y,d
502125,Medak,Telangana,Y,Y,d
502130,Medak,Telangana,Y,Y,d
502205,Sangareddy,Telangana,Y,Y,d
502210,Mominpet,Telangana,Y,Y,d
502211,Zaheerabad,Telangana,N,N,d
502213,Hyderabad,Telangana,N,N,d
502220,Zahirabad,Telangana,Y,Y,d
502221,Zahirabad,Telangana,Y,Y,d
502228,Zahirabad,Telangana,Y,Y,d
502230,Sangareddy,Telangana,N,N,d
502246,Zahirabad,Telangana,Y,Y,d
502247,Medak,Telangana,Y,Y,d
502248,Chegunta,Telangana,Y,Y,d
502249,Zahirabad,Telangana,Y,Y,d
502251,Zahirabad,Telangana,Y,Y,d
502255,Chegunta,Telangana,Y,Y,d
502256,Narayankhed,Telangana,Y,Y,d
502257,Zahirabad,Telangana,Y,Y,d
502267,Siddipet,Telangana,Y,Y,d
502269,Narayankhed,Telangana,Y,Y,d
502270,Jogipet,Telangana,Y,Y,d
502271,Narayankhed,Telangana,Y,Y,d
502273,Jogipet,Telangana,Y,Y,d
502276,Siddipet,Telangana,Y,Y,d
502277,Cherial,Telangana,Y,Y,d
502278,Pregnapur,Telangana,Y,Y,d
502279,Pregnapur,Telangana,Y,Y,d
502280,Cherial,Telangana,Y,Y,d
502281,Pregnapur,Telangana,Y,Y,d
502284,Sangareddy,Telangana,Y,Y,d
502285,Sangareddy,Telangana,Y,Y,d
502286,Narayankhed,Telangana,Y,Y,d
502287,Narayankhed,Telangana,Y,Y,d
502288,Nalgonda,Telangana,N,N,d
502289,Hyderabad,Telangana,N,N,d
502290,Narayankhed,Telangana,Y,Y,d
502291,Sadashivpet,Telangana,Y,Y,d
502292,Hyderabad,Telangana,N,N,d
502293,Jogipet,Telangana,Y,Y,d
502294,Sangareddy,Telangana,Y,Y,d
502295,Sangareddy,Telangana,Y,Y,d
502296,Narsapur-Ts,Telangana,Y,Y,d
502297,Guntur,Andhra Pradesh,N,N,d
502299,Hyderabad,Telangana,N,N,d
502300,Patancheru,Telangana,Y,Y,d
502301,Pregnapur,Telangana,Y,Y,d
502302,Jogipet,Telangana,Y,Y,d
502303,Medak,Telangana,Y,Y,d
502304,Hyderabad,Telangana,N,Y,d
502305,Patancheru,Telangana,Y,Y,d
502306,Sangareddy,Telangana,Y,Y,d
502307,Patancheru,Telangana,Y,Y,d
502308,Guntur,Andhra Pradesh,N,N,d
502310,Siddipet,Telangana,Y,Y,d
502311,Pregnapur,Telangana,Y,Y,d
502312,Pregnapur,Telangana,Y,Y,d
502313,Narsapur-TS,Telangana,Y,Y,d
502314,Jogipet,Telangana,Y,Y,d
502316,Narsapur-Ts,Telangana,Y,Y,d
502318,Zahirabad,Telangana,Y,Y,d
502319,Patancheru,Telangana,Y,Y,d
502320,Hyderabad,Telangana,N,N,d
502321,Zahirabad,Telangana,Y,Y,d
502322,Zaheerabad,Telangana,N,N,d
502324,Patancheru,Telangana,Y,Y,d
502325,Hyderabad,Telangana,Y,Y,d
502329,Sangareddy,Telangana,Y,Y,d
502330,Hyderabad,Telangana,N,N,d
502331,Medak,Telangana,Y,Y,d
502334,Chegunta,Telangana,Y,Y,d
502335,Chegunta,Telangana,Y,Y,d
502336,Medak,Telangana,Y,Y,d
502345,ZAHEERABAD,Telangana,Y,Y,d
502371,Narayankhed,Telangana,Y,Y,d
502372,Cherial,Telangana,Y,Y,d
502374,Hyderabad,Telangana,N,N,d
502375,Siddipet,Telangana,Y,Y,d
502381,Jogipet,Telangana,Y,Y,d
502401,Hyderabad,Telangana,N,N,d
502779,Sangareddy,Telangana,N,N,d
503000,Nizamabad,Telangana,N,Y,d
503001,Nizamabad,Telangana,Y,Y,d
503002,Nizamabad,Telangana,Y,Y,d
503003,Nizamabad,Telangana,Y,Y,d
503004,Nizamabad,Telangana,N,N,d
503101,Kamareddy,Telangana,Y,Y,d
503102,Kamareddy,Telangana,Y,Y,d
503103,Kamareddy,Telangana,N,N,d
503106,Hyderabad,Telangana,N,N,d
503108,Yellareddy,Telangana,Y,Y,d
503110,Kamareddy,Telangana,Y,Y,d
503111,Kamareddy,Telangana,Y,Y,d
503112,Kamareddy,Telangana,Y,Y,d
503114,Padmajiwadi,Telangana,Y,Y,d
503115,Banswada,Telangana,N,N,d
503116,Banswada,Telangana,N,N,d
503120,Kamareddy,Telangana,Y,Y,d
503122,Yellareddy,Telangana,Y,Y,d
503123,Kamareddy,Telangana,Y,Y,d
503124,Yellareddy,Telangana,Y,Y,d
503125,Siddipet,Telangana,Y,Y,d
503144,Kamareddy,Telangana,Y,Y,d
503145,Kamareddy,Telangana,Y,Y,d
503164,Padmajiwadi,Telangana,Y,Y,d
503165,Armoor,Telangana,Y,Y,d
503174,Nizamabad,Telangana,Y,Y,d
503175,Nizamabad,Telangana,Y,Y,d
503178,Bodhan,Telangana,N,N,d
503180,Bodhan,Telangana,Y,Y,d
503185,Bodhan,Telangana,Y,Y,d
503186,Nizamabad,Telangana,Y,Y,d
503187,Banswada,Telangana,Y,Y,d
503188,Bodhan,Telangana,Y,Y,d
503201,Bodhan,Telangana,Y,Y,d
503202,Bodhan,Telangana,Y,Y,d
503203,Bodhan,Telangana,N,N,d
503206,Bodhan,Telangana,Y,Y,d
503207,Bodhan,Telangana,Y,Y,d
503212,Navipet,Telangana,Y,Y,d
503213,Navipet,Telangana,Y,Y,d
503214,Nizamabad,Telangana,N,N,d
503215,Balkonda,Telangana,N,N,d
503217,Armoor,Telangana,Y,Y,d
503218,Armoor,Telangana,Y,Y,d
503219,Nirmal,Telangana,Y,Y,d
503220,Doodgaon,Telangana,N,Y,d
503221,Doodgaon,Telangana,N,Y,d
503222,Doodgaon,Telangana,N,Y,d
503223,Armoor,Telangana,Y,Y,d
503224,Armoor,Telangana,Y,Y,d
503225,Armoor,Telangana,Y,Y,d
503226,Armoor,Telangana,N,Y,d
503227,Armoor,Telangana,N,Y,d
503228,Armoor,Telangana,N,Y,d
503230,Nizamabad,Telangana,Y,Y,d
503231,Nizamabad,Telangana,N,N,d
503235,Bodhan,Telangana,Y,Y,d
503236,Bodhan,Telangana,N,N,d
503245,Navipet,Telangana,Y,Y,d
503246,Navipet,Telangana,Y,Y,d
503301,Banswada,Telangana,Y,Y,d
503302,Yellareddy,Telangana,Y,Y,d
503305,Banswada,Telangana,N,Y,d
503306,Banswada,Telangana,Y,Y,d
503307,Armoor,Telangana,Y,Y,d
503308,Metpally,Telangana,Y,Y,d
503309,Degloor,Maharashtra,Y,Y,d
503310,Yellareddy,Telangana,Y,Y,d
503311,Armoor,Telangana,Y,Y,d
503313,Armoor,Telangana,N,N,d
503321,Banswada,Telangana,Y,Y,d
503322,Nizamabad,Telangana,Y,Y,d
503501,Hyderabad,Telangana,N,N,d
504001,Adilabad,Telangana,Y,Y,d
504002,Adilabad,Telangana,Y,Y,d
504003,Ichoda,Telangana,N,N,d
504006,Adilabad,Telangana,N,N,d
504101,Bhainsa,Telangana,Y,Y,d
504102,Bhainsa,Telangana,Y,Y,d
504103,Bhainsa,Telangana,Y,Y,d
504104,Bhainsa,Telangana,Y,Y,d
504105,Nirmal,Telangana,Y,Y,d
504106,Nirmal,Telangana,Y,Y,d
504107,Navipet,Telangana,Y,Y,d
504109,Bhainsa,Telangana,Y,Y,d
504110,Nirmal,Telangana,Y,Y,d
504113,Nirmal,Telangana,N,Y,d
504115,Nirmal,Telangana,N,Y,d
504116,Nirmal,Telangana,N,Y,d
504118,Nirmal,Telangana,N,Y,d
504201,Chinnur,Telangana,Y,Y,d
504202,Khanapur-TS,Telangana,Y,Y,d
504203,Khanapur-TS,Telangana,Y,Y,d
504204,Chinnur,Telangana,Y,Y,d
504205,Jannaram,Telangana,Y,Y,d
504206,Luxettipet,Telangana,Y,Y,d
504207,Hajipur TS,Telangana,Y,Y,d
504208,Mancherial,Telangana,Y,Y,d
504209,Mancherial,Telangana,Y,Y,d
504214,Chinnur,Telangana,Y,Y,d
504215,Luxettipet,Telangana,Y,Y,d
504216,Chinnur,Telangana,Y,Y,d
504217,Ramagundam,Telangana,Y,Y,d
504218,Bellampalli,Telangana,Y,Y,d
504219,Bellampalli,Telangana,Y,Y,d
504220,Bellampalli,Telangana,Y,Y,d
504231,Bellampalli,Telangana,Y,Y,d
504232,Mancherial,Telangana,N,N,d
504251,Bellampalli,Telangana,Y,Y,d
504272,Tandur,Telangana,Y,Y,d
504273,Dahegaon,Telangana,N,Y,d
504292,Kaghaznagar,Telangana,Y,Y,d
504293,Asifabad,Telangana,Y,Y,d
504294,Asifabad,Telangana,Y,Y,d
504295,Asifabad,Telangana,Y,Y,d
504296,Kaghaznagar,Telangana,Y,Y,d
504297,Bellampalli,Telangana,Y,Y,d
504299,Babasagar,Telangana,Y,Y,d
504301,Mancherial,Telangana,Y,Y,d
504302,Mancherial,Telangana,Y,Y,d
504303,Mancherial,Telangana,Y,Y,d
504304,Boath Buzurg,Telangana,Y,Y,d
504305,Salur,Andhra Pradesh,Y,Y,d
504306,Nirmal,Telangana,Y,Y,d
504307,Ichoda,Telangana,Y,Y,d
504308,Adilabad,Telangana,Y,Y,d
504309,Jainad,Telangana,Y,Y,d
504310,Nirmal,Telangana,Y,Y,d
504311,Utnoor,Telangana,Y,Y,d
504312,Adilabad,Telangana,Y,Y,d
504313,Jainoor,Telangana,Y,Y,d
504321,Boath,Talengana,N,N,d
504323,Boath Buzurg,Telangana,Y,Y,d
504324,Boath,Telangana,N,Y,d
504325,Boath,Telangana,N,Y,d
504327,Boath,Telangana,N,Y,d
504330,Boath,Telangana,N,Y,d
504344,Utnoor,Telangana,N,N,d
504346,Utnoor,Telangana,Y,Y,d
505000,Karimnagar,Telangana,N,Y,d
505001,Karim Nagar,Telangana,Y,Y,d
505002,Karim Nagar,Telangana,Y,Y,d
505017,Jublinagar?,Telangana,N,N,d
505101,Huzurabad,Telangana,Y,Y,d
505102,Huzurabad,Telangana,Y,Y,d
505122,Jammikunta,Telangana,Y,Y,d
505129,Jammikunta,Telangana,Y,Y,d
505152,Sultanabad,Telangana,Y,Y,d
505153,Sultanabad,Telangana,Y,Y,d
505162,Sultanabad,Telangana,Y,Y,d
505171,Peddapalli,Telangana,N,N,d
505172,Peddapalli,Telangana,Y,Y,d
505173,Peddapalli,Telangana,N,N,d
505174,Peddapalli,Telangana,Y,Y,d
505180,Peddapalli,Telangana,N,N,d
505184,Manthani,Telangana,Y,Y,d
505185,Sultanabad,Telangana,Y,Y,d
505186,Karim Nagar,Telangana,Y,Y,d
505187,Peddapalli,Telangana,Y,Y,d
505188,Ramagundam,Telangana,Y,Y,d
505208,Ramagundam,Telangana,Y,Y,d
505209,Ramagundam,Telangana,Y,Y,d
505210,Ramagundam,Telangana,Y,Y,d
505211,Ramagundam,Telangana,Y,Y,d
505212,Manthani,Telangana,Y,Y,d
505214,Ramagundam,Telangana,Y,Y,d
505215,Ramagundam,Telangana,Y,Y,d
505301,Sircilla,Telangana,Y,Y,d
505302,Vemulawada,Telangana,Y,Y,d
505303,Yellareddipet,Telangana,Y,Y,d
505304,Yellareddipet,Telangana,Y,Y,d
505305,Yellareddipet,Telangana,Y,Y,d
505306,Koratla,Telangana,Y,Y,d
505307,Rudrangi,Telangana,Y,Y,d
505309,Vemulawada,Telangana,N,N,d
505325,Metpally,Telangana,Y,Y,d
505326,Koratla,Telangana,Y,Y,d
505327,Jagtial,Telangana,Y,Y,d
505330,Koratla,Telangana,Y,Y,d
505331,Metpally,Telangana,Y,Y,d
505401,Karim Nagar,Telangana,Y,Y,d
505402,Bejjanki,Telangana,Y,Y,d
505403,Rudrangi,Telangana,Y,Y,d
505404,Siddipet,Telangana,Y,Y,d
505405,Sircilla,Telangana,Y,Y,d
505407,Jammikunta,Telangana,Y,Y,d
505415,Choppadandi,Telangana,Y,Y,d
505416,Peddapalli,Telangana,Y,Y,d
505425,Dharmapuri-TS,Telangana,Y,Y,d
505445,Gangadhara,Telangana,Y,Y,d
505450,Koratla,Telangana,Y,Y,d
505451,Karim Nagar,Telangana,Y,Y,d
505452,Jagtial,Telangana,Y,Y,d
505453,Raikal,Telangana,Y,Y,d
505454,Dharmapuri-TS,Telangana,Y,Y,d
505455,Jagtial,Telangana,Y,Y,d
505459,Jagtial,Telangana,N,N,d
505460,Raikal,Telangana,Y,Y,d
505462,Koratla,Telangana,Y,Y,d
505466,Husnabad,Telangana,Y,Y,d
505467,Husnabad,Telangana,Y,Y,d
505468,Huzurabad,Telangana,Y,Y,d
505469,Karim Nagar,Telangana,Y,Y,d
505470,Huzurabad,Telangana,Y,Y,d
505471,Husnabad,Telangana,Y,Y,d
505472,Husnabad,Telangana,Y,Y,d
505473,Bejjanki,Telangana,Y,Y,d
505474,Huzurabad,Telangana,Y,Y,d
505475,Jammikunta,Telangana,Y,Y,d
505476,Huzurabad,Telangana,Y,Y,d
505480,Husnabad,Telangana,Y,Y,d
505481,Husnabad,Telangana,Y,Y,d
505482,Chintakunta,Telangana,N,N,d
505490,Huzurabad,Telangana,Y,Y,d
505497,Husnabad,Telangana,Y,Y,d
505498,Huzurabad,Telangana,Y,Y,d
505501,Gangadhara,Telangana,Y,Y,d
505502,Jammikunta,Telangana,Y,Y,d
505503,Mahadevpur,Telangana,Y,Y,d
505504,Mahadevpur,Telangana,Y,Y,d
505505,Karim Nagar,Telangana,Y,Y,d
505506,#REF!,#REF!,N,N,d
505514,Ramagundam,Telangana,Y,Y,d
505524,Gangadhara,Telangana,Y,Y,d
505525,Choppadandi,Telangana,Y,Y,d
505526,Dharmapuri-TS,Telangana,Y,Y,d
505527,Karim Nagar,Telangana,Y,Y,d
505528,Bejjanki,Telangana,Y,Y,d
505529,Jagtial,Telangana,Y,Y,d
505530,Bejjanki,Telangana,Y,Y,d
505531,Karim Nagar,Telangana,Y,Y,d
505532,Jagtial,Telangana,Y,Y,d
505533,Peddapalli,Telangana,N,Y,d
505535,Peddapalli,Telangana,N,Y,d
506000,Warangal,Telangana,N,Y,d
506001,Warangal,Telangana,Y,Y,d
506002,Warangal,Telangana,Y,Y,d
506003,Warangal,Telangana,Y,Y,d
506004,Warangal,Telangana,Y,Y,d
506005,Warangal,Telangana,Y,Y,d
506006,Warangal,Telangana,Y,Y,d
506007,Warangal,Telangana,Y,Y,d
506008,Warangal,Telangana,Y,Y,d
506009,Warangal,Telangana,Y,Y,d
506010,Warangal,Telangana,Y,Y,d
506011,Warangal,Telangana,Y,Y,d
506012,Warangal,Telangana,Y,Y,d
506013,Warangal,Telangana,Y,Y,d
506015,Warangal,Telangana,Y,Y,d
506101,Mahabubabad,Telangana,Y,Y,d
506102,Mahabubabad,Telangana,Y,Y,d
506103,Mahabubabad,Telangana,Y,Y,d
506104,Mahabubabad,Telangana,Y,Y,d
506105,Mahabubabad,Telangana,Y,Y,d
506112,Gudur-Ts,Telangana,Y,Y,d
506122,Gudur-Ts,Telangana,Y,Y,d
506132,Narsampet,Telangana,Y,Y,d
506134,Gudur-Ts,Telangana,Y,Y,d
506135,Gudur-Ts,Telangana,Y,Y,d
506142,Warangal,Telangana,Y,Y,d
506143,Ghanpur,Telangana,Y,Y,d
506144,Ghanpur,Telangana,Y,Y,d
506145,Ghanpur,Telangana,Y,Y,d
506146,Ghanpur,Telangana,Y,Y,d
506151,Ghanpur,Telangana,Y,Y,d
506163,Rayaparthi,Telangana,Y,Y,d
506164,Parkal,Telangana,Y,Y,d
506165,Tadvai,Telangana,Y,Y,d
506166,Warangal,Telangana,Y,Y,d
506167,Jangaon,Telangana,Y,Y,d
506168,Bhupalpally,Telangana,Y,Y,d
506169,Bhupalpally,Telangana,Y,Y,d
506170,Bhupalpally,Telangana,Y,Y,d
506172,Tadvai,Telangana,Y,Y,d
506175,Parkal,Telangana,Y,Y,d
506201,Jangaon,Telangana,Y,Y,d
506221,Alair,Telangana,Y,Y,d
506222,Thirumalagiri,Telangana,Y,Y,d
506223,Cherial,Telangana,Y,Y,d
506224,Narmetta,Telangana,N,Y,d
506244,Ghanpur,Telangana,Y,Y,d
506252,Ghanpur,Telangana,Y,Y,d
506301,Ghanpur,Telangana,Y,Y,d
506302,Thirumalagiri,Telangana,Y,Y,d
506303,Jangaon,Telangana,Y,Y,d
506310,Warangal,Telangana,Y,Y,d
506313,Rayaparthi,Telangana,Y,Y,d
506314,Rayaparthi,Telangana,Y,Y,d
506315,Danthalapally,Telangana,Y,Y,d
506316,Ghanpur,Telangana,Y,Y,d
506317,Ghanpur,Telangana,Y,Y,d
506318,Thirumalagiri,Telangana,Y,Y,d
506319,Warangal,Telangana,Y,Y,d
506324,Danthalapally,Telangana,Y,Y,d
506325,#REF!,#REF!,N,N,d
506329,Warangal,Telangana,Y,Y,d
506330,Warangal,Telangana,Y,Y,d
506331,Narsampet,Telangana,Y,Y,d
506332,Narsampet,Telangana,Y,Y,d
506333,Narsampet,Telangana,Y,Y,d
506342,Warangal,Telangana,Y,Y,d
506343,Mulugu,Telangana,Y,Y,d
506344,Tadvai,Telangana,Y,Y,d
506345,Mulugu,Telangana,Y,Y,d
506347,Mulugu,Telangana,Y,Y,d
506348,Parkal,Telangana,Y,Y,d
506349,Narsampet,Telangana,Y,Y,d
506350,Narsampet,Telangana,Y,Y,d
506352,Mulugu,Telangana,Y,Y,d
506355,Cherial,Telangana,Y,Y,d
506356,Mogullapally,Telangana,N,Y,d
506365,Rayaparthi,Telangana,Y,Y,d
506366,Mogullapally,Telangana,N,Y,d
506367,Cherial,Telangana,Y,Y,d
506368,Danthalapally,Telangana,Y,Y,d
506369,Gudur-Ts,Telangana,Y,Y,d
506370,Warangal,Telangana,Y,Y,d
506371,Warangal,Telangana,Y,Y,d
506381,Khammam,Telangana,Y,Y,d
506391,Parkal,Telangana,Y,Y,d
507001,Khammam,Telangana,Y,Y,d
507002,Khammam,Telangana,Y,Y,d
507003,Khammam,Telangana,Y,Y,d
507004,Khammam,Telangana,Y,Y,d
507101,Kothagudem,Telangana,Y,Y,d
507102,Kothagudem,Andhra Pradesh,N,N,d
507103,Kothagudem,Telangana,Y,Y,d
507111,Bhadrachalam,Telangana,Y,Y,d
507112,BHADRACHALAM,Telangana,N,N,d
507113,Chintoor,Telangana,Y,Y,d
507114,Kukanoor,Andhra Pradesh,Y,Y,d
507115,Kothagudem,Telangana,Y,Y,d
507116,Manuguru,Telangana,Y,Y,d
507117,Manuguru,Telangana,Y,Y,d
507118,Kothagudem,Telangana,Y,Y,d
507119,Sujathanagar,Telangana,Y,Y,d
507120,Sujathanagar,Telangana,Y,Y,d
507121,Khammam,Telangana,N,Y,d
507122,Yellandu,Telangana,Y,Y,d
507123,Yellandu,Telangana,Y,Y,d
507124,Yellandu,Telangana,Y,Y,d
507125,Manuguru,Telangana,Y,Y,d
507126,Chintoor,Telangana,Y,Y,d
507127,BHADRACHALAM,Telangana,N,N,d
507128,Bhadrachalam,Telangana,Y,Y,d
507129,Nellipaka,Andhra Pradesh,Y,Y,d
507130,Bhadrachalam Reach,Telangana,N,Y,d
507133,Cherla,Telangana,Y,Y,d
507134,Nellipaka,Andhra Pradesh,Y,Y,d
507135,Nellipaka,Andhra Pradesh,Y,Y,d
507136,Tadvai,Telangana,Y,Y,d
507137,Dummugudem,Telangana,Y,Y,d
507138,Kothagudem,Telangana,Y,Y,d
507140,Cherla,Telangana,Y,Y,d
507154,Kothagudem,Telangana,Y,Y,d
507157,Kusumanchi,Telangana,Y,Y,d
507158,Khammam,Telangana,Y,Y,d
507159,Kusumanchi,Telangana,Y,Y,d
507160,Kusumanchi,Telangana,Y,Y,d
507161,Khammam,Telangana,Y,Y,d
507163,Khammam,Telangana,Y,Y,d
507164,Sathupally,Telangana,Y,Y,d
507165,Wyra,Telangana,Y,Y,d
507166,Sujathanagar,Telangana,Y,Y,d
507167,Wyra,Telangana,Y,Y,d
507168,Wyra,Telangana,Y,Y,d
507169,Kodad,Telangana,Y,Y,d
507170,Kusumanchi,Telangana,Y,Y,d
507171,#REF!,#REF!,N,N,d
507182,Khammam,Telangana,Y,Y,d
507183,Khammam,Telangana,Y,Y,d
507201,Yerrupalem,Telangana,Y,Y,d
507202,Madhira,Telangana,Y,Y,d
507203,Madhira,Telangana,Y,Y,d
507204,Bonakal,Telangana,Y,Y,d
507206,Wyra,Telangana,N,N,d
507208,Bonakal,Telangana,Y,Y,d
507209,Kallur,Telangana,Y,Y,d
507210,DORNAKAL,Telangana,Y,Y,d
507211,Yellandu,Telangana,Y,Y,d
507301,Aswaraopeta,Telangana,Y,Y,d
507302,Kallur,Telangana,N,Y,d
507303,Sathupally,Telangana,Y,Y,d
507304,Bonakal,Telangana,Y,Y,d
507305,Wyra,Telangana,Y,Y,d
507306,Sathupally,Telangana,Y,Y,d
507315,#REF!,#REF!,N,N,d
507316,Kothagudem,Telangana,Y,Y,d
507318,Khammam,Telangana,Y,Y,d
508001,Nalgonda,Telangana,Y,Y,d
508002,Nalgonda,Telangana,Y,Y,d
508004,Nalgonda,Telangana,Y,Y,d
508013,Nalgonda,Telangana,N,N,d
508101,Alair,Telangana,Y,Y,d
508105,Alair,Telangana,Y,Y,d
508111,Mothkur,Telangana,Y,Y,d
508112,Ramannapeta,Telangana,Y,Y,d
508113,Ramannapeta,Telangana,Y,Y,d
508114,Ramannapeta,Telangana,Y,Y,d
508115,Bhuvanagiri,Telangana,Y,Y,d
508116,Bhuvanagiri,Telangana,Y,Y,d
508117,Bhuvanagiri,Telangana,Y,Y,d
508126,Bhuvanagiri,Telangana,Y,Y,d
508201,Nereducharla,Telangana,Y,Y,d
508202,Haliya,Telangana,Y,Y,d
508204,Huzur Nagar,Telangana,Y,Y,d
508205,Nakerakal,Telangana,Y,Y,d
508206,Kodad,Telangana,Y,Y,d
508207,Miryalaguda,Telangana,Y,Y,d
508208,Nereducharla,Telangana,Y,Y,d
508210,Nakerakal,Telangana,Y,Y,d
508211,Nakerakal,Telangana,Y,Y,d
508212,Kusumanchi,Telangana,Y,Y,d
508213,Suryapet,Telangana,Y,Y,d
508214,Suryapet,Telangana,Y,Y,d
508215,Miryalguda,Telangana,N,N,d
508216,Suryapet,Telangana,N,N,d
508217,Miryalaguda,Telangana,Y,Y,d
508218,Nereducharla,Telangana,Y,Y,d
508219,Huzurnagar,Telangana,N,N,d
508221,Tungaturthi,Telangana,Y,Y,d
508222,Tungaturthi,Telangana,Y,Y,d
508223,Thirumalagiri,Telangana,Y,Y,d
508224,Tungaturthi,Telangana,Y,Y,d
508233,Kodad,Telangana,Y,Y,d
508234,Kusumanchi,Telangana,Y,Y,d
508238,Kodad,Telangana,Y,Y,d
508243,Devarakonda,Telangana,Y,Y,d
508244,Chandur,Telangana,Y,Y,d
508245,Yacharam,Telangana,Y,Y,d
508246,Huzur Nagar,Telangana,Y,Y,d
508247,Nalgonda,Telangana,Y,Y,d
508248,Devarakonda,Telangana,Y,Y,d
508250,Yacharam,Telangana,Y,Y,d
508252,Choutuppal,Telangana,Y,Y,d
508253,Choutuppal,Telangana,Y,Y,d
508254,Nalgonda,Telangana,Y,Y,d
508255,Chandur,Telangana,Y,Y,d
508256,Chandur,Telangana,Y,Y,d
508257,Devarakonda,Telangana,Y,Y,d
508258,Devarakonda,Telangana,Y,Y,d
508266,Haliya,Telangana,Y,Y,d
508277,Mothkur,Telangana,Y,Y,d
508278,Haliya,Telangana,Y,Y,d
508279,Tungaturthi,Telangana,Y,Y,d
508280,Tungaturthi,Telangana,Y,Y,d
508284,Choutuppal,Telangana,Y,Y,d
508285,Bhuvanagiri,Telangana,Y,Y,d
508286,Alair,Telangana,Y,Y,d
508287,Haliya,Telangana,Y,Y,d
508355,Miryalaguda,Telangana,Y,Y,d
508373,Chandur,Telangana,Y,Y,d
508374,Madgulapally,Telangana,Y,Y,d
508376,Suryapet,Telangana,Y,Y,d
508377,Haliya,Telangana,Y,Y,d
509001,Mahabubnagar,Telangana,Y,Y,d
509002,Mahabubnagar,Telangana,Y,Y,d
509100,Mahabubnagar,Telangana,N,N,d
509102,Kollapur,Telangana,Y,Y,d
509103,Kothakota,Telangana,Y,Y,d
509104,Kothakota,Telangana,Y,Y,d
509105,Kollapur,Telangana,Y,Y,d
509106,Wanaparthy Reach,Telangana,N,Y,d
509107,Wanaparthy,Telangana,N,N,d
509108,Wanaparthy,Talengana,N,N,d
509109,Wanaparthy,Telangana,N,N,d
509110,Atmakur-Ts,Telangana,Y,Y,d
509111,Wanaparthy,Telangana,N,N,d
509112,Wanaparthy,Talengana,N,N,d
509120,WANAPARTHY,Telangana,Y,Y,d
509125,Gadwal,Telangana,Y,Y,d
509126,Manopad,Telangana,Y,Y,d
509127,Gadwal,Telangana,Y,Y,d
509128,Manopad,Telangana,Y,Y,d
509129,RAICHUR,Karnataka,Y,Y,d
509130,Atmakur-Ts,Telangana,Y,Y,d
509131,Atmakur-TS,Telangana,Y,Y,d
509132,Gadwal,Telangana,Y,Y,d
509133,Gadwal,Telangana,Y,Y,d
509135,IEEJA,Telangana,Y,Y,d
509136,Gadwal,Telangana,Y,Y,d
509144,Shanthinagar,Telangana,Y,Y,d
509151,Alampur,Telangana,N,Y,d
509152,Manopad,Telangana,Y,Y,d
509153,Manopad,Telangana,Y,Y,d
509154,Alampur,Telangana,N,Y,d
509155,Alampur,Telangana,Y,Y,d
509201,Achampet,Telangana,Y,Y,d
509202,Shadnagar,Telangana,Y,Y,d
509203,Bijnapally,Telangana,Y,Y,d
509204,Mahabubnagar,Telangana,Y,Y,d
509205,Narayanpet,Telangana,Y,Y,d
509206,Kothakota,Telangana,Y,Y,d
509207,Vikarabad,Telangana,Y,Y,d
509208,Makthal,Telangana,Y,Y,d
509209,Bijnapally,Telangana,Y,Y,d
509210,Narayanpet,Telangana,Y,Y,d
509211,Narayanpet,Telangana,N,N,d
509212,Narayanpet,Telangana,N,N,d
509213,Nagarkurnool,Telangana,N,N,d
509214,Nagarkurnool,Telangana,N,N,d
509215,Bijnapally,Telangana,Y,Y,d
509216,Shadnagar,Telangana,Y,Y,d
509217,Shadnagar,Telangana,Y,Y,d
509218,Hyderabad,Telangana,Y,Y,d
509219,Kothakota,Telangana,Y,Y,d
509223,Mahabubnagar,Telangana,N,N,d
509228,Shadnagar,Telangana,Y,Y,d
509235,Tadoor,Telangana,Y,Y,d
509301,Jadcherla,Telangana,Y,Y,d
509302,Mahabubnagar,Telangana,Y,Y,d
509303,Jadcherla,Telangana,N,N,d
509305,Jadcherla,Telangana,N,N,d
509306,Jadcherla,Telangana,N,N,d
509307,Jadcherla,Telangana,N,N,d
509309,Jadcherla,Telangana,N,N,d
509311,Narayanpet,Telangana,Y,Y,d
509320,Kalwakurthy,Telangana,Y,Y,d
509321,Amangal,Telangana,Y,Y,d
509324,Kalwakurthy,Telangana,Y,Y,d
509325,Shadnagar,Telangana,Y,Y,d
509326,Ongole,Andhra Pradesh,Y,Y,d
509327,Amangal,Telangana,Y,Y,d
509328,DEVARAKONDA,Telangana,N,N,d
509332,Mahaboobnagar,Talengana,N,N,d
509333,Mahaboobnagar,Talengana,N,N,d
509334,Kosgi,Telangana,Y,Y,d
509335,Kosgi,Telangana,Y,Y,d
509336,Kosgi,Telangana,Y,Y,d
509337,Kosgi,Telangana,Y,Y,d
509338,Kosgi,Telangana,Y,Y,d
509339,Kosgi,Telangana,Y,Y,d
509340,Mahabubnagar,Telangana,Y,Y,d
509342,Kosgi Tg,Telangana,N,N,d
509347,Kalwakurthy,Telangana,Y,Y,d
509349,Kalwakurthy,Telangana,Y,Y,d
509350,Kosgi,Telangana,Y,Y,d
509351,Mahabubnagar,Telangana,Y,Y,d
509352,Makthal,Telangana,Y,Y,d
509353,Makthal,Telangana,Y,Y,d
509357,Amangal,Telangana,Y,Y,d
509358,Amangal,Telangana,Y,Y,d
509360,Kalwakurthy,Telangana,Y,Y,d
509361,Kalwakurthy,Talengana,N,N,d
509371,Kosgi,Telangana,Y,Y,d
509375,Achampet,Telangana,Y,Y,d
509376,Achampet,Telangana,Y,Y,d
509380,Bijnapally,Telangana,Y,Y,d
509381,Kothakota,Telangana,Y,Y,d
509382,Mahabubnagar,Telangana,Y,Y,d
509383,Jadcherla,Telangana,N,N,d
509384,Nagarkurnool,Telangana,N,N,d
509385,Tadoor,Telangana,Y,Y,d
509401,Achampet,Telangana,Y,Y,d
509406,Bijnapally,Telangana,Y,Y,d
509407,Narayanpet,Telangana,Y,Y,d
509408,Kadthal,Telangana,Y,Y,d
509409,Mahabubnagar,Telangana,Y,Y,d
509410,Shadnagar,Telangana,Y,Y,d
509411,Kosgi,Telangana,Y,Y,d
509412,Tadoor,Telangana,Y,Y,d
510000,Rangareddy,Telangana,N,N,d
510510,Rangareddy,Telangana,N,N,d
511100,Hyderabad,Telangana,Y,Y,d
512200,Sangareddy,Telangana,N,N,d
512501,Tirupati,Andhra Pradesh,N,N,d
512503,Tirupati,Andhra Pradesh,N,N,d
515000,Tanakal,Andhra Pradesh,N,N,d
515001,Anantapur,Andhra Pradesh,Y,Y,d
515002,Anantapur,Andhra Pradesh,Y,Y,d
515003,Anantapur,Andhra Pradesh,Y,Y,d
515004,Anantapur,Andhra Pradesh,Y,Y,d
515005,Anantapur,Andhra Pradesh,Y,Y,d
515006,#REF!,#REF!,N,N,d
515101,Anantapur,Andhra Pradesh,Y,Y,d
515102,Dharmavaram,Andhra Pradesh,N,Y,d
515110,Penukonda,Andhra Pradesh,Y,Y,d
515111,Anantapur,Andhra Pradesh,N,N,d
515121,Penukonda,Andhra Pradesh,N,N,d
515122,Puttaparthi,Andhra Pradesh,Y,Y,d
515123,Puttaparthi,Andhra Pradesh,Y,Y,d
515124,Puttaparthi,Andhra Pradesh,Y,Y,d
515132,Puttaparthy,Andhra Pradesh,N,N,d
515133,Puttaparthi,Andhra Pradesh,Y,Y,d
515134,Puttaparthi,Andhra Pradesh,Y,Y,d
515144,Mudigubba,Andhra Pradesh,Y,Y,d
515154,Mudigubba,Andhra Pradesh,Y,Y,d
515159,Mudigubba,Andhra Pradesh,Y,Y,d
515161,Muddiguba,Andhra Pradesh,N,Y,d
515164,Puttaparthi,Andhra Pradesh,Y,Y,d
515201,Hindupur,Andhra Pradesh,Y,Y,d
515202,HINDUPUR,Andhra Pradesh,Y,Y,d
515211,Hindupur,Andhra Pradesh,Y,Y,d
515212,Hindupur,Andhra Pradesh,Y,Y,d
515213,Hindupur,Andhra Pradesh,Y,Y,d
515214,Hindupur,Andhra Pradesh,N,N,d
515231,Gorantla,Andhra Pradesh,Y,Y,d
515232,Gorantla,Andhra Pradesh,N,Y,d
515233,Gorantla,Andhra Pradesh,N,Y,d
515238,Anantapur,Andhra Pradesh,N,N,d
515241,Gorantla,Andhra Pradesh,Y,Y,d
515251,#REF!,#REF!,N,N,d
515261,Hindupur,Andhra Pradesh,Y,Y,d
515271,Madakasira,Andhra Pradesh,Y,Y,d
515281,Amarapuram,Andhra Pradesh,Y,Y,d
515282,Dharmavaram,Andhra Pradesh,N,Y,d
515286,Amarapuram,Andhra Pradesh,Y,Y,d
515291,Madakasira,Andhra Pradesh,Y,Y,d
515301,Madakasira,Andhra Pradesh,Y,Y,d
515302,Madakasira,Andhra Pradesh,N,N,d
515303,Madakasira,Andhra Pradesh,Y,Y,d
515305,Madakasira,Andhra Pradesh,Y,Y,d
515306,Madakasira,Andhra Pradesh,Y,Y,d
515307,Madakasira,Andhra Pradesh,N,N,d
515311,Madakasira,Andhra Pradesh,Y,Y,d
515321,Madakasira,Andhra Pradesh,Y,Y,d
515331,Hindupur,Andhra Pradesh,Y,Y,d
515332,Hindupur,Andhra Pradesh,N,Y,d
515341,Gorantla,Andhra Pradesh,Y,Y,d
515371,Anantapur,Andhra Pradesh,N,N,d
515401,Gooty,Andhra Pradesh,Y,Y,d
515402,Gooty,Andhra Pradesh,Y,Y,d
515404,Anantapur,Andhra Pradesh,Y,Y,d
515405,Gooty,Andhra Pradesh,Y,Y,d
515408,Gooty,Andhra Pradesh,Y,Y,d
515409,Tadipatri,Andhra Pradesh,Y,Y,d
515410,Tadapatri,Andhra Pradesh,N,N,d
515411,Tadipatri,Andhra Pradesh,Y,Y,d
515412,Tadipatri,Andhra Pradesh,N,N,d
515413,Tadipatri,Andhra Pradesh,Y,Y,d
515414,Tadipatri,Andhra Pradesh,Y,Y,d
515415,Tadipatri,Andhra Pradesh,Y,Y,d
515416,Tadipatri,Andhra Pradesh,Y,Y,d
515419,Tadipatri,Andhra Pradesh,Y,Y,d
515421,Tadipatri,Andhra Pradesh,Y,Y,d
515422,Tadipatri,Andhra Pradesh,Y,Y,d
515425,Narpala,Andhra Pradesh,Y,Y,d
515426,Narpala,Andhra Pradesh,N,Y,d
515427,Narpala,Andhra Pradesh,N,Y,d
515435,Anantapur,Andhra Pradesh,Y,Y,d
515445,Tadipatri,Andhra Pradesh,Y,Y,d
515446,Dharmavaram,Andhra Pradesh,Y,Y,d
515455,GOOTY,Andhra Pradesh,Y,Y,d
515456,Guntakal,Andhra Pradesh,Y,Y,d
515457,Gooty,Andhra Pradesh,N,Y,d
515458,Gooty,Andhra Pradesh,N,Y,d
515465,Tadipatri,Andhra Pradesh,Y,Y,d
515466,Tadipatri,Andhra Pradesh,Y,Y,d
515501,Mudigubba,Andhra Pradesh,Y,Y,d
515502,Muddiguba,Andhra Pradesh,N,Y,d
515510,Anantapur,Andhra Pradesh,N,N,d
515511,Mudigubba,Andhra Pradesh,Y,Y,d
515521,Galiveedu,Andhra Pradesh,Y,Y,d
515522,Kadiri,Andhra Pradesh,N,Y,d
515523,Kadiri,Andhra Pradesh,N,Y,d
515524,Kadiri,Andhra Pradesh,N,Y,d
515525,Kadiri,Andhra Pradesh,N,Y,d
515531,Kadiri,Andhra Pradesh,Y,Y,d
515532,Nallamada,Andhra Pradesh,N,N,d
515541,Kadiri,Andhra Pradesh,Y,Y,d
515551,Kadiri,Andhra Pradesh,Y,Y,d
515556,Kadiri,Andhra Pradesh,Y,Y,d
515561,Kadiri,Andhra Pradesh,Y,Y,d
515566,Gorantla,Andhra Pradesh,N,Y,d
515571,Kadiri,Andhra Pradesh,Y,Y,d
515572,Kadri,Andhra Pradesh,N,N,d
515581,Kadiri,Andhra Pradesh,Y,Y,d
515583,Kadri,Andhra Pradesh,N,N,d
515591,Kadiri,Andhra Pradesh,Y,Y,d
515592,Kadiri,Andhra Pradesh,N,N,d
515601,Gorantla,Andhra Pradesh,Y,Y,d
515611,SINGANAMALA,Andhra Pradesh,Y,Y,d
515621,Kambadur,Andhra Pradesh,Y,Y,d
515631,Anantapur,Andhra Pradesh,Y,Y,d
515641,Anantapur,Andhra Pradesh,Y,Y,d
515651,Anantapur,Andhra Pradesh,Y,Y,d
515652,C K Palli,Andhra Pradesh,Y,Y,d
515661,Anantapur,Andhra Pradesh,Y,Y,d
515662,Anantapur,Andhra Pradesh,Y,Y,d
515671,Dharmavaram,Andhra Pradesh,Y,Y,d
515672,Anantapur,Andhra Pradesh,Y,Y,d
515676,Dharmavaram,Andhra Pradesh,N,N,d
515677,Dharmavaram,Andhra Pradesh,N,N,d
515678,Dharmavaram,Andhra Pradesh,N,N,d
515701,Anantapur,Andhra Pradesh,Y,Y,d
515711,Kudair,Andhra Pradesh,N,Y,d
515721,Anantapur,Andhra Pradesh,Y,Y,d
515722,Anantapur,Andhra Pradesh,Y,Y,d
515731,Anantapur,Andhra Pradesh,Y,Y,d
515736,Ananthpur,Andhra Pradesh,N,N,d
515741,Kalyandurg,Andhra Pradesh,Y,Y,d
515751,Kudair,Andhra Pradesh,N,Y,d
515752,Kalyandurg,Andhra Pradesh,N,N,d
515761,Kalyandurg,Andhra Pradesh,Y,Y,d
515762,Kalyandurg,Andhra Pradesh,Y,Y,d
515763,Kalyandurg,Andhra Pradesh,Y,Y,d
515765,Kambadur,Andhra Pradesh,Y,Y,d
515766,Kambadur,Andhra Pradesh,Y,Y,d
515767,Kalyandurg,Andhra Pradesh,Y,Y,d
515774,PAMIDI,Andhra Pradesh,Y,Y,d
515775,Gooty,Andhra Pradesh,Y,Y,d
515781,Rayadurg,Andhra Pradesh,N,N,d
515787,Kalyandurg,Andhra Pradesh,Y,Y,d
515801,Guntakal,Andhra Pradesh,Y,Y,d
515802,Guntakal,Andhra Pradesh,N,N,d
515803,Guntakal,Andhra Pradesh,Y,Y,d
515804,Guntakal,Andhra Pradesh,N,N,d
515808,Guntakal,Andhra Pradesh,N,Y,d
515809,Guntakal,Andhra Pradesh,N,N,d
515812,Uravakonda,Andhra Pradesh,Y,Y,d
515813,Guntakal,Andhra Pradesh,N,N,d
515814,Gooty,Andhra Pradesh,N,Y,d
515822,Uravakonda,Andhra Pradesh,Y,Y,d
515823,Urvakonda,Andhra Pradesh,N,Y,d
515824,Urvakonda,Andhra Pradesh,N,Y,d
515831,Anantapur,Andhra Pradesh,N,N,d
515832,Uravakonda,Andhra Pradesh,Y,Y,d
515833,Uravakonda,Andhra Pradesh,Y,Y,d
515834,Uravakonda,Andhra Pradesh,Y,Y,d
515835,Guntakal,Andhra Pradesh,Y,Y,d
515841,Bommanahal,Andhra Pradesh,N,N,d
515842,Guntakal,Andhra Pradesh,Y,Y,d
515843,Guntakal,Andhra Pradesh,Y,Y,d
515844,Guntakal,Andhra Pradesh,N,Y,d
515862,Rayadurgam,Andhra Pradesh,N,Y,d
515863,Rayadurgam,Andhra Pradesh,Y,Y,d
515865,Rayadurgam,Andhra Pradesh,Y,Y,d
515866,Gorantla,Andhra Pradesh,N,Y,d
515867,Rayadurgam,Andhra Pradesh,Y,Y,d
515870,Uravakonda,Andhra Pradesh,Y,Y,d
515871,Uravakonda,Andhra Pradesh,N,Y,d
515872,Molakalmuru,Karnataka,Y,Y,d
516000,Cuddapah,Andhra Pradesh,N,N,d
516001,Cuddapah,Andhra Pradesh,Y,Y,d
516002,Cuddapah,Andhra Pradesh,Y,Y,d
516003,Cuddapah,Andhra Pradesh,Y,Y,d
516004,Cuddapah,Andhra Pradesh,Y,Y,d
516005,Cuddapah,Andhra Pradesh,Y,Y,d
516006,Cuddapah,Andhra Pradesh,Y,Y,d
516101,Koduru,Andhra Pradesh,Y,Y,d
516102,Kodur,Andhra Pradesh,N,N,d
516103,Muddanur,Andhra Pradesh,N,Y,d
516104,Koduru,Andhra Pradesh,Y,Y,d
516105,Koduru,Andhra Pradesh,Y,Y,d
516106,Koduru,Andhra Pradesh,Y,Y,d
516107,Rajampet,Andhra Pradesh,Y,Y,d
516108,Koduru,Andhra Pradesh,Y,Y,d
516110,Koduru,Andhra Pradesh,Y,Y,d
516114,Proddatur,Andhra Pradesh,N,Y,d
516115,Rajampet,Andhra Pradesh,Y,Y,d
516116,Rajampet,Andhra Pradesh,Y,Y,d
516117,Chitvel,Andhra Pradesh,N,N,d
516118,Pulivendula,Andhra Pradesh,Y,Y,d
516126,Rajampet,Andhra Pradesh,Y,Y,d
516127,RAJAMPET,Andhra Pradesh,Y,Y,d
516128,Rajampet,Andhra Pradesh,Y,Y,d
516129,Rayachoti,Andhra Pradesh,Y,Y,d
516130,Rayachoti,Andhra Pradesh,Y,Y,d
516131,Rajampet,Andhra Pradesh,Y,Y,d
516132,Rajampeta,Andhra Pradesh,Y,Y,d
516134,Rajampeta,Andhra Pradesh,Y,Y,d
516150,Rajampet,Andhra Pradesh,Y,Y,d
516151,Rajampet,Andhra Pradesh,Y,Y,d
516152,Cuddapah,Andhra Pradesh,Y,Y,d
516153,Cuddapah,Andhra Pradesh,N,N,d
516155,Badvel,Andhra Pradesh,Y,Y,d
516162,Cuddapah,Andhra Pradesh,Y,Y,d
516163,Cuddapah,Andhra Pradesh,Y,Y,d
516164,Chapadu,Andhra Pradesh,Y,Y,d
516165,Chapadu,Andhra Pradesh,Y,Y,d
516166,Muddanur,Andhra Pradesh,N,Y,d
516172,Cuddapah,Andhra Pradesh,Y,Y,d
516173,Cuddapah,Andhra Pradesh,Y,Y,d
516175,Proddatur,Andhra Pradesh,Y,Y,d
516193,Porumamilla,Andhra Pradesh,Y,Y,d
516203,Cuddapah,Andhra Pradesh,Y,Y,d
516213,Cuddapah,Andhra Pradesh,Y,Y,d
516214,Rayachoti,Andhra Pradesh,Y,Y,d
516215,Rayachoti,Andhra Pradesh,Y,Y,d
516216,Cuddapah,Andhra Pradesh,Y,Y,d
516217,Porumamilla,Andhra Pradesh,Y,Y,d
516218,Vempalli,Andhra Pradesh,Y,Y,d
516223,Proddatur,Andhra Pradesh,Y,Y,d
516227,Badvel,Andhra Pradesh,Y,Y,d
516228,Badvel,Andhra Pradesh,Y,Y,d
516233,Badvel,Andhra Pradesh,Y,Y,d
516237,Cuddapah,Andhra Pradesh,Y,Y,d
516238,Pulivendula,Andhra Pradesh,Y,Y,d
516247,Cuddapah,Andhra Pradesh,Y,Y,d
516257,Rayachoti,Andhra Pradesh,Y,Y,d
516259,Vempalli,Andhra Pradesh,Y,Y,d
516260,Pulivendula,Andhra Pradesh,Y,Y,d
516267,Galiveedu,Andhra Pradesh,Y,Y,d
516268,Rayachoti,Andhra Pradesh,Y,Y,d
516269,Rayachoti,Andhra Pradesh,Y,Y,d
516270,Rayachoti,Andhra Pradesh,Y,Y,d
516271,Rajampet,Andhra Pradesh,N,Y,d
516272,Rayachoty,Andhra Pradesh,N,N,d
516273,Galiveedu,Andhra Pradesh,N,Y,d
516289,Proddatur,Andhra Pradesh,Y,Y,d
516290,Kamalapuram,Andhra Pradesh,Y,Y,d
516291,Kamalapuram,Andhra Pradesh,Y,Y,d
516292,Muddanur,Andhra Pradesh,N,Y,d
516293,Cuddapah,Andhra Pradesh,Y,Y,d
516297,Galiveedu,Andhra Pradesh,N,N,d
516309,Proddatur,Andhra Pradesh,Y,Y,d
516310,Proddatur,Andhra Pradesh,Y,Y,d
516311,Cuddapah,Andhra Pradesh,Y,Y,d
516312,Proddatur,Andhra Pradesh,Y,Y,d
516319,Proddatur,Andhra Pradesh,Y,Y,d
516321,Vempalli,Andhra Pradesh,Y,Y,d
516326,Cuddapah,Andhra Pradesh,N,N,d
516329,Vempalli,Andhra Pradesh,Y,Y,d
516330,Vempalli,Andhra Pradesh,Y,Y,d
516339,Cuddapah,Andhra Pradesh,Y,Y,d
516349,Pulivendula,Andhra Pradesh,Y,Y,d
516350,Vempalli,Andhra Pradesh,Y,Y,d
516355,Proddatur,Andhra Pradesh,Y,Y,d
516356,Proddatur,Andhra Pradesh,Y,Y,d
516359,Chagalamarri,Andhra Pradesh,Y,Y,d
516360,Proddatur,Andhra Pradesh,Y,Y,d
516361,Proddatur,Andhra Pradesh,Y,Y,d
516362,Proddatur,Andhra Pradesh,Y,Y,d
516364,Proddatur,Andhra Pradesh,N,Y,d
516365,Chapadu,Andhra Pradesh,N,Y,d
516366,Proddatur,Andhra Pradesh,Y,Y,d
516380,Tadipatri,Andhra Pradesh,Y,Y,d
516390,Pulivendula,Andhra Pradesh,Y,Y,d
516391,Pulivendula,Andhra Pradesh,Y,Y,d
516392,Muddanur,Andhra Pradesh,N,Y,d
516396,Pulivendula,Andhra Pradesh,Y,Y,d
516401,Pulivendula,Andhra Pradesh,Y,Y,d
516411,Jammalamadugu,Andhra Pradesh,N,Y,d
516412,Jammalamadugu,Andhra Pradesh,N,Y,d
516413,Jammalamadugu,Andhra Pradesh,N,Y,d
516421,Pulivendula,Andhra Pradesh,Y,Y,d
516431,Proddatur,Andhra Pradesh,N,Y,d
516432,Proddatur,Andhra Pradesh,Y,Y,d
516433,Proddatur,Andhra Pradesh,Y,Y,d
516434,Proddatur,Andhra Pradesh,Y,Y,d
516437,Badvel,Andhra Pradesh,Y,Y,d
516438,Jammalamadugu,Andhra Pradesh,N,Y,d
516439,Proddatur,Andhra Pradesh,Y,Y,d
516440,Jammalamadugu,Andhra Pradesh,N,Y,d
516441,Jammalamadugu,Andhra Pradesh,N,Y,d
516444,Tadipatri,Andhra Pradesh,Y,Y,d
516454,Tadipatri,Andhra Pradesh,Y,Y,d
516464,Tadipatri,Andhra Pradesh,Y,Y,d
516474,Tadipatri,Andhra Pradesh,Y,Y,d
516484,Pulivendula,Andhra Pradesh,Y,Y,d
516486,Pulivendula,Andhra Pradesh,Y,Y,d
516501,Badvel,Andhra Pradesh,Y,Y,d
516502,Badvel,Andhra Pradesh,Y,Y,d
516503,Badvel,Andhra Pradesh,Y,Y,d
516504,Rayachoti,Andhra Pradesh,Y,Y,d
516505,Badvel,Andhra Pradesh,Y,Y,d
516506,Porumamilla,Andhra Pradesh,N,N,d
517001,Chittoor,Andhra Pradesh,Y,Y,d
517002,Chittoor,Andhra Pradesh,Y,Y,d
517003,Chittoor,Andhra Pradesh,Y,Y,d
517004,Chittoor,Andhra Pradesh,Y,Y,d
517007,Chittoor,Andhra Pradesh,Y,Y,d
517100,Tirupati,Andhra Pradesh,N,Y,d
517101,Tirupati,Andhra Pradesh,Y,Y,d
517102,Tirupati,Andhra Pradesh,Y,Y,d
517106,Tirupathi,Andhra Pradesh,N,N,d
517112,Pakala,Andhra Pradesh,Y,Y,d
517113,Pileru,Andhra Pradesh,Y,Y,d
517123,Pileru,Andhra Pradesh,Y,Y,d
517124,Pakala,Andhra Pradesh,Y,Y,d
517125,Chittoor,Andhra Pradesh,Y,Y,d
517126,Pakala,Andhra Pradesh,Y,Y,d
517127,Chittoor,Andhra Pradesh,Y,Y,d
517128,Chittoor,Andhra Pradesh,Y,Y,d
517129,Chittoor,Andhra Pradesh,Y,Y,d
517130,Pakala,Andhra Pradesh,Y,Y,d
517131,Chittoor,Andhra Pradesh,Y,Y,d
517132,Chittoor,Andhra Pradesh,Y,Y,d
517139,Madanapally,Andhra Pradesh,N,N,d
517143,Chittoor,Andhra Pradesh,N,Y,d
517152,Pakala,Andhra Pradesh,Y,Y,d
517167,Chittoor,Andhra Pradesh,Y,Y,d
517172,Tirupati,Andhra Pradesh,Y,Y,d
517176,Chittoor,Andhra Pradesh,N,N,d
517192,Tirupati,Andhra Pradesh,Y,Y,d
517193,Tirupati,Andhra Pradesh,Y,Y,d
517194,Tirupati,Andhra Pradesh,Y,Y,d
517213,Pileru,Andhra Pradesh,Y,Y,d
517214,Pileru,Andhra Pradesh,Y,Y,d
517215,Pileru,Andhra Pradesh,N,N,d
517219,Chittoor,Andhra Pradesh,N,N,d
517234,Pileru,Andhra Pradesh,Y,Y,d
517235,VAYALPAD,Andhra Pradesh,Y,Y,d
517236,Madanapalle,Andhra Pradesh,Y,Y,d
517237,Madanapalle,Andhra Pradesh,Y,Y,d
517238,Kalakada,Andhra Pradesh,N,Y,d
517247,Punganur,Andhra Pradesh,Y,Y,d
517257,Punganur,Andhra Pradesh,Y,Y,d
517258,Chowdepalli,Andhra Pradesh,N,Y,d
517274,Chittoor,Andhra Pradesh,N,N,d
517277,VAYALPAD,Andhra Pradesh,Y,Y,d
517280,Madanapalle,Andhra Pradesh,Y,Y,d
517291,VAYALPAD,Andhra Pradesh,Y,Y,d
517292,Tirupati,Andhra Pradesh,Y,Y,d
517297,Galiveedu,Andhra Pradesh,Y,Y,d
517298,Kalakada,Andhra Pradesh,N,Y,d
517299,Madanapalle,Andhra Pradesh,Y,Y,d
517305,Madanapalle,Andhra Pradesh,Y,Y,d
517319,Madanapalle,Andhra Pradesh,Y,Y,d
517320,Chittoor,Andhra Pradesh,N,N,d
517325,Madanapalle,Andhra Pradesh,Y,Y,d
517326,Madanapalle,Andhra Pradesh,Y,Y,d
517327,Madanapally,Andhra Pradesh,N,N,d
517330,Madanapalle,Andhra Pradesh,Y,Y,d
517350,Madanapalle,Andhra Pradesh,Y,Y,d
517351,B Kothakota,Andhra Pradesh,Y,Y,d
517352,Madanapalle,Andhra Pradesh,Y,Y,d
517370,B Kothakota,Andhra Pradesh,Y,Y,d
517371,Mulakalacheruvu,Andhra Pradesh,N,Y,d
517372,Mulakalacheruvu,Andhra Pradesh,N,Y,d
517390,B Kothakota,Andhra Pradesh,Y,Y,d
517391,B Kothakota,Andhra Pradesh,Y,Y,d
517401,Venkatagirikota,Andhra Pradesh,Y,Y,d
517403,Chittoor,Andhra Pradesh,Y,Y,d
517408,Palamaner,Andhra Pradesh,Y,Y,d
517409,Palamner,Andhra Pradesh,N,N,d
517410,Chittoor,Andhra Pradesh,N,N,d
517414,Punganur,Andhra Pradesh,Y,Y,d
517415,Venkatagirikota,Andhra Pradesh,Y,Y,d
517416,Palamaner,Andhra Pradesh,Y,Y,d
517417,Punganur,Andhra Pradesh,Y,Y,d
517418,Madanapalle,Andhra Pradesh,Y,Y,d
517419,Chittoor,Andhra Pradesh,Y,Y,d
517421,Chittoor,Andhra Pradesh,Y,Y,d
517422,Chittoor,Andhra Pradesh,Y,Y,d
517423,Kuppam,Andhra Pradesh,Y,Y,d
517424,Venkatagirikota,Andhra Pradesh,Y,Y,d
517425,Kuppam,Andhra Pradesh,Y,Y,d
517426,Kuppam,Andhra Pradesh,Y,Y,d
517427,Chittoor,Andhra Pradesh,N,N,d
517429,Palamaner,Andhra Pradesh,Y,Y,d
517432,Palamaner,Andhra Pradesh,Y,Y,d
517466,Chittoor,Andhra Pradesh,N,N,d
517501,Tirupati,Andhra Pradesh,Y,Y,d
517502,Tirupati,Andhra Pradesh,Y,Y,d
517503,Tirupati,Andhra Pradesh,Y,Y,d
517504,Tirupati,Andhra Pradesh,Y,Y,d
517505,Tirupati,Andhra Pradesh,Y,Y,d
517506,Tirupati,Andhra Pradesh,Y,Y,d
517507,Tirupati,Andhra Pradesh,Y,Y,d
517508,Avilala,Andhra Pradesh,N,N,d
517509,Tirupathi,Andhra Pradesh,N,N,d
517514,Puli Vendala,Andhra Pradesh,N,N,d
517515,Chandragiri,Andhra Pradesh,N,N,d
517520,Tirupati,Andhra Pradesh,Y,Y,d
517526,Tirupati,Andhra Pradesh,Y,Y,d
517527,Puttur,Andhra Pradesh,N,N,d
517536,Srikalahasti,Andhra Pradesh,Y,Y,d
517541,Tada,Andhra Pradesh,Y,Y,d
517551,Puttur-Ap,Andhra Pradesh,Y,Y,d
517561,Tirupati,Andhra Pradesh,Y,Y,d
517563,Tirupati,Andhra Pradesh,Y,Y,d
517569,TIRUPATI,Andhra Pradesh,N,Y,d
517571,Puttur-AP,Andhra Pradesh,Y,Y,d
517580,Sbrpuram,Andhra Pradesh,N,Y,d
517581,Puttur-AP,Andhra Pradesh,Y,Y,d
517582,Puttur-AP,Andhra Pradesh,Y,Y,d
517583,Puttur-AP,Andhra Pradesh,Y,Y,d
517584,Puttur-AP,Andhra Pradesh,Y,Y,d
517585,Puttur -Ap,Andhra Pradesh,N,N,d
517586,TIRUPATI,Andhra Pradesh,Y,Y,d
517587,Puttur-AP,Andhra Pradesh,Y,Y,d
517588,Tada,Andhra Pradesh,Y,Y,d
517589,TIRUPATI,Andhra Pradesh,Y,Y,d
517590,Puttur-AP,Andhra Pradesh,Y,Y,d
517591,NAGARI,Andhra Pradesh,Y,Y,d
517592,Puttur-AP,Andhra Pradesh,Y,Y,d
517593,Puttur,Andhra Pradesh,N,Y,d
517594,Puttur,Andhra Pradesh,N,Y,d
517599,Chandragiri,Chandragiri Ap,N,Y,d
517605,Puttur,Andhra Pradesh,N,Y,d
517606,Puttur,Andhra Pradesh,N,Y,d
517609,Puttur,Andhra Pradesh,N,Y,d
517619,Srikalahasti,Andhra Pradesh,Y,Y,d
517620,Venkatagiri,Andhra Pradesh,Y,Y,d
517621,Srikalahasti,Andhra Pradesh,Y,Y,d
517640,Srikalahasti,Andhra Pradesh,Y,Y,d
517641,Srikalahasti,Andhra Pradesh,Y,Y,d
517642,Srikalahasti,Andhra Pradesh,Y,Y,d
517643,Puttur-Ap,Andhra Pradesh,Y,Y,d
517644,Srikalahasti,Andhra Pradesh,Y,Y,d
517645,SRIKALAHASTI,Andhra Pradesh,Y,Y,d
517646,Tada,Andhra Pradesh,Y,Y,d
517865,Rayadurg,Andhra Pradesh,N,N,d
518001,Kurnool,Andhra Pradesh,Y,Y,d
518002,Kurnool,Andhra Pradesh,Y,Y,d
518003,Kurnool,Andhra Pradesh,Y,Y,d
518004,Kurnool,Andhra Pradesh,Y,Y,d
518005,Kurnool,Andhra Pradesh,Y,Y,d
518006,Kurnool,Andhra Pradesh,Y,Y,d
518007,Kurnool,Andhra Pradesh,Y,Y,d
518008,Kurnool,Andhra Pradesh,N,N,d
518010,Orvakal,Andhra Pradesh,N,Y,d
518011,Kurnool,Andhra Pradesh,N,N,d
518015,Kurnool,Andhra Pradesh,N,Y,d
518016,Kurnool,Andhra Pradesh,N,N,d
518017,Gooty,Andhra Pradesh,N,Y,d
518018,Kurnool,Andhra Pradesh,Y,Y,d
518019,Kurnool,Andhra Pradesh,N,Y,d
518020,Kurnool,Andhra Pradesh,N,Y,d
518021,Kurnool,Andhra Pradesh,N,Y,d
518022,Kurnool,Andhra Pradesh,N,Y,d
518023,Kurnool,Andhra Pradesh,N,Y,d
518101,Srisailam,Andhra Pradesh,Y,Y,d
518102,Srisailam,Andhra Pradesh,Y,Y,d
518112,Nandyal,Andhra Pradesh,Y,Y,d
518115,Kurnool,Andhra Pradesh,N,N,d
518122,Banaganapalli,Andhra Pradesh,Y,Y,d
518123,Banaganapalli,Andhra Pradesh,Y,Y,d
518124,Banaganapalli,Andhra Pradesh,Y,Y,d
518125,Banaganapalle,Andhra Pradesh,N,Y,d
518126,Banaganapalle,Andhra Pradesh,N,Y,d
518134,Banaganapalli,Andhra Pradesh,Y,Y,d
518135,Banaganapalli,Andhra Pradesh,Y,Y,d
518136,Koilakuntla,Andhra Pradesh,N,Y,d
518137,Koilakuntla,Andhra Pradesh,N,Y,d
518138,Koilakuntla,Andhra Pradesh,N,Y,d
518139,Koilakuntla,Andhra Pradesh,N,Y,d
518140,Koilakuntla,Andhra Pradesh,N,Y,d
518145,Proddatur,Andhra Pradesh,Y,Y,d
518150,Kurnool,Andhra Pradesh,N,N,d
518155,Allagadda,Andhra Pradesh,Y,Y,d
518157,Allagadda,Andhra Pradesh,Y,Y,d
518158,Allagadda,Andhra Pradesh,Y,Y,d
518165,Betamcherla,Andhra Pradesh,Y,Y,d
518166,Koilakuntla,Andhra Pradesh,N,Y,d
518176,Betamcherla,Andhra Pradesh,Y,Y,d
518186,Banaganapalli,Andhra Pradesh,Y,Y,d
518196,Banaganapalli,Andhra Pradesh,Y,Y,d
518202,Nandyal,Andhra Pradesh,N,Y,d
518206,Betamcherla,Andhra Pradesh,Y,Y,d
518216,Veldurthi,Andhra Pradesh,Y,Y,d
518217,Kurnool,Andhra Pradesh,Y,Y,d
518218,Kurnool,Andhra Pradesh,Y,Y,d
518219,Veldurthi,Andhra Pradesh,N,N,d
518220,Dhone,Andhra Pradesh,Y,Y,d
518221,Dhone,Andhra Pradesh,Y,Y,d
518222,Dhone,Andhra Pradesh,Y,Y,d
518225,Dhone,Andhra Pradesh,Y,Y,d
518301,Adoni,Andhra Pradesh,Y,Y,d
518302,Adoni,Andhra Pradesh,Y,Y,d
518308,Adoni,Andhra Pradesh,Y,Y,d
518309,Alur,Alur,N,N,d
518310,Alur,Alur,N,N,d
518311,Alur,Alur,N,N,d
518313,Kosigiap,Andhra Pradesh,Y,Y,d
518317,Adoni,Andhra Pradesh,N,Y,d
518318,Adoni,Andhra Pradesh,N,Y,d
518319,Alur,Alur,N,N,d
518323,Adoni,Andhra Pradesh,Y,Y,d
518324,Alur,Alur,N,N,d
518325,Alur,Alur,N,N,d
518333,Kosigiap,Andhra Pradesh,Y,Y,d
518343,Yemmiganur,Andhra Pradesh,Y,Y,d
518344,Kosigiap,Andhra Pradesh,Y,Y,d
518345,Yemmiganur,Andhra Pradesh,Y,Y,d
518346,Alur,Andhra Pradesh,Y,Y,d
518347,Adoni,Andhra Pradesh,Y,Y,d
518348,Alur,Andhra Pradesh,Y,Y,d
518349,Kosigiap,Andhra Pradesh,Y,Y,d
518350,Yemmiganur,Andhra Pradesh,Y,Y,d
518360,Yemmiganur,Andhra Pradesh,Y,Y,d
518363,Nandyal,Andhra Pradesh,N,Y,d
518380,Alur,Andhra Pradesh,Y,Y,d
518381,Aspari,Andhra Pradesh,N,Y,d
518382,Guntakal,Andhra Pradesh,N,N,d
518385,Guntakal,Andhra Pradesh,Y,Y,d
518390,Gooty,Andhra Pradesh,Y,Y,d
518391,Aspari,Andhra Pradesh,N,Y,d
518395,Alur,Andhra Pradesh,Y,Y,d
518396,Guntakal,Andhra Pradesh,Y,Y,d
518397,Yemmiganur,Andhra Pradesh,Y,Y,d
518398,Aspari,Andhra Pradesh,N,Y,d
518401,Nandikotkur,Andhra Pradesh,Y,Y,d
518402,Nandikotkur,Andhra Pradesh,Y,Y,d
518403,Nandikotkur,Andhra Pradesh,N,N,d
518404,Nandikotkur,Andhra Pradesh,Y,Y,d
518405,Nandikotkur,Andhra Pradesh,Y,Y,d
518406,Nandikotkur,Andhra Pradesh,Y,Y,d
518407,Nandikotkur,Andhra Pradesh,N,N,d
518411,Nandikotkur,Andhra Pradesh,Y,Y,d
518412,Nandikotkur,Andhra Pradesh,Y,Y,d
518413,Nandikotkur,Andhra Pradesh,Y,Y,d
518422,Atmakur,Andhra Pradesh,Y,Y,d
518424,Atmakur,Andhra Pradesh,Y,Y,d
518425,Atmakur,Andhra Pradesh,Y,Y,d
518426,Atamakur,Andhra Pradesh,N,N,d
518432,Nandikotkur,Andhra Pradesh,Y,Y,d
518442,Atmakur,Andhra Pradesh,Y,Y,d
518452,Kurnool,Andhra Pradesh,Y,Y,d
518462,Yemmiganur,Andhra Pradesh,Y,Y,d
518463,Yemmiganur,Andhra Pradesh,Y,Y,d
518464,Yemmiganur,Andhra Pradesh,Y,Y,d
518465,Alur,Andhra Pradesh,Y,Y,d
518466,Kurnool,Andhra Pradesh,Y,Y,d
518467,KODUMUR,Andhra Pradesh,Y,Y,d
518468,Dhone,Andhra Pradesh,Y,Y,d
518473,Kodumuru,Andhra Pradesh,N,Y,d
518474,Kodumuru,Andhra Pradesh,N,Y,d
518479,Kodumuru,Andhra Pradesh,N,Y,d
518501,Nandyal,Andhra Pradesh,Y,Y,d
518502,Nandyal,Andhra Pradesh,Y,Y,d
518503,Nandyal,Andhra Pradesh,Y,Y,d
518508,Velgodu,Andhra Pradesh,Y,Y,d
518509,Nandyal,Andhra Pradesh,N,N,d
518510,Sirvella,Andhra Pradesh,Y,Y,d
518511,Nandyal,Andhra Pradesh,Y,Y,d
518512,Nandyal,Andhra Pradesh,Y,Y,d
518513,Velgodu,Andhra Pradesh,Y,Y,d
518515,Guntakal,Andhra Pradesh,N,N,d
518517,Nandikotkur,Andhra Pradesh,Y,Y,d
518523,Nandyal,Andhra Pradesh,Y,Y,d
518533,Velgodu,Andhra Pradesh,Y,Y,d
518534,Bhainsa,Telangana,N,N,d
518535,Atmakur,Andhra Pradesh,Y,Y,d
518543,Allagadda,Andhra Pradesh,Y,Y,d
518550,Allagadda,Andhra Pradesh,Y,Y,d
518553,Chagalamarri,Andhra Pradesh,Y,Y,d
518555,Allagadda,Andhra Pradesh,Y,Y,d
518563,Sirvella,Andhra Pradesh,Y,Y,d
518573,Sirvella,Andhra Pradesh,Y,Y,d
518583,Sirvella,Andhra Pradesh,Y,Y,d
518593,Nandyal,Andhra Pradesh,Y,Y,d
518594,Allagadda,Andhra Pradesh,Y,Y,d
518596,Nandyal,Andhra Pradesh,Y,Y,d
518598,Betamcherla,Andhra Pradesh,Y,Y,d
518599,Betamcherla,Andhra Pradesh,Y,Y,d
518607,Allagadda,Andhra Pradesh,Y,Y,d
518669,Nandyal,Andhra Pradesh,N,Y,d
518674,Nandyal,Andhra Pradesh,Y,Y,d
518675,Nandyal,Andhra Pradesh,N,Y,d
520000,Vijayawada,Andhra Pradesh,Y,Y,d
520001,Vijayawada,Andhra Pradesh,Y,Y,d
520002,Vijayawada,Andhra Pradesh,Y,Y,d
520003,Vijayawada,Andhra Pradesh,Y,Y,d
520004,Vijayawada,Andhra Pradesh,Y,Y,d
520005,Vijayawada,Andhra Pradesh,Y,Y,d
520006,Vijayawada,Andhra Pradesh,Y,Y,d
520007,Vijayawada,Andhra Pradesh,Y,Y,d
520008,Vijayawada,Andhra Pradesh,Y,Y,d
520009,Vijayawada,Andhra Pradesh,Y,Y,d
520010,Vijayawada,Andhra Pradesh,Y,Y,d
520011,Vijayawada,Andhra Pradesh,Y,Y,d
520012,Vijayawada,Andhra Pradesh,Y,Y,d
520013,Vijayawada,Andhra Pradesh,Y,Y,d
520014,Vijayawada,Andhra Pradesh,Y,Y,d
520015,Vijayawada,Andhra Pradesh,Y,Y,d
520016,Vijayawada,Andhra Pradesh,Y,Y,d
520017,Guntur,Andhra Pradesh,N,N,d
520028,Vijayawada,Andhra Pradesh,N,N,d
520040,Vijayawada,Andhra Pradesh,Y,Y,d
520050,Avanigadda,Andhra Pradesh,N,Y,d
520301,Chilakaluripet,Andhra Pradesh,N,N,d
520307,Isnapur,Telangana,N,N,d
521001,Machilipatnam,Andhra Pradesh,Y,Y,d
521002,Machilipatnam,Andhra Pradesh,Y,Y,d
521003,Machilipatnam,Andhra Pradesh,Y,Y,d
521004,Saradanagar,Andhra Pradesh,N,N,d
521005,Machilipatnam,Andhra Pradesh,N,N,d
521006,Krishna,Andhra Pradesh,N,N,d
521010,Krishna,Andhra Pradesh,N,N,d
521011,Krishna,Andhra Pradesh,N,N,d
521014,Ananthapur,Andhra Pradesh,N,N,d
521035,Vishakapatnam,Andhra Pradesh,N,N,d
521101,Gannavaram,Andhra Pradesh,Y,Y,d
521102,Gannavaram,Andhra Pradesh,Y,Y,d
521103,Vijayawada,Andhra Pradesh,Y,Y,d
521104,Gannavaram,Andhra Pradesh,Y,Y,d
521105,Pedapadu,Andhra Pradesh,Y,Y,d
521106,Pedapadu,Andhra Pradesh,Y,Y,d
521107,Gannavaram,Andhra Pradesh,Y,Y,d
521108,Vijayawada,Andhra Pradesh,Y,Y,d
521109,Pedapadu,Andhra Pradesh,Y,Y,d
521110,Pedapadu,Andhra Pradesh,Y,Y,d
521111,Nuzvid,Andhra Pradesh,Y,Y,d
521112,Gannavaram,Andhra Pradesh,N,Y,d
521113,Kankipadu,Andhra Pradesh,N,Y,d
521114,Kankipadu,Andhra Pradesh,N,Y,d
521115,Ananthapur,Andhra Pradesh,N,N,d
521116,Kankipadu,Andhra Pradesh,N,Y,d
521117,Kaikaluru,Andhra Pradesh,Y,Y,d
521118,Avanigadda,Andhra Pradesh,N,Y,d
521120,Avanigadda,Andhra Pradesh,Y,Y,d
521121,Avanigadda,Andhra Pradesh,Y,Y,d
521122,Avanigadda,Andhra Pradesh,Y,Y,d
521123,Nuzvid,Andhra Pradesh,Y,Y,d
521124,Gudivada,Andhra Pradesh,Y,Y,d
521125,Avanigadda,Andhra Pradesh,Y,Y,d
521126,Machilipatnam,Andhra Pradesh,Y,Y,d
521128,Kankipadu,Andhra Pradesh,N,Y,d
521129,Avanigadda,Andhra Pradesh,Y,Y,d
521130,Avanigadda,Andhra Pradesh,Y,Y,d
521131,Machilipatnam,Andhra Pradesh,Y,Y,d
521132,Pamarru,Andhra Pradesh,Y,Y,d
521133,Machilipatnam,Andhra Pradesh,Y,Y,d
521134,Vijayawada,Andhra Pradesh,Y,Y,d
521135,Pamarru,Andhra Pradesh,Y,Y,d
521136,Pamarru,Andhra Pradesh,Y,Y,d
521137,Vijayawada,Andhra Pradesh,Y,Y,d
521138,Pamarru,Andhra Pradesh,Y,Y,d
521139,Vijayawada,Andhra Pradesh,Y,Y,d
521140,Ananthapur,Andhra Pradesh,N,N,d
521144,Nuzvid,Andhra Pradesh,Y,Y,d
521148,Gudivada,Andhra Pradesh,Y,Y,d
521149,Machilipatnam,Andhra Pradesh,Y,Y,d
521150,Machilipatnam,Andhra Pradesh,Y,Y,d
521151,Vijayawada,Andhra Pradesh,Y,Y,d
521152,Krishna,Andhra Pradesh,N,N,d
521153,Vijayawada,Andhra Pradesh,Y,Y,d
521155,Kankipadu,Andhra Pradesh,N,Y,d
521156,Pamarru,Andhra Pradesh,Y,Y,d
521157,Pamarru,Andhra Pradesh,Y,Y,d
521158,Pamarru,Andhra Pradesh,Y,Y,d
521159,Pamarru,Andhra Pradesh,N,Y,d
521160,Kuchipudi,Andhra Pradesh,N,Y,d
521162,Machilipatnam,Andhra Pradesh,Y,Y,d
521163,Vuyyuru,Andhra Pradesh,Y,Y,d
521164,Vuyyuru,Andhra Pradesh,Y,Y,d
521165,Vuyyuru,Andhra Pradesh,Y,Y,d
521167,Krishna,Andhra Pradesh,N,N,d
521168,Krishna,Andhra Pradesh,N,N,d
521169,Vijayawada,Andhra Pradesh,N,N,d
521170,Madhira,Telangana,Y,Y,d
521171,Guntur,Andhra Pradesh,N,N,d
521172,Jaggaiahpeta,Andhra Pradesh,Y,Y,d
521175,Jaggayyapet,Andhra Pradesh,Y,Y,d
521176,Jaggaiahpeta,Andhra Pradesh,Y,Y,d
521177,Kankipadu,Andhra Pradesh,N,Y,d
521178,Jaggayyapet,Andhra Pradesh,Y,Y,d
521179,Chillakallu,Andhra Pradesh,N,N,d
521180,Nandigama,Andhra Pradesh,Y,Y,d
521181,NANDIGAMA,Andhra Pradesh,N,Y,d
521182,Nandigama,Andhra Pradesh,Y,Y,d
521183,Nandigama,Andhra Pradesh,Y,Y,d
521184,MYLAVARAM,Andhra Pradesh,N,N,d
521185,Nandigama,Andhra Pradesh,Y,Y,d
521186,Krishna,Andhra Pradesh,N,N,d
521190,Jaggayyapet,Andhra Pradesh,Y,Y,d
521196,Jaggaiahpeta,Andhra Pradesh,Y,Y,d
521197,Jaggaiahpeta,Andhra Pradesh,N,Y,d
521201,Nuzvid,Andhra Pradesh,Y,Y,d
521202,Nuzvid,Andhra Pradesh,Y,Y,d
521204,Nuzvid,Andhra Pradesh,N,N,d
521205,Nuzvid,Andhra Pradesh,N,N,d
521206,Nuzvid,Andhra Pradesh,N,N,d
521207,Nuzvid,Andhra Pradesh,Y,Y,d
521208,Nuzvid,Andhra Pradesh,N,N,d
521211,Nuzvid,Andhra Pradesh,Y,Y,d
521212,Vijayawada,Andhra Pradesh,Y,Y,d
521213,Vissannapetaa,Andhra Pradesh,Y,Y,d
521214,Vissannapetaa,Andhra Pradesh,Y,Y,d
521215,Vissannapetaa,Andhra Pradesh,Y,Y,d
521216,Nuzvid,Andhra Pradesh,N,N,d
521217,Nuzvid,Andhra Pradesh,N,N,d
521218,Nuzvid,Andhra Pradesh,N,N,d
521219,Nuzvid,Andhra Pradesh,N,N,d
521221,Guntur,Andhra Pradesh,N,N,d
521224,Prakasam,Andhra Pradesh,N,N,d
521225,Vijayawada,Andhra Pradesh,Y,Y,d
521226,Vissannapetaa,Andhra Pradesh,Y,Y,d
521227,Vissannapetaa,Andhra Pradesh,Y,Y,d
521228,Mylavaram,Andhra Pradesh,Y,Y,d
521229,Mylavaram,Andhra Pradesh,Y,Y,d
521230,Mylavaram,Andhra Pradesh,Y,Y,d
521231,Vijayawada,Andhra Pradesh,Y,Y,d
521233,Thiruvuru,Telangana,N,N,d
521235,Tiruvuru,Andhra Pradesh,Y,Y,d
521236,Thiruvuru,Telangana,N,N,d
521240,Krishna,Andhra Pradesh,N,N,d
521241,Vijayawada,Andhra Pradesh,Y,Y,d
521242,Challa Palli,Andhra Pradesh,N,N,d
521245,Vuyyuru,Andhra Pradesh,Y,Y,d
521246,Vuyyuru,Andhra Pradesh,Y,Y,d
521247,Pamarru,Andhra Pradesh,Y,Y,d
521250,Vuyyuru,Andhra Pradesh,Y,Y,d
521251,Guntur,Andhra Pradesh,N,N,d
521253,Ananthapur,Andhra Pradesh,N,N,d
521255,Machilipatnam,Andhra Pradesh,Y,Y,d
521256,Mantada,Andhra Pradesh,Y,Y,d
521260,Gannavaram,Andhra Pradesh,Y,Y,d
521261,Vuyyuru,Andhra Pradesh,Y,Y,d
521263,Gudivada,Andhra Pradesh,Y,Y,d
521265,Gannavaram,Andhra Pradesh,N,Y,d
521281,Guntur,Andhra Pradesh,N,N,d
521285,Krishna,Andhra Pradesh,N,N,d
521286,Gannavaram,Andhra Pradesh,Y,Y,d
521288,Guntur,Andhra Pradesh,N,N,d
521301,Gudivada,Andhra Pradesh,Y,Y,d
521311,Gannavaram,Andhra Pradesh,Y,Y,d
521312,Gannavaram,Andhra Pradesh,Y,Y,d
521315,Gudivada,Andhra Pradesh,N,N,d
521319,Guntur,Andhra Pradesh,N,N,d
521320,#REF!,#REF!,N,N,d
521321,Pedapadu,Andhra Pradesh,Y,Y,d
521322,Gudivada,Andhra Pradesh,Y,Y,d
521323,Gudivada,Andhra Pradesh,Y,Y,d
521324,Bantumilli,Andhra Pradesh,Y,Y,d
521325,Gudivada,Andhra Pradesh,Y,Y,d
521326,Kaikaluru,Andhra Pradesh,Y,Y,d
521327,Gudivada,Andhra Pradesh,Y,Y,d
521328,Avanigadda,Andhra Pradesh,Y,Y,d
521329,Bantumilli,Andhra Pradesh,Y,Y,d
521330,Gudivada,Andhra Pradesh,Y,Y,d
521331,Machilipatnam,Andhra Pradesh,Y,Y,d
521332,Pamarru,Andhra Pradesh,Y,Y,d
521333,Kaikaluru,Andhra Pradesh,Y,Y,d
521334,Kaikaluru,Andhra Pradesh,N,N,d
521338,Kaikalur,Andhra Pradesh,N,N,d
521340,Kaikaluru,Andhra Pradesh,Y,Y,d
521343,Kaikaluru,Andhra Pradesh,Y,Y,d
521344,Kaikaluru,Andhra Pradesh,Y,Y,d
521345,Kaikaluru,Andhra Pradesh,Y,Y,d
521349,Gudivada,Andhra Pradesh,N,N,d
521356,Gudivada,Andhra Pradesh,Y,Y,d
521358,Gudiwada Reach,Andhra Pradesh,N,Y,d
521366,Machilipatnam,Andhra Pradesh,Y,Y,d
521369,Machilipatnam,Andhra Pradesh,Y,Y,d
521370,Kankipadu,Andhra Pradesh,N,Y,d
521372,Gannavaram,Andhra Pradesh,N,Y,d
521375,Krishna,Andhra Pradesh,N,N,d
521379,Guntur,Andhra Pradesh,N,N,d
521384,Krishna,Andhra Pradesh,N,N,d
521390,Pamarru,Andhra Pradesh,Y,Y,d
521391,Machilipatnam,Andhra Pradesh,N,N,d
521397,Kurnool,Andhra Pradesh,N,N,d
521399,Krishna,Andhra Pradesh,N,N,d
521401,Gampalagudem,Andhra Pradesh,Y,Y,d
521402,Bonakal,Telangana,Y,Y,d
521403,Gampalagudem,Andhra Pradesh,N,Y,d
521404,Krishna,Andhra Pradesh,N,N,d
521411,Vissannapet,Andhra Pradesh,N,N,d
521415,Vissannapet,Andhra Pradesh,N,Y,d
521421,Vijayawada,Andhra Pradesh,N,N,d
521424,Gudivada,Andhra Pradesh,N,Y,d
521429,Gudivada,Andhra Pradesh,N,Y,d
521434,Nandigama,Andhra Pradesh,N,Y,d
521436,Nandigama,Andhra Pradesh,N,Y,d
521438,Jaggaiahpeta,Andhra Pradesh,N,Y,d
521444,Hanuman Junction Reach,Andhra Pradesh,N,Y,d
521452,Krishna,Andhra Pradesh,N,N,d
521456,Vijayawada,Andhra Pradesh,Y,Y,d
521457,Jaggayyapet,Andhra Pradesh,Y,Y,d
521459,Jaggaiahpeta,Andhra Pradesh,N,Y,d
522000,Mangalagiri,Andhra Pradesh,N,N,d
522001,Guntur,Andhra Pradesh,Y,Y,d
522002,Guntur,Andhra Pradesh,Y,Y,d
522003,Guntur,Andhra Pradesh,Y,Y,d
522004,Guntur,Andhra Pradesh,Y,Y,d
522005,Guntur,Andhra Pradesh,Y,Y,d
522006,Guntur,Andhra Pradesh,Y,Y,d
522007,Guntur,Andhra Pradesh,Y,Y,d
522008,Vijayawada,Andhra Pradesh,Y,Y,d
522009,Guntur,Andhra Pradesh,Y,Y,d
522010,Guntur,Andhra Pradesh,Y,Y,d
522013,Guntur,Andhra Pradesh,Y,Y,d
522014,Guntur,Andhra Pradesh,N,Y,d
522015,Chilakaluripet,Andhra Pradesh,Y,Y,d
522016,Tadikonda,Andhra Pradesh,Y,Y,d
522017,Guntur,Andhra Pradesh,Y,Y,d
522018,Tadikonda,Andhra Pradesh,Y,Y,d
522019,Guntur,Andhra Pradesh,Y,Y,d
522020,Guntur,Andhra Pradesh,Y,Y,d
522021,Amaravathi,Andhra Pradesh,N,Y,d
522022,Guntur,Andhra Pradesh,Y,Y,d
522023,Guntur,Andhra Pradesh,N,N,d
522024,Guntur,Andhra Pradesh,Y,Y,d
522025,Guntur,Andhra Pradesh,N,N,d
522026,Amaravathi -Ap,Andhra Pradesh,N,N,d
522027,Guntur,Andhra Pradesh,N,N,d
522028,Guntur,Andhra Pradesh,N,N,d
522033,GUNTUR,Andhra Pradesh,N,N,d
522034,Guntur,Andhra Pradesh,Y,Y,d
522035,Guntur,Andhra Pradesh,Y,Y,d
522036,Mantada,Andhra Pradesh,Y,Y,d
522050,Guntur,Andhra Pradesh,Y,Y,d
522101,Bapatla,Andhra Pradesh,Y,Y,d
522102,Bapatla,Andhra Pradesh,Y,Y,d
522111,Bapatla,Andhra Pradesh,Y,Y,d
522112,Bapatla,Andhra Pradesh,Y,Y,d
522113,Bapatla,Andhra Pradesh,Y,Y,d
522116,Guntur,Andhra Pradesh,N,N,d
522123,Ponnur,Andhra Pradesh,N,Y,d
522124,Ponnur,Andhra Pradesh,Y,Y,d
522125,PONNUR,Andhra Pradesh,N,Y,d
522180,Mangalagiri,Andhra Pradesh,N,Y,d
522201,Tenali,Andhra Pradesh,Y,Y,d
522202,Tenali,Andhra Pradesh,Y,Y,d
522203,Tenali,Andhra Pradesh,Y,Y,d
522208,Tenali,Andhra Pradesh,N,Y,d
522210,Chebrolu,Andhra Pradesh,N,Y,d
522211,Tenali,Andhra Pradesh,Y,Y,d
522212,Guntur,Andhra Pradesh,Y,Y,d
522213,Tenali,Andhra Pradesh,Y,Y,d
522214,TENALI,Andhra Pradesh,N,Y,d
522215,Chebrolu,Andhra Pradesh,N,Y,d
522216,Chebrolu,Andhra Pradesh,N,Y,d
522222,Ponnur,Andhra Pradesh,N,Y,d
522225,Tenali,Andhra Pradesh,N,N,d
522233,Chilakaluripet,Andhra Pradesh,Y,Y,d
522234,Chilakaluripet,Andhra Pradesh,Y,Y,d
522235,Guntur,Andhra Pradesh,Y,Y,d
522236,Tadikonda,Andhra Pradesh,Y,Y,d
522237,Tadikonda,Andhra Pradesh,Y,Y,d
522238,Guntur,Andhra Pradesh,Y,Y,d
522239,#REF!,#REF!,N,N,d
522240,Guntur,Andhra Pradesh,Y,Y,d
522241,#REF!,#REF!,N,N,d
522256,Repalle,Andhra Pradesh,Y,Y,d
522257,Repalle,Andhra Pradesh,Y,Y,d
522258,Repalle,Andhra Pradesh,Y,Y,d
522259,Repalle,Andhra Pradesh,Y,Y,d
522260,Repalle,Andhra Pradesh,N,Y,d
522261,TENALI,Andhra Pradesh,Y,Y,d
522262,Repalle,Andhra Pradesh,Y,Y,d
522263,Repalle,Andhra Pradesh,Y,Y,d
522264,Repalle,Andhra Pradesh,Y,Y,d
522265,Repalle,Andhra Pradesh,Y,Y,d
522266,Duggirala,Andhra Pradesh,Y,Y,d
522267,Repalle,Andhra Pradesh,N,Y,d
522268,Repalle,Andhra Pradesh,Y,Y,d
522269,Repalle,Andhra Pradesh,N,Y,d
522271,Repalle,Andhra Pradesh,N,Y,d
522272,Repalle,Andhra Pradesh,N,Y,d
522273,Repalle,Andhra Pradesh,N,Y,d
522274,Repalle,Andhra Pradesh,N,Y,d
522275,Repalle,Andhra Pradesh,N,Y,d
522276,Repalle,Andhra Pradesh,N,Y,d
522277,Repalle,Andhra Pradesh,N,Y,d
522278,Repalle,Andhra Pradesh,N,Y,d
522279,Repalle,Andhra Pradesh,N,Y,d
522280,Repalle,Andhra Pradesh,N,Y,d
522281,Repalle,Andhra Pradesh,N,Y,d
522282,Repalle,Andhra Pradesh,N,Y,d
522290,Duggirala,Andhra Pradesh,Y,Y,d
522291,Mangalagiri,Andhra Pradesh,N,Y,d
522292,Duggirala,Andhra Pradesh,Y,Y,d
522293,Duggirala,Andhra Pradesh,N,Y,d
522294,Duggirala,Andhra Pradesh,Y,Y,d
522295,Duggirala,Andhra Pradesh,Y,Y,d
522296,Vinukonda,Andhra Pradesh,N,Y,d
522297,Duggirala,Andhra Pradesh,Y,Y,d
522298,Duggirala,Andhra Pradesh,Y,Y,d
522299,Duggirala,Andhra Pradesh,N,Y,d
522301,Tenali,Andhra Pradesh,Y,Y,d
522302,Guntur,Andhra Pradesh,Y,Y,d
522303,Guntur,Andhra Pradesh,Y,Y,d
522304,Tenali,Andhra Pradesh,Y,Y,d
522305,Guntur,Andhra Pradesh,Y,Y,d
522306,Tenali,Andhra Pradesh,Y,Y,d
522307,Tenali,Andhra Pradesh,Y,Y,d
522308,Tenali,Andhra Pradesh,Y,Y,d
522309,Ponnur,Andhra Pradesh,Y,Y,d
522310,Bapatla,Andhra Pradesh,Y,Y,d
522311,Ponnur,Andhra Pradesh,Y,Y,d
522312,Ponnur,Andhra Pradesh,Y,Y,d
522313,Tenali,Andhra Pradesh,Y,Y,d
522314,REPALLE REACH,Andhra Pradesh,Y,Y,d
522315,Ponnur,Andhra Pradesh,Y,Y,d
522316,Guntur,Andhra Pradesh,Y,Y,d
522317,Bapatla,Andhra Pradesh,Y,Y,d
522318,Ponnur,Andhra Pradesh,Y,Y,d
522320,Tenali,Andhra Pradesh,N,N,d
522321,Ponnur,Andhra Pradesh,N,Y,d
522324,Repalle,Andhra Pradesh,Y,Y,d
522325,Tenali,Andhra Pradesh,Y,Y,d
522326,Kolluru,Andhra Pradesh,N,N,d
522327,Kolluru,Andhra Pradesh,N,N,d
522328,Kolluru,Andhra Pradesh,N,N,d
522329,Bapatla,Andhra Pradesh,Y,Y,d
522330,Tenali,Andhra Pradesh,Y,Y,d
522332,Guntur,Andhra Pradesh,Y,Y,d
522340,Ponnur,Andhra Pradesh,N,Y,d
522341,Ponnur,Andhra Pradesh,Y,Y,d
522354,Guntur,Andhra Pradesh,Y,Y,d
522401,Sattenapalle,Andhra Pradesh,Y,Y,d
522402,Sattenapalle,Andhra Pradesh,Y,Y,d
522403,Sattenapalle,Andhra Pradesh,Y,Y,d
522404,Narasaraopet,Andhra Pradesh,N,N,d
522405,Sattenapalli,Andhra Pradesh,N,N,d
522406,Sattenapalli,Andhra Pradesh,N,N,d
522407,Guntur,Andhra Pradesh,N,N,d
522408,Narasaraopet,Andhra Pradesh,Y,Y,d
522409,Sattenapalle,Andhra Pradesh,N,Y,d
522410,Sattenapalle,Andhra Pradesh,N,Y,d
522411,Piduguralla,Andhra Pradesh,Y,Y,d
522412,Sattenapalle,Andhra Pradesh,Y,Y,d
522413,Piduguralla,Andhra Pradesh,Y,Y,d
522414,Dachepalle,Andhra Pradesh,Y,Y,d
522415,Dachepalle,Andhra Pradesh,Y,Y,d
522419,Dornal,Andhra Pradesh,N,N,d
522421,Macherla,Andhra Pradesh,Y,Y,d
522426,Macherla,Andhra Pradesh,Y,Y,d
522435,Piduguralla,Andhra Pradesh,Y,Y,d
522436,Guntur,Andhra Pradesh,Y,Y,d
522437,Piduguralla,Andhra Pradesh,Y,Y,d
522438,Guntur,Andhra Pradesh,Y,Y,d
522439,Macherla,Andhra Pradesh,Y,Y,d
522501,Guntur,Andhra Pradesh,Y,Y,d
522502,Guntur,Andhra Pradesh,Y,Y,d
522503,Guntur,Andhra Pradesh,Y,Y,d
522504,Guntur,Andhra Pradesh,N,N,d
522505,Guntur,Andhra Pradesh,N,N,d
522508,Guntur,Andhra Pradesh,Y,Y,d
522509,Guntur,Andhra Pradesh,Y,Y,d
522510,Guntur,Andhra Pradesh,Y,Y,d
522511,Mangalagiri,Andhra Pradesh,N,Y,d
522515,Guntur,Andhra Pradesh,Y,Y,d
522529,Guntur,Andhra Pradesh,Y,Y,d
522549,Narasaraopet,Andhra Pradesh,Y,Y,d
522550,Narasarao Pet,Andhra Pradesh,N,N,d
522551,Narasarao Pet,Andhra Pradesh,N,N,d
522601,Narasaraopet,Andhra Pradesh,Y,Y,d
522602,Narasaraopet,Andhra Pradesh,N,Y,d
522603,Narasaraopet,Andhra Pradesh,Y,Y,d
522605,Narasaraopet,Andhra Pradesh,N,N,d
522608,Ongole,Andhra Pradesh,Y,Y,d
522611,Chilakaluripet,Andhra Pradesh,Y,Y,d
522612,Macherla,Andhra Pradesh,Y,Y,d
522613,Macherla,Andhra Pradesh,Y,Y,d
522614,Piduguralla,Andhra Pradesh,Y,Y,d
522615,Piduguralla,Andhra Pradesh,Y,Y,d
522616,Chilakaluripet,Andhra Pradesh,Y,Y,d
522617,Narasaraopet,Andhra Pradesh,Y,Y,d
522619,Chilakaluripet,Andhra Pradesh,Y,Y,d
522620,Narasaraopet,Andhra Pradesh,N,N,d
522626,Chilakaluripet,Andhra Pradesh,Y,Y,d
522627,Martur,Andhra Pradesh,N,Y,d
522628,Martur,Andhra Pradesh,N,Y,d
522629,Martur,Andhra Pradesh,N,Y,d
522630,Vinukonda,Andhra Pradesh,N,Y,d
522631,Martur,Andhra Pradesh,N,Y,d
522632,Martur,Andhra Pradesh,N,N,d
522646,Vinukonda,Andhra Pradesh,Y,Y,d
522647,Vinukonda,Andhra Pradesh,Y,Y,d
522649,Vinukonda,Andhra Pradesh,Y,Y,d
522655,Repalle,Andhra Pradesh,N,Y,d
522657,Vinukonda,Andhra Pradesh,Y,Y,d
522658,Vinukonda,Andhra Pradesh,N,Y,d
522659,Vinukonda,Andhra Pradesh,Y,Y,d
522660,Vinukonda,Andhra Pradesh,Y,Y,d
522661,Narasaraopet,Andhra Pradesh,Y,Y,d
522663,Piduguralla,Andhra Pradesh,Y,Y,d
522668,Vinukonda,Andhra Pradesh,N,Y,d
523001,Ongole,Andhra Pradesh,Y,Y,d
523002,Ongole,Andhra Pradesh,Y,Y,d
523003,Kakinada,Andhra Pradesh,Y,Y,d
523101,Singarayakonda,Andhra Pradesh,Y,Y,d
523104,Singarayakonda,Andhra Pradesh,Y,Y,d
523105,Kandukur,Andhra Pradesh,Y,Y,d
523106,Singarayakonda,Andhra Pradesh,N,Y,d
523108,Pamuru,Andhra Pradesh,Y,Y,d
523109,Kandukur,Andhra Pradesh,Y,Y,d
523110,Pamuru,Andhra Pradesh,Y,Y,d
523111,Kanigiri,Andhra Pradesh,Y,Y,d
523112,Pamuru,Andhra Pradesh,Y,Y,d
523113,Kandukur,Andhra Pradesh,Y,Y,d
523114,Gudlluru,Andhra Pradesh,N,Y,d
523115,Kandukur,Andhra Pradesh,Y,Y,d
523116,Kandukur,Andhra Pradesh,Y,Y,d
523117,Kanigiri,Andhra Pradesh,Y,Y,d
523121,Kanigiri,Andhra Pradesh,Y,Y,d
523125,Singarayakonda,Andhra Pradesh,N,Y,d
523135,Addanki,Andhra Pradesh,Y,Y,d
523155,Chirala,Andhra Pradesh,Y,Y,d
523156,Chirala,Andhra Pradesh,Y,Y,d
523157,Chirala,Andhra Pradesh,Y,Y,d
523165,Chirala,Andhra Pradesh,Y,Y,d
523166,Chirala,Andhra Pradesh,Y,Y,d
523167,Martur,Andhra Pradesh,Y,Y,d
523168,Chirala,Andhra Pradesh,Y,Y,d
523169,Chirala,Andhra Pradesh,Y,Y,d
523170,Chirala,Andhra Pradesh,Y,Y,d
523171,Pedanandipadu,Andhra Pradesh,Y,Y,d
523180,Ongole,Andhra Pradesh,Y,Y,d
523181,Martur,Andhra Pradesh,Y,Y,d
523182,Ongole,Andhra Pradesh,Y,Y,d
523183,Ongole,Andhra Pradesh,Y,Y,d
523184,Chirala,Andhra Pradesh,Y,Y,d
523185,Martur,Andhra Pradesh,Y,Y,d
523186,Ongole,Andhra Pradesh,Y,Y,d
523187,Chirala,Andhra Pradesh,Y,Y,d
523188,Chirala,Andhra Pradesh,N,Y,d
523189,Chirala,Andhra Pradesh,Y,Y,d
523190,Martur,Andhra Pradesh,Y,Y,d
523194,Chirala,Andhra Pradesh,N,Y,d
523195,Chirala,Andhra Pradesh,N,Y,d
523201,Addanki,Andhra Pradesh,Y,Y,d
523205,Markapur,Andhra Pradesh,Y,Y,d
523211,Ongole,Andhra Pradesh,Y,Y,d
523212,Addanki,Andhra Pradesh,Y,Y,d
523213,Addanki,Andhra Pradesh,Y,Y,d
523214,Addanki,Andhra Pradesh,Y,Y,d
523216,Markapur,Andhra Pradesh,N,Y,d
523219,Medarametla,Andhra Pradesh,N,N,d
523223,Kanigiri,Andhra Pradesh,Y,Y,d
523224,Kanigiri,Andhra Pradesh,Y,Y,d
523225,Chimakurthy,Andhra Pradesh,Y,Y,d
523226,Chimakurthy,Andhra Pradesh,Y,Y,d
523227,Kanigiri,Andhra Pradesh,Y,Y,d
523228,KANIGIRI,Andhra Pradesh,N,N,d
523230,Kanigiri,Andhra Pradesh,Y,Y,d
523240,Podili,Andhra Pradesh,Y,Y,d
523241,Podili,Andhra Pradesh,Y,Y,d
523243,Podili,Andhra Pradesh,N,N,d
523245,Kanigiri,Andhra Pradesh,Y,Y,d
523246,Podili,Andhra Pradesh,Y,Y,d
523247,Podili,Andhra Pradesh,Y,Y,d
523252,PODILI,Andhra Pradesh,Y,Y,d
523253,Chimakurthy,Andhra Pradesh,Y,Y,d
523254,Kanigiri,Andhra Pradesh,Y,Y,d
523260,Martur,Andhra Pradesh,Y,Y,d
523261,Addanki,Andhra Pradesh,Y,Y,d
523262,Ongole,Andhra Pradesh,Y,Y,d
523263,Chimakurthy,Andhra Pradesh,Y,Y,d
523264,Chimakurthy,Andhra Pradesh,Y,Y,d
523265,Addanki,Andhra Pradesh,Y,Y,d
523267,Podili,Andhra Pradesh,N,N,d
523269,Throvagunta,Andhra Pradesh,N,N,d
523270,Kondapi,Andhra Pradesh,Y,Y,d
523271,Kandukur,Andhra Pradesh,Y,Y,d
523272,Ongole,Andhra Pradesh,Y,Y,d
523273,Kondapi,Andhra Pradesh,Y,Y,d
523274,Singarayakonda,Andhra Pradesh,Y,Y,d
523277,Tangutur,Andhra Pradesh,N,N,d
523279,Kondapi,Andhra Pradesh,Y,Y,d
523280,Ongole,Andhra Pradesh,Y,Y,d
523281,Kandukur,Andhra Pradesh,Y,Y,d
523285,Pamur,Andhra Pradesh,N,N,d
523286,Ongole,Andhra Pradesh,Y,Y,d
523291,Kandukur,Andhra Pradesh,Y,Y,d
523292,Singarayakonda,Andhra Pradesh,Y,Y,d
523297,Tangutur,Andhra Pradesh,N,N,d
523301,Martur,Andhra Pradesh,Y,Y,d
523302,Martur,Andhra Pradesh,Y,Y,d
523303,Addanki,Andhra Pradesh,Y,Y,d
523304,Markapur,Andhra Pradesh,Y,Y,d
523305,Markapur,Andhra Pradesh,Y,Y,d
523306,Donakonda,Andhra Pradesh,N,N,d
523307,Donakonda,Andhra Pradesh,N,N,d
523315,Markapur,Andhra Pradesh,Y,Y,d
523316,Markapur,Andhra Pradesh,Y,Y,d
523320,Markapur,Andhra Pradesh,Y,Y,d
523322,Ongole,Andhra Pradesh,N,N,d
523325,Ongole,Andhra Pradesh,N,N,d
523326,Yerragonda Palem,Andhra Pradesh,Y,Y,d
523327,Yerragonda Palem,Andhra Pradesh,Y,Y,d
523328,Yerragonda Palem,Andhra Pradesh,Y,Y,d
523329,Markapur,Andhra Pradesh,Y,Y,d
523330,Tripuranthakam,Andhra Pradesh,Y,Y,d
523331,Doranala,Andhra Pradesh,Y,Y,d
523332,Markapur,Andhra Pradesh,Y,Y,d
523333,CumbumAP,Andhra Pradesh,Y,Y,d
523334,CumbumAP,Andhra Pradesh,Y,Y,d
523335,Gowthavaram,Andhra Pradesh,Y,Y,d
523336,CumbumAP,Andhra Pradesh,Y,Y,d
523345,Giddalur,Andhra Pradesh,Y,Y,d
523346,Ongole,Dornala,Y,Y,d
523356,Giddalur,Andhra Pradesh,Y,Y,d
523357,Giddalur,Andhra Pradesh,Y,Y,d
523358,Komarolu,Andhra Pradesh,N,Y,d
523367,Giddalur,Andhra Pradesh,Y,Y,d
523368,Giddalur,Andhra Pradesh,Y,Y,d
523369,Giddalur,Andhra Pradesh,Y,Y,d
523370,Cumbumap,Andhra Pradesh,Y,Y,d
523371,Markapur,Andhra Pradesh,Y,Y,d
523372,Gowthavaram,Andhra Pradesh,N,Y,d
523373,Komarolu,Andhra Pradesh,Y,Y,d
523502,Ongole,Andhra Pradesh,N,N,d
524001,Nellore,Andhra Pradesh,Y,Y,d
524002,Nellore,Andhra Pradesh,Y,Y,d
524003,Nellore,Andhra Pradesh,Y,Y,d
524004,Nellore,Andhra Pradesh,Y,Y,d
524005,Nellore,Andhra Pradesh,Y,Y,d
524101,Gudur,Andhra Pradesh,Y,Y,d
524102,Nellore,Andhra Pradesh,N,Y,d
524103,Gudur,Andhra Pradesh,N,N,d
524121,Sullurupeta,Andhra Pradesh,Y,Y,d
524123,Sullurpeta,Sullurpeta,N,Y,d
524124,SULLURPETA,Andhra Pradesh,Y,Y,d
524126,Naidupeta,Andhra Pradesh,Y,Y,d
524127,Naidupeta,Andhra Pradesh,Y,Y,d
524129,Naidupeta,Andhra Pradesh,Y,Y,d
524131,Gudur,Andhra Pradesh,Y,Y,d
524132,Venkatagiri,Andhra Pradesh,Y,Y,d
524134,Venkatagiri,Andhra Pradesh,Y,Y,d
524137,Nellore,Andhra Pradesh,Y,Y,d
524142,Kavali,Andhra Pradesh,Y,Y,d
524152,Nellore,Andhra Pradesh,Y,Y,d
524201,Kavali,Andhra Pradesh,Y,Y,d
524202,Kavali,Andhra Pradesh,Y,Y,d
524203,Kavali,Andhra Pradesh,Y,Y,d
524204,Kavali,Andhra Pradesh,N,N,d
524205,Kavali,Andhra Pradesh,N,N,d
524206,Kavali,Andhra Pradesh,N,N,d
524207,Kavali,Andhra Pradesh,N,N,d
524221,VINJAMUR,Andhra Pradesh,Y,Y,d
524222,Udayagiri,Andhra Pradesh,Y,Y,d
524223,Kavali,Andhra Pradesh,Y,Y,d
524224,Kavali,Andhra Pradesh,Y,Y,d
524225,Kavali,Andhra Pradesh,Y,Y,d
524226,Udayagiri,Andhra Pradesh,Y,Y,d
524227,Pamuru,Andhra Pradesh,Y,Y,d
524228,Kavali,Andhra Pradesh,Y,Y,d
524230,Udayagiri,Andhra Pradesh,Y,Y,d
524234,Atmakur-Ap,Andhra Pradesh,Y,Y,d
524236,Pamuru,Andhra Pradesh,Y,Y,d
524239,Kavali,Andhra Pradesh,Y,Y,d
524240,Atmakur-Ap,Andhra Pradesh,Y,Y,d
524300,#REF!,#REF!,N,N,d
524301,Atmakur-Ap,Andhra Pradesh,Y,Y,d
524302,Kaluvaya,Andhra Pradesh,Y,Y,d
524303,Atmakur-Ap,Andhra Pradesh,Y,Y,d
524304,Atmakur-Ap,Andhra Pradesh,Y,Y,d
524305,Nellore,Andhra Pradesh,Y,Y,d
524306,Atmakur-Ap,Andhra Pradesh,Y,Y,d
524307,Atmakur-Ap,Andhra Pradesh,Y,Y,d
524308,Atmakur-Ap,Andhra Pradesh,Y,Y,d
524309,Nellore,Andhra Pradesh,Y,Y,d
524310,Udayagiri,Andhra Pradesh,Y,Y,d
524311,Nellore,Andhra Pradesh,Y,Y,d
524312,Udayagiri,Andhra Pradesh,Y,Y,d
524313,Nellore,Andhra Pradesh,Y,Y,d
524314,Nellore,Andhra Pradesh,Y,Y,d
524315,Nellore,Andhra Pradesh,Y,Y,d
524316,Nellore,Andhra Pradesh,Y,Y,d
524317,Atmakur-Ap,Andhra Pradesh,Y,Y,d
524318,Nellore,Andhra Pradesh,Y,Y,d
524319,Nellore,Andhra Pradesh,N,Y,d
524320,Sarvepalli,Andhra Pradesh,Y,Y,d
524321,Sarvepalli,Andhra Pradesh,Y,Y,d
524322,Atmakur-Ap,Andhra Pradesh,Y,Y,d
524323,Nellore,Andhra Pradesh,Y,Y,d
524324,UDAYAGIRI,Andhra Pradesh,N,N,d
524341,Atmakur-Ap,Andhra Pradesh,Y,Y,d
524342,Nellore,Andhra Pradesh,Y,Y,d
524343,Kaluvaya,Andhra Pradesh,Y,Y,d
524344,Sarvepalli,Andhra Pradesh,Y,Y,d
524345,Nellore,Andhra Pradesh,Y,Y,d
524346,Nellore,Andhra Pradesh,Y,Y,d
524347,Nellore,Andhra Pradesh,Y,Y,d
524366,Nellore,Andhra Pradesh,Y,Y,d
524401,Tada,Andhra Pradesh,Y,Y,d
524402,Naidupeta,Andhra Pradesh,Y,Y,d
524403,Vidyanagar,Andhra Pradesh,Y,Y,d
524404,Venkatagiri,Andhra Pradesh,Y,Y,d
524405,Gudur,Andhra Pradesh,Y,Y,d
524406,Gudur,Andhra Pradesh,Y,Y,d
524407,Gudur,Andhra Pradesh,Y,Y,d
524408,Podalakur,Andhra Pradesh,Y,Y,d
524409,Nellore,Andhra Pradesh,Y,Y,d
524410,Gudur,Andhra Pradesh,Y,Y,d
524411,Vidyanagar,Andhra Pradesh,Y,Y,d
524412,Gudur,Andhra Pradesh,Y,Y,d
524413,Vidyanagar,Andhra Pradesh,Y,Y,d
524414,Nellore,Andhra Pradesh,Y,Y,d
524415,Vidyanagar,Andhra Pradesh,Y,Y,d
524421,Naidupeta,Andhra Pradesh,Y,Y,d
524449,Venkatagiri,Andhra Pradesh,N,N,d
528101,Gadag-Betigeri,Karnataka,N,Y,d
530000,Visakhapatnam,Andhra Pradesh,N,Y,d
530001,Visakhapatnam,Andhra Pradesh,Y,Y,d
530002,Visakhapatnam,Andhra Pradesh,Y,Y,d
530003,Visakhapatnam,Andhra Pradesh,Y,Y,d
530004,Visakhapatnam,Andhra Pradesh,Y,Y,d
530005,Visakhapatnam,Andhra Pradesh,Y,Y,d
530006,Visakhapatnam,Andhra Pradesh,Y,Y,d
530007,Visakhapatnam,Andhra Pradesh,Y,Y,d
530008,Visakhapatnam,Andhra Pradesh,Y,Y,d
530009,Visakhapatnam,Andhra Pradesh,Y,Y,d
530010,Visakhapatnam,Andhra Pradesh,Y,Y,d
530011,Visakhapatnam,Andhra Pradesh,Y,Y,d
530012,Visakhapatnam,Andhra Pradesh,Y,Y,d
530013,Visakhapatnam,Andhra Pradesh,Y,Y,d
530014,Visakhapatnam,Andhra Pradesh,Y,Y,d
530015,Visakhapatnam,Andhra Pradesh,Y,Y,d
530016,Visakhapatnam,Andhra Pradesh,Y,Y,d
530017,Visakhapatnam,Andhra Pradesh,Y,Y,d
530018,Visakhapatnam,Andhra Pradesh,Y,Y,d
530019,Visakhapatnam,Andhra Pradesh,Y,Y,d
530020,Visakhapatnam,Andhra Pradesh,Y,Y,d
530021,Visakhapatnam,Andhra Pradesh,Y,Y,d
530022,Visakhapatnam,Andhra Pradesh,Y,Y,d
530023,Visakhapatnam,Andhra Pradesh,Y,Y,d
530024,Visakhapatnam,Andhra Pradesh,Y,Y,d
530025,Visakhapatnam,Andhra Pradesh,Y,Y,d
530026,Visakhapatnam,Andhra Pradesh,Y,Y,d
530027,Visakhapatnam,Andhra Pradesh,Y,Y,d
530028,Visakhapatnam,Andhra Pradesh,Y,Y,d
530029,Visakhapatnam,Andhra Pradesh,Y,Y,d
530030,Visakhapatnam,Andhra Pradesh,Y,Y,d
530031,Visakhapatnam,Andhra Pradesh,Y,Y,d
530032,Visakhapatnam,Andhra Pradesh,Y,Y,d
530033,Visakhapatnam,Andhra Pradesh,Y,Y,d
530034,Visakhapatnam,Andhra Pradesh,Y,Y,d
530035,Visakhapatnam,Andhra Pradesh,Y,Y,d
530036,Visakhapatnam,Andhra Pradesh,Y,Y,d
530037,Visakhapatnam,Andhra Pradesh,Y,Y,d
530038,Visakhapatnam,Andhra Pradesh,Y,Y,d
530039,Visakhapatnam,Andhra Pradesh,Y,Y,d
530040,Visakhapatnam,Andhra Pradesh,Y,Y,d
530041,Visakhapatnam,Andhra Pradesh,Y,Y,d
530042,VISAKHAPATNAM,Andhra Pradesh,Y,Y,d
530043,Visakhapatnam,Andhra Pradesh,Y,Y,d
530044,Visakhapatnam,Andhra Pradesh,Y,Y,d
530045,Visakhapatnam,Andhra Pradesh,Y,Y,d
530046,Visakhapatnam,Andhra Pradesh,Y,Y,d
530047,Gopalapatnam,Andhra Pradesh,Y,Y,d
530048,Visakhapatnam,Andhra Pradesh,Y,Y,d
530049,Visakhapatnam,Andhra Pradesh,Y,Y,d
530051,Gopalapatnam,Andhra Pradesh,Y,Y,d
530052,Bheemunipatnam,Andhra Pradesh,Y,Y,d
530053,Visakhapatnam,Andhra Pradesh,Y,Y,d
530056,#REF!,#REF!,N,N,d
530057,Visakhapatnam,Andhra Pradesh,Y,Y,d
530058,Visakhapatnam,Andhra Pradesh,N,N,d
530059,#REF!,#REF!,N,N,d
530331,Indore,Madhya Pradesh,N,N,d
531001,Anakapalle,Andhra Pradesh,Y,Y,d
531002,Anakapalle,Andhra Pradesh,Y,Y,d
531011,Anakapalle,Andhra Pradesh,Y,Y,d
531019,Visakhapatnam,Andhra Pradesh,Y,Y,d
531020,Anakapalle,Andhra Pradesh,Y,Y,d
531021,Anakapalle,Andhra Pradesh,Y,Y,d
531022,Anakapalle,Andhra Pradesh,Y,Y,d
531023,Chodavaram,Andhra Pradesh,Y,Y,d
531024,Paderu,Andhra Pradesh,Y,Y,d
531025,Chodavaram,Andhra Pradesh,Y,Y,d
531026,Chodavaram,Andhra Pradesh,Y,Y,d
531027,Chodavaram,Andhra Pradesh,Y,Y,d
531028,Chodavaram,Andhra Pradesh,Y,Y,d
531029,Paderu,Andhra Pradesh,N,Y,d
531030,Chodavaram,Andhra Pradesh,Y,Y,d
531031,Anakapalle,Andhra Pradesh,Y,Y,d
531032,Anakapalle,Andhra Pradesh,Y,Y,d
531033,Anakapalle,Andhra Pradesh,Y,Y,d
531034,Chodavaram,Andhra Pradesh,Y,Y,d
531035,Anakapalle,Andhra Pradesh,Y,Y,d
531036,Chodavaram,Andhra Pradesh,Y,Y,d
531039,Visakhapatnam,Andhra Pradesh,N,N,d
531040,Pedabayalu,Andhra Pradesh,Y,Y,d
531041,Guntur,Andhra Pradesh,N,N,d
531043,Visakhapatnam,Andhra Pradesh,N,N,d
531046,Visakhapatnam,Andhra Pradesh,N,N,d
531047,Anakapalle,Andhra Pradesh,N,N,d
531049,Visakhapatnam,Andhra Pradesh,N,N,d
531051,Yelamanchili,Andhra Pradesh,N,N,d
531053,Yellamanchilli,Andhra Pradesh,N,N,d
531054,Yelamanchili,Andhra Pradesh,N,N,d
531055,Yellamanchili,Andhra Pradesh,Y,Y,d
531056,Yelamanchili,Andhra Pradesh,N,N,d
531057,Yelamanchili,Andhra Pradesh,N,N,d
531060,Yellamanchili,Andhra Pradesh,Y,Y,d
531061,Rambilli,Andhra Pradesh,Y,Y,d
531062,Yelamanchili,Andhra Pradesh,N,N,d
531064,Yelamanchili,Andhra Pradesh,N,N,d
531072,Visakhapatnam,Andhra Pradesh,N,N,d
531075,Chodavaram,Andhra Pradesh,Y,Y,d
531077,Paderu,Andhra Pradesh,Y,Y,d
531078,Visakhapatnam,Andhra Pradesh,N,N,d
531079,Guntur,Andhra Pradesh,N,N,d
531081,Koruprolu,Andhra Pradesh,Y,Y,d
531082,Koruprolu,Andhra Pradesh,Y,Y,d
531083,Koruprolu,Andhra Pradesh,Y,Y,d
531084,Narsipatnam,Andhra Pradesh,Y,Y,d
531085,Narsipatnam,Andhra Pradesh,Y,Y,d
531086,Visakhapatnam,Andhra Pradesh,N,N,d
531087,Koyyuru,Andhra Pradesh,N,Y,d
531091,Parvathipuram,Andhra Pradesh,N,Y,d
531101,West Godavari,Andhra Pradesh,N,N,d
531105,GUDEM KOTHA VEEDHI,Andhra Pradesh,N,N,d
531108,West Godavari,Andhra Pradesh,N,N,d
531110,Rajahmundry,Andhra Pradesh,N,N,d
531111,Chintapalli,Andhra Pradesh,Y,Y,d
531112,Visakhapatnam,Andhra Pradesh,N,N,d
531113,Narsipatnam,Andhra Pradesh,Y,Y,d
531114,Narsipatnam,Andhra Pradesh,Y,Y,d
531115,Narsipatnam,Andhra Pradesh,Y,Y,d
531116,Narsipatnam,Andhra Pradesh,Y,Y,d
531117,Narsipatnam,Andhra Pradesh,Y,Y,d
531118,Narsipatnam,Andhra Pradesh,Y,Y,d
531120,Visakhapatnam,Andhra Pradesh,N,N,d
531126,Tuni,Andhra Pradesh,Y,Y,d
531127,Tuni,Andhra Pradesh,Y,Y,d
531131,West Godavari,Andhra Pradesh,N,N,d
531133,Chintapalli,Andhra Pradesh,Y,Y,d
531135,Chodavaram,Andhra Pradesh,N,Y,d
531145,Araku,Andhra Pradesh,Y,Y,d
531148,Bheemunipatnam,Andhra Pradesh,Y,Y,d
531149,Araku,Andhra Pradesh,Y,Y,d
531151,Araku,Andhra Pradesh,Y,Y,d
531161,Bheemunipatnam,Andhra Pradesh,Y,Y,d
531162,Bheemunipatnam,Andhra Pradesh,Y,Y,d
531163,Bheemunipatnam,Andhra Pradesh,Y,Y,d
531165,Bheemunipatnam,Andhra Pradesh,N,Y,d
531168,Bheemunipatnam,Andhra Pradesh,N,Y,d
531172,Bheemunipatnam,Andhra Pradesh,N,Y,d
531173,Pendurthi,Andhra Pradesh,Y,Y,d
531183,Visakhapatnam,Andhra Pradesh,N,N,d
531201,Bhimavaram,Andhra Pradesh,Y,Y,d
531202,Therlam,Andhra Pradesh,N,N,d
531203,Vizianagaram,Andhra Pradesh,N,N,d
531204,Vizianagaram,Andhra Pradesh,N,N,d
531208,Vishakapatnam,Andhra Pradesh,N,N,d
531210,Vizianagaram,Andhra Pradesh,N,N,d
531211,Tanuku,Andhra Pradesh,N,N,d
531212,Tanuku,Andhra Pradesh,N,N,d
531213,Tanuku,Andhra Pradesh,N,N,d
531214,Tanuku,Andhra Pradesh,N,N,d
531215,Tanuku,Andhra Pradesh,N,N,d
531216,Bhogapuram,Andhra Pradesh,N,N,d
531217,Vizianagaram,Andhra Pradesh,N,N,d
531218,Bheemunipatnam,Andhra Pradesh,Y,Y,d
531219,Bheemunipatnam,Andhra Pradesh,Y,Y,d
531220,Vizianagaram,Andhra Pradesh,N,N,d
531221,Gajapathinagaram,Andhra Pradesh,N,Y,d
531222,Vizianagaram,Andhra Pradesh,N,N,d
531223,Vizianagaram,Andhra Pradesh,N,N,d
531224,Vizianagaram,Andhra Pradesh,N,N,d
531225,Vizianagaram,Andhra Pradesh,N,N,d
531226,Vizianagaram,Andhra Pradesh,N,N,d
531227,Vizianagaram,Andhra Pradesh,N,N,d
531229,Vizianagaram,Andhra Pradesh,N,N,d
531230,Kandukuru,Andhra Pradesh,N,N,d
531231,Vizianagaram,Andhra Pradesh,N,N,d
531232,Vizianagaram,Andhra Pradesh,N,N,d
531234,Vizianagaram,Andhra Pradesh,N,N,d
531235,Vizianagaram,Andhra Pradesh,N,N,d
531236,Vizianagaram,Andhra Pradesh,N,N,d
531237,Vizianagaram,Andhra Pradesh,N,N,d
531238,Vizianagaram,Andhra Pradesh,N,N,d
531239,Vizianagaram,Andhra Pradesh,N,N,d
531240,Kothavalasa,Andhra Pradesh,N,N,d
531241,Bhogapuram,Andhra Pradesh,N,N,d
531242,Gajapathinagaram,Andhra Pradesh,N,Y,d
531250,Srungavarapukota,Andhra Pradesh,N,N,d
531270,Gajapathinagaram,Andhra Pradesh,N,Y,d
531273,Gajapathinagaram,Andhra Pradesh,N,Y,d
531281,Chodavaram,Andhra Pradesh,N,Y,d
531303,Vizianagaram,Andhra Pradesh,N,N,d
532001,Srikakulam,Andhra Pradesh,Y,Y,d
532002,Srikakulam,Andhra Pradesh,N,N,d
532003,Srikakulam,Andhra Pradesh,N,N,d
532004,Srikakulam,Andhra Pradesh,N,N,d
532005,Srikakulam,Andhra Pradesh,Y,Y,d
532015,Narasannapeta,Andhra Pradesh,N,N,d
532100,Rajam,Andhra Pradesh,N,Y,d
532101,Amadalavalasa,Andhra Pradesh,N,N,d
532102,Rajam,Andhra Pradesh,N,Y,d
532122,Rajam,Andhra Pradesh,Y,Y,d
532123,Srikakulam,Andhra Pradesh,Y,Y,d
532124,Rajam,Andhra Pradesh,N,Y,d
532125,Rajam,Andhra Pradesh,N,Y,d
532126,Rajam,Andhra Pradesh,N,Y,d
532127,Rajam,Andhra Pradesh,Y,Y,d
532128,Rajam,Andhra Pradesh,Y,Y,d
532134,Rajam,Andhra Pradesh,N,N,d
532148,Rajam,Andhra Pradesh,Y,Y,d
532167,#REF!,#REF!,N,N,d
532168,Rajam,Andhra Pradesh,Y,Y,d
532185,Srikakulam,Andhra Pradesh,Y,Y,d
532186,Srikakulam,Andhra Pradesh,Y,Y,d
532187,#REF!,#REF!,N,N,d
532189,Amadalavalasa,Andhra Pradesh,N,N,d
532190,Palakonda,Andhra Pradesh,Y,Y,d
532195,Tekkali,Andhra Pradesh,Y,Y,d
532201,Tekkali,Andhra Pradesh,Y,Y,d
532202,Rajam,Andhra Pradesh,N,Y,d
532203,Tekkali,Andhra Pradesh,Y,Y,d
532204,#REF!,#REF!,N,N,d
532205,Tekkali,Andhra Pradesh,N,Y,d
532206,Tekkali,Andhra Pradesh,N,Y,d
532207,Tekkali,Andhra Pradesh,N,Y,d
532208,Tekkali,Andhra Pradesh,N,Y,d
532209,Tekkali,Andhra Pradesh,N,Y,d
532211,Palasa,Andhra Pradesh,Y,Y,d
532212,Palasa,Andhra Pradesh,Y,Y,d
532213,Pathapatnam,Andhra Pradesh,Y,Y,d
532214,Pathapatnam,Andhra Pradesh,Y,Y,d
532215,TEKKALI,Andhra Pradesh,Y,Y,d
532216,Pathapatnam,Andhra Pradesh,Y,Y,d
532218,Palasa,Andhra Pradesh,Y,Y,d
532219,Palasa,Andhra Pradesh,Y,Y,d
532220,Palasa,Andhra Pradesh,Y,Y,d
532221,Palasa,Andhra Pradesh,Y,Y,d
532222,Palasa,Andhra Pradesh,Y,Y,d
532242,Palasa,Andhra Pradesh,Y,Y,d
532243,Palasa,Andhra Pradesh,Y,Y,d
532244,Mandasa,Andhra Pradesh,N,Y,d
532263,Palasa,Andhra Pradesh,Y,Y,d
532264,Sompeta,Andhra Pradesh,Y,Y,d
532265,Rajam,Andhra Pradesh,N,Y,d
532270,Kondapi,Andhra Pradesh,N,N,d
532284,Sompeta,Andhra Pradesh,Y,Y,d
532290,Sompeta,Andhra Pradesh,Y,Y,d
532291,Sompeta,Andhra Pradesh,Y,Y,d
532292,Sompeta,Andhra Pradesh,Y,Y,d
532293,Ichapuram,Andhra Pradesh,N,Y,d
532294,Ichapuram,Andhra Pradesh,N,Y,d
532312,Ichchapuram,Andhra Pradesh,Y,Y,d
532313,Kaviti Ap,Andhra Pradesh,N,Y,d
532314,Kaviti Ap,Andhra Pradesh,N,Y,d
532322,Sompeta,Andhra Pradesh,Y,Y,d
532323,Ichapuram,Andhra Pradesh,N,Y,d
532401,Srikakulam,Andhra Pradesh,Y,Y,d
532402,Srikakulam,Andhra Pradesh,Y,Y,d
532403,Srikakulam,Andhra Pradesh,Y,Y,d
532404,Srikakulam,Andhra Pradesh,Y,Y,d
532405,AMADALAVALASA,Andhra Pradesh,Y,Y,d
532406,AMADALAVALASA,Andhra Pradesh,Y,Y,d
532407,Ranastalam,Andhra Pradesh,Y,Y,d
532408,Srikakulam,Andhra Pradesh,Y,Y,d
532409,Ranastalam,Andhra Pradesh,Y,Y,d
532410,Srikakulam,Andhra Pradesh,Y,Y,d
532417,Srikakulam,Andhra Pradesh,N,N,d
532421,Narasannapeta,Andhra Pradesh,Y,Y,d
532422,Narasannapeta,Andhra Pradesh,N,N,d
532425,Narasannapeta,Andhra Pradesh,Y,Y,d
532426,NARASANNAPETA,Andhra Pradesh,Y,Y,d
532427,Narasannapeta,Andhra Pradesh,Y,Y,d
532428,Kotturu,Andhra Pradesh,Y,Y,d
532429,Narasannapeta,Andhra Pradesh,Y,Y,d
532430,Narasannapeta,Andhra Pradesh,Y,Y,d
532432,Narasannapeta,Andhra Pradesh,Y,Y,d
532440,Palakonda,Andhra Pradesh,Y,Y,d
532443,Palakonda,Andhra Pradesh,Y,Y,d
532445,Palakonda,Andhra Pradesh,Y,Y,d
532455,Palakonda,Andhra Pradesh,Y,Y,d
532456,Kotturu-Ap,Andhra Pradesh,Y,Y,d
532457,Kotturu-AP,Andhra Pradesh,Y,Y,d
532458,Srikakulam,Andhra Pradesh,N,Y,d
532459,Kotturu-Ap,Andhra Pradesh,Y,Y,d
532460,Palakonda,Andhra Pradesh,Y,Y,d
532461,Palakonda,Andhra Pradesh,Y,Y,d
532462,Palakonda,Andhra Pradesh,Y,Y,d
532464,Yanam,Pondicherry,N,Y,d
532470,Rajam,Andhra Pradesh,N,Y,d
532474,Narasannapeta,Andhra Pradesh,Y,Y,d
532484,Srikakulam,Andhra Pradesh,Y,Y,d
532485,Srikakulam,Andhra Pradesh,N,N,d
532501,Parvathipuram,Andhra Pradesh,Y,Y,d
532502,Narsipuram,Andhra Pradesh,Y,Y,d
532521,Parvathipuram,Andhra Pradesh,N,Y,d
532522,Narsipuram,Andhra Pradesh,Y,Y,d
532523,Parvathipuram,Andhra Pradesh,N,Y,d
532524,Parvathipuram,Andhra Pradesh,N,Y,d
532525,Gajapathinagaram,Andhra Pradesh,N,Y,d
532526,Parvathipuram,Andhra Pradesh,N,Y,d
532527,Narsipuram,Andhra Pradesh,Y,Y,d
532534,Parvathipuram,Andhra Pradesh,N,Y,d
532547,Salur,Andhra Pradesh,N,Y,d
532550,Palakonda,Andhra Pradesh,N,N,d
532557,Rajam,Andhra Pradesh,N,N,d
532558,Bobbili,Andhra Pradesh,Y,Y,d
532560,Chinabhogili,Andhra Pradesh,N,Y,d
532562,Chinabhogili,Andhra Pradesh,N,Y,d
532573,Bobbili,Andhra Pradesh,N,N,d
532578,Salur,Andhra Pradesh,N,Y,d
532579,Salur,Andhra Pradesh,Y,Y,d
532580,Gajapathinagaram,Andhra Pradesh,N,Y,d
532591,Salur,Andhra Pradesh,Y,Y,d
532592,Salur,Andhra Pradesh,N,Y,d
532593,Salur,Andhra Pradesh,N,Y,d
532599,Repalle,Andhra Pradesh,N,Y,d
532612,Srikakulam,Andhra Pradesh,N,N,d
532617,Repalle,Andhra Pradesh,N,Y,d
532663,Srikakulam,Andhra Pradesh,N,N,d
533000,Krishna,Andhra Pradesh,N,N,d
533001,Kakinada,Andhra Pradesh,Y,Y,d
533002,Kakinada,Andhra Pradesh,Y,Y,d
533003,Kakinada,Andhra Pradesh,Y,Y,d
533004,Kakinada,Andhra Pradesh,Y,Y,d
533005,Kakinada,Andhra Pradesh,Y,Y,d
533006,Kakinada,Andhra Pradesh,Y,Y,d
533007,Kakinada,Andhra Pradesh,Y,Y,d
533008,Kakinada,Andhra Pradesh,Y,Y,d
533009,Srikakulam,Andhra Pradesh,N,N,d
533014,Kakinada,Andhra Pradesh,N,N,d
533016,Kakinada,Andhra Pradesh,Y,Y,d
533101,Rajahmundry,Andhra Pradesh,Y,Y,d
533102,Rajahmundry,Andhra Pradesh,Y,Y,d
533103,Rajahmundry,Andhra Pradesh,Y,Y,d
533104,Rajahmundry,Andhra Pradesh,Y,Y,d
533105,Rajahmundry,Andhra Pradesh,Y,Y,d
533106,Rajahmundry,Andhra Pradesh,Y,Y,d
533107,Rajahmundry,Andhra Pradesh,Y,Y,d
533108,RAJAHMUNDRY,Andhra Pradesh,N,N,d
533109,RAJAHMUNDRY,Andhra Pradesh,N,N,d
533121,Visakhapatnam,Andhra Pradesh,N,N,d
533122,East Godavari,Andhra Pradesh,N,N,d
533124,Rajahmundry,Andhra Pradesh,Y,Y,d
533125,Rajahmundry,Andhra Pradesh,Y,Y,d
533126,Rajahmundry,Andhra Pradesh,Y,Y,d
533133,Kadiyam,Andhra Pradesh,N,N,d
533137,Kakinada,Andhra Pradesh,N,N,d
533201,Amalapuram,Andhra Pradesh,Y,Y,d
533202,Amalapuram,Andhra Pradesh,Y,Y,d
533203,Amalapuram,Andhra Pradesh,N,Y,d
533210,Amalapuram,Andhra Pradesh,Y,Y,d
533211,Amalapuram,Andhra Pradesh,Y,Y,d
533212,Amalapuram,Andhra Pradesh,Y,Y,d
533213,Amalapuram,Andhra Pradesh,Y,Y,d
533214,Amalapuram,Andhra Pradesh,Y,Y,d
533215,Amalapuram,Andhra Pradesh,Y,Y,d
533216,Amalapuram,Andhra Pradesh,Y,Y,d
533217,Amalapuram,Andhra Pradesh,Y,Y,d
533218,Amalapuram,Andhra Pradesh,Y,Y,d
533219,KADIAM,Andhra Pradesh,N,N,d
533220,Sunkara Palem,Andhra Pradesh,Y,Y,d
533221,Amalapuram,Andhra Pradesh,Y,Y,d
533222,Amalapuram,Andhra Pradesh,Y,Y,d
533223,Ravulapalem,Andhra Pradesh,Y,Y,d
533224,Ambajipet,Andhra Pradesh,N,N,d
533225,Mummidivaram,Andhra Pradesh,N,Y,d
533226,Narasaraopet,Andhra Pradesh,Y,Y,d
533227,Mummidivaram,Andhra Pradesh,N,Y,d
533228,Mandapeta,Andhra Pradesh,Y,Y,d
533229,Ravulapalem,Andhra Pradesh,Y,Y,d
533230,Ravulapalem,Andhra Pradesh,Y,Y,d
533232,Mandapeta,Andhra Pradesh,Y,Y,d
533233,Mandapeta,Andhra Pradesh,Y,Y,d
533234,Mandapeta,Andhra Pradesh,Y,Y,d
533235,Ravulapalem,Andhra Pradesh,Y,Y,d
533236,Ravulapalem,Andhra Pradesh,Y,Y,d
533237,Ravulapalem,Andhra Pradesh,Y,Y,d
533238,Ravulapalem,Andhra Pradesh,Y,Y,d
533239,Amalapuram,Andhra Pradesh,Y,Y,d
533240,Razole,Andhra Pradesh,Y,Y,d
533241,Amalapuram,Andhra Pradesh,Y,Y,d
533242,Razole,Andhra Pradesh,Y,Y,d
533243,Kothapeta,Andhra Pradesh,N,N,d
533244,Razole,Andhra Pradesh,Y,Y,d
533247,Razole,Andhra Pradesh,Y,Y,d
533248,Razole,Andhra Pradesh,Y,Y,d
533249,Razole,Andhra Pradesh,Y,Y,d
533250,Razole,Andhra Pradesh,Y,Y,d
533251,Narsapur,Andhra Pradesh,Y,Y,d
533252,Razole,Andhra Pradesh,Y,Y,d
533253,Razole,Andhra Pradesh,Y,Y,d
533254,Razole,Andhra Pradesh,Y,Y,d
533255,Draksharamam,Andhra Pradesh,Y,Y,d
533256,Draksharamam,Andhra Pradesh,Y,Y,d
533258,Razole,Andhra Pradesh,N,N,d
533260,Draksharamam,Andhra Pradesh,Y,Y,d
533261,Mandapeta,Andhra Pradesh,Y,Y,d
533262,Draksharamam,Andhra Pradesh,Y,Y,d
533263,Draksharamam,Andhra Pradesh,Y,Y,d
533264,Mandapeta,Andhra Pradesh,Y,Y,d
533271,Mandapeta,Andhra Pradesh,N,Y,d
533274,Amalapuram,Andhra Pradesh,Y,Y,d
533284,Addateegala,Andhra Pradesh,Y,Y,d
533285,Gokavaram,Andhra Pradesh,Y,Y,d
533286,Gokavaram,Andhra Pradesh,Y,Y,d
533287,Gokavaram,Andhra Pradesh,Y,Y,d
533288,Rampachodavaram,Andhra Pradesh,Y,Y,d
533289,Gokavaram,Andhra Pradesh,Y,Y,d
533290,Gokavaram,Andhra Pradesh,Y,Y,d
533291,Samarlakota,Andhra Pradesh,Y,Y,d
533292,Gokavaram,Andhra Pradesh,Y,Y,d
533293,Rajahmundry,Andhra Pradesh,Y,Y,d
533294,Rajahmundry,Andhra Pradesh,Y,Y,d
533295,Rampachodavaram,Andhra Pradesh,Y,Y,d
533296,Rajahmundry,Andhra Pradesh,Y,Y,d
533297,Rajahmundry,Andhra Pradesh,Y,Y,d
533305,Draksharamam,Andhra Pradesh,Y,Y,d
533306,Draksharamam,Andhra Pradesh,Y,Y,d
533307,Mandapeta,Andhra Pradesh,Y,Y,d
533308,Mandapeta,Andhra Pradesh,Y,Y,d
533309,Mandapeta,Andhra Pradesh,Y,Y,d
533333,Rajahmundry,Andhra Pradesh,N,N,d
533339,Rampachodavaram,Andhra Pradesh,N,Y,d
533340,Mandapeta,Andhra Pradesh,Y,Y,d
533341,Mandapeta,Andhra Pradesh,Y,Y,d
533342,Mandapeta,Andhra Pradesh,Y,Y,d
533343,Bikkavolu,Andhra Pradesh,Y,Y,d
533344,Bikkavolu,Andhra Pradesh,Y,Y,d
533345,Mandapeta,Andhra Pradesh,Y,Y,d
533346,Mandapeta,Andhra Pradesh,Y,Y,d
533347,Chintoor,Telangana,Y,Y,d
533348,#REF!,#REF!,N,N,d
533349,Rajanagaram Reach,Andhra Pradesh,N,Y,d
533350,Rajanagaram Reach,Andhra Pradesh,N,Y,d
533351,Rajanagaram Reach,Andhra Pradesh,N,Y,d
533352,Nellipaka,Andhra Pradesh,Y,Y,d
533353,#REF!,#REF!,N,N,d
533354,#REF!,#REF!,N,N,d
533355,#REF!,#REF!,N,N,d
533400,Rajahmundry,Andhra Pradesh,N,N,d
533401,Tuni,Andhra Pradesh,Y,Y,d
533402,Tuni,Andhra Pradesh,N,N,d
533406,Kathipudi,Andhra Pradesh,Y,Y,d
533407,Tuni,Andhra Pradesh,Y,Y,d
533408,Tuni,Andhra Pradesh,Y,Y,d
533409,Rajahmundry,Andhra Pradesh,N,N,d
533410,Tuni,Andhra Pradesh,Y,Y,d
533428,Addateegala,Andhra Pradesh,Y,Y,d
533429,Yerravaram,Andhra Pradesh,Y,Y,d
533430,Yerravaram,Andhra Pradesh,Y,Y,d
533431,Yerravaram,Andhra Pradesh,Y,Y,d
533432,Yerravaram,Andhra Pradesh,Y,Y,d
533433,Samarlakota,Andhra Pradesh,Y,Y,d
533434,Samarlakota,Andhra Pradesh,Y,Y,d
533435,Samarlakota,Andhra Pradesh,Y,Y,d
533436,Koyyuru,Andhra Pradesh,N,Y,d
533437,Samarlakota,Andhra Pradesh,Y,Y,d
533439,Peddapuram,Andhra Pradesh,N,N,d
533440,Samarlakota,Andhra Pradesh,Y,Y,d
533441,Samalkot,Andhra Pradesh,N,N,d
533444,Kathipudi,Andhra Pradesh,Y,Y,d
533445,Yerravaram,Andhra Pradesh,Y,Y,d
533446,Kathipudi,Andhra Pradesh,Y,Y,d
533447,Kothapalli,Andhra Pradesh,Y,Y,d
533448,Kothapalli,Andhra Pradesh,Y,Y,d
533449,Kathipudi,Andhra Pradesh,Y,Y,d
533450,Samarlakota,Andhra Pradesh,Y,Y,d
533451,#REF!,#REF!,N,N,d
533455,Sankhavaram,Andhra Pradesh,N,Y,d
533456,Sankhavaram,Andhra Pradesh,N,Y,d
533457,Samalkot,Andhra Pradesh,N,N,d
533460,Samarlakota,Andhra Pradesh,Y,Y,d
533461,Kakinada,Andhra Pradesh,Y,Y,d
533462,Kakinada,Andhra Pradesh,Y,Y,d
533463,Sunkara Palem,Andhra Pradesh,Y,Y,d
533464,Sunkara Palem,Andhra Pradesh,Y,Y,d
533465,Yanam,Andhra Pradesh,N,N,d
533466,Yanam,Andhra Pradesh,N,N,d
533467,Yanam,Andhra Pradesh,N,N,d
533468,Draksharamam,Andhra Pradesh,Y,Y,d
533483,Addateegala,Andhra Pradesh,Y,Y,d
533501,Challa Palli,Andhra Pradesh,N,N,d
533502,Mummidivaram,Andhra Pradesh,N,Y,d
533503,Rajahmundry,Andhra Pradesh,Y,Y,d
533506,Challa Palli,Andhra Pradesh,N,N,d
533514,Mummidivaram,Andhra Pradesh,N,Y,d
533524,Amalapuram,Andhra Pradesh,N,N,d
533540,Parvathipuram,Andhra Pradesh,N,N,d
533541,Cumbum,Andhra Pradesh,N,Y,d
533551,Vinukonda,Andhra Pradesh,N,Y,d
533554,Mummidivaram,Andhra Pradesh,N,Y,d
533560,Kathipudi,Andhra Pradesh,N,Y,d
533566,Amalapuram,Andhra Pradesh,N,N,d
533577,Amalapuram,Andhra Pradesh,Y,Y,d
533622,Rampachodavaram,Andhra Pradesh,N,Y,d
533644,Rampachodavaram,Andhra Pradesh,N,Y,d
533647,Vinukonda,Andhra Pradesh,N,N,d
534000,Eluru,Andhra Pradesh,Y,Y,d
534001,Eluru,Andhra Pradesh,Y,Y,d
534002,Eluru,Andhra Pradesh,Y,Y,d
534003,Eluru,Andhra Pradesh,Y,Y,d
534004,Eluru,Andhra Pradesh,Y,Y,d
534005,Eluru,Andhra Pradesh,Y,Y,d
534006,Eluru,Andhra Pradesh,Y,Y,d
534007,Eluru,Andhra Pradesh,Y,Y,d
534008,#REF!,#REF!,N,N,d
534015,Eluru,Andhra Pradesh,Y,Y,d
534101,Tadepalligudem,Andhra Pradesh,Y,Y,d
534102,Tadepalligudem,Andhra Pradesh,Y,Y,d
534108,Tadepalligudem,Andhra Pradesh,N,Y,d
534111,Nallajerla,Andhra Pradesh,Y,Y,d
534112,Nallajerla,Andhra Pradesh,Y,Y,d
534116,Tadepalligudem,Andhra Pradesh,N,Y,d
534122,Penugonda,Andhra Pradesh,Y,Y,d
534123,Penugonda,Andhra Pradesh,Y,Y,d
534124,Tanuku,Andhra Pradesh,Y,Y,d
534125,Achanta,Andhra Pradesh,N,Y,d
534126,Penugonda,Andhra Pradesh,Y,Y,d
534127,Achanta,Andhra Pradesh,N,Y,d
534129,Achanta,Andhra Pradesh,N,Y,d
534131,Gudivada,Andhra Pradesh,N,N,d
534134,Tanuku,Andhra Pradesh,Y,Y,d
534137,Tadepalligudem,Andhra Pradesh,N,Y,d
534145,Tadepalligudem,Andhra Pradesh,Y,Y,d
534146,Tadepalligudem,Andhra Pradesh,Y,Y,d
534150,Tadepallegudem,Andhra Pradesh,N,N,d
534156,Tanuku,Andhra Pradesh,Y,Y,d
534160,Tadepalligudem,Andhra Pradesh,N,Y,d
534165,Tadepalligudem,Andhra Pradesh,Y,Y,d
534166,Tadepalligudem,Andhra Pradesh,Y,Y,d
534176,Nallajerla,Andhra Pradesh,Y,Y,d
534186,Bhimavaram,Andhra Pradesh,Y,Y,d
534195,Ganapavaram,Andhra Pradesh,Y,Y,d
534196,Tadepalligudem,Andhra Pradesh,Y,Y,d
534197,Tadepalligudem,Andhra Pradesh,Y,Y,d
534198,Ganapavaram,Andhra Pradesh,Y,Y,d
534199,Bhimavaram,Andhra Pradesh,Y,Y,d
534201,Bhimavaram,Andhra Pradesh,Y,Y,d
534202,Bhimavaram,Andhra Pradesh,Y,Y,d
534203,Bhimavaram,Andhra Pradesh,Y,Y,d
534204,Bhimavaram,Andhra Pradesh,Y,Y,d
534206,Bhimavaram,Andhra Pradesh,Y,Y,d
534207,Bhimavaram,Andhra Pradesh,Y,Y,d
534208,Bhimavaram,Andhra Pradesh,Y,Y,d
534209,Bhimavaram,Andhra Pradesh,Y,Y,d
534210,Bhimavaram,Andhra Pradesh,Y,Y,d
534211,Tanuku,Andhra Pradesh,Y,Y,d
534212,Tanuku,Andhra Pradesh,N,N,d
534213,Tanuku,Andhra Pradesh,N,N,d
534214,Tanuku,Andhra Pradesh,N,N,d
534215,Tanuku,Andhra Pradesh,Y,Y,d
534216,Tanuku,Andhra Pradesh,Y,Y,d
534217,Tanuku,Andhra Pradesh,Y,Y,d
534218,Tanuku,Andhra Pradesh,Y,Y,d
534222,Tanuku,Andhra Pradesh,Y,Y,d
534224,Bhimavaram,Andhra Pradesh,N,N,d
534225,Tanuku,Andhra Pradesh,Y,Y,d
534227,Tanuku,Andhra Pradesh,Y,Y,d
534229,Kovvur,Andhra Pradesh,Y,Y,d
534230,Bhimavaram,Andhra Pradesh,Y,Y,d
534235,Kaikaluru,Andhra Pradesh,Y,Y,d
534236,Bhimavaram,Andhra Pradesh,Y,Y,d
534237,Bhimavaram,Andhra Pradesh,Y,Y,d
534238,Bhimavaram,Andhra Pradesh,Y,Y,d
534239,Bhimavaram,Andhra Pradesh,Y,Y,d
534240,Bhimavaram,Andhra Pradesh,Y,Y,d
534243,Bhimavaram,Andhra Pradesh,Y,Y,d
534244,Bhimavaram,Andhra Pradesh,Y,Y,d
534245,Jinnuru,Andhra Pradesh,Y,Y,d
534247,Bhimavaram,Andhra Pradesh,Y,Y,d
534250,Jinnuru,Andhra Pradesh,Y,Y,d
534251,Palakollu,Andhra Pradesh,Y,Y,d
534260,Palakollu,Andhra Pradesh,Y,Y,d
534261,Palakollu,Andhra Pradesh,Y,Y,d
534265,Jinnuru,Andhra Pradesh,Y,Y,d
534266,Palakollu,Andhra Pradesh,Y,Y,d
534267,Palakollu,Andhra Pradesh,Y,Y,d
534268,Palakollu,Andhra Pradesh,Y,Y,d
534269,Palakollu,Andhra Pradesh,Y,Y,d
534271,Narasapur,Andhra Pradesh,N,N,d
534272,Palakollu,Andhra Pradesh,Y,Y,d
534275,Narsapur,Andhra Pradesh,Y,Y,d
534280,Narsapur,Andhra Pradesh,Y,Y,d
534281,Narsapur,Andhra Pradesh,Y,Y,d
534291,Narasapur,Andhra Pradesh,N,N,d
534293,Bhimavaram,Andhra Pradesh,N,Y,d
534301,Kovvur,Andhra Pradesh,Y,Y,d
534302,Kovvur,Andhra Pradesh,Y,Y,d
534303,Kovvur,Andhra Pradesh,Y,Y,d
534304,Nidadavole,Andhra Pradesh,N,N,d
534305,Tadepalligudem,Andhra Pradesh,Y,Y,d
534306,Nidadavole,Andhra Pradesh,N,N,d
534307,Nidadavole,Andhra Pradesh,N,N,d
534308,Nidadavole,Andhra Pradesh,N,N,d
534311,Jangareddygudem,Andhra Pradesh,Y,Y,d
534312,Jangareddygudem,Andhra Pradesh,Y,Y,d
534313,Gopalapuram,Andhra Pradesh,Y,Y,d
534314,Dondapudi,Andhra Pradesh,N,Y,d
534315,Polavaram,Andhra Pradesh,Y,Y,d
534316,Gopalapuram,Andhra Pradesh,Y,Y,d
534318,Jangareddygudem,Andhra Pradesh,Y,Y,d
534319,Dondapudi,Andhra Pradesh,N,Y,d
534320,Tanuku,Andhra Pradesh,Y,Y,d
534323,Tanuku,Andhra Pradesh,N,N,d
534324,Penugonda,Andhra Pradesh,Y,Y,d
534326,Penugonda,Andhra Pradesh,Y,Y,d
534327,Jinnuru,Andhra Pradesh,Y,Y,d
534328,Tanuku,Andhra Pradesh,Y,Y,d
534329,Tanuku,Andhra Pradesh,Y,Y,d
534330,Tanuku,Andhra Pradesh,Y,Y,d
534331,Tanuku,Andhra Pradesh,Y,Y,d
534338,Jinnuru,Andhra Pradesh,Y,Y,d
534339,Tanuku,Andhra Pradesh,Y,Y,d
534340,Kovvur,Andhra Pradesh,Y,Y,d
534341,Gopalapuram,Andhra Pradesh,Y,Y,d
534342,Kovvur,Andhra Pradesh,Y,Y,d
534343,Kovvur,Andhra Pradesh,Y,Y,d
534344,Dommeru,Andhra Pradesh,N,Y,d
534345,Dommeru,Andhra Pradesh,N,Y,d
534346,Nidadavole,Andhra Pradesh,N,Y,d
534347,Nidadavole,Andhra Pradesh,N,Y,d
534350,Kovvur,Andhra Pradesh,Y,Y,d
534351,Kovvur,Andhra Pradesh,Y,Y,d
534352,Dommeru,Andhra Pradesh,N,Y,d
534353,Dommeru,Andhra Pradesh,N,Y,d
534354,Dommeru,Andhra Pradesh,N,Y,d
534355,Nidadavole,Andhra Pradesh,N,N,d
534357,Krishna,Andhra Pradesh,N,N,d
534362,Bhimavaram,Andhra Pradesh,N,Y,d
534372,Achanta,Andhra Pradesh,N,Y,d
534392,Kovvur,Andhra Pradesh,Y,Y,d
534401,Bhimadole,Andhra Pradesh,Y,Y,d
534402,Bhimavaram,Andhra Pradesh,Y,Y,d
534406,Tadepalligudem,Andhra Pradesh,Y,Y,d
534407,Tadepalligudem,Andhra Pradesh,Y,Y,d
534411,Tadepalligudem,Andhra Pradesh,Y,Y,d
534416,Tadepalligudem,Andhra Pradesh,Y,Y,d
534425,Bhimadole,Andhra Pradesh,Y,Y,d
534426,Dwaraka Tirumala,Andhra Pradesh,Y,Y,d
534427,Bhimadole,Andhra Pradesh,Y,Y,d
534428,Bhimadole,Andhra Pradesh,N,Y,d
534429,Bhimadole,Andhra Pradesh,N,Y,d
534430,Bhimadole,Andhra Pradesh,N,Y,d
534431,Bhimadole,Andhra Pradesh,N,Y,d
534432,Eluru,Andhra Pradesh,Y,Y,d
534435,Dwaraka Tirumala,Andhra Pradesh,Y,Y,d
534437,Pedapadu,Andhra Pradesh,Y,Y,d
534442,Eluru,Andhra Pradesh,Y,Y,d
534444,Kukanoor,Andhra Pradesh,Y,Y,d
534447,Jangareddygudem,Andhra Pradesh,Y,Y,d
534448,Jangareddygudem,Andhra Pradesh,Y,Y,d
534449,Dwaraka Tirumala,Andhra Pradesh,Y,Y,d
534450,Eluru,Andhra Pradesh,Y,Y,d
534451,Jangareddygudem,Andhra Pradesh,Y,Y,d
534452,Dwaraka Tirumala,Andhra Pradesh,Y,Y,d
534455,Jangareddygudem,Andhra Pradesh,Y,Y,d
534456,Jangareddygudem,Andhra Pradesh,Y,Y,d
534459,Chintalapudi,Andhra Pradesh,N,Y,d
534460,Chintalpudi,Andhra Pradesh,Y,Y,d
534461,Chintalpudi,Andhra Pradesh,Y,Y,d
534462,Chintalpudi,Andhra Pradesh,Y,Y,d
534467,Chintalpudi,Andhra Pradesh,Y,Y,d
534475,Eluru,Andhra Pradesh,Y,Y,d
534490,Nidadavole,Andhra Pradesh,N,N,d
535001,Vizianagaram,Andhra Pradesh,Y,Y,d
535002,Vizianagaram,Andhra Pradesh,Y,Y,d
535003,Vizianagaram,Andhra Pradesh,Y,Y,d
535004,Vizianagaram,Andhra Pradesh,Y,Y,d
535005,Vizianagaram,Andhra Pradesh,Y,Y,d
535006,Vizianagaram,Andhra Pradesh,Y,Y,d
535101,Garividi,Andhra Pradesh,Y,Y,d
535102,Rajam,Andhra Pradesh,Y,Y,d
535117,Pendurthi,Andhra Pradesh,N,Y,d
535122,Rajam,Andhra Pradesh,N,N,d
535124,Rajam,Andhra Pradesh,Y,Y,d
535125,Garividi,Andhra Pradesh,Y,Y,d
535126,Rajam,Andhra Pradesh,Y,Y,d
535127,Rajam,Andhra Pradesh,N,N,d
535128,Garividi,Andhra Pradesh,Y,Y,d
535136,Rajam,Andhra Pradesh,N,N,d
535145,S Kota,Andhra Pradesh,Y,Y,d
535148,S Kota,Andhra Pradesh,Y,Y,d
535160,S Kota,Andhra Pradesh,Y,Y,d
535161,Seetharampram,Andhra Pradesh,Y,Y,d
535183,Pendurthi,Andhra Pradesh,Y,Y,d
535202,Kovvur,Andhra Pradesh,Y,Y,d
535204,Bhogapuram,Andhra Pradesh,Y,Y,d
535213,Bhogapuram,Andhra Pradesh,Y,Y,d
535214,Vizianagaram,Andhra Pradesh,Y,Y,d
535215,Vizianagaram,Andhra Pradesh,Y,Y,d
535216,Bhogapuram,Andhra Pradesh,Y,Y,d
535217,Vizianagaram,Andhra Pradesh,Y,Y,d
535218,Vizianagaram,Andhra Pradesh,Y,Y,d
535220,Garividi,Andhra Pradesh,Y,Y,d
535221,S Kota,Andhra Pradesh,Y,Y,d
535231,Parvathipuram,Andhra Pradesh,N,Y,d
535240,Padmanabham,Andhra Pradesh,Y,Y,d
535250,S Kota,Andhra Pradesh,Y,Y,d
535260,Gajapatinagaram,Andhra Pradesh,Y,Y,d
535270,Gajapatinagaram,Andhra Pradesh,Y,Y,d
535273,Gajapatinagaram,Andhra Pradesh,Y,Y,d
535280,Vizianagaram,Andhra Pradesh,Y,Y,d
535281,Seetharampram,Andhra Pradesh,Y,Y,d
535292,Ichapuram,Andhra Pradesh,N,Y,d
535350,Rajahmundry,Andhra Pradesh,N,N,d
535463,Parvathipuram,Andhra Pradesh,Y,Y,d
535501,Parvathipuram,Andhra Pradesh,Y,Y,d
535502,Parvathipuram,Andhra Pradesh,Y,Y,d
535521,Parvathipuram,Andhra Pradesh,Y,Y,d
535522,Parvathipuram,Andhra Pradesh,Y,Y,d
535523,Kurupam,Andhra Pradesh,Y,Y,d
535524,Kurupam,Andhra Pradesh,Y,Y,d
535525,Parvathipuram,Andhra Pradesh,Y,Y,d
535526,Parvathipuram,Andhra Pradesh,Y,Y,d
535527,Parvathipuram,Andhra Pradesh,Y,Y,d
535532,Bobbili,Andhra Pradesh,Y,Y,d
535534,Kurupam,Andhra Pradesh,Y,Y,d
535546,Bobbili,Andhra Pradesh,Y,Y,d
535547,Bobbili,Andhra Pradesh,Y,Y,d
535557,Bobbili,Andhra Pradesh,Y,Y,d
535558,Bobbili,Andhra Pradesh,Y,Y,d
535559,Bobbili,Andhra Pradesh,Y,Y,d
535568,Bobbili,Andhra Pradesh,Y,Y,d
535569,#REF!,#REF!,N,N,d
535573,Bobbili,Andhra Pradesh,Y,Y,d
535576,Vizianagaram,Andhra Pradesh,N,N,d
535578,Salur,Andhra Pradesh,Y,Y,d
535579,Salur,Andhra Pradesh,Y,Y,d
535580,Gajapatinagaram,Andhra Pradesh,Y,Y,d
535581,Gajapatinagaram,Andhra Pradesh,Y,Y,d
535582,#REF!,#REF!,N,N,d
535591,Salur,Andhra Pradesh,Y,Y,d
535592,Salur,Andhra Pradesh,Y,Y,d
535593,Salur,Andhra Pradesh,Y,Y,d
535594,Kurupam,Andhra Pradesh,Y,Y,d
536201,Kundapura,Karnataka,N,Y,d
538101,Bellary,Karnataka,N,N,d
544020,Dhar,Madhya Pradesh,N,N,d
555557,NAGPUR,NAGPUR,N,N,d
560000,Bangalore,Karnataka,Y,Y,d
560001,Bangalore,Karnataka,Y,Y,d
560002,Bangalore,Karnataka,Y,Y,d
560003,Bangalore,Karnataka,Y,Y,d
560004,Bangalore,Karnataka,Y,Y,d
560005,Bangalore,Karnataka,Y,Y,d
560006,Bangalore,Karnataka,Y,Y,d
560007,Bangalore,Karnataka,Y,Y,d
560008,Bangalore,Karnataka,Y,Y,d
560009,Bangalore,Karnataka,Y,Y,d
560010,Bangalore,Karnataka,Y,Y,d
560011,Bangalore,Karnataka,Y,Y,d
560012,Bangalore,Karnataka,Y,Y,d
560013,Bangalore,Karnataka,Y,Y,d
560014,Bangalore,Karnataka,Y,Y,d
560015,Bangalore,Karnataka,Y,Y,d
560016,Bangalore,Karnataka,Y,Y,d
560017,Bangalore,Karnataka,Y,Y,d
560018,Bangalore,Karnataka,Y,Y,d
560019,Bangalore,Karnataka,Y,Y,d
560020,Bangalore,Karnataka,Y,Y,d
560021,Bangalore,Karnataka,Y,Y,d
560022,Bangalore,Karnataka,Y,Y,d
560023,Bangalore,Karnataka,Y,Y,d
560024,Bangalore,Karnataka,Y,Y,d
560025,Bangalore,Karnataka,Y,Y,d
560026,Bangalore,Karnataka,Y,Y,d
560027,Bangalore,Karnataka,Y,Y,d
560028,Bangalore,Karnataka,Y,Y,d
560029,Bangalore,Karnataka,Y,Y,d
560030,Bangalore,Karnataka,Y,Y,d
560031,Bangalore,Karnataka,Y,Y,d
560032,Bangalore,Karnataka,Y,Y,d
560033,Bangalore,Karnataka,Y,Y,d
560034,Bangalore,Karnataka,Y,Y,d
560035,Bangalore,Karnataka,Y,Y,d
560036,Bangalore,Karnataka,Y,Y,d
560037,Bangalore,Karnataka,Y,Y,d
560038,Bangalore,Karnataka,Y,Y,d
560039,Bangalore,Karnataka,Y,Y,d
560040,Bangalore,Karnataka,Y,Y,d
560041,Bangalore,Karnataka,Y,Y,d
560042,Bangalore,Karnataka,Y,Y,d
560043,Bangalore,Karnataka,Y,Y,d
560044,Bangalore,Karnataka,Y,Y,d
560045,Bangalore,Karnataka,Y,Y,d
560046,Bangalore,Karnataka,Y,Y,d
560047,Bangalore,Karnataka,Y,Y,d
560048,Bangalore,Karnataka,Y,Y,d
560049,Bangalore,Karnataka,Y,Y,d
560050,Bangalore,Karnataka,Y,Y,d
560051,Bangalore,Karnataka,Y,Y,d
560052,Bangalore,Karnataka,Y,Y,d
560053,Bangalore,Karnataka,Y,Y,d
560054,Bangalore,Karnataka,Y,Y,d
560055,Bangalore,Karnataka,Y,Y,d
560056,Bangalore,Karnataka,Y,Y,d
560057,Bangalore,Karnataka,Y,Y,d
560058,Bangalore,Karnataka,Y,Y,d
560059,Bangalore,Karnataka,Y,Y,d
560060,Bangalore,Karnataka,Y,Y,d
560061,Bangalore,Karnataka,Y,Y,d
560062,Bangalore,Karnataka,Y,Y,d
560063,Bangalore,Karnataka,Y,Y,d
560064,Bangalore,Karnataka,Y,Y,d
560065,Bangalore,Karnataka,Y,Y,d
560066,Bangalore,Karnataka,Y,Y,d
560067,Bangalore,Karnataka,Y,Y,d
560068,Bangalore,Karnataka,Y,Y,d
560069,Bangalore,Karnataka,Y,Y,d
560070,Bangalore,Karnataka,Y,Y,d
560071,Bangalore,Karnataka,Y,Y,d
560072,Bangalore,Karnataka,Y,Y,d
560073,Bangalore,Karnataka,Y,Y,d
560074,Bangalore,Karnataka,Y,Y,d
560075,Bangalore,Karnataka,Y,Y,d
560076,Bangalore,Karnataka,Y,Y,d
560077,Bangalore,Karnataka,Y,Y,d
560078,Bangalore,Karnataka,Y,Y,d
560079,Bangalore,Karnataka,Y,Y,d
560080,Bangalore,Karnataka,Y,Y,d
560081,Bangalore,Karnataka,Y,Y,d
560082,Bangalore,Karnataka,Y,Y,d
560083,Bangalore,Karnataka,Y,Y,d
560084,Bangalore,Karnataka,Y,Y,d
560085,Bangalore,Karnataka,Y,Y,d
560086,Bangalore,Karnataka,Y,Y,d
560087,Bangalore,Karnataka,Y,Y,d
560088,Bangalore,Karnataka,Y,Y,d
560089,Bangalore,Karnataka,Y,Y,d
560090,Bangalore,Karnataka,Y,Y,d
560091,Bangalore,Karnataka,Y,Y,d
560092,Bangalore,Karnataka,Y,Y,d
560093,Bangalore,Karnataka,Y,Y,d
560094,Bangalore,Karnataka,Y,Y,d
560095,Bangalore,Karnataka,Y,Y,d
560096,Bangalore,Karnataka,Y,Y,d
560097,Bangalore,Karnataka,Y,Y,d
560098,Bangalore,Karnataka,Y,Y,d
560099,Bangalore,Karnataka,Y,Y,d
560100,Bangalore,Karnataka,Y,Y,d
560101,Bangalore,Karnataka,N,N,d
560102,Bangalore,Karnataka,Y,Y,d
560103,Bangalore,Karnataka,Y,Y,d
560104,Bangalore,Karnataka,Y,Y,d
560105,Bangalore,Karnataka,Y,Y,d
560106,Bangalore,Karnataka,Y,Y,d
560107,Bangalore,Karnataka,Y,Y,d
560108,Bangalore,Karnataka,Y,Y,d
560109,Bangalore,Karnataka,Y,Y,d
560110,Bangalore,Karnataka,Y,Y,d
560111,Bangalore,Karnataka,Y,Y,d
560112,Bangalore,Karnataka,Y,Y,d
560113,Bangalore,Karnataka,Y,Y,d
560114,Bangalore,Karnataka,Y,Y,d
560115,Bangalore,Karnataka,Y,Y,d
560116,Bangalore,Karnataka,Y,Y,d
560117,Bangalore,Karnataka,Y,Y,d
560119,Bengaluru,Karnataka,N,N,d
560122,Bangalore,Karnataka,N,N,d
560123,Bangalore,Karnataka,N,N,d
560125,Bangalore,Karnataka,Y,Y,d
560135,Bangalore,Karnataka,N,N,d
560149,Bangalore,Karnataka,Y,Y,d
560157,Bangalore,Karnataka,N,N,d
560203,Bangalore,Karnataka,N,N,d
560204,Bangalore,Karnataka,N,N,d
560231,Bangalore,Karnataka,N,N,d
560242,Bangalore,Karnataka,Y,Y,d
560300,Bangalore,Karnataka,Y,Y,d
560500,Bengaluru,Karnataka,Y,Y,d
560900,Bengaluru,Karnataka,N,N,d
561000,Bangalore,Karnataka,Y,Y,d
561100,Bangalore,Karnataka,N,Y,d
561101,Dabaspete,Karnataka,Y,Y,d
561110,Bangalore,Karnataka,N,Y,d
561111,Bangalore,Karnataka,N,Y,d
561157,Bangalore,Karnataka,N,N,d
561198,Byadagi,Karnataka,N,Y,d
561201,BIDADI,Karnataka,Y,Y,d
561202,Pavagada,Karnataka,Y,Y,d
561203,Doddaballapura,Karnataka,Y,Y,d
561204,Doddaballapura,Karnataka,Y,Y,d
561205,Doddaballapura,Karnataka,Y,Y,d
561206,Gauribidanur,Karnataka,Y,Y,d
561207,Bagepalli,Karnataka,Y,Y,d
561208,Gauribidanur,Karnataka,Y,Y,d
561209,Bagepalli,Karnataka,Y,Y,d
561210,Gauribidanur,Karnataka,Y,Y,d
561211,Gauribidanur,Karnataka,Y,Y,d
561212,Bagepalli,Karnataka,Y,Y,d
561213,Gauribidanur,Karnataka,Y,Y,d
561215,Gauribidanur,Karnataka,N,N,d
561216,Pavagada,Karnataka,N,N,d
561217,Mulabagilu,Karnataka,N,N,d
561218,Mulabagilu,Karnataka,N,N,d
561219,Kolar,Karnataka,N,Y,d
561222,Bangalore,Karnataka,N,Y,d
561223,Bagepalli,Karnataka,N,N,d
561224,Chickballapur,Karnataka,N,N,d
561225,Bangalore,Karnataka,Y,Y,d
561226,Bangalore,Karnataka,Y,Y,d
561227,Bangalore,Karnataka,N,Y,d
561228,Gauribidanur,Karnataka,Y,Y,d
561229,Bengaluru,Karnataka,N,N,d
561230,Nelamangala,Karnataka,N,N,d
562012,Bangalore,Karnataka,N,N,d
562100,Bagalkot,Karnataka,N,N,d
562101,Chikkaballapura,Karnataka,Y,Y,d
562102,Chikkaballapura,Karnataka,Y,Y,d
562103,Chikkaballapura,Karnataka,Y,Y,d
562104,Chikkaballapura,Karnataka,Y,Y,d
562105,Chikkaballapura,Karnataka,Y,Y,d
562106,Bangalore,Karnataka,Y,Y,d
562107,Bangalore,Karnataka,Y,Y,d
562108,Channapatna,Karnataka,Y,Y,d
562109,Ramanagara,Karnataka,Y,Y,d
562110,Devanahalli,Karnataka,Y,Y,d
562111,Dabaspete,Karnataka,Y,Y,d
562112,Harohalli,Karnataka,Y,Y,d
562114,Hoskote,Karnataka,Y,Y,d
562115,Chikballapur,Karnataka,N,Y,d
562116,Malur,Karnataka,Y,Y,d
562117,Kanakapura,Karnataka,Y,Y,d
562119,Kanakapura,Karnataka,Y,Y,d
562120,Magadi,Karnataka,Y,Y,d
562121,Harohalli,Karnataka,Y,Y,d
562122,Hoskote,Karnataka,Y,Y,d
562123,Bangalore,Karnataka,Y,Y,d
562124,Bangalore,Karnataka,N,N,d
562125,Bangalore,Karnataka,Y,Y,d
562126,Kanakapura,Karnataka,Y,Y,d
562127,Magadi,Karnataka,Y,Y,d
562128,Ramanagara,Karnataka,Y,Y,d
562129,Devanahalli,Karnataka,Y,Y,d
562130,Tavarekere,Karnataka,Y,Y,d
562131,Kunigal,Karnataka,Y,Y,d
562132,Dabaspete,Karnataka,Y,Y,d
562134,Bangalore,Karnataka,N,N,d
562135,Devanahalli,Karnataka,Y,Y,d
562136,Bangalore,Karnataka,N,N,d
562137,Channapatna,Karnataka,Y,Y,d
562138,Channapatna,Karnataka,Y,Y,d
562140,Ramnagara,Karnataka,N,N,d
562141,Bidar,Karnataka,N,N,d
562144,Bengaluru,Karnataka,N,N,d
562145,Hosur,Karnataka,N,Y,d
562148,Bangalore,Karnataka,N,N,d
562149,Bangalore,Karnataka,Y,Y,d
562150,BENGALURU,ELECTRONIC CITY,N,N,d
562151,Ramnagara,Karnataka,N,Y,d
562152,Devanhalli,Karnataka,Y,Y,d
562153,Bangalore,Karnataka,N,N,d
562154,Bengaluru,Karnataka,N,N,d
562156,Bangalore,Karnataka,N,N,d
562157,Bangalore,Karnataka,Y,Y,d
562158,Bangalore,Karnataka,Y,Y,d
562159,Ramanagara,Karnataka,Y,Y,d
562160,Channapatna,Karnataka,Y,Y,d
562161,Channapatna,Karnataka,Y,Y,d
562162,Bangalore,Karnataka,Y,Y,d
562163,Doddaballapura,Karnataka,Y,Y,d
562164,Chikkaballapura,Karnataka,Y,Y,d
562165,Bengaluru,Karnataka,N,N,d
562166,Bangalore,Karnataka,N,N,d
562201,Magadi,Karnataka,Y,Y,d
562203,Doddaballapur,Karnataka,N,N,d
562300,Bangalore,Karnataka,Y,Y,d
563101,Kolar,Karnataka,Y,Y,d
563102,Kolar,Karnataka,Y,Y,d
563103,Kolar,Karnataka,Y,Y,d
563109,Kolar,Karnataka,N,Y,d
563113,Bethamangala,Karnataka,Y,Y,d
563114,Bangarapet,Karnataka,Y,Y,d
563115,Bangarapet,Karnataka,Y,Y,d
563116,Bethamangala,Karnataka,Y,Y,d
563117,Bethamangala,Karnataka,Y,Y,d
563118,Bangarapet,Karnataka,Y,Y,d
563119,KOLAR GOLD FIELDS,Karnataka,N,Y,d
563120,Bethamangala,Karnataka,Y,Y,d
563121,Bethamangala,Karnataka,Y,Y,d
563122,Bethamangala,Karnataka,Y,Y,d
563123,Chintamani,Karnataka,Y,Y,d
563124,Bagepalli,Karnataka,Y,Y,d
563125,Chintamani,Karnataka,Y,Y,d
563126,Kolar,Karnataka,Y,Y,d
563127,Mulbagal,Karnataka,Y,Y,d
563128,Chintamani,Karnataka,Y,Y,d
563129,BANGARAPET,Karnataka,N,N,d
563130,Malur,Karnataka,Y,Y,d
563131,Mulbagal,Karnataka,Y,Y,d
563132,Mulbagal,Karnataka,Y,Y,d
563133,Kolar,Karnataka,Y,Y,d
563134,Srinivaspur,Karnataka,Y,Y,d
563135,Srinivaspur,Karnataka,Y,Y,d
563136,Mulbagal,Karnataka,Y,Y,d
563137,Malur,Karnataka,Y,Y,d
563138,Srinivaspur,Karnataka,Y,Y,d
563139,Malur,Karnataka,Y,Y,d
563146,Chintamani,Karnataka,Y,Y,d
563147,Bangarapet,Karnataka,Y,Y,d
563151,Kolar,Karnataka,N,N,d
563152,Bangarapet,Karnataka,Y,Y,d
563155,Kolar Gold Fields,Karnataka,N,N,d
563156,Chintamani,Karnataka,Y,Y,d
563157,Kolar,Karnataka,Y,Y,d
563158,Chintamani,Karnataka,N,N,d
563159,Chintamani,Karnataka,Y,Y,d
563160,Malur,Karnataka,Y,Y,d
563161,Srinivaspur,Karnataka,Y,Y,d
563162,Bangarapet,Karnataka,Y,Y,d
563163,Kolar,Karnataka,N,N,d
563230,Magadi,Karnataka,N,N,d
563333,Bangalore,Karnataka,N,Y,d
564545,Bengaluru,Karnataka,N,Y,d
565656,Bangalore,Karnataka,Y,Y,d
566643,Bengaluru,Karnataka,N,Y,d
566666,Bangalore,Karnataka,Y,Y,d
567233,Kundapura,Karnataka,N,Y,d
569999,Bengaluru,Karnataka,N,N,d
570000,Mysore,Karnataka,N,Y,d
570001,Mysore,Karnataka,Y,Y,d
570002,Mysore,Karnataka,Y,Y,d
570003,Mysore,Karnataka,Y,Y,d
570004,Mysore,Karnataka,Y,Y,d
570005,Mysore,Karnataka,Y,Y,d
570006,Mysore,Karnataka,Y,Y,d
570007,Mysore,Karnataka,Y,Y,d
570008,Mysore,Karnataka,Y,Y,d
570009,Mysore,Karnataka,Y,Y,d
570010,Mysore,Karnataka,Y,Y,d
570011,Mysore,Karnataka,Y,Y,d
570012,Mysore,Karnataka,Y,Y,d
570013,Mysore,Karnataka,Y,Y,d
570014,Mysore,Karnataka,Y,Y,d
570015,Mysore,Karnataka,Y,Y,d
570016,Mysore,Karnataka,Y,Y,d
570017,Mysore,Karnataka,Y,Y,d
570018,Mysore,Karnataka,Y,Y,d
570019,Mysore,Karnataka,Y,Y,d
570020,Mysore,Karnataka,Y,Y,d
570021,Mysore,Karnataka,Y,Y,d
570022,Mysore,Karnataka,Y,Y,d
570023,Mysore,Karnataka,Y,Y,d
570024,Mysore,Karnataka,Y,Y,d
570025,Mysore,Karnataka,Y,Y,d
570026,Mysore,Karnataka,Y,Y,d
570027,Mysore,Karnataka,Y,Y,d
570028,Mysore,Karnataka,Y,Y,d
570029,Mysore,Karnataka,Y,Y,d
570030,Mysore,Karnataka,Y,Y,d
570031,Mysore,Karnataka,Y,Y,d
570032,Mysore,Karnataka,Y,Y,d
570033,Mysore,Karnataka,Y,Y,d
570034,Mysore,Karnataka,Y,Y,d
570041,Mandya,Karnataka,Y,Y,d
570086,Mysore,Karnataka,N,N,d
570150,Mandya,Karnataka,N,Y,d
570301,Mysore,Karnataka,Y,Y,d
570311,Mysore,Karnataka,N,N,d
571101,TirumakudaluNS,Karnataka,Y,Y,d
571102,Kushalnagar,Karnataka,Y,Y,d
571103,Hunsur,Karnataka,Y,Y,d
571104,Kushalnagar,Karnataka,Y,Y,d
571105,Hunsur,Karnataka,Y,Y,d
571106,Hunsur,Karnataka,Y,Y,d
571107,Hunsur,Karnataka,Y,Y,d
571108,Hunsur,Karnataka,Y,Y,d
571109,Gundlupet,Karnataka,Y,Y,d
571110,Mysore,Karnataka,Y,Y,d
571111,Gundlupet,Karnataka,Y,Y,d
571114,Hunsur,Karnataka,Y,Y,d
571115,Chamarajanagar,Karnataka,Y,Y,d
571116,Hunsur,Karnataka,Y,Y,d
571117,Chamarajanagar,Karnataka,Y,Y,d
571118,Nanjangud,Karnataka,Y,Y,d
571119,Nanjangud,Karnataka,Y,Y,d
571120,TirumakudaluNS,Karnataka,Y,Y,d
571121,Hunsur,Karnataka,Y,Y,d
571122,TirumakudaluNS,Karnataka,Y,Y,d
571123,Gundlupet,Karnataka,Y,Y,d
571124,TirumakudaluNS,Karnataka,Y,Y,d
571125,Hunsur,Karnataka,Y,Y,d
571126,GUNDLUPET,Karnataka,N,N,d
571127,Chamarajanagar,Karnataka,Y,Y,d
571128,Chamarajanagar,Karnataka,Y,Y,d
571129,Nanjangud,Karnataka,Y,Y,d
571130,Mysore,Karnataka,Y,Y,d
571131,Mysore,Karnataka,N,Y,d
571132,KUSHALNAGAR,Karnataka,Y,Y,d
571133,KRISHNARAJANAGARA,Karnataka,N,N,d
571134,Hunsur,Karnataka,Y,Y,d
571135,Chamrajnagar,Karnataka,N,N,d
571136,KRISHNARAJANAGARA,Karnataka,N,N,d
571137,Mandya,Karnataka,N,Y,d
571138,Mandya,Karnataka,N,N,d
571139,Hunsur,Karnataka,Y,Y,d
571140,Krishnarajanagara,Karnataka,N,N,d
571141,Chamarajanagar,Karnataka,Y,Y,d
571142,Chamarajanagar,Karnataka,Y,Y,d
571143,Chamarajanagar,Karnataka,N,N,d
571144,Mysore,Karnataka,N,N,d
571145,Chamarajanagar,Karnataka,Y,Y,d
571146,Chamarajanagar,Karnataka,Y,Y,d
571147,Chamarajanagar,Karnataka,N,N,d
571148,Chamarajanagar,Karnataka,N,N,d
571149,Mysore,Karnataka,N,N,d
571150,Nanjanagudu,Karnataka,N,Y,d
571151,Kollegala,Karnataka,N,Y,d
571152,Malavalli,Karnataka,N,Y,d
571153,Mysore,Karnataka,N,N,d
571154,Gonikoppal,Karnataka,Y,Y,d
571155,Chamarajanagar,Karnataka,Y,Y,d
571156,Chamarajanagar,Karnataka,Y,Y,d
571157,Mysore,Karnataka,N,N,d
571158,Mysore,Karnataka,N,Y,d
571159,Maddur,Karnataka,N,Y,d
571160,Mysore,Karnataka,N,Y,d
571161,Mysore,Karnataka,N,Y,d
571162,Mysore,Karnataka,N,Y,d
571163,Mysore,Karnataka,N,N,d
571164,Mysore,Karnataka,N,N,d
571165,Chamarajanagar,Karnataka,Y,Y,d
571166,Hunsur,Karnataka,Y,Y,d
571167,Tirumakudal Narsipur,Karnataka,N,N,d
571168,Mysore,Karnataka,N,N,d
571169,Mysore,Karnataka,N,Y,d
571170,Chamarajanagar,Karnataka,Y,Y,d
571171,Mysore,Karnataka,N,N,d
571172,Mysore,Karnataka,N,N,d
571173,Chamarajanagar,Karnataka,N,N,d
571174,Chamarajanagar,Karnataka,Y,Y,d
571175,Mysore,Karnataka,N,N,d
571176,Mysore,Karnataka,N,N,d
571177,Chamarajanagar,Karnataka,N,N,d
571178,Chamarajanagar,Karnataka,Y,Y,d
571180,Mysore,Karnataka,N,N,d
571181,Mysore,Karnataka,N,N,d
571182,Chamarajanagar,Karnataka,N,N,d
571183,Mysore,Karnataka,N,N,d
571184,Mysore,Karnataka,N,Y,d
571185,Mysore,Karnataka,N,Y,d
571186,Mysore,Karnataka,Y,Y,d
571187,Kushalnagar,Karnataka,Y,Y,d
571188,Mysore,Karnataka,N,N,d
571189,Hunsur,Karnataka,Y,Y,d
571190,#REF!,#REF!,N,N,d
571201,Madikeri,Karnataka,Y,Y,d
571202,#REF!,#REF!,N,N,d
571211,Virajpet,Karnataka,Y,Y,d
571212,Virajpet,Karnataka,Y,Y,d
571213,Gonikoppal,Karnataka,Y,Y,d
571214,Madikeri,Karnataka,Y,Y,d
571215,Gonikoppal,Karnataka,Y,Y,d
571216,Gonikoppal,Karnataka,Y,Y,d
571217,Gonikoppal,Karnataka,Y,Y,d
571218,Virajpet,Karnataka,Y,Y,d
571219,Gonikoppal,Karnataka,Y,Y,d
571221,Kavalande,Karnataka,N,Y,d
571223,Kushalnagar,Karnataka,N,N,d
571225,Gonikoppal,Karnataka,N,N,d
571231,Shanivarasanthe,Karnataka,Y,Y,d
571232,Kushalnagar,Karnataka,Y,Y,d
571233,Kushalnagar,Karnataka,N,Y,d
571234,Kushalnagar,Karnataka,Y,Y,d
571235,Shanivarasanthe,Karnataka,Y,Y,d
571236,Shanivarasanthe,Karnataka,Y,Y,d
571237,Madikeri,Karnataka,Y,Y,d
571238,Madikeri,Karnataka,N,N,d
571239,Madikeri,Karnataka,N,N,d
571240,Kushalnagar,Karnataka,N,N,d
571245,Madikeri,Karnataka,N,N,d
571246,Madikeri,Karnataka,N,N,d
571247,Madikeri,Karnataka,Y,Y,d
571248,Madikeri,Karnataka,Y,Y,d
571249,Gonikoppal,Karnataka,Y,Y,d
571250,Gonikoppal,Karnataka,Y,Y,d
571251,Madikeri,Karnataka,Y,Y,d
571252,Madikeri,Karnataka,Y,Y,d
571253,Gonikoppal,Karnataka,Y,Y,d
571254,Gonikoppal,Karnataka,Y,Y,d
571255,Mangalore,Karnataka,N,N,d
571257,Madikeri,Karnataka,N,N,d
571262,Madikeri,Karnataka,N,N,d
571263,Madikeri,Karnataka,N,N,d
571264,Virajpet,Karnataka,N,N,d
571265,Madikeri,Karnataka,N,N,d
571266,Madikeri,Karnataka,N,N,d
571301,Nanjangud,Karnataka,Y,Y,d
571302,Nanjangud,Karnataka,Y,Y,d
571304,Mysore,Karnataka,Y,Y,d
571311,Nanjangud,Karnataka,Y,Y,d
571312,Nanjangud,Karnataka,Y,Y,d
571313,Chamarajanagar,Karnataka,Y,Y,d
571314,Nanjangud,Karnataka,Y,Y,d
571315,Nanjangud,Karnataka,Y,Y,d
571316,Chamarajanagar,Karnataka,Y,Y,d
571317,Kodagu,Karnataka,N,N,d
571318,Chamarajanagar,Karnataka,Y,Y,d
571319,CHAMARAJANAGAR,Karnataka,Y,Y,d
571320,Hanur,Karnataka,Y,Y,d
571321,Mysore,Karnataka,Y,Y,d
571322,Mysore,Karnataka,Y,Y,d
571323,Chamarajanagar,Karnataka,Y,Y,d
571324,Mysore,Karnataka,N,Y,d
571325,Nanjangud,Karnataka,Y,Y,d
571327,Chamarajanagar,Karnataka,Y,Y,d
571328,Chamarajanagar,Karnataka,Y,Y,d
571329,Chamrajnagar,Karnataka,N,Y,d
571331,Mysore,Karnataka,N,Y,d
571332,Nanjangud,Karnataka,N,N,d
571333,Chamarajanagar,Karnataka,Y,Y,d
571334,Mysore,Karnataka,N,Y,d
571337,Chamarajanagar,Karnataka,Y,Y,d
571341,Chamarajanagar,Karnataka,N,N,d
571342,Chamarajanagar,Karnataka,Y,Y,d
571401,Mandya,Karnataka,Y,Y,d
571402,Mandya,Karnataka,Y,Y,d
571403,Mandya,Karnataka,Y,Y,d
571404,Mandya,Karnataka,Y,Y,d
571405,Mandya,Karnataka,Y,Y,d
571406,Mandya,Karnataka,Y,Y,d
571407,Mandya,Karnataka,Y,Y,d
571415,Srirangapatna,Karnataka,Y,Y,d
571416,Nagamangala,Karnataka,Y,Y,d
571417,Malavalli,Karnataka,Y,Y,d
571418,Nagamangala,Karnataka,Y,Y,d
571419,Maddur,Karnataka,Y,Y,d
571421,Malavalli,Karnataka,Y,Y,d
571422,Malavalli,Karnataka,Y,Y,d
571423,Krishnarajpet,Karnataka,Y,Y,d
571424,Malavalli,Karnataka,Y,Y,d
571425,Maddur,Karnataka,Y,Y,d
571426,Krishnarajpet,Karnataka,Y,Y,d
571427,Srirangapatna,Karnataka,Y,Y,d
571428,Maddur,Karnataka,Y,Y,d
571429,Maddur,Karnataka,Y,Y,d
571430,Malavalli,Karnataka,Y,Y,d
571431,Nagamangala,Karnataka,Y,Y,d
571432,Nagamangala,Karnataka,Y,Y,d
571433,Maddur,Karnataka,Y,Y,d
571434,Srirangapatna,Karnataka,Y,Y,d
571435,Srirangapatna,Karnataka,Y,Y,d
571436,Krishnarajpet,Karnataka,Y,Y,d
571437,Malavalli,Karnataka,Y,Y,d
571438,Srirangapatna,Karnataka,Y,Y,d
571439,Hanur,Karnataka,Y,Y,d
571440,Kollegala,Karnataka,Y,Y,d
571441,Kollegala,Karnataka,Y,Y,d
571442,Kollegala,Karnataka,Y,Y,d
571443,Hanur,Karnataka,Y,Y,d
571444,Hanur,Karnataka,Y,Y,d
571445,Nagamangala,Karnataka,Y,Y,d
571446,Mandya,Karnataka,Y,Y,d
571448,Nagamangala,Karnataka,Y,Y,d
571449,Mandya,Karnataka,N,Y,d
571450,Mandya,Karnataka,Y,Y,d
571451,"Maddur, Mandya",Karnataka,N,N,d
571452,"Maddur, Mandya",Karnataka,N,N,d
571454,Krishnarajpet,Karnataka,Y,Y,d
571455,Krishnarajpet,Karnataka,Y,Y,d
571457,Hanur,Karnataka,Y,Y,d
571463,Malavalli,Karnataka,Y,Y,d
571465,Ramnagara,Karnataka,N,N,d
571466,Ramnagara,Karnataka,N,N,d
571467,Ramnagara,Karnataka,N,N,d
571471,Mandya,Karnataka,N,N,d
571473,"Maddur, Mandya",Karnataka,N,N,d
571474,Mandya,Karnataka,Y,Y,d
571475,Malavalli,Karnataka,Y,Y,d
571476,Maddur,Karnataka,Y,Y,d
571477,Srirangapatna,Karnataka,Y,Y,d
571478,Mandya,Karnataka,Y,Y,d
571479,Maddur,Karnataka,Y,Y,d
571480,Kollegala,Karnataka,N,Y,d
571483,Hunsur,Karnataka,Y,Y,d
571490,Dharmapuri,Tamil Nadu,N,Y,d
571491,Mysore,Karnataka,N,N,d
571493,Davangere,Karnataka,N,Y,d
571495,Mysore,Karnataka,N,N,d
571498,Kollegal,Karnataka,N,N,d
571499,Chamarajanagar,Karnataka,Y,Y,d
571501,Channapatna,Karnataka,Y,Y,d
571502,Channapatna,Karnataka,Y,Y,d
571511,Ramanagara,Karnataka,Y,Y,d
571601,Krishnarajngr,Karnataka,Y,Y,d
571602,Krishnarajngr,Karnataka,Y,Y,d
571603,Krishnarajngr,Karnataka,Y,Y,d
571604,Krishnarajngr,Karnataka,Y,Y,d
571605,Krishnarajpet,Karnataka,Y,Y,d
571606,Mysore,Karnataka,Y,Y,d
571607,Mysore,Karnataka,Y,Y,d
571608,Krishnarajngr,Karnataka,Y,Y,d
571609,Mysore,Karnataka,N,N,d
571610,Krishnarajngr,Karnataka,Y,Y,d
571611,Chamarajanagar,Karnataka,N,N,d
571612,Mysore,Karnataka,N,N,d
571613,K.r.nagara,Karnataka,N,N,d
571614,Kushalnagar,Karnataka,Y,Y,d
571615,Mandya,Karnataka,N,N,d
571616,K.r.nagara,Karnataka,N,N,d
571617,Krishnarajngr,Karnataka,Y,Y,d
571713,Chamarajanagar,Karnataka,N,N,d
571801,Kollegala,Karnataka,Y,Y,d
571802,Nagamangala,Karnataka,Y,Y,d
571807,Srirangapatna,Karnataka,Y,Y,d
571810,K R Pete,Karnataka,N,Y,d
571811,Nagamangala,Karnataka,Y,Y,d
571812,Krishnarajpet,Karnataka,Y,Y,d
572101,Tumkur,Karnataka,Y,Y,d
572102,Tumkur,Karnataka,Y,Y,d
572103,Tumkur,Karnataka,Y,Y,d
572104,Tumkur,Karnataka,Y,Y,d
572105,Tumkur,Karnataka,Y,Y,d
572106,Tumkur,Karnataka,Y,Y,d
572107,Tumkur,Karnataka,Y,Y,d
572108,Tumkur,Karnataka,Y,Y,d
572110,Tumkur,Karnataka,N,N,d
572111,Maddur,Karnataka,Y,Y,d
572112,Madhugiri,Karnataka,Y,Y,d
572113,Sira,Karnataka,Y,Y,d
572114,Tiptur,Karnataka,Y,Y,d
572115,Sira,Karnataka,Y,Y,d
572116,Amarapuram,Andhra Pradesh,Y,Y,d
572117,Tumkur,Karnataka,Y,Y,d
572118,Tumkur,Karnataka,Y,Y,d
572119,Huliyar,Karnataka,Y,Y,d
572120,Kunigal,Karnataka,Y,Y,d
572121,Koratagere,Karnataka,Y,Y,d
572122,Tumkur,Karnataka,Y,Y,d
572123,Maddur,Karnataka,Y,Y,d
572124,MADHUGIRI,Karnataka,Y,Y,d
572125,Sira,Karnataka,Y,Y,d
572126,Kunigal,Karnataka,Y,Y,d
572127,MADHUGIRI,Karnataka,N,Y,d
572128,Kora,Karnataka,Y,Y,d
572129,Koratagere,Karnataka,Y,Y,d
572130,Kunigal,Karnataka,Y,Y,d
572131,Kunigal,Karnataka,N,Y,d
572132,Madhugiri,Karnataka,Y,Y,d
572133,Madhugiri,Karnataka,Y,Y,d
572134,Kunigal,Karnataka,Y,Y,d
572135,Sira,Karnataka,Y,Y,d
572136,Pavagada,Karnataka,Y,Y,d
572137,Sira,Karnataka,Y,Y,d
572138,Koratagere,Karnataka,Y,Y,d
572139,Sira,Karnataka,Y,Y,d
572140,Dabaspete,Karnataka,Y,Y,d
572141,Pavagada,Karnataka,Y,Y,d
572142,Kunigal,Karnataka,Y,Y,d
572143,Hiriyur,Karnataka,Y,Y,d
572144,Hiriyur,Karnataka,N,Y,d
572145,Tumkur,Karnataka,Y,Y,d
572151,Gauribidanur,Karnataka,Y,Y,d
572159,Hiriyur,Karnataka,N,N,d
572160,Tumkur,Karnataka,Y,Y,d
572161,Chitradurga,Karnataka,N,N,d
572163,HIRIYUR,Karnataka,N,N,d
572166,Tumkur,Karnataka,N,N,d
572167,Tumkur,Karnataka,N,N,d
572168,Tumkur,Karnataka,Y,Y,d
572169,Tumkur,Karnataka,N,N,d
572170,Tumkur,Karnataka,N,N,d
572171,Kunigal,Karnataka,N,N,d
572173,Madhugiri,Karnataka,N,N,d
572174,Madhugiri,Karnataka,N,N,d
572175,Madhugiri,Karnataka,Y,Y,d
572201,Tiptur,Karnataka,Y,Y,d
572202,Tiptur,Karnataka,Y,Y,d
572207,Hasan,Karnataka,N,N,d
572211,Turuvukere,Karnataka,Y,Y,d
572212,Turuvukere,Karnataka,Y,Y,d
572213,Kunigal,Karnataka,Y,Y,d
572214,Chikkanayakanahalli,Karnataka,Y,Y,d
572215,Turuvukere,Karnataka,Y,Y,d
572216,Tumkur,Karnataka,Y,Y,d
572217,Tiptur,Karnataka,Y,Y,d
572218,Huliyar,Karnataka,Y,Y,d
572219,Gubbi,Karnataka,Y,Y,d
572220,Turuvukere,Karnataka,Y,Y,d
572221,Turuvukere,Karnataka,Y,Y,d
572222,Tumkur,Karnataka,Y,Y,d
572223,Gubbi,Karnataka,Y,Y,d
572224,Tiptur,Karnataka,Y,Y,d
572225,Turuvukere,Karnataka,Y,Y,d
572226,Tiptur,Karnataka,Y,Y,d
572227,Turuvukere,Karnataka,Y,Y,d
572228,Huliyar,Karnataka,Y,Y,d
572230,Tiptur,Karnataka,N,N,d
572233,Chicknayakanahalli,Karnataka,N,N,d
572235,Tiptur,Karnataka,N,N,d
572239,Tumkur,Karnataka,N,N,d
572241,Tiptur,Karnataka,N,N,d
572441,Madikere,Karnataka,N,Y,d
573000,Hassan,Karnataka,N,Y,d
573101,Belur,Karnataka,Y,Y,d
573102,Ramanathapura,Karnataka,Y,Y,d
573103,Arsikere,Karnataka,Y,Y,d
573111,Channarayapatna,Karnataka,Y,Y,d
573112,Banavara,Karnataka,Y,Y,d
573113,Ramanathapura,Karnataka,Y,Y,d
573114,Channarayapatna,Karnataka,Y,Y,d
573115,Belur,Karnataka,Y,Y,d
573116,Channarayapatna,Karnataka,Y,Y,d
573117,Arsikere,Karnataka,Y,Y,d
573118,Hassan,Karnataka,Y,Y,d
573119,Tiptur,Karnataka,Y,Y,d
573120,Ramanathapura,Karnataka,Y,Y,d
573121,Belur,Karnataka,Y,Y,d
573122,Arsikere,Karnataka,Y,Y,d
573123,SAKLESHPUR,Karnataka,N,N,d
573124,Channarayapatna,Karnataka,Y,Y,d
573125,Banavara,Karnataka,Y,Y,d
573126,Arsikere,Karnataka,Y,Y,d
573127,Sakleshpur,Karnataka,Y,Y,d
573128,Hassan,Karnataka,Y,Y,d
573129,Hassan,Karnataka,Y,Y,d
573130,Ramanathapura,Karnataka,Y,Y,d
573131,Channarayapatna,Karnataka,Y,Y,d
573132,Hassan,Karnataka,Y,Y,d
573133,Ramanathapura,Karnataka,Y,Y,d
573134,Sakleshpur,Karnataka,Y,Y,d
573135,Channarayapatna,Karnataka,Y,Y,d
573136,Ramanathapura,Karnataka,Y,Y,d
573137,Shanivarasanthe,Karnataka,Y,Y,d
573138,Sakleshpur,Karnataka,N,N,d
573139,Sakleshpur,Karnataka,N,N,d
573141,Turuvukere,Karnataka,Y,Y,d
573142,Ramanathapura,Karnataka,Y,Y,d
573143,Belur,Karnataka,Y,Y,d
573144,Arsikere,Karnataka,Y,Y,d
573145,Sakleshpur,Karnataka,Y,Y,d
573146,Arkalgud,Karnataka,N,N,d
573147,Ramanathapura,Karnataka,Y,Y,d
573148,Arkalgud,Karnataka,N,N,d
573149,Hassan,Karnataka,Y,Y,d
573150,Ramanathapura,Karnataka,Y,Y,d
573154,Arkalgudu,Karnataka,N,N,d
573157,Channarayapatna,Karnataka,N,N,d
573160,Arsikere,Karnataka,N,Y,d
573161,Arsikere,Karnataka,N,N,d
573162,Hassan,Karnataka,Y,Y,d
573164,Hassan,Karnataka,Y,Y,d
573165,Sakleshpur,Karnataka,Y,Y,d
573177,Arsikere,Karnataka,N,N,d
573180,Arsikere,Karnataka,N,N,d
573201,Hassan,Karnataka,Y,Y,d
573202,Hassan,Karnataka,Y,Y,d
573210,HOLENARSIPURA,Karnataka,Y,Y,d
573211,HOLENARASIPUR,Karnataka,Y,Y,d
573212,Hassan,Karnataka,Y,Y,d
573213,Hassan,Karnataka,Y,Y,d
573214,Sakleshpur,Karnataka,Y,Y,d
573215,Belur,Karnataka,Y,Y,d
573216,Belur,Karnataka,Y,Y,d
573217,Hassan,Karnataka,Y,Y,d
573218,Hassan,Karnataka,Y,Y,d
573219,Hassan,Karnataka,Y,Y,d
573220,Hassan,Karnataka,Y,Y,d
573221,Hasan,Karnataka,N,N,d
573222,Hasan,Karnataka,N,N,d
573225,Channarayapatna,Karnataka,Y,Y,d
573226,Hassan,Karnataka,Y,Y,d
573228,Hassan,Karnataka,Y,Y,d
573313,Chamarajanagar,Karnataka,N,N,d
573425,Maddur,Karnataka,N,Y,d
573445,Nagamangala,Karnataka,N,Y,d
573628,Hassan,Karnataka,Y,Y,d
574101,Karkala,Karnataka,Y,Y,d
574102,Karkala,Karnataka,Y,Y,d
574103,Mudarangady,Karnataka,Y,Y,d
574104,Karkala,Karnataka,Y,Y,d
574105,Mudarangady,Karnataka,Y,Y,d
574106,Mudarangady,Karnataka,Y,Y,d
574107,Karkala,Karnataka,Y,Y,d
574108,Karkala,Karnataka,Y,Y,d
574109,Eedu,Karnataka,Y,Y,d
574110,Karkala,Karnataka,Y,Y,d
574111,Mudarangady,Karnataka,Y,Y,d
574112,Mudarangady,Karnataka,Y,Y,d
574113,Mudarangady,Karnataka,Y,Y,d
574114,Karkala,Karnataka,Y,Y,d
574115,Mudarangady,Karnataka,Y,Y,d
574116,Mudarangady,Karnataka,Y,Y,d
574117,Mudarangady,Karnataka,Y,Y,d
574118,Manipal,Karnataka,Y,Y,d
574119,Mudarangady,Karnataka,Y,Y,d
574120,Moodbidri,Karnataka,Y,Y,d
574121,KARKALA,Karnataka,N,N,d
574122,Karkala,Karnataka,Y,Y,d
574123,Ullal,Karnataka,Y,Y,d
574124,Karkala,Karnataka,N,N,d
574126,Moodbidri,Karnataka,Y,Y,d
574128,Moodbidri,Karnataka,N,N,d
574129,Karkala,Karnataka,Y,Y,d
574130,Mangalagangothri,Karnataka,Y,Y,d
574131,Mulky,Karnataka,N,Y,d
574133,Udupi,Karnataka,N,N,d
574134,Manipal,Karnataka,N,Y,d
574135,Udupi,Karnataka,N,N,d
574138,Mudarangady,Karnataka,Y,Y,d
574139,Mudarangady,Karnataka,Y,Y,d
574140,Mulky,Karnataka,N,Y,d
574141,Surathkal,Karnataka,Y,Y,d
574142,Mangalore,Karnataka,Y,Y,d
574143,Bantwal,Karnataka,Y,Y,d
574144,Moodabidri,Karnataka,Y,Y,d
574145,Mangalore,Karnataka,Y,Y,d
574146,Surathkal,Karnataka,Y,Y,d
574148,Surathkal,Karnataka,Y,Y,d
574149,Mangalore,Karnataka,N,N,d
574150,Surathkal,Karnataka,Y,Y,d
574151,Mangalore,Karnataka,Y,Y,d
574152,B.C ROAD,Karnataka,Y,Y,d
574153,Assaigoli,Karnataka,Y,Y,d
574154,Surathkal,Karnataka,Y,Y,d
574157,Mangaluru,Karnataka,Y,Y,d
574158,Surathkal,Karnataka,Y,Y,d
574159,Mangalagangothri,Karnataka,Y,Y,d
574160,Assaigoli,Karnataka,Y,Y,d
574161,Ullal,Karnataka,Y,Y,d
574162,Moodabidri,Karnataka,Y,Y,d
574163,Moodbidri,Karnataka,Y,Y,d
574164,Moodabidri,Karnataka,Y,Y,d
574165,Moodabidri,Karnataka,Y,Y,d
574166,Mangalore,Karnataka,Y,Y,d
574167,Mangalagangothri,Karnataka,Y,Y,d
574168,Mulky,Karnataka,N,Y,d
574169,Bantwal,Karnataka,Y,Y,d
574170,Mangalore,Karnataka,N,N,d
574171,Mulky,Karnataka,N,Y,d
574172,Mulky,Karnataka,N,Y,d
574173,Mangalore,Karnataka,Y,Y,d
574175,Udupi,Karnataka,N,N,d
574176,Udupi,Karnataka,N,N,d
574177,Mangalore,Karnataka,N,N,d
574179,Surathkal,Karnataka,Y,Y,d
574180,MANGALORE,Karnataka,N,Y,d
574181,Mangalagangothri,Karnataka,Y,Y,d
574182,Mangalagangothri,Karnataka,Y,Y,d
574183,Mangalagangothri,Karnataka,Y,Y,d
574184,Mangalagangothri,Karnataka,Y,Y,d
574187,B C Road,Karnataka,N,Y,d
574188,B C Road,Karnataka,N,Y,d
574189,Mangalore,Karnataka,Y,Y,d
574190,Mangalore,Karnataka,N,N,d
574191,Udupi,Karnataka,N,N,d
574192,Udupi,Karnataka,N,N,d
574193,Mangalore,Karnataka,N,N,d
574194,MANGALORE,Karnataka,Y,Y,d
574195,Moodbidri,Karnataka,N,N,d
574196,Moodbidri,Karnataka,N,N,d
574197,Moodabidri,Karnataka,Y,Y,d
574198,Belthangady,Karnataka,Y,Y,d
574199,Assaigoli,Karnataka,Y,Y,d
574201,Puttur,Karnataka,Y,Y,d
574202,Puttur,Karnataka,Y,Y,d
574203,Puttur,Karnataka,Y,Y,d
574204,Puttur,Karnataka,N,N,d
574208,Puttur,Andhra Pradesh,N,N,d
574210,Puttur,Karnataka,Y,Y,d
574211,Bantwal,Karnataka,Y,Y,d
574212,Sullia,Karnataka,Y,Y,d
574213,Moodabidri,Karnataka,Y,Y,d
574214,Belthangady,Karnataka,Y,Y,d
574216,Belthangady,Karnataka,Y,Y,d
574217,Belthangady,Karnataka,Y,Y,d
574218,Sullia,Karnataka,Y,Y,d
574219,Bantwal,Karnataka,Y,Y,d
574220,Vitla,Karnataka,Y,Y,d
574221,Kadaba,Karnataka,Y,Y,d
574222,Bantwal,Karnataka,Y,Y,d
574223,Sullia,Karnataka,Y,Y,d
574224,Belthangady,Karnataka,Y,Y,d
574225,Moodabidri,Karnataka,Y,Y,d
574226,Moodabidri,Karnataka,Y,Y,d
574227,Moodabidri,Karnataka,Y,Y,d
574228,Belthangady,Karnataka,Y,Y,d
574229,Kadaba,Karnataka,Y,Y,d
574230,Kadaba,Karnataka,Y,Y,d
574231,Bantwal,Karnataka,Y,Y,d
574232,Panja,Karnataka,Y,Y,d
574233,VENUR,Karnataka,Y,Y,d
574234,Sullia,Karnataka,Y,Y,d
574235,Vitla,Karnataka,Y,Y,d
574236,Moodabidri,Karnataka,Y,Y,d
574237,Moodabidri,Karnataka,Y,Y,d
574238,Panja,Karnataka,Y,Y,d
574239,Sullia,Karnataka,Y,Y,d
574240,Belthangady,Karnataka,Y,Y,d
574241,Puttur,Karnataka,Y,Y,d
574242,Moodabidri,Karnataka,Y,Y,d
574243,Vitla,Karnataka,Y,Y,d
574244,Karkala,Karnataka,Y,Y,d
574245,Sullia,Karnataka,N,Y,d
574246,Sullia,Karnataka,N,N,d
574247,Sullia,Karnataka,N,N,d
574248,Sullia,Karnataka,Y,Y,d
574249,Udupi,Karnataka,N,N,d
574250,B C Road,Karnataka,N,Y,d
574251,B C Road,Karnataka,N,Y,d
574252,Mangalore,Karnataka,N,N,d
574253,Vitla,Karnataka,Y,Y,d
574254,Vitla,Karnataka,N,N,d
574255,Vitla,Karnataka,N,N,d
574256,Sullia,Karnataka,N,N,d
574257,Puttur,Andhra Pradesh,N,N,d
574258,Puttur,Karnataka,Y,Y,d
574259,Puttur,Karnataka,Y,Y,d
574260,Vitla,Karnataka,Y,Y,d
574261,B C Road,Karnataka,N,Y,d
574262,B C Road,Karnataka,N,Y,d
574263,B C Road,Karnataka,N,Y,d
574264,Bantwal,Karnataka,Y,Y,d
574265,Bantwal,Karnataka,Y,Y,d
574266,Moodabidri,Karnataka,Y,Y,d
574267,Moodabidri,Karnataka,Y,Y,d
574268,Udupi,Karnataka,N,N,d
574269,B C Road,Karnataka,N,Y,d
574270,Udupi,Karnataka,N,N,d
574271,Mangalore,Karnataka,N,N,d
574272,Moodabidri,Karnataka,Y,Y,d
574273,Udupi,Karnataka,N,N,d
574274,Moodabidri,Karnataka,Y,Y,d
574275,Moodbidri,Karnataka,Y,Y,d
574276,B C Road,Karnataka,N,Y,d
574277,Moodbidri,Karnataka,Y,Y,d
574278,Mangalore,Karnataka,N,N,d
574279,Vitla,Karnataka,Y,Y,d
574280,Mangalore,Karnataka,N,N,d
574281,Vitla,Karnataka,N,N,d
574282,B C Road,Karnataka,N,Y,d
574283,Dakshina Kannada,Karnataka,N,N,d
574284,B C Road,Karnataka,N,Y,d
574285,Kadaba,Karnataka,Y,Y,d
574286,Udupi,Karnataka,N,N,d
574287,Uppinangady,Karnataka,N,Y,d
574288,Mangalore,Karnataka,N,N,d
574289,Uppinangady,Karnataka,N,Y,d
574290,Mangalore,Karnataka,N,N,d
574291,Ujire,Karnataka,N,Y,d
574292,Udupi,Karnataka,N,N,d
574293,Belthangady,Karnataka,N,N,d
574294,Ujire,Karnataka,N,Y,d
574295,Belthangady,Karnataka,N,N,d
574296,Ujire,Karnataka,N,Y,d
574297,B C Road,Karnataka,N,Y,d
574298,Dakshina Kannada,Karnataka,N,N,d
574299,B C Road,Karnataka,N,Y,d
574300,Mangalore,Karnataka,N,N,d
574301,Bantwal,Karnataka,Y,Y,d
574302,Udupi,Karnataka,N,N,d
574303,Mangalore,Karnataka,N,N,d
574304,Mangalore,Karnataka,N,N,d
574305,Mangalore,Karnataka,N,N,d
574306,Udupi,Karnataka,N,N,d
574307,Dakshina Kannada,Karnataka,N,N,d
574309,Puttur,Karnataka,N,Y,d
574310,Puttur,Karnataka,N,Y,d
574311,Sullia,Karnataka,N,Y,d
574312,SULLIA,Karnataka,N,Y,d
574313,Sullia,Karnataka,Y,Y,d
574314,Sullia,Karnataka,Y,Y,d
574315,Sullia,Karnataka,N,Y,d
574316,Udupi,Karnataka,N,N,d
574317,Moodbidri,Karnataka,Y,Y,d
574318,Puttur,Karnataka,N,Y,d
574319,B C Road,Karnataka,N,Y,d
574320,Udupi,Karnataka,N,N,d
574321,Udupi,Karnataka,N,N,d
574323,Bantwal,Karnataka,Y,Y,d
574324,Bantwal,Karnataka,Y,Y,d
574325,Puttur,Karnataka,Y,Y,d
574326,Puttur,Karnataka,Y,Y,d
574327,Sullia,Karnataka,Y,Y,d
574328,Panja,Karnataka,Y,Y,d
574329,Sullia,Karnataka,N,N,d
574333,Udupi,Karnataka,N,N,d
574334,Mangalore,Karnataka,N,N,d
574335,B C Road,Karnataka,N,Y,d
574336,Mangalore,Karnataka,N,N,d
574337,Puttur,Karnataka,N,Y,d
574339,Sullia,Karnataka,N,N,d
574371,Udupi,Karnataka,N,N,d
574504,Mudarangady,Karnataka,Y,Y,d
574507,Surathkal,Karnataka,N,N,d
574508,Surathkal,Karnataka,N,N,d
574509,Mangalore,Karnataka,Y,Y,d
574510,Surathkal,Karnataka,N,N,d
574561,Mangaluru,Karnataka,Y,Y,d
574714,Belthangady,Karnataka,N,N,d
575000,Mangalore,Karnataka,N,Y,d
575001,Mangalore,Karnataka,Y,Y,d
575002,Mangalore,Karnataka,Y,Y,d
575003,Mangalore,Karnataka,Y,Y,d
575004,Mangalore,Karnataka,Y,Y,d
575005,Mangalore,Karnataka,Y,Y,d
575006,Mangalore,Karnataka,Y,Y,d
575007,Mangalore,Karnataka,Y,Y,d
575008,Mangalore,Karnataka,Y,Y,d
575009,Ullal,Karnataka,Y,Y,d
575010,Mangalore,Karnataka,Y,Y,d
575011,Mangalore,Karnataka,Y,Y,d
575012,Mangalore,Karnataka,Y,Y,d
575013,Mangalore,Karnataka,Y,Y,d
575014,Surathkal,Karnataka,Y,Y,d
575015,Mangalore,Karnataka,Y,Y,d
575016,Mangalore,Karnataka,Y,Y,d
575017,Ullal,Karnataka,Y,Y,d
575018,Assaigoli,Karnataka,Y,Y,d
575019,Surathkal,Karnataka,Y,Y,d
575020,Ullal,Karnataka,Y,Y,d
575021,Surathkal,Karnataka,Y,Y,d
575022,Ullal,Karnataka,Y,Y,d
575023,Ullal,Karnataka,Y,Y,d
575024,Ullal,Karnataka,Y,Y,d
575025,Surathkal,Karnataka,Y,Y,d
575026,Surathkal,Karnataka,Y,Y,d
575027,Ullal,Karnataka,Y,Y,d
575028,Mangalore,Karnataka,Y,Y,d
575029,Mangalore,Karnataka,Y,Y,d
575030,Surathkal,Karnataka,Y,Y,d
575130,Arakalgudu,Karnataka,N,Y,d
575150,Bajpe,Karnataka,N,N,d
575152,Mangalore,Karnataka,N,Y,d
575159,Mangalore,Karnataka,N,Y,d
575212,Sullia,Karnataka,N,N,d
575219,Mangalore,Karnataka,N,N,d
575220,Chikballapur,Karnataka,N,Y,d
575221,Mangaluru,Karnataka,Y,Y,d
575253,B C Road,Karnataka,N,Y,d
575328,Mangalore,Karnataka,N,N,d
575551,Channagiri,Karnataka,Y,Y,d
575889,Mangaluru,Karnataka,Y,Y,d
576001,Manipal,Karnataka,Y,Y,d
576003,Manipal,Karnataka,N,Y,d
576101,Manipal,Karnataka,Y,Y,d
576102,Manipal,Karnataka,Y,Y,d
576103,Manipal,Karnataka,Y,Y,d
576104,Manipal,Karnataka,Y,Y,d
576105,Manipal,Karnataka,Y,Y,d
576106,Manipal,Karnataka,N,Y,d
576107,Manipal,Karnataka,Y,Y,d
576108,Manipal,Karnataka,N,Y,d
576111,Karkala,Karnataka,Y,Y,d
576112,Yellare,Karnataka,Y,Y,d
576113,Manipal,Karnataka,Y,Y,d
576114,Manipal,Karnataka,N,Y,d
576115,Manipal,Karnataka,N,Y,d
576116,Manipal,Karnataka,N,Y,d
576117,Karkala,Karnataka,Y,Y,d
576118,Manipal,Karnataka,N,Y,d
576119,Manipal,Karnataka,Y,Y,d
576120,Manipal,Karnataka,Y,Y,d
576121,Kanjarakatte,Karnataka,Y,Y,d
576122,Mudarangady,Karnataka,Y,Y,d
576123,MANIPAL,Karnataka,N,N,d
576124,Manipal,Karnataka,Y,Y,d
576125,Manipal,Karnataka,N,Y,d
576126,Karkala,Karnataka,Y,Y,d
576127,Mudarangady,Karnataka,Y,Y,d
576128,Moodbidri,Karnataka,Y,Y,d
576129,Hebri,Karnataka,N,Y,d
576131,Manipal,Karnataka,N,Y,d
576135,Manipal,Karnataka,N,Y,d
576136,Manipal,Karnataka,N,Y,d
576137,Udupi,Karnataka,N,N,d
576138,Udupi,Karnataka,N,N,d
576143,Malpe,Karnataka,N,N,d
576144,Hebri,Karnataka,N,N,d
576145,Hebri,Karnataka,N,Y,d
576201,Kundapura,Karnataka,Y,Y,d
576210,Manipal,Karnataka,Y,Y,d
576211,Kundapura,Karnataka,Y,Y,d
576212,HEBRI,Karnataka,Y,Y,d
576213,Manipal,Karnataka,Y,Y,d
576214,Bhatkal,Karnataka,Y,Y,d
576215,Manipal,Karnataka,Y,Y,d
576216,Kundapura,Karnataka,Y,Y,d
576217,Kundapura,Karnataka,Y,Y,d
576218,Manipal,Karnataka,Y,Y,d
576219,Byndoor,Karnataka,Y,Y,d
576220,Byndoor,Karnataka,Y,Y,d
576221,Kundapura,Karnataka,Y,Y,d
576222,Kundapura,Karnataka,Y,Y,d
576223,Manipal,Karnataka,Y,Y,d
576224,Kundapura,Karnataka,Y,Y,d
576225,Kundapura,Karnataka,Y,Y,d
576226,Kundapura,Karnataka,Y,Y,d
576227,HOSANGADI,Karnataka,Y,Y,d
576228,Bhatkal,Karnataka,Y,Y,d
576229,KUNDAPURA,Karnataka,Y,Y,d
576230,Kundapura,Karnataka,Y,Y,d
576231,Kundapura,Karnataka,Y,Y,d
576232,Byndoor,Karnataka,Y,Y,d
576233,KUNDAPURA,Karnataka,Y,Y,d
576234,Manipal,Karnataka,Y,Y,d
576235,Kundapura,Karnataka,Y,Y,d
576236,Kundapura,Karnataka,N,N,d
576237,Kundapura,Karnataka,N,N,d
576238,Kundapura,Karnataka,N,Y,d
576239,Kundapur,Karnataka,N,N,d
576240,Kundapur,Karnataka,N,N,d
576241,Kundapura,Karnataka,N,Y,d
576243,Manipal,Karnataka,N,Y,d
576244,Bhatkal,Karnataka,Y,Y,d
576245,Kundapura,Karnataka,N,N,d
576246,Kundapura,Karnataka,N,N,d
576247,Kundapura,Karnataka,Y,Y,d
576248,Kundapura,Karnataka,N,N,d
576249,Kundapura,Karnataka,N,Y,d
576252,Kundapura,Karnataka,N,Y,d
576253,Kundapur,Karnataka,N,N,d
576254,Kundapura,Karnataka,Y,Y,d
576255,Kundapura,Karnataka,N,N,d
576256,Kundapura,Karnataka,N,N,d
576257,Kundapura,Karnataka,Y,Y,d
576258,Kundapura,Karnataka,N,N,d
576259,Kundapura,Karnataka,N,N,d
576262,Manipal,Karnataka,N,Y,d
576266,Kundapura,Karnataka,N,Y,d
576282,Kundapura,Karnataka,Y,Y,d
576283,Kundapura,Karnataka,Y,Y,d
576425,Hebri,Karnataka,N,Y,d
576445,Hiriyur,Karnataka,N,Y,d
577001,Davangere,Karnataka,Y,Y,d
577002,Davangere,Karnataka,Y,Y,d
577003,Davangere,Karnataka,Y,Y,d
577004,Davangere,Karnataka,Y,Y,d
577005,Davangere,Karnataka,Y,Y,d
577006,Davangere,Karnataka,Y,Y,d
577007,Davangere,Karnataka,Y,Y,d
577008,#REF!,#REF!,N,N,d
577101,Chikkamagalur,Karnataka,Y,Y,d
577102,Chikkamagalur,Karnataka,Y,Y,d
577103,Chickmagalur,Karnataka,N,N,d
577107,Chickmagalur,Karnataka,N,N,d
577111,Chikkamagalur,Karnataka,Y,Y,d
577112,Sringeri,Karnataka,Y,Y,d
577113,Mudigere,Karnataka,Y,Y,d
577114,Kalasa,Karnataka,N,Y,d
577115,Bhadravati-KA,Karnataka,Y,Y,d
577116,Kadur,Karnataka,Y,Y,d
577117,SRINGERI,Karnataka,N,Y,d
577118,Koppa-Ka,Karnataka,Y,Y,d
577119,Sakleshpur,Karnataka,N,Y,d
577120,Koppa-Ka,Karnataka,Y,Y,d
577121,Kalasa,Karnataka,Y,Y,d
577122,MUDIGERE,Karnataka,Y,Y,d
577123,Sringeri,Karnataka,Y,Y,d
577124,Kalasa,Karnataka,Y,Y,d
577125,Thirthahalli,Karnataka,Y,Y,d
577126,Koppa-Ka,Karnataka,Y,Y,d
577127,Koppa-Ka,Karnataka,Y,Y,d
577128,Shimoga,Karnataka,Y,Y,d
577129,TARIKERE,Karnataka,Y,Y,d
577130,CHICKAMAGALUR,Karnataka,N,Y,d
577131,Chikkamagalur,Karnataka,Y,Y,d
577132,Mudigere,Karnataka,Y,Y,d
577133,Chikkamagalur,Karnataka,Y,Y,d
577134,Koppa-Ka,Karnataka,Y,Y,d
577135,Kadur,Karnataka,Y,Y,d
577136,Balehonnur,Karnataka,N,Y,d
577137,CHICKAMAGALUR,Karnataka,N,Y,d
577138,Kadur,Karnataka,Y,Y,d
577139,Sringeri,Karnataka,Y,Y,d
577140,Kadur,Karnataka,Y,Y,d
577141,Sringeri,Karnataka,N,N,d
577142,Kalasa,Karnataka,Y,Y,d
577144,Bhadravati-KA,Karnataka,Y,Y,d
577145,Kadur,Karnataka,Y,Y,d
577146,Belur,Karnataka,Y,Y,d
577147,Belur,Karnataka,Y,Y,d
577148,Chickamagalur,Karnataka,N,N,d
577149,Chikkamagaluru,Karnataka,Y,Y,d
577150,Thirthahalli,Karnataka,N,N,d
577151,Mudigere,Karnataka,N,Y,d
577152,Chickamagalur,Karnataka,N,N,d
577153,Shivamogga,Karnataka,N,Y,d
577154,SHIVAMOGA,Karnataka,N,N,d
577156,CHICKAMAGALUR,Karnataka,Y,Y,d
577157,Chikkamagalur,Karnataka,Y,Y,d
577158,THIRTHAHALLI,Karnataka,N,N,d
577159,Chickamagalur,Karnataka,N,N,d
577160,Balehonnur,Karnataka,N,Y,d
577161,Hassan,Karnataka,N,N,d
577162,Sringeri,Karnataka,N,N,d
577163,CHICKAMAGALUR,Karnataka,N,N,d
577164,Chickamagalur,Karnataka,N,N,d
577165,CHICKAMAGALUR,Karnataka,N,N,d
577167,KADURU,Karnataka,N,N,d
577168,Chikkamagalur,Karnataka,Y,Y,d
577170,Mudigere,Karnataka,N,N,d
577171,Mudigere,Karnataka,N,Y,d
577172,Mudigere,Karnataka,N,N,d
577173,Chickamagalur,Karnataka,N,N,d
577174,Chickamagalur,Karnataka,N,N,d
577175,Kadur,Karnataka,Y,Y,d
577177,Koppa,Karnataka,N,N,d
577179,Kalasa,Karnataka,Y,Y,d
577180,Kadur,Karnataka,Y,Y,d
577181,Kalasa,Karnataka,Y,Y,d
577182,Kadur,Karnataka,Y,Y,d
577201,Shimoga,Karnataka,Y,Y,d
577202,Shimoga,Karnataka,Y,Y,d
577203,Shimoga,Karnataka,Y,Y,d
577204,Shimoga,Karnataka,Y,Y,d
577205,Shimoga,Karnataka,Y,Y,d
577211,Shimoga,Karnataka,Y,Y,d
577212,Davangere,Karnataka,N,N,d
577213,Channagiri,Karnataka,Y,Y,d
577214,Shikaripur,Karnataka,Y,Y,d
577215,Channagiri,Karnataka,Y,Y,d
577216,Shimoga,Karnataka,Y,Y,d
577217,Honnali,Karnataka,Y,Y,d
577218,Davangere,Karnataka,Y,Y,d
577219,Honnali,Karnataka,Y,Y,d
577220,Shimoga,Karnataka,Y,Y,d
577221,Channagiri,Karnataka,Y,Y,d
577222,Shimoga,Karnataka,Y,Y,d
577223,Honnali,Karnataka,Y,Y,d
577224,Honnali,Karnataka,Y,Y,d
577225,Shikaripur,Karnataka,Y,Y,d
577226,Thirthahalli,Karnataka,Y,Y,d
577227,Shimoga,Karnataka,Y,Y,d
577228,Tarikere,Karnataka,Y,Y,d
577229,Shimoga,Karnataka,Y,Y,d
577230,Honnali,Karnataka,Y,Y,d
577231,Davangere,Karnataka,Y,Y,d
577232,Thirthahalli,Karnataka,Y,Y,d
577233,Bhadravati-KA,Karnataka,Y,Y,d
577234,Channagiri,Karnataka,Y,Y,d
577235,Shivamogga,Karnataka,Y,Y,d
577236,Shikaripur,Karnataka,N,Y,d
577237,Shivamogga,Karnataka,N,Y,d
577239,Thirthahalli,Karnataka,N,N,d
577240,Thirthahalli,Karnataka,N,N,d
577241,BHADRAVATI,Karnataka,N,N,d
577242,Bhadravati,Karnataka,N,N,d
577243,Channagiri,Karnataka,Y,Y,d
577244,Sagara,Karnataka,Y,Y,d
577245,Tarikere,Karnataka,Y,Y,d
577246,Thirthahalli,Karnataka,Y,Y,d
577247,Shimoga,Karnataka,Y,Y,d
577257,Shimoga,Karnataka,N,N,d
577301,Bhadravati-KA,Karnataka,Y,Y,d
577302,Bhadravati-KA,Karnataka,Y,Y,d
577303,Bhadravati-KA,Karnataka,Y,Y,d
577306,Bhadravathi,Karnataka,N,N,d
577321,Shimoga,Karnataka,Y,Y,d
577401,Sagara,Karnataka,Y,Y,d
577411,Sringeri,Karnataka,Y,Y,d
577412,Sagara,Karnataka,Y,Y,d
577413,Shiralakoppa,Karnataka,Y,Y,d
577414,Thirthahalli,Karnataka,Y,Y,d
577415,Thirthahalli,Karnataka,Y,Y,d
577416,Shimoga,Karnataka,Y,Y,d
577417,Sagara,Karnataka,Y,Y,d
577418,Hosanagar,Karnataka,Y,Y,d
577419,Shiralakoppa,Karnataka,Y,Y,d
577421,Siddapur,Karnataka,Y,Y,d
577422,Thirthahalli,Karnataka,Y,Y,d
577423,Thirthahalli,Karnataka,Y,Y,d
577424,Thirthahalli,Karnataka,N,Y,d
577425,Hosanagar,Karnataka,Y,Y,d
577426,Sagara,Karnataka,Y,Y,d
577427,Shikaripur,Karnataka,Y,Y,d
577428,Shiralakoppa,Karnataka,Y,Y,d
577429,Soraba,Karnataka,Y,Y,d
577430,Sagara,Karnataka,Y,Y,d
577431,Shikaripur,Karnataka,Y,Y,d
577432,Thirthahalli,Karnataka,Y,Y,d
577433,Shiralakoppa,Karnataka,Y,Y,d
577434,Sagara,Karnataka,Y,Y,d
577435,Siddapur,Karnataka,Y,Y,d
577436,Thirthahalli,Karnataka,Y,Y,d
577437,Thirthahalli,Karnataka,N,N,d
577438,Thirthahalli,Karnataka,N,N,d
577439,Gandhinagar Sagar,Karnataka,N,Y,d
577440,Thirthahalli,Karnataka,Y,Y,d
577441,Sringeri,Karnataka,N,N,d
577442,Koppa,Karnataka,N,N,d
577443,Gandhinagar Sagar,Karnataka,N,Y,d
577444,Shimoga,Karnataka,Y,Y,d
577445,Thirthahalli,Karnataka,N,N,d
577446,Sagara,Karnataka,N,N,d
577447,Shikaripur,Karnataka,Y,Y,d
577448,Thirthahalli,Karnataka,Y,Y,d
577450,Shikaripur,Karnataka,Y,Y,d
577451,Bhadravati-KA,Karnataka,Y,Y,d
577452,Hosanagar,Karnataka,Y,Y,d
577453,SAGARA,Karnataka,N,N,d
577501,Chitradurga,Karnataka,Y,Y,d
577502,Chitradurga,Karnataka,Y,Y,d
577503,Chitradurga,Karnataka,Y,Y,d
577511,Hiriyur,Karnataka,Y,Y,d
577512,Davangere,Karnataka,Y,Y,d
577513,Jagaluru,Karnataka,Y,Y,d
577514,Davangere,Karnataka,Y,Y,d
577515,Hosadurga,Karnataka,Y,Y,d
577516,Holesirigere,Karnataka,Y,Y,d
577517,Jagaluru,Karnataka,Y,Y,d
577518,Davangere,Karnataka,Y,Y,d
577519,Davangere,Karnataka,Y,Y,d
577520,Chitradurga,Karnataka,Y,Y,d
577521,Jagaluru,Karnataka,Y,Y,d
577522,Challakere,Karnataka,Y,Y,d
577523,Channagiri,Karnataka,Y,Y,d
577524,Chitradurga,Karnataka,N,Y,d
577525,Davangere,Karnataka,Y,Y,d
577526,CHITRADURGA,Karnataka,Y,Y,d
577527,Hosadurga,Karnataka,Y,Y,d
577528,Jagaluru,Karnataka,Y,Y,d
577529,Molakalmuru,Karnataka,Y,Y,d
577530,Honnali,Karnataka,Y,Y,d
577531,HOLALKERE,Karnataka,Y,Y,d
577532,Chitradurga,Karnataka,Y,Y,d
577533,Hosadurga,Karnataka,Y,Y,d
577534,Davangere,Karnataka,Y,Y,d
577535,Molakalmuru,Karnataka,Y,Y,d
577536,Challakere,Karnataka,Y,Y,d
577537,Challakere,Karnataka,N,Y,d
577538,Challakere,Karnataka,Y,Y,d
577539,HOLALKERE,Karnataka,Y,Y,d
577540,Bellary,Karnataka,Y,Y,d
577541,Chitradurga,Karnataka,Y,Y,d
577542,BELAGURU KA,Karnataka,Y,Y,d
577543,Challakere,Karnataka,Y,Y,d
577544,Davangere,Karnataka,Y,Y,d
577545,Hiriyur,Karnataka,Y,Y,d
577546,Amarapuram,Andhra Pradesh,Y,Y,d
577547,Kadur,Karnataka,Y,Y,d
577548,Kadur,Karnataka,Y,Y,d
577549,Kadur,Karnataka,Y,Y,d
577550,Kadur,Karnataka,Y,Y,d
577551,CHANNAGIRI,Karnataka,Y,Y,d
577552,Davangere,Karnataka,Y,Y,d
577553,Jagaluru,Karnataka,Y,Y,d
577554,HOSADURGA,Karnataka,Y,Y,d
577555,Chitradurga,Karnataka,Y,Y,d
577556,Davangere,Karnataka,Y,Y,d
577557,Channagiri,Karnataka,Y,Y,d
577558,Hiriyur,Karnataka,Y,Y,d
577560,Hiriyur,Karnataka,N,N,d
577562,Kadur,Karnataka,N,N,d
577566,Davangere,Karnataka,Y,Y,d
577567,Chitradurga,Karnataka,N,Y,d
577568,Chitradurga,Karnataka,N,Y,d
577569,Chitradurga,Karnataka,N,N,d
577570,Chitradurga,Karnataka,N,N,d
577571,Chitradurga,Karnataka,Y,Y,d
577572,Molakalmuru,Karnataka,N,N,d
577573,Davangere,Karnataka,N,Y,d
577575,Honnali,Karnataka,N,N,d
577576,Chickamagalur,Karnataka,N,N,d
577577,Honnali,Karnataka,N,N,d
577579,Davangere,Karnataka,N,Y,d
577580,Davangere,Karnataka,N,Y,d
577582,Holalkere,Karnataka,N,N,d
577583,Dharwad,Karnataka,Y,Y,d
577584,Hiriyur,Karnataka,N,N,d
577585,Hiriyur,Karnataka,N,N,d
577586,Challakere,Karnataka,N,Y,d
577587,Davanagere,Karnataka,N,N,d
577588,Davangere,Karnataka,Y,Y,d
577589,Davangere,Karnataka,Y,Y,d
577590,Davangere,Karnataka,N,N,d
577591,Davangere,Karnataka,Y,Y,d
577594,Davangere,Karnataka,N,Y,d
577595,Hiriyur,Karnataka,N,N,d
577596,Hiriyur,Karnataka,Y,Y,d
577597,BELAGURU KA,Karnataka,Y,Y,d
577598,Hiriyur,Karnataka,Y,Y,d
577599,Hiriyur,Karnataka,Y,Y,d
577601,Davangere,Karnataka,Y,Y,d
577602,DAVANGERE,Karnataka,N,Y,d
577715,Arsikere,Karnataka,N,N,d
577777,Davangere,Karnataka,Y,Y,d
578103,Manipal,Karnataka,N,N,d
578104,Manipal,Karnataka,N,N,d
578105,Manipal,Karnataka,N,Y,d
579999,Mysuru,Karnataka,N,Y,d
580000,Hubli,Karnataka,N,Y,d
580001,Dharwad,Karnataka,Y,Y,d
580002,Dharwad,Karnataka,Y,Y,d
580003,Dharwad,Karnataka,Y,Y,d
580004,Dharwad,Karnataka,Y,Y,d
580005,Dharwad,Karnataka,Y,Y,d
580006,Dharwad,Karnataka,Y,Y,d
580007,Dharwad,Karnataka,Y,Y,d
580008,Dharwad,Karnataka,Y,Y,d
580009,Dharwad,Karnataka,Y,Y,d
580010,Belgaum,Karnataka,Y,Y,d
580011,Dharwad,Karnataka,Y,Y,d
580016,Mysore,Karnataka,N,N,d
580020,Hubli,Karnataka,Y,Y,d
580021,Hubli,Karnataka,Y,Y,d
580022,Hubli,Karnataka,Y,Y,d
580023,Hubli,Karnataka,Y,Y,d
580024,Hubli,Karnataka,Y,Y,d
580025,Hubli,Karnataka,Y,Y,d
580026,Hubli,Karnataka,Y,Y,d
580027,Hubli,Karnataka,Y,Y,d
580028,Hubli,Karnataka,Y,Y,d
580029,Hubli,Karnataka,Y,Y,d
580030,Hubli,Karnataka,Y,Y,d
580031,Hubli,Karnataka,Y,Y,d
580032,Hubli,Karnataka,Y,Y,d
580034,Hubli Keshwapur,Karnataka,N,N,d
580102,Gadag,Karnataka,N,N,d
580110,Dharwad,Karnataka,N,Y,d
580112,Dharwad,Karnataka,Y,Y,d
580113,Dharwad,Karnataka,N,Y,d
580114,Dharwad,Karnataka,Y,Y,d
580115,Dharwad,Karnataka,Y,Y,d
580116,Dharwad,Karnataka,Y,Y,d
580117,Hubli,Karnataka,N,Y,d
580118,Dharwad,Karnataka,Y,Y,d
580211,Hubli,Karnataka,N,N,d
580212,Hubli,Karnataka,Y,Y,d
580213,Hubli,Karnataka,Y,Y,d
580214,Hubli,Karnataka,Y,Y,d
580215,Hubli,Karnataka,N,Y,d
580216,Hubli,Karnataka,N,Y,d
581047,Hubbali,Karnataka,Y,Y,d
581101,Haveri,Karnataka,Y,Y,d
581102,Hangal,Karnataka,Y,Y,d
581103,Alnavar,Karnataka,Y,Y,d
581104,Hangal,Karnataka,Y,Y,d
581105,Dharwad,Karnataka,Y,Y,d
581106,Byadagi,Karnataka,Y,Y,d
581107,Gadag,Karnataka,Y,Y,d
581108,Holalu,Karnataka,Y,Y,d
581109,Hirekerur,Karnataka,Y,Y,d
581110,Haveri,Karnataka,Y,Y,d
581111,Hirekerur,Karnataka,Y,Y,d
581112,Haveri,Karnataka,Y,Y,d
581113,Kalaghatgi,Karnataka,Y,Y,d
581115,Ranebennur,Karnataka,Y,Y,d
581116,Hirekerur,Karnataka,Y,Y,d
581117,Gadag,Karnataka,Y,Y,d
581118,Haveri,Karnataka,Y,Y,d
581119,Hirekerur,Karnataka,Y,Y,d
581120,Byadagi,Karnataka,Y,Y,d
581121,Alnavar,Karnataka,Y,Y,d
581122,Davangere,Karnataka,N,N,d
581123,Davangere,Karnataka,Y,Y,d
581124,Hubli,Karnataka,Y,Y,d
581125,Hirekerur,Karnataka,N,Y,d
581126,Haveri,Karnataka,Y,Y,d
581127,Hangal,Karnataka,Y,Y,d
581128,Haveri,Karnataka,Y,Y,d
581129,Dandeli,Karnataka,Y,Y,d
581130,Ranebennur,Karnataka,N,N,d
581131,Ranebennur,Karnataka,N,Y,d
581132,Haveri,Karnataka,Y,Y,d
581133,Haveri,Karnataka,N,Y,d
581134,Haveri,Karnataka,N,Y,d
581135,Ranebennur,Karnataka,N,N,d
581136,Byadagi,Karnataka,Y,Y,d
581138,Hangal,Karnataka,N,Y,d
581139,Dharwad,Karnataka,Y,Y,d
581140,Hubli,Karnataka,Y,Y,d
581141,Davangere,Karnataka,Y,Y,d
581142,Haveri,Karnataka,N,N,d
581143,Ranebennur,Karnataka,Y,Y,d
581145,Ranebennur,Karnataka,Y,Y,d
581146,Ranebennur,Karnataka,N,N,d
581147,Ranebennur,Karnataka,N,Y,d
581148,Haveri,Karnataka,Y,Y,d
581149,Haveri,Karnataka,N,Y,d
581150,Hangal,Karnataka,N,Y,d
581152,Haveri,Karnataka,N,Y,d
581153,Haveri,Karnataka,Y,Y,d
581154,Haveri,Karnataka,N,Y,d
581155,Ranebennur,Karnataka,N,Y,d
581157,Sindhnur,Karnataka,N,Y,d
581158,Hubli,Karnataka,N,Y,d
581159,Savanur,Karnataka,N,N,d
581160,Haveri,Karnataka,N,Y,d
581161,Dharwad,Karnataka,N,N,d
581163,Harihar,Karnataka,N,Y,d
581164,Haveri,Karnataka,N,Y,d
581165,Rona,Karnataka,Y,Y,d
581166,Haveri,Karnataka,N,N,d
581167,Hangal,Karnataka,N,Y,d
581168,Honnavara,Karnataka,N,Y,d
581169,Haveri,Karnataka,N,Y,d
581170,Sirsi,Karnataka,Y,Y,d
581172,Haveri,Karnataka,Y,Y,d
581174,Dharwad,Karnataka,N,N,d
581175,Dharwad,Karnataka,Y,Y,d
581176,Haveri,Karnataka,N,N,d
581177,Bailhongal,Karnataka,N,Y,d
581178,Haveri,Karnataka,N,N,d
581179,Haveri,Karnataka,N,N,d
581180,Ranebennur,Karnataka,N,N,d
581181,Haveri,Karnataka,N,Y,d
581182,Haveri,Karnataka,N,Y,d
581183,Davangere,Karnataka,N,Y,d
581185,Bhatkal,Karnataka,N,Y,d
581186,DANDELI,Karnataka,N,N,d
581187,KAIGA,Karnataka,N,N,d
581188,Bijapur,Karnataka,N,N,d
581189,Hangal,Karnataka,N,Y,d
581190,Hirekerur,Karnataka,N,N,d
581191,Mundgod,Karnataka,N,Y,d
581192,Haveri,Karnataka,N,N,d
581193,Haveri,Karnataka,Y,Y,d
581194,Hubli,Karnataka,N,N,d
581195,Kalaghatgi,Karnataka,N,Y,d
581196,Hubli,Karnataka,Y,Y,d
581197,Hangal,Karnataka,Y,Y,d
581198,Byadagi,Karnataka,Y,Y,d
581199,Hangal,Karnataka,N,Y,d
581201,Dharwad,Karnataka,Y,Y,d
581202,Haveri,Karnataka,Y,Y,d
581203,Hangal,Karnataka,Y,Y,d
581204,Kalaghatgi,Karnataka,Y,Y,d
581205,Haveri,Karnataka,Y,Y,d
581206,DHARWAD,Karnataka,Y,Y,d
581207,Kalaghatgi,Karnataka,Y,Y,d
581208,Ranebennur,Karnataka,Y,Y,d
581209,Navalgund,Karnataka,Y,Y,d
581210,Hirekerur,Karnataka,Y,Y,d
581211,Ranebennur,Karnataka,Y,Y,d
581212,Kalaghatgi,Karnataka,Y,Y,d
581213,Gadag,Karnataka,Y,Y,d
581214,Haveri,Karnataka,N,Y,d
581215,Dharwad,Karnataka,N,Y,d
581217,Hirekerur,Karnataka,N,N,d
581223,Yellapur,Karnataka,N,N,d
581224,Kalghatgi,Karnataka,N,Y,d
581225,Kalghatgi,Karnataka,Y,Y,d
581226,Kalghatgi,Karnataka,N,Y,d
581227,Hubli,Karnataka,N,N,d
581228,Hubli,Karnataka,N,Y,d
581229,Haveri,Karnataka,N,N,d
581230,Hubli,Karnataka,Y,Y,d
581231,Hubli,Karnataka,N,Y,d
581232,Hubli,Karnataka,N,N,d
581233,Hubli,Karnataka,N,Y,d
581234,Hubli,Karnataka,Y,Y,d
581236,Ranebennur,Karnataka,N,N,d
581237,#REF!,#REF!,N,N,d
581301,Karwar,Karnataka,Y,Y,d
581302,Karwar,Karnataka,Y,Y,d
581303,Karwar,Karnataka,Y,Y,d
581304,Karwar,Karnataka,Y,Y,d
581305,Karwar,Karnataka,Y,Y,d
581306,Karwar,Karnataka,Y,Y,d
581307,Karwar,Karnataka,Y,Y,d
581308,Karwar,Karnataka,Y,Y,d
581314,Ankola,Karnataka,Y,Y,d
581315,SIRSI,Karnataka,N,N,d
581316,Ankola,Karnataka,Y,Y,d
581317,Karwar,Karnataka,Y,Y,d
581318,Sirsi,Karnataka,Y,Y,d
581319,Ankola,Karnataka,Y,Y,d
581320,Bhatkal,Karnataka,Y,Y,d
581321,Ankola,Karnataka,Y,Y,d
581322,Siddapur,Karnataka,Y,Y,d
581323,Kumta,Karnataka,Y,Y,d
581324,Karwar,Karnataka,Y,Y,d
581325,Dandeli,Karnataka,Y,Y,d
581326,Ankola,Karnataka,Y,Y,d
581327,Honnavar,Karnataka,Y,Y,d
581328,Karwar,Karnataka,Y,Y,d
581329,Haliyal,Karnataka,Y,Y,d
581330,Kumta,Karnataka,Y,Y,d
581331,Siddapur,Karnataka,Y,Y,d
581332,Kumta,Karnataka,Y,Y,d
581333,Kumta,Karnataka,Y,Y,d
581334,Honnavar,Karnataka,Y,Y,d
581335,Honnavar,Karnataka,Y,Y,d
581336,Sirsi,Karnataka,Y,Y,d
581337,Yellapur,Karnataka,Y,Y,d
581338,Honnavar,Karnataka,Y,Y,d
581339,Karwar,Karnataka,Y,Y,d
581340,Sirsi,Karnataka,Y,Y,d
581341,Honnavar,Karnataka,Y,Y,d
581342,Honnavar,Karnataka,Y,Y,d
581343,Kumta,Karnataka,Y,Y,d
581344,Ankola,Karnataka,Y,Y,d
581345,Karwar,Karnataka,Y,Y,d
581346,Hangal,Karnataka,Y,Y,d
581347,Yellapur,Karnataka,Y,Y,d
581348,Honnavar,Karnataka,Y,Y,d
581349,Mundgod,Karnataka,Y,Y,d
581350,Bhatkal,Karnataka,Y,Y,d
581351,Kumta,Karnataka,Y,Y,d
581352,Karwar,Karnataka,Y,Y,d
581353,Ankola,Karnataka,Y,Y,d
581354,Bhatkal,Karnataka,Y,Y,d
581355,Siddapur,Karnataka,Y,Y,d
581356,Haliyal,Karnataka,Y,Y,d
581357,Ankola,Karnataka,Y,Y,d
581358,Sirsi,Karnataka,Y,Y,d
581359,Yellapur,Karnataka,Y,Y,d
581360,Karwar,Karnataka,Y,Y,d
581361,Honnavar,Karnataka,Y,Y,d
581362,Kumta,Karnataka,Y,Y,d
581363,Dandeli,Karnataka,Y,Y,d
581364,Dandeli,Karnataka,N,N,d
581365,Dandeli,Karnataka,Y,Y,d
581368,Honnavar,Karnataka,N,N,d
581380,Belgaum,Karnataka,N,N,d
581383,Honnavar,Karnataka,N,N,d
581384,Honnavar,Karnataka,N,Y,d
581391,Honnavar,Karnataka,N,N,d
581395,Kaiga,Karnataka,N,N,d
581396,Mallapur,Karnataka,Y,Y,d
581398,KAIGA,Karnataka,N,N,d
581400,Mallapur,Karnataka,Y,Y,d
581401,Sirsi,Karnataka,Y,Y,d
581402,Sirsi,Karnataka,Y,Y,d
581403,Sirsi,Karnataka,Y,Y,d
581405,Sirsi,Karnataka,N,Y,d
581411,Mundgod,Karnataka,Y,Y,d
581412,Yellapur,Karnataka,Y,Y,d
581413,Yellapur,Karnataka,N,N,d
581414,Yellapur,Karnataka,N,N,d
581421,Bhatkal,Karnataka,Y,Y,d
581422,Honnavar,Karnataka,N,N,d
581423,Honnavar,Karnataka,Y,Y,d
581424,Honnavar,Karnataka,N,N,d
581425,Bagalkot,Karnataka,N,N,d
581426,Navnagar,Karnataka,N,Y,d
581427,Bagalkot,Karnataka,N,N,d
581430,Honnavar,Karnataka,N,N,d
581431,Honnavar,Karnataka,N,N,d
581432,Honnavar,Karnataka,N,N,d
581434,Honnavar,Karnataka,N,N,d
581437,Gokarna,Karnataka,N,N,d
581439,Kumta,Karnataka,N,N,d
581440,Kumta,Karnataka,Y,Y,d
581441,Kumta,Karnataka,N,N,d
581442,Kumta,Karnataka,N,N,d
581443,Kumta,Karnataka,N,N,d
581444,Kumta,Karnataka,N,N,d
581445,Kumta,Karnataka,N,N,d
581446,Sirsi,Karnataka,N,N,d
581448,Sirsi,Karnataka,N,N,d
581450,Sirsi,Karnataka,Y,Y,d
581453,Alnavar,Karnataka,Y,Y,d
582101,Gadag,Karnataka,Y,Y,d
582102,Gadag,Karnataka,Y,Y,d
582103,Gadag,Karnataka,Y,Y,d
582109,Dharwad,Karnataka,N,Y,d
582111,Rona,Karnataka,Y,Y,d
582112,Gadag,Karnataka,Y,Y,d
582113,Hoovina Hadagali,Karnataka,Y,Y,d
582114,Yelburga,Karnataka,Y,Y,d
582115,Gadag,Karnataka,Y,Y,d
582116,Gadag,Karnataka,Y,Y,d
582117,Gadag,Karnataka,Y,Y,d
582118,Hoovina Hadagali,Karnataka,Y,Y,d
582119,Rona,Karnataka,Y,Y,d
582120,Gadag,Karnataka,Y,Y,d
582121,Gadag-Betigeri,Karnataka,N,Y,d
582122,Nargund,Karnataka,Y,Y,d
582123,Gadag,Karnataka,Y,Y,d
582124,Gadag,Karnataka,N,Y,d
582125,Gadag,Karnataka,N,N,d
582127,Nargund,Karnataka,N,Y,d
582128,Nargund,Karnataka,N,Y,d
582131,Gadag,Karnataka,N,Y,d
582135,Nargund,Karnataka,N,Y,d
582136,Nargund,Karnataka,N,N,d
582143,Shirahatti,Karnataka,N,N,d
582201,Navalgund,Karnataka,Y,Y,d
582202,Rona,Karnataka,Y,Y,d
582203,Rona,Karnataka,Y,Y,d
582204,Gadag,Karnataka,Y,Y,d
582205,Gadag,Karnataka,Y,Y,d
582206,Kerur,Karnataka,Y,Y,d
582207,Kerur,Karnataka,Y,Y,d
582208,Navalgund,Karnataka,Y,Y,d
582209,Rona,Karnataka,Y,Y,d
582210,Gadag,Karnataka,Y,Y,d
582211,Rona,Karnataka,Y,Y,d
582212,Kerur,Karnataka,Y,Y,d
582214,Gadag,Karnataka,N,Y,d
582215,Haveri,Karnataka,N,Y,d
582216,Gadag,Karnataka,Y,Y,d
582217,Rona,Karnataka,Y,Y,d
582218,Dharwad,Karnataka,Y,Y,d
582220,Chitradurga,Karnataka,N,Y,d
582221,Nargund,Karnataka,N,Y,d
582222,Dharwad,Karnataka,Y,Y,d
582223,Dharwad,Karnataka,N,N,d
582225,Gadag-Betigeri,Karnataka,N,Y,d
582227,Gadag,Karnataka,Y,Y,d
582228,Nargund,Karnataka,N,Y,d
582229,Nargund,Karnataka,N,Y,d
582230,Gajendreegod,Karnataka,N,N,d
582231,Gadag,Karnataka,N,Y,d
582232,Naragund,Karnataka,N,N,d
582234,Dharwad,Karnataka,Y,Y,d
582236,Nargund,Karnataka,N,Y,d
582237,Nargund,Karnataka,N,Y,d
582238,Nargund,Karnataka,N,Y,d
582241,Nargund,Karnataka,N,Y,d
582243,Jamkhandi,Karnataka,N,Y,d
582614,Talikoti,Karnataka,N,N,d
583101,Bellary,Karnataka,Y,Y,d
583102,Bellary,Karnataka,Y,Y,d
583103,Bellary,Karnataka,Y,Y,d
583104,Bellary,Karnataka,Y,Y,d
583105,Bellary,Karnataka,Y,Y,d
583111,Bellary,Karnataka,Y,Y,d
583112,Deogiri,Karnataka,N,Y,d
583113,BELLARY,Karnataka,Y,Y,d
583114,Siruguppa,Karnataka,Y,Y,d
583115,Bellary,Karnataka,Y,Y,d
583116,Kurugodu,Karnataka,Y,Y,d
583117,Bellary,Karnataka,Y,Y,d
583118,Sandur,Karnataka,Y,Y,d
583119,Sandur,Karnataka,Y,Y,d
583120,Kurugodu,Karnataka,Y,Y,d
583121,Siruguppa,Karnataka,Y,Y,d
583122,Siruguppa,Karnataka,Y,Y,d
583123,Bellary,Karnataka,Y,Y,d
583124,Kudligi,Karnataka,Y,Y,d
583125,Harpanahalli,Karnataka,Y,Y,d
583126,Kudligi,Karnataka,Y,Y,d
583127,Harpanahalli,Karnataka,Y,Y,d
583128,KUDLIGI,Karnataka,Y,Y,d
583129,Gangavathi,Karnataka,Y,Y,d
583130,Molakalmuru,Karnataka,Y,Y,d
583131,Harpanahalli,Karnataka,Y,Y,d
583132,Gangavathi,Karnataka,Y,Y,d
583133,Mudhol,Karnataka,Y,Y,d
583134,Kotturu,Karnataka,Y,Y,d
583135,Kudligi,Karnataka,Y,Y,d
583136,Kotturu,Karnataka,Y,Y,d
583137,Harpanahalli,Karnataka,Y,Y,d
583138,Bellary,Karnataka,Y,Y,d
583139,Hoovina Hadagali,Karnataka,Y,Y,d
583140,Bellary,Karnataka,Y,Y,d
583141,Bellary,Karnataka,N,N,d
583144,Gangavathi,Karnataka,N,Y,d
583146,Davangere,Karnataka,N,Y,d
583147,Gangavathi,Karnataka,N,Y,d
583148,Kudligi,Karnataka,N,N,d
583149,Kudithini,Karnataka,N,N,d
583151,Kudithini,Karnataka,N,N,d
583152,Kurugodu,Karnataka,Y,Y,d
583153,Bellary,Karnataka,Y,Y,d
583154,Siruguppa,Karnataka,Y,Y,d
583155,Kurugodu,Karnataka,Y,Y,d
583183,Harihar,Karnataka,N,N,d
583201,Hospet,Karnataka,Y,Y,d
583202,Hospet,Karnataka,Y,Y,d
583203,Hospet,Karnataka,Y,Y,d
583204,Hospet,Karnataka,Y,Y,d
583211,Hospet,Karnataka,Y,Y,d
583212,Hagaribommanahalli,Karnataka,Y,Y,d
583213,Harpanahalli,Karnataka,Y,Y,d
583214,HOVINA HADAGALI,Karnataka,Y,Y,d
583215,Hospet,Karnataka,Y,Y,d
583216,Haveri,Karnataka,Y,Y,d
583217,Haveri,Karnataka,Y,Y,d
583218,Kudligi,Karnataka,Y,Y,d
583219,Hoovina Hadagali,Karnataka,Y,Y,d
583220,Ittigi,Karnataka,Y,Y,d
583221,Hospet,Karnataka,Y,Y,d
583222,Hospet,Karnataka,Y,Y,d
583223,Hospet,Karnataka,Y,Y,d
583224,HAGARI BOMMANAHALLI,Karnataka,Y,Y,d
583225,Hospet,Karnataka,Y,Y,d
583226,Hoovina Hadagali,Karnataka,Y,Y,d
583227,Gangavathi,Karnataka,Y,Y,d
583228,Hospet,Karnataka,Y,Y,d
583229,Sindhanur,Karnataka,Y,Y,d
583230,Koppal,Karnataka,Y,Y,d
583231,Koppal,Karnataka,Y,Y,d
583232,Yelburga,Karnataka,Y,Y,d
583233,Hospet,Karnataka,Y,Y,d
583234,Hospet,Karnataka,Y,Y,d
583235,Gangavathi,Karnataka,Y,Y,d
583236,Yelburga,Karnataka,Y,Y,d
583237,Kushtagi,Karnataka,Y,Y,d
583238,Koppal,Karnataka,Y,Y,d
583239,Hospet,Karnataka,Y,Y,d
583240,Hospet,Karnataka,N,N,d
583241,Bellary,Karnataka,Y,Y,d
583245,Hosapete,Karnataka,N,Y,d
583246,Gangavati,Karnataka,N,N,d
583250,Koppal,Karnataka,N,Y,d
583252,Gangavati,Karnataka,N,N,d
583253,Koppal,Karnataka,N,Y,d
583255,Hosapete,Karnataka,N,Y,d
583263,Koppal,Karnataka,N,Y,d
583265,Hospet,Karnataka,N,N,d
583266,Karatagi,Karnataka,N,N,d
583267,Gangavati,Karnataka,N,N,d
583268,Gangavathi,Karnataka,Y,Y,d
583270,Koppal,Karnataka,N,Y,d
583271,Gangavathi,Karnataka,N,Y,d
583272,Gangavathi,Karnataka,N,Y,d
583273,Bellary,Karnataka,N,Y,d
583275,Bellary,Karnataka,Y,Y,d
583276,Bellary,Karnataka,Y,Y,d
583277,Kushtagi,Karnataka,Y,Y,d
583278,Kushtagi,Karnataka,Y,Y,d
583279,Kushtagi,Karnataka,Y,Y,d
583280,Ilkal,Karnataka,N,Y,d
583281,Ilkal,Karnataka,Y,Y,d
583282,Gangavathi,Karnataka,Y,Y,d
583283,Gangavathi,Karnataka,Y,Y,d
583284,Yelburga,Karnataka,Y,Y,d
583285,Koppal,Karnataka,Y,Y,d
583286,Hosapete,Karnataka,N,Y,d
583287,Koppal,Karnataka,Y,Y,d
583288,#REF!,#REF!,N,N,d
584101,Raichur,Karnataka,Y,Y,d
584102,Raichur,Karnataka,Y,Y,d
584103,Raichur,Karnataka,Y,Y,d
584104,Raichur,Karnataka,Y,Y,d
584105,Raichur,Karnataka,N,N,d
584110,Raichur,Karnataka,Y,Y,d
584111,Devadurga,Karnataka,Y,Y,d
584112,Devadurga,Karnataka,Y,Y,d
584113,Devadurga,Karnataka,Y,Y,d
584114,Ilkal,Karnataka,Y,Y,d
584115,Lingasugur,Karnataka,Y,Y,d
584116,Devadurga,Karnataka,Y,Y,d
584118,Raichur,Karnataka,Y,Y,d
584119,Gangavathi,Karnataka,Y,Y,d
584120,Kowthal,Karnataka,Y,Y,d
584121,Kushtagi,Karnataka,Y,Y,d
584122,Lingasugur,Karnataka,Y,Y,d
584123,Manvi,Karnataka,Y,Y,d
584124,LINGASUGUR,Karnataka,Y,Y,d
584125,Lingasugur,Karnataka,Y,Y,d
584126,Devadurga,Karnataka,Y,Y,d
584127,LINGASUGUR,Karnataka,N,Y,d
584128,Sindhanur,Karnataka,Y,Y,d
584129,Kowthal,Karnataka,N,Y,d
584130,Gangavathi,Karnataka,Y,Y,d
584131,KUSHTAGI,Karnataka,N,Y,d
584132,Sindhanur,Karnataka,Y,Y,d
584133,Raichur,Karnataka,Y,Y,d
584134,Raichur,Karnataka,Y,Y,d
584135,Raichur,Karnataka,Y,Y,d
584136,RAICHUR,Karnataka,N,Y,d
584138,Kowthal,Karnataka,Y,Y,d
584139,Lingasugur,Karnataka,Y,Y,d
584140,Raichur,Karnataka,Y,Y,d
584141,Sindhanur,Karnataka,N,Y,d
584142,Sirwar,Karnataka,N,Y,d
584143,Manvi,Karnataka,Y,Y,d
584144,Manvi,Karnataka,N,Y,d
584147,Manvi,Karnataka,N,Y,d
584149,Gangavati,Karnataka,N,N,d
584150,Raichur,Karnataka,N,N,d
584151,Lingasugur,Karnataka,N,N,d
584153,Gulbarga,Karnataka,N,N,d
584154,Manvi,Karnataka,N,Y,d
584158,Jagalur,Karnataka,N,N,d
584159,Maddur,Karnataka,N,N,d
584160,Raichur,Karnataka,Y,Y,d
584165,Sindhanur,Karnataka,N,Y,d
584166,Koppal,Karnataka,N,N,d
584167,Siruguppa,Karnataka,Y,Y,d
584170,Raichur,Karnataka,Y,Y,d
584201,Raichur,Karnataka,Y,Y,d
584202,Raichur,Karnataka,Y,Y,d
584203,Manvi,Karnataka,Y,Y,d
585101,Gulbarga,Karnataka,Y,Y,d
585102,Gulbarga,Karnataka,Y,Y,d
585103,Gulbarga,Karnataka,Y,Y,d
585104,Gulbarga,Karnataka,Y,Y,d
585105,Gulbarga,Karnataka,Y,Y,d
585106,Gulbarga,Karnataka,Y,Y,d
585107,Kalaburagi Division,KARNATAKA,N,N,d
585109,Gulbarga,Karnataka,Y,Y,d
585124,Yadgir,Karnataka,N,Y,d
585201,Yadgir,Karnataka,Y,Y,d
585202,Yadgir,Karnataka,Y,Y,d
585210,Sedam,Karnataka,Y,Y,d
585211,Chittapur,Karnataka,Y,Y,d
585212,Afzalpur,Karnataka,Y,Y,d
585213,Gulbarga,Karnataka,Y,Y,d
585214,Gurmatkal,Karnataka,Y,Y,d
585215,SHORAPUR,Karnataka,N,Y,d
585216,Shorapur,Karnataka,Y,Y,d
585217,Afzalpur,Karnataka,Y,Y,d
585218,Chittapur,Karnataka,Y,Y,d
585219,Muddebihal,Karnataka,Y,Y,d
585220,Shorapur,Karnataka,Y,Y,d
585221,Yadgir,Karnataka,N,Y,d
585222,Sedam,Karnataka,Y,Y,d
585223,Shahapur,Karnataka,Y,Y,d
585224,Shorapur,Karnataka,Y,Y,d
585225,Chittapur,Karnataka,Y,Y,d
585226,Bidar,Karnataka,Y,Y,d
585227,Mannaekhelli,Karnataka,Y,Y,d
585228,Chittapur,Karnataka,Y,Y,d
585229,Chittapur,Karnataka,Y,Y,d
585233,Shahapur,Karnataka,N,Y,d
585234,Aland,Karnataka,N,N,d
585236,ALAND,Karnataka,N,N,d
585237,Talikoti,Karnataka,N,Y,d
585238,Chittapur,Karnataka,Y,Y,d
585240,Gulbarga,Karnataka,N,N,d
585241,Gulbarga,Karnataka,N,N,d
585243,Kalaburagi,Karnataka,N,Y,d
585244,Aland,Karnataka,Y,Y,d
585246,Afzalpur,Karnataka,N,N,d
585247,Shahapur,Karnataka,N,Y,d
585248,Afzalpur,Karnataka,N,N,d
585249,Yadgiri,Karnataka,N,N,d
585250,Gulbarga,Karnataka,N,N,d
585251,Gulbarga,Karnataka,N,N,d
585252,Shahapur,Karnataka,N,N,d
585253,Shahapur,Karnataka,N,N,d
585254,Wadi,Karnataka,N,N,d
585255,Wadi,Karnataka,N,N,d
585257,Shivapura,Karnataka,N,Y,d
585259,Aurad,Karnataka,Y,Y,d
585260,Gulbarga,Karnataka,Y,Y,d
585261,Bidar,Karnataka,N,N,d
585262,Humnabad,Karnataka,N,Y,d
585263,Bidar,Karnataka,N,N,d
585264,Bidar,Karnataka,N,N,d
585265,AFZALPUR,Karnataka,N,N,d
585266,Kalaburagi,Karnataka,N,Y,d
585268,Gulbarga,Karnataka,N,N,d
585269,Yadgiri,Karnataka,N,N,d
585270,Humnabad,Karnataka,N,Y,d
585272,Gulbarga,Karnataka,N,N,d
585273,Shahapur,Karnataka,N,Y,d
585275,Yadgiri,Karnataka,N,N,d
585276,Yadgiri,Karnataka,N,N,d
585278,Kalaburagi,Karnataka,N,Y,d
585279,Gulbarga,Karnataka,N,N,d
585280,Gulbarga,Karnataka,N,N,d
585281,Gulbarga,Karnataka,N,N,d
585282,Kalaburagi,Karnataka,N,Y,d
585283,Shorapur,Karnataka,Y,Y,d
585284,Gulbarga,Karnataka,N,N,d
585285,Kalaburagi,Karnataka,N,Y,d
585286,Kalaburagi,Karnataka,N,Y,d
585287,Shahapur,Karnataka,Y,Y,d
585288,Gulbarga,Karnataka,N,N,d
585289,Kalaburagi,Karnataka,N,Y,d
585290,Shorapur,Karnataka,Y,Y,d
585291,Talikoti,Karnataka,N,Y,d
585292,Sedam,Karnataka,Y,Y,d
585301,Afzalpur,Karnataka,Y,Y,d
585302,Aland,Karnataka,Y,Y,d
585303,Jewargi,Karnataka,Y,Y,d
585304,Shorapur,Karnataka,Y,Y,d
585305,Chincholi,Karnataka,Y,Y,d
585306,Chincholi,Karnataka,Y,Y,d
585307,Chincholi,Karnataka,Y,Y,d
585308,Gulbarga,Karnataka,Y,Y,d
585309,Shahapur,Karnataka,Y,Y,d
585310,Jewargi,Karnataka,Y,Y,d
585311,Aland,Karnataka,Y,Y,d
585312,Chittapur,Karnataka,N,Y,d
585313,Humnabad,Karnataka,N,Y,d
585314,Aland,Karnataka,Y,Y,d
585315,Yadgir,Karnataka,N,Y,d
585316,Humnabad,Karnataka,N,Y,d
585317,Chittapur,Karnataka,N,Y,d
585318,Sedam,Karnataka,Y,Y,d
585319,Yadgir,Karnataka,Y,Y,d
585320,Sedam,Karnataka,Y,Y,d
585321,Yadgir,Karnataka,Y,Y,d
585322,Humnabad,Karnataka,N,Y,d
585323,Shahapur,Karnataka,Y,Y,d
585324,Chincholi,Karnataka,Y,Y,d
585325,Yedrami,Karnataka,Y,Y,d
585326,Aurad,Karnataka,Y,Y,d
585327,Basavakalyan,Karnataka,Y,Y,d
585328,Bhalki,Karnataka,Y,Y,d
585329,Humnabad,Karnataka,N,Y,d
585330,Humnabad,Karnataka,N,Y,d
585331,Humnabad,Karnataka,N,Y,d
585333,Gulbarga,Karnataka,Y,Y,d
585334,Gulbarga,Karnataka,N,N,d
585335,Bidar,Karnataka,N,N,d
585336,Chincholi,Karnataka,N,N,d
585337,Kalaburagi,Karnataka,N,Y,d
585339,Gulbarga,Karnataka,N,N,d
585340,Gulbarga,Karnataka,N,N,d
585341,Gulbarga,Karnataka,N,N,d
585342,Gulbarga,Karnataka,N,N,d
585344,Gulbarga,Karnataka,N,N,d
585345,Gulbarga,Karnataka,N,N,d
585346,Basavakalyan,Karnataka,N,N,d
585347,Basavakalyan,Karnataka,N,N,d
585349,Shivapura,Karnataka,N,Y,d
585350,Humnabad,Karnataka,N,Y,d
585352,Humnabad,Karnataka,N,Y,d
585353,Humnabad,Karnataka,N,Y,d
585354,Shivapura,Karnataka,N,Y,d
585355,Yadgir,Karnataka,N,Y,d
585356,Bhalki,Karnataka,N,Y,d
585360,Gulbarga,Karnataka,N,N,d
585361,Gulbarga,Karnataka,N,N,d
585362,Gulbarga,Karnataka,N,N,d
585364,Gulbarga,Karnataka,N,N,d
585367,Aland,Karnataka,Y,Y,d
585372,Chincholi,Karnataka,N,Y,d
585375,Shahapur,Karnataka,N,Y,d
585378,Gulbarga,Karnataka,N,N,d
585401,Bidar,Karnataka,Y,Y,d
585402,Bidar,Karnataka,Y,Y,d
585403,Bidar,Karnataka,Y,Y,d
585404,#REF!,#REF!,N,N,d
585411,Bhalki,Karnataka,Y,Y,d
585412,Humnabad,Karnataka,N,Y,d
585413,Bidar,Karnataka,Y,Y,d
585414,Humnabad,Karnataka,Y,Y,d
585415,Humnabad,Karnataka,Y,Y,d
585416,Hulsoor,Karnataka,Y,Y,d
585417,Aurad,Karnataka,Y,Y,d
585418,Humnabad,Karnataka,N,Y,d
585419,Basavakalyan,Karnataka,Y,Y,d
585421,Aurad,Karnataka,Y,Y,d
585422,Bidar,Karnataka,Y,Y,d
585423,Bidar,Karnataka,Y,Y,d
585424,Bidar,Karnataka,N,N,d
585425,Bidar,Karnataka,Y,Y,d
585426,Bidar,Karnataka,N,N,d
585427,Bidar,Karnataka,Y,Y,d
585428,Aurad,Karnataka,Y,Y,d
585429,Bidar,Karnataka,Y,Y,d
585430,Bhalki,Karnataka,N,Y,d
585431,Bidar,Karnataka,Y,Y,d
585432,Bidar,Karnataka,N,N,d
585433,Bidar,Karnataka,N,N,d
585434,Bidar,Karnataka,N,N,d
585436,Aurad,Karnataka,Y,Y,d
585437,Basavakalyan,Karnataka,Y,Y,d
585438,Bidar,Karnataka,N,N,d
585439,Bidar,Karnataka,N,N,d
585440,Bidar,Karnataka,N,N,d
585441,Bidar,Karnataka,Y,Y,d
585442,Bhalki,Karnataka,Y,Y,d
585443,Aurad,Karnataka,Y,Y,d
585444,Bhalki,Karnataka,Y,Y,d
585445,#REF!,#REF!,N,N,d
585446,#REF!,#REF!,N,N,d
585447,#REF!,#REF!,N,N,d
585448,#REF!,#REF!,N,N,d
585802,Bidar,Karnataka,N,N,d
586101,Bijapur,Karnataka,Y,Y,d
586102,Bijapur,Karnataka,Y,Y,d
586103,Bijapur,Karnataka,Y,Y,d
586104,Bijapur,Karnataka,Y,Y,d
586105,Bijapur,Karnataka,Y,Y,d
586106,Bijapur,Karnataka,Y,Y,d
586107,Bijapur,Karnataka,N,Y,d
586108,Bijapur,Karnataka,Y,Y,d
586109,Bijapur,Karnataka,Y,Y,d
586111,Indi,Karnataka,Y,Y,d
586112,Indi,Karnataka,Y,Y,d
586113,Bijapur,Karnataka,Y,Y,d
586114,Bijapur,Karnataka,Y,Y,d
586115,Sindagi,Karnataka,Y,Y,d
586116,Muddebihal,Karnataka,Y,Y,d
586117,Indi,Karnataka,Y,Y,d
586118,Talikoti,Karnataka,Y,Y,d
586119,Bijapur,Karnataka,Y,Y,d
586120,Sindagi,Karnataka,Y,Y,d
586121,Kolhar,Karnataka,Y,Y,d
586122,Bijapur,Karnataka,Y,Y,d
586123,Sindagi,Karnataka,Y,Y,d
586124,Muddebihal,Karnataka,Y,Y,d
586125,Bijapur,Karnataka,Y,Y,d
586126,Jamkhandi,Karnataka,Y,Y,d
586127,Bijapur,Karnataka,Y,Y,d
586128,Sindagi,Karnataka,Y,Y,d
586129,Muddebihal,Karnataka,Y,Y,d
586130,Bijapur,Karnataka,Y,Y,d
586131,Bijapur,Karnataka,N,N,d
586132,Bijapur,Karnataka,N,N,d
586133,Bijapur,Karnataka,N,N,d
586134,Bijapur,Karnataka,N,N,d
586135,Bijapur,Karnataka,N,Y,d
586136,Bijapur,Karnataka,N,N,d
586137,Bijapur,Karnataka,N,Y,d
586138,Bijapur,Karnataka,Y,Y,d
586142,Sindagi,Karnataka,Y,Y,d
586144,Sindagi,Karnataka,N,Y,d
586148,Vijayapura,Karnataka,N,Y,d
586149,Vijayapura,Karnataka,N,Y,d
586150,Muddebihal,Karnataka,N,N,d
586151,Bijapur,Karnataka,N,N,d
586157,Sindgi,Karnataka,N,N,d
586161,Indi,Karnataka,N,N,d
586162,INDI,Karnataka,N,N,d
586164,Sindagi,Karnataka,N,N,d
586166,Sindgi,Karnataka,N,N,d
586168,Sindgi,Karnataka,N,N,d
586169,Sindagi,Karnataka,N,Y,d
586170,#REF!,#REF!,N,N,d
586201,Muddebihal,Karnataka,Y,Y,d
586202,Sindagi,Karnataka,Y,Y,d
586203,Basavana Bagewadi,Karnataka,Y,Y,d
586204,Indi,Karnataka,Y,Y,d
586205,Indi,Karnataka,Y,Y,d
586206,Sindagi,Karnataka,Y,Y,d
586207,Indi,Karnataka,Y,Y,d
586208,Talikoti,Karnataka,Y,Y,d
586209,Indi,Karnataka,Y,Y,d
586210,Kolhar,Karnataka,Y,Y,d
586211,Indi,Karnataka,Y,Y,d
586212,Muddebihal,Karnataka,Y,Y,d
586213,Muddebihal,Karnataka,Y,Y,d
586214,Talikoti,Karnataka,Y,Y,d
586215,Indi,Karnataka,Y,Y,d
586216,Kolhar,Karnataka,Y,Y,d
586217,Indi,Karnataka,Y,Y,d
586220,Sindagi,Karnataka,Y,Y,d
586227,Indi,Karnataka,Y,Y,d
586229,Muddebihal,Karnataka,N,N,d
586235,Muddebihal,Karnataka,N,N,d
586241,Muddebihal,Karnataka,N,N,d
586242,Indi,Karnataka,Y,Y,d
586245,Muddebihal,Karnataka,Y,Y,d
586246,Nargund,Karnataka,N,Y,d
586315,Sindgi,Karnataka,N,N,d
587101,Bagalkot,Karnataka,Y,Y,d
587102,Bagalkot,Karnataka,Y,Y,d
587103,Bagalkot,Karnataka,Y,Y,d
587104,Kerur,Karnataka,Y,Y,d
587111,Bagalkot,Karnataka,Y,Y,d
587112,Ilkal,Karnataka,Y,Y,d
587113,Mudhol,Karnataka,Y,Y,d
587114,Rona,Karnataka,Y,Y,d
587115,Muddebihal,Karnataka,Y,Y,d
587116,Kolhar,Karnataka,Y,Y,d
587117,Mudhol,Karnataka,Y,Y,d
587118,Ilkal,Karnataka,Y,Y,d
587119,Jamkhandi,Karnataka,Y,Y,d
587120,Bagalkot,Karnataka,Y,Y,d
587121,Mudhol,Karnataka,Y,Y,d
587122,Mudhol,Karnataka,Y,Y,d
587123,Badami,Karnataka,N,Y,d
587124,Ilkal,Karnataka,N,Y,d
587125,Ilkal,Karnataka,Y,Y,d
587126,Bagalkot,Karnataka,Y,Y,d
587128,Bagalkot,Karnataka,Y,Y,d
587130,Bagalkot,Karnataka,N,N,d
587132,Raichur,Karnataka,N,N,d
587133,Raichur,Karnataka,Y,Y,d
587134,Mahalingpur,Karnataka,Y,Y,d
587135,Jamkhandi,Karnataka,Y,Y,d
587136,Mudhol,Karnataka,N,Y,d
587137,Mudhol,Karnataka,N,Y,d
587138,Badami,Karnataka,N,Y,d
587143,Navnagar,Karnataka,N,Y,d
587144,Badami,Karnataka,N,Y,d
587145,Ilkal,Karnataka,N,Y,d
587146,Ilkal,Karnataka,N,Y,d
587147,Ilkal,Karnataka,N,Y,d
587148,Ilkal,Karnataka,N,Y,d
587149,Badami,Karnataka,N,Y,d
587151,Ilkal,Karnataka,N,Y,d
587152,Badami,Karnataka,N,Y,d
587153,Navnagar,Karnataka,N,Y,d
587154,Ilkal,Karnataka,Y,Y,d
587155,Ramdurg,Karnataka,Y,Y,d
587156,Kerur,Karnataka,Y,Y,d
587157,#REF!,#REF!,N,N,d
587166,Bilagi,Karnataka,N,N,d
587201,Badami,Karnataka,Y,Y,d
587202,Ilkal,Karnataka,Y,Y,d
587203,Kerur,Karnataka,Y,Y,d
587204,Bagalkot,Karnataka,Y,Y,d
587205,Kerur,Karnataka,Y,Y,d
587206,Kerur,Karnataka,Y,Y,d
587207,Muddebihal,Karnataka,Y,Y,d
587208,Badami,Karnataka,N,Y,d
587209,Badami,Karnataka,N,Y,d
587210,Badami,Karnataka,N,Y,d
587211,Badami,Karnataka,N,Y,d
587212,Badami,Karnataka,Y,Y,d
587213,Navnagar,Karnataka,Y,Y,d
587214,Navnagar,Karnataka,Y,Y,d
587215,Navnagar,Karnataka,Y,Y,d
587242,Badami,Karnataka,N,Y,d
587301,Jamkhandi,Karnataka,Y,Y,d
587302,Jamkhandi,Karnataka,Y,Y,d
587303,Hubli,Karnataka,N,N,d
587304,Hubli,Karnataka,N,N,d
587305,Hubli,Karnataka,N,N,d
587310,Banhatti,Karnataka,N,N,d
587311,Jamkhandi,Karnataka,Y,Y,d
587312,Mahalingpur,Karnataka,Y,Y,d
587313,Mudhol,Karnataka,Y,Y,d
587314,Mahalingpur,Karnataka,Y,Y,d
587315,Mahalingpur,Karnataka,Y,Y,d
587316,Mahalingpur,Karnataka,Y,Y,d
587317,Mahalingpur,Karnataka,Y,Y,d
587319,Mudhol,Karnataka,Y,Y,d
587320,Mudhol,Karnataka,Y,Y,d
587321,Jamkhandi,Karnataka,N,N,d
587322,Jamkhandi,Karnataka,N,Y,d
587323,Jamkhandi,Karnataka,N,N,d
587324,Mudhol,Karnataka,N,Y,d
587325,Mudhol,Karnataka,N,Y,d
587328,Mudhol,Karnataka,N,Y,d
587330,Jamkhandi,Karnataka,Y,Y,d
587331,#REF!,#REF!,N,N,d
587344,Mudhol,Karnataka,N,Y,d
589112,Bagalkot,Karnataka,N,N,d
589301,Bagalkot,Karnataka,N,N,d
589426,Bidar,Karnataka,N,N,d
590000,Belgaum,Karnataka,Y,Y,d
590001,Belgaum,Karnataka,Y,Y,d
590002,Belgaum,Karnataka,Y,Y,d
590003,Belgaum,Karnataka,Y,Y,d
590004,Belgaum,Karnataka,Y,Y,d
590005,Belgaum,Karnataka,Y,Y,d
590006,Belgaum,Karnataka,Y,Y,d
590007,Belgaum,Karnataka,Y,Y,d
590008,Belgaum,Karnataka,Y,Y,d
590009,Belgaum,Karnataka,Y,Y,d
590010,Belgaum,Karnataka,Y,Y,d
590011,Belgaum,Karnataka,Y,Y,d
590012,Belgaum,Karnataka,Y,Y,d
590013,Belgaum,Karnataka,Y,Y,d
590014,Belgaum,Karnataka,Y,Y,d
590015,Belgaum,Karnataka,Y,Y,d
590016,Belgaum,Karnataka,Y,Y,d
590017,Belgaum,Karnataka,Y,Y,d
590018,Belgaum,Karnataka,Y,Y,d
590019,Belgaum,Karnataka,Y,Y,d
590020,Belgaum,Karnataka,Y,Y,d
590543,Belagavi,Karnataka,Y,Y,d
591001,Belgaum,Karnataka,N,N,d
591002,Belgaum,Karnataka,N,N,d
591003,Belgaum,Karnataka,N,N,d
591004,Belgaum,Karnataka,N,N,d
591101,Gokak,Karnataka,Y,Y,d
591102,Bailhongal,Karnataka,Y,Y,d
591103,Belgaum,Karnataka,Y,Y,d
591104,Bailhongal,Karnataka,Y,Y,d
591106,KITTUR,Karnataka,Y,Y,d
591107,Gokak,Karnataka,Y,Y,d
591108,Belgaum,Karnataka,Y,Y,d
591109,Belgaum,Karnataka,Y,Y,d
591110,Saundatti,Karnataka,Y,Y,d
591111,Saundatti,Karnataka,Y,Y,d
591112,KITTUR,Karnataka,Y,Y,d
591113,Belgaum,Karnataka,Y,Y,d
591114,Yargatti,Karnataka,Y,Y,d
591115,KITTUR,Karnataka,Y,Y,d
591116,Saundatti,Karnataka,Y,Y,d
591117,Saundatti,Karnataka,Y,Y,d
591118,KITTUR,Karnataka,Y,Y,d
591119,Bailhongal,Karnataka,Y,Y,d
591120,Khanapur,Karnataka,Y,Y,d
591121,Bailhongal,Karnataka,Y,Y,d
591122,Gokak,Karnataka,Y,Y,d
591123,Ramdurg,Karnataka,Y,Y,d
591124,Belgaum,Karnataka,Y,Y,d
591125,Bailhongal,Karnataka,Y,Y,d
591126,Saundatti,Karnataka,Y,Y,d
591127,Ramdurg,Karnataka,Y,Y,d
591128,Belgaum,Karnataka,Y,Y,d
591129,Yaragatti,Karnataka,Y,Y,d
591130,Ramdurg,Karnataka,Y,Y,d
591131,Khanapur,Karnataka,Y,Y,d
591133,Belgaum,Karnataka,N,N,d
591134,Belgaum,Karnataka,Y,Y,d
591135,Belgaum,Karnataka,Y,Y,d
591136,Mudhol,Karnataka,Y,Y,d
591137,Belgaum,Karnataka,N,N,d
591138,Bailhongal,Karnataka,N,N,d
591139,Belgaum,Karnataka,Y,Y,d
591140,Bailahongala,Karnataka,N,N,d
591143,Belgaum,Karnataka,Y,Y,d
591145,Belgaum,Karnataka,N,N,d
591146,Belgaum,Karnataka,Y,Y,d
591147,Bailhongal,Karnataka,Y,Y,d
591148,Bailhongal,Karnataka,N,N,d
591150,Jamkhandi,Karnataka,N,N,d
591151,Mudhol,Karnataka,N,Y,d
591153,Kittur,Karnataka,Y,Y,d
591155,Nargund,Karnataka,N,Y,d
591156,Belgaum,Karnataka,Y,Y,d
591157,Belgaum,Karnataka,Y,Y,d
591159,Nargund,Karnataka,N,Y,d
591160,Mudhol,Karnataka,N,Y,d
591162,Saundatti,Karnataka,N,Y,d
591163,Bailahongala,Karnataka,N,N,d
591164,Kittur,Karnataka,N,N,d
591167,Bailhongal,Karnataka,N,N,d
591168,Nargund,Karnataka,N,Y,d
591169,Belgaum,Karnataka,N,N,d
591172,Gokak,Karnataka,N,N,d
591173,Athani,Karnataka,Y,Y,d
591175,Belgaum,Karnataka,Y,Y,d
591176,Belgaum,Karnataka,Y,Y,d
591177,Belgaum,Karnataka,N,N,d
591178,Gokak,Karnataka,Y,Y,d
591180,Ramdurg,Karnataka,N,N,d
591181,Belgaum,Karnataka,Y,Y,d
591182,Belgaum,Karnataka,Y,Y,d
591183,Saundatti,Karnataka,N,Y,d
591187,Mudhol,Karnataka,N,Y,d
591188,Ramdurg,Karnataka,N,N,d
591189,Belgaum,Karnataka,N,N,d
591190,Bailahongala,Karnataka,N,N,d
591191,Belgaum,Karnataka,N,N,d
591194,Belgaum,Karnataka,N,N,d
591196,Saundatti,Karnataka,N,Y,d
591197,Belgaum,Karnataka,Y,Y,d
591198,Belgaum,Karnataka,Y,Y,d
591201,Chikodi,Karnataka,Y,Y,d
591210,Nippani,Karnataka,N,N,d
591211,Nipani,Karnataka,Y,Y,d
591212,Athani,Karnataka,Y,Y,d
591213,Chikodi,Karnataka,Y,Y,d
591214,Chikodi,Karnataka,Y,Y,d
591215,Nipani,Karnataka,Y,Y,d
591216,Chikodi,Karnataka,Y,Y,d
591217,Harugeri,Karnataka,Y,Y,d
591218,Gokak,Karnataka,Y,Y,d
591219,Nipani,Karnataka,Y,Y,d
591220,Chikodi,Karnataka,Y,Y,d
591221,Hukkeri,Karnataka,Y,Y,d
591222,Chikodi,Karnataka,Y,Y,d
591223,Ugar,Karnataka,Y,Y,d
591224,Gokak,Karnataka,Y,Y,d
591225,Nipani,Karnataka,Y,Y,d
591226,Chikodi,Karnataka,Y,Y,d
591227,Gokak,Karnataka,Y,Y,d
591228,Nipani,Karnataka,Y,Y,d
591229,Nipani,Karnataka,Y,Y,d
591230,Athani,Karnataka,Y,Y,d
591231,Gokak,Karnataka,Y,Y,d
591232,Athani,Karnataka,Y,Y,d
591233,Gokak,Karnataka,Y,Y,d
591234,Ugar,Karnataka,Y,Y,d
591235,Mahalingpur,Karnataka,Y,Y,d
591236,Chikodi,Karnataka,Y,Y,d
591237,Nipani,Karnataka,Y,Y,d
591238,Nipani,Karnataka,Y,Y,d
591239,Chikodi,Karnataka,Y,Y,d
591240,Athani,Karnataka,Y,Y,d
591241,Nipani,Karnataka,Y,Y,d
591242,Chikodi,Karnataka,Y,Y,d
591243,Belgaum,Karnataka,Y,Y,d
591244,Chikodi,Karnataka,Y,Y,d
591245,Belgaum,Karnataka,Y,Y,d
591246,Hukkeri,Karnataka,Y,Y,d
591247,Chikodi,Karnataka,Y,Y,d
591248,Athani,Karnataka,Y,Y,d
591249,Athni,Karnataka,N,N,d
591250,Gokak,Karnataka,Y,Y,d
591251,Gokak,Karnataka,Y,Y,d
591252,Hukeri,Karnataka,N,N,d
591253,Hukkeri,Karnataka,N,N,d
591254,Belgaum,Karnataka,Y,Y,d
591255,Belgaum,Karnataka,N,N,d
591256,Athani,Karnataka,Y,Y,d
591261,Athani,Karnataka,N,Y,d
591262,Athani,Karnataka,Y,Y,d
591263,Nipani,Karnataka,Y,Y,d
591264,Chikodi,Karnataka,Y,Y,d
591265,Tikota,Karnataka,Y,Y,d
591266,Athani,Karnataka,N,Y,d
591267,Nipani,Karnataka,N,Y,d
591268,Hukkeri,Karnataka,N,N,d
591269,Nipani,Karnataka,N,Y,d
591271,Raibag,Karnataka,N,N,d
591272,Chikodi,Karnataka,N,Y,d
591273,Belgaum,Karnataka,N,N,d
591274,Chikodi,Karnataka,N,Y,d
591275,Nipani,Karnataka,N,Y,d
591276,Gokak,Karnataka,Y,Y,d
591278,Chikodi,Karnataka,N,N,d
591279,Chikodi,Karnataka,N,Y,d
591280,Nipani,Karnataka,N,Y,d
591281,Chikodi,Karnataka,Y,Y,d
591282,Chikodi,Karnataka,N,Y,d
591283,Chikodi,Karnataka,Y,Y,d
591284,Nipani,Karnataka,N,Y,d
591285,Nipani,Karnataka,N,Y,d
591286,Hukeri,Karnataka,N,N,d
591287,Chikodi,Karnataka,Y,Y,d
591288,Nipani,Karnataka,N,Y,d
591289,Chikodi,Karnataka,N,Y,d
591290,Nipani,Karnataka,N,Y,d
591291,Hukeri,Karnataka,N,N,d
591292,Gokak,Karnataka,Y,Y,d
591293,Chikodi,Karnataka,N,Y,d
591295,Chikodi,Karnataka,N,Y,d
591296,Chikodi,Karnataka,N,Y,d
591297,Chikodi,Karnataka,Y,Y,d
591298,Chikodi,Karnataka,N,N,d
591299,Chikodi,Karnataka,N,Y,d
591301,Alnavar,Karnataka,Y,Y,d
591302,Khanapur,Karnataka,Y,Y,d
591303,Ugar,Karnataka,Y,Y,d
591304,Athani,Karnataka,Y,Y,d
591305,Hukkeri,Karnataka,Y,Y,d
591306,Gokak,Karnataka,Y,Y,d
591307,Gokak,Karnataka,Y,Y,d
591308,Gokak,Karnataka,Y,Y,d
591309,Hukkeri,Karnataka,Y,Y,d
591310,Mahalingpur,Karnataka,Y,Y,d
591311,Ugar,Karnataka,Y,Y,d
591312,Mahalingpur,Karnataka,Y,Y,d
591313,Hukkeri,Karnataka,Y,Y,d
591314,Hukkeri,Karnataka,Y,Y,d
591315,Ugar,Karnataka,Y,Y,d
591316,Ugar,Karnataka,Y,Y,d
591317,Raibag,Karnataka,Y,Y,d
591318,Gokak,Karnataka,Y,Y,d
591319,Gokak,Karnataka,Y,Y,d
591320,Athni,Karnataka,N,N,d
591322,Bailhongal,Karnataka,Y,Y,d
591323,Athani,Karnataka,N,N,d
591324,Athani,Karnataka,N,Y,d
591326,Belgaum,Karnataka,N,N,d
591327,Athni,Karnataka,N,N,d
591328,Raibag,Karnataka,N,N,d
591330,Raibag,Karnataka,N,N,d
591331,Belgaum,Karnataka,Y,Y,d
591332,Belgaum,Karnataka,N,N,d
591333,Gokak,Karnataka,Y,Y,d
591334,Hukeri,Karnataka,N,N,d
591337,Gokak,Karnataka,Y,Y,d
591338,Belgaum,Karnataka,Y,Y,d
591339,Chikodi,Karnataka,N,Y,d
591340,Hukkeri,Karnataka,Y,Y,d
591341,Athani,Karnataka,N,N,d
591342,Gokak,Karnataka,Y,Y,d
591343,Chikodi,Karnataka,N,Y,d
591344,Gokak,Karnataka,Y,Y,d
591345,KHANAPUR KA,Karnataka,N,N,d
591346,Gokak,Karnataka,Y,Y,d
591503,Athni,Karnataka,N,N,d
591504,Saundatti,Karnataka,N,Y,d
591505,Chikodi,Karnataka,N,Y,d
591506,Gokak,Karnataka,Y,Y,d
591507,Nipani,Karnataka,N,Y,d
591508,Gokak,Karnataka,Y,Y,d
591509,Gokak,Karnataka,Y,Y,d
591510,Chikodi,Karnataka,Y,Y,d
591511,Nipani,Karnataka,N,Y,d
591512,Chikodi,Karnataka,N,Y,d
591513,Gokak,Karnataka,Y,Y,d
591514,Gokak,Karnataka,N,N,d
591515,Gokak,Karnataka,N,N,d
591516,Gokak,Karnataka,Y,Y,d
591517,Gokak,Karnataka,Y,Y,d
591701,Bailahongala,Karnataka,N,N,d
591702,Belgaum,Karnataka,Y,Y,d
591703,Nargund,Karnataka,N,Y,d
591802,Saundatti,Karnataka,N,Y,d
592206,Nargund,Karnataka,N,N,d
592236,Gokak,Karnataka,Y,Y,d
593240,Belgaum,Karnataka,N,N,d
599991,Hyderabad,Telangana,N,Y,d
600000,Chennai,Tamil Nadu,Y,Y,d
600001,Chennai,Tamil Nadu,Y,Y,d
600002,Chennai,Tamil Nadu,Y,Y,d
600003,Chennai,Tamil Nadu,Y,Y,d
600004,Chennai,Tamil Nadu,Y,Y,d
600005,Chennai,Tamil Nadu,Y,Y,d
600006,Chennai,Tamil Nadu,Y,Y,d
600007,Chennai,Tamil Nadu,Y,Y,d
600008,Chennai,Tamil Nadu,Y,Y,d
600009,Chennai,Tamil Nadu,Y,Y,d
600010,Chennai,Tamil Nadu,Y,Y,d
600011,Chennai,Tamil Nadu,Y,Y,d
600012,Chennai,Tamil Nadu,Y,Y,d
600013,Chennai,Tamil Nadu,Y,Y,d
600014,Chennai,Tamil Nadu,Y,Y,d
600015,Chennai,Tamil Nadu,Y,Y,d
600016,Chennai,Tamil Nadu,Y,Y,d
600017,Chennai,Tamil Nadu,Y,Y,d
600018,Chennai,Tamil Nadu,Y,Y,d
600019,Chennai,Tamil Nadu,Y,Y,d
600020,Chennai,Tamil Nadu,Y,Y,d
600021,Chennai,Tamil Nadu,Y,Y,d
600022,Chennai,Tamil Nadu,Y,Y,d
600023,Chennai,Tamil Nadu,Y,Y,d
600024,Chennai,Tamil Nadu,Y,Y,d
600025,Chennai,Tamil Nadu,Y,Y,d
600026,Chennai,Tamil Nadu,Y,Y,d
600027,Chennai,Tamil Nadu,Y,Y,d
600028,Chennai,Tamil Nadu,Y,Y,d
600029,Chennai,Tamil Nadu,Y,Y,d
600030,Chennai,Tamil Nadu,Y,Y,d
600031,Chennai,Tamil Nadu,Y,Y,d
600032,Chennai,Tamil Nadu,Y,Y,d
600033,Chennai,Tamil Nadu,Y,Y,d
600034,Chennai,Tamil Nadu,Y,Y,d
600035,Chennai,Tamil Nadu,Y,Y,d
600036,Chennai,Tamil Nadu,Y,Y,d
600037,Chennai,Tamil Nadu,Y,Y,d
600038,Chennai,Tamil Nadu,Y,Y,d
600039,Chennai,Tamil Nadu,Y,Y,d
600040,Chennai,Tamil Nadu,Y,Y,d
600041,Chennai,Tamil Nadu,Y,Y,d
600042,Chennai,Tamil Nadu,Y,Y,d
600043,Chennai,Tamil Nadu,Y,Y,d
600044,Chennai,Tamil Nadu,Y,Y,d
600045,Chennai,Tamil Nadu,Y,Y,d
600046,Chennai,Tamil Nadu,Y,Y,d
600047,Chennai,Tamil Nadu,Y,Y,d
600048,Chennai,Tamil Nadu,Y,Y,d
600049,Chennai,Tamil Nadu,Y,Y,d
600050,Chennai,Tamil Nadu,Y,Y,d
600051,Chennai,Tamil Nadu,Y,Y,d
600052,Chennai,Tamil Nadu,Y,Y,d
600053,Chennai,Tamil Nadu,Y,Y,d
600054,Chennai,Tamil Nadu,Y,Y,d
600055,Chennai,Tamil Nadu,Y,Y,d
600056,Chennai,Tamil Nadu,Y,Y,d
600057,Chennai,Tamil Nadu,Y,Y,d
600058,Chennai,Tamil Nadu,Y,Y,d
600059,Chennai,Tamil Nadu,Y,Y,d
600060,Chennai,Tamil Nadu,Y,Y,d
600061,Chennai,Tamil Nadu,Y,Y,d
600062,Chennai,Tamil Nadu,Y,Y,d
600063,Chennai,Tamil Nadu,Y,Y,d
600064,Chennai,Tamil Nadu,Y,Y,d
600065,Chennai,Tamil Nadu,Y,Y,d
600066,Chennai,Tamil Nadu,Y,Y,d
600067,Chennai,Tamil Nadu,Y,Y,d
600068,Chennai,Tamil Nadu,Y,Y,d
600069,Chennai,Tamil Nadu,Y,Y,d
600070,Chennai,Tamil Nadu,Y,Y,d
600071,Chennai,Tamil Nadu,Y,Y,d
600072,Chennai,Tamil Nadu,Y,Y,d
600073,Chennai,Tamil Nadu,Y,Y,d
600074,Chennai,Tamil Nadu,Y,Y,d
600075,Chennai,Tamil Nadu,Y,Y,d
600076,Chennai,Tamil Nadu,Y,Y,d
600077,Chennai,Tamil Nadu,Y,Y,d
600078,Chennai,Tamil Nadu,Y,Y,d
600079,Chennai,Tamil Nadu,Y,Y,d
600080,Chennai,Tamil Nadu,Y,Y,d
600081,Chennai,Tamil Nadu,Y,Y,d
600082,Chennai,Tamil Nadu,Y,Y,d
600083,Chennai,Tamil Nadu,Y,Y,d
600084,Chennai,Tamil Nadu,Y,Y,d
600085,Chennai,Tamil Nadu,Y,Y,d
600086,Chennai,Tamil Nadu,Y,Y,d
600087,Chennai,Tamil Nadu,Y,Y,d
600088,Chennai,Tamil Nadu,Y,Y,d
600089,Chennai,Tamil Nadu,Y,Y,d
600090,Chennai,Tamil Nadu,Y,Y,d
600091,Chennai,Tamil Nadu,Y,Y,d
600092,Chennai,Tamil Nadu,Y,Y,d
600093,Chennai,Tamil Nadu,Y,Y,d
600094,Chennai,Tamil Nadu,Y,Y,d
600095,Chennai,Tamil Nadu,Y,Y,d
600096,Chennai,Tamil Nadu,Y,Y,d
600097,Chennai,Tamil Nadu,Y,Y,d
600098,Chennai,Tamil Nadu,Y,Y,d
600099,Chennai,Tamil Nadu,Y,Y,d
600100,Chennai,Tamil Nadu,Y,Y,d
600101,Chennai,Tamil Nadu,Y,Y,d
600102,Chennai,Tamil Nadu,Y,Y,d
600103,Chennai,Tamil Nadu,Y,Y,d
600104,Chennai,Tamil Nadu,Y,Y,d
600105,Chennai,Tamil Nadu,Y,Y,d
600106,Chennai,Tamil Nadu,Y,Y,d
600107,Chennai,Tamil Nadu,Y,Y,d
600108,Chennai,Tamil Nadu,Y,Y,d
600109,Chennai,Tamil Nadu,Y,Y,d
600110,Chennai,Tamil Nadu,Y,Y,d
600111,Chennai,Tamil Nadu,Y,Y,d
600112,Chennai,Tamil Nadu,Y,Y,d
600113,Chennai,Tamil Nadu,Y,Y,d
600114,Chennai,Tamil Nadu,Y,Y,d
600115,Chennai,Tamil Nadu,Y,Y,d
600116,Chennai,Tamil Nadu,Y,Y,d
600117,Chennai,Tamil Nadu,Y,Y,d
600118,Chennai,Tamil Nadu,Y,Y,d
600119,Chennai,Tamil Nadu,Y,Y,d
600120,Gummudipoondi,Tamil Nadu,Y,Y,d
600121,Chennai,Tamil Nadu,Y,Y,d
600122,Chennai,Tamil Nadu,Y,Y,d
600123,Chennai,Tamil Nadu,Y,Y,d
600124,Chennai,Tamil Nadu,Y,Y,d
600125,Chennai,Tamil Nadu,Y,Y,d
600126,Chennai,Tamil Nadu,Y,Y,d
600127,Chennai,Tamil Nadu,Y,Y,d
600128,Chennai,Tamil Nadu,Y,Y,d
600129,Chennai,Tamil Nadu,Y,Y,d
600130,Chennai,Tamil Nadu,Y,Y,d
600131,Chennai,Tamil Nadu,Y,Y,d
600132,Chennai,Tamil Nadu,Y,Y,d
600133,#REF!,#REF!,N,N,d
600140,Chennai,Tamil Nadu,N,N,d
600186,Chennai,Tamil Nadu,N,N,d
600704,Chennai,Tamilnadu,Y,Y,d
601016,Coimbatore,Tamil Nadu,N,Y,d
601101,Gummudipoondi,Tamil Nadu,Y,Y,d
601102,Chennai,Tamil Nadu,Y,Y,d
601103,Tiruvallur,Tamil Nadu,Y,Y,d
601104,Chennai,Tamil Nadu,N,Y,d
601105,Ponneri,Tamil Nadu,Y,Y,d
601201,Gummudipoondi,Tamil Nadu,Y,Y,d
601202,Gummudipoondi,Tamil Nadu,Y,Y,d
601203,Gummudipoondi,Tamil Nadu,Y,Y,d
601204,Gummudipoondi,Tamil Nadu,Y,Y,d
601205,Gummudipoondi,Tamil Nadu,Y,Y,d
601206,Chennai,Tamil Nadu,Y,Y,d
601207,Gummudipoondi,Tamil Nadu,Y,Y,d
601208,Viluppuram,Tamil Nadu,Y,Y,d
601209,Chennai,Tamil Nadu,N,Y,d
601210,Ponneri,Tamil Nadu,Y,Y,d
601211,Ponneri,Tamil Nadu,Y,Y,d
601212,Ponneri,Tamil Nadu,Y,Y,d
601213,Ponneri,Tamil Nadu,Y,Y,d
601214,Ponneri,Tamil Nadu,Y,Y,d
601295,Ponneri,Tamil Nadu,Y,Y,d
601301,Chennai,Tamil Nadu,Y,Y,d
601302,Chennai,Tamil Nadu,Y,Y,d
601303,Chennai,Tamil Nadu,Y,Y,d
601304,Chennai,Tamil Nadu,Y,Y,d
601506,Pondicherry,Pondichery,N,N,d
601802,Trichy,Tamil Nadu,N,N,d
602001,Tiruvallur,Tamil Nadu,Y,Y,d
602002,Tiruvallur,Tamil Nadu,Y,Y,d
602003,Tiruvallur,Tamil Nadu,Y,Y,d
602004,Tiruvallur,Tamil Nadu,Y,Y,d
602010,Chennai,Tamil Nadu,Y,Y,d
602011,Chennai,Tamil Nadu,Y,Y,d
602017,Chennai,Tamilnadu,Y,Y,d
602021,Tiruvallur,Tamil Nadu,Y,Y,d
602022,Puttur-Ap,Andhra Pradesh,Y,Y,d
602023,Tiruvallur,Tamil Nadu,Y,Y,d
602024,Chennai,Tamil Nadu,Y,Y,d
602025,Tiruvallur,Tamil Nadu,Y,Y,d
602026,TIRUVALLUR,Tamil Nadu,Y,Y,d
602027,Tiruvallur,Tamil Nadu,Y,Y,d
602028,Chennai,Tamil Nadu,N,N,d
602029,Chennai,Tamil Nadu,N,Y,d
602030,Chennai,Tamil Nadu,Y,Y,d
602031,Chennai,Tamil Nadu,Y,Y,d
602074,Thiruvallur,Tamilnadu,N,N,d
602087,Veppampattu,Tamil Nadu,N,N,d
602088,Veppampattu,Tamil Nadu,N,N,d
602089,Veppampattu,Tamil Nadu,N,N,d
602101,Chennai,Tamil Nadu,Y,Y,d
602102,Sriperumbudur,Tamil Nadu,Y,Y,d
602103,Chennai,Tamil Nadu,Y,Y,d
602104,Chennai,Tamil Nadu,N,Y,d
602105,Sriperumbudur,Tamil Nadu,Y,Y,d
602106,Sriperumbudur,Tamil Nadu,Y,Y,d
602107,Chennai,Tamil Nadu,Y,Y,d
602108,Kanchipuram,Tamil Nadu,Y,Y,d
602109,Sriperumbudur,Tamil Nadu,Y,Y,d
602111,Chennai,Tamil Nadu,Y,Y,d
602112,Chennai,Tamil Nadu,Y,Y,d
602113,Chennai,Tamil Nadu,Y,Y,d
602114,Chennai,Tamil Nadu,Y,Y,d
602115,Tiruvallur,Tamil Nadu,N,N,d
602116,Sriperumbudur,Tamil Nadu,N,N,d
602117,Sriperumbudur,Tamil Nadu,Y,Y,d
602118,Chengalpattu,Tamil Nadu,Y,Y,d
602204,Chennai,Tamilnadu,Y,Y,d
602205,Chennai,Tamilnadu,Y,Y,d
602231,Chengalpattu,Tamilnadu,N,N,d
602605,Chengalpattu,Tamilnadu,N,N,d
603001,Chengalpattu,Tamil Nadu,Y,Y,d
603002,Chengalpattu,Tamil Nadu,Y,Y,d
603003,Chengalpattu,Tamil Nadu,Y,Y,d
603004,Chengalpattu,Tamil Nadu,Y,Y,d
603011,Chennai,Tamil Nadu,N,Y,d
603019,Chengalpattu,Tamil Nadu,N,N,d
603024,Thiruvallur,Tamilnadu,N,N,d
603048,Chennai,Tamil Nadu,Y,Y,d
603101,Chengalpattu,Tamil Nadu,Y,Y,d
603102,Kalpakkam,Tamil Nadu,Y,Y,d
603103,Chennai,Tamil Nadu,Y,Y,d
603104,Tirukalukundram,Tamil Nadu,Y,Y,d
603105,Thiruporur,Tamil Nadu,Y,Y,d
603106,Chengalpattu,Tamil Nadu,Y,Y,d
603107,Chengalpattu,Tamil Nadu,Y,Y,d
603108,Thiruporur,Tamil Nadu,Y,Y,d
603109,Tirukalukundram,Tamil Nadu,Y,Y,d
603110,Thiruporur,Tamil Nadu,Y,Y,d
603111,Chengalpattu,Tamil Nadu,Y,Y,d
603112,Chennai,Tamil Nadu,Y,Y,d
603113,Tiruvallur,Tamil Nadu,Y,Y,d
603114,Tiruvallur,Tamil Nadu,N,Y,d
603115,Chennai,Tamil Nadu,Y,Y,d
603117,Chennai,Tamil Nadu,Y,Y,d
603118,Kanchipuram,Tamil Nadu,N,Y,d
603119,Chennai,Tamil Nadu,Y,Y,d
603120,Chennai,Tamil Nadu,Y,Y,d
603121,Tiruvallur,Tamil Nadu,N,Y,d
603122,Chennai,Tamil Nadu,Y,Y,d
603127,Tirukalukundram,Tamil Nadu,Y,Y,d
603201,Melmaruvathur,Tamil Nadu,Y,Y,d
603202,Chennai,Tamil Nadu,Y,Y,d
603203,Chennai,Tamil Nadu,Y,Y,d
603204,Chengalpattu,Tamil Nadu,Y,Y,d
603205,Thindivanam,Tamilnadu,N,N,d
603209,Chennai,Tamil Nadu,Y,Y,d
603210,Chennai,Tamil Nadu,Y,Y,d
603211,Chennai,Tamil Nadu,Y,Y,d
603212,Villupuram,Tamilnadu,N,N,d
603301,Melmaruvathur,Tamil Nadu,Y,Y,d
603302,Melmaruvathur,Tamil Nadu,Y,Y,d
603303,Chengalpattu,Tamil Nadu,Y,Y,d
603304,Marakkanam,Tamil Nadu,Y,Y,d
603305,Melmaruvathur,Tamil Nadu,Y,Y,d
603306,Melmaruvathur,Tamil Nadu,Y,Y,d
603307,Tindivanam,Tamil Nadu,Y,Y,d
603308,Chengalpattu,Tamil Nadu,Y,Y,d
603309,Melmaruvathur,Tamil Nadu,Y,Y,d
603310,Melmaruvathur,Tamil Nadu,Y,Y,d
603311,Melmaruvathur,Tamil Nadu,Y,Y,d
603312,Melmaruvathur,Tamil Nadu,Y,Y,d
603313,Melmaruvathur,Tamil Nadu,Y,Y,d
603314,Chengalpattu,Tamil Nadu,Y,Y,d
603315,Tiruvallur,Tamil Nadu,N,Y,d
603316,Tiruvallur,Tamil Nadu,N,Y,d
603317,Tiruvallur,Tamil Nadu,N,Y,d
603318,Kanchipuram,Tamil Nadu,Y,Y,d
603319,Melmaruvathur,Tamil Nadu,Y,Y,d
603320,Tiruvallur,Tamil Nadu,N,Y,d
603401,Marakkanam,Tamil Nadu,Y,Y,d
603402,Vandavasi,Tamil Nadu,Y,Y,d
603403,Vandavasi,Tamil Nadu,Y,Y,d
603404,Uthiramerur,Tamil Nadu,N,Y,d
603405,Chengalpattu,Tamil Nadu,Y,Y,d
603406,Chengalpattu,Tamil Nadu,Y,Y,d
603407,Tiruvallur,Tamil Nadu,N,N,d
603408,Chennai,Tamil Nadu,Y,Y,d
603501,Kanchipuram,Tamilnadu,N,N,d
603602,Guduvancherry,Tamil Nadu,N,N,d
603603,Chennai,Tamil Nadu,N,N,d
604001,Tindivanam,Tamil Nadu,Y,Y,d
604002,TINDIVANAM,Tamil Nadu,Y,Y,d
604024,Thiruvallur,Tamilnadu,N,N,d
604101,Tindivanam,Tamil Nadu,Y,Y,d
604102,Tindivanam,Tamil Nadu,Y,Y,d
604103,Tindivanam,Tamil Nadu,Y,Y,d
604105,Thanjavur,Tamilnadu,N,N,d
604151,Gingee,Tamil Nadu,Y,Y,d
604152,Gingee,Tamil Nadu,Y,Y,d
604153,Gingee,Tamil Nadu,Y,Y,d
604154,Tindivanam,Tamil Nadu,Y,Y,d
604155,Villupuram,Tamil Nadu,N,Y,d
604156,Villupuram,Tamilnadu,N,N,d
604201,Gingee,Tamil Nadu,Y,Y,d
604202,Gingee,Tamil Nadu,Y,Y,d
604203,Gingee,Tamil Nadu,Y,Y,d
604204,Chetpet,Tamil Nadu,Y,Y,d
604205,Gingee,Tamil Nadu,Y,Y,d
604206,Tindivanam,Tamil Nadu,Y,Y,d
604207,Tindivanam,Tamil Nadu,Y,Y,d
604208,Chetpet,Tamil Nadu,Y,Y,d
604210,Gingee,Tamil Nadu,Y,Y,d
604211,Tindivanam,Tamil Nadu,N,Y,d
604212,Villupuram - Tn,Tamil Nadu,N,N,d
604213,Villupuram - Tn,Tamil Nadu,N,N,d
604301,Tindivanam,Tamil Nadu,Y,Y,d
604302,Tindivanam,Tamil Nadu,Y,Y,d
604303,Marakkanam,Tamil Nadu,Y,Y,d
604304,Tindivanam,Tamil Nadu,Y,Y,d
604305,Tindivanam,Tamil Nadu,Y,Y,d
604306,Tindivanam,Tamil Nadu,Y,Y,d
604307,Tindivanam,Tamil Nadu,Y,Y,d
604309,Pondicherry,Tamilnadu,N,N,d
604401,Cheyyar,Tamil Nadu,Y,Y,d
604402,Cheyyar,Tamil Nadu,Y,Y,d
604403,Vandavasi,Tamil Nadu,Y,Y,d
604404,Vandavasi,Tamil Nadu,Y,Y,d
604405,Vandavasi,Tamil Nadu,Y,Y,d
604406,Tindivanam,Tamil Nadu,Y,Y,d
604407,Cheyyar,Tamil Nadu,Y,Y,d
604408,Vandavasi,Tamil Nadu,Y,Y,d
604409,Cheyyar,Tamil Nadu,Y,Y,d
604410,Kanchipuram,Tamil Nadu,Y,Y,d
604411,#REF!,#REF!,N,N,d
604412,Vellore,Tamil Nadu,N,Y,d
604414,Maduranthakam,Tamil Nadu,N,N,d
604501,Chetpet,Tamil Nadu,Y,Y,d
604502,Chetpet,Tamil Nadu,Y,Y,d
604503,Chetpet,Tamil Nadu,Y,Y,d
604504,Arani,Tamil Nadu,Y,Y,d
604505,Vandavasi,Tamil Nadu,Y,Y,d
604601,Tiruvannamalai,Tamil Nadu,Y,Y,d
604914,Chidambaram,Tamil Nadu,N,Y,d
605001,Pondicherry,Puducherry,Y,Y,d
605002,Pondicherry,Puducherry,Y,Y,d
605003,Pondicherry,Puducherry,Y,Y,d
605004,Pondicherry,Puducherry,Y,Y,d
605005,Pondicherry,Puducherry,Y,Y,d
605006,Pondicherry,Puducherry,Y,Y,d
605007,Pondicherry,Puducherry,Y,Y,d
605008,Pondicherry,Puducherry,Y,Y,d
605009,Pondicherry,Puducherry,Y,Y,d
605010,Pondicherry,Puducherry,Y,Y,d
605011,Pondicherry,Puducherry,Y,Y,d
605012,Pondicherry,Puducherry,Y,Y,d
605013,Pondicherry,Puducherry,Y,Y,d
605014,Pondicherry,Puducherry,Y,Y,d
605036,Trivandrum,Kerala,N,N,d
605051,Vellore,Tamil Nadu,N,Y,d
605101,Pondicherry,Puducherry,Y,Y,d
605102,Pondicherry,Puducherry,Y,Y,d
605103,Viluppuram,Tamil Nadu,Y,Y,d
605104,Pondicherry,Puducherry,Y,Y,d
605105,Viluppuram,Tamil Nadu,Y,Y,d
605106,Pondicherry,Puducherry,Y,Y,d
605107,Pondicherry,Puducherry,Y,Y,d
605108,Viluppuram,Tamil Nadu,Y,Y,d
605109,Pondicherry,Pondicherry,Y,Y,d
605110,Pondicherry,Puducherry,Y,Y,d
605111,Pondicherry,Puducherry,Y,Y,d
605112,Villupuram,Tamilnadu,N,N,d
605113,Vellore,Tamil Nadu,N,Y,d
605114,Villupuram,Tamilnadu,N,N,d
605116,Kuruchikuppam,Tamil Nadu,Y,Y,d
605118,Kuruchikuppam,Tamil Nadu,Y,Y,d
605201,Gingee,Tamil Nadu,Y,Y,d
605202,Viluppuram,Tamil Nadu,Y,Y,d
605203,Viluppuram,Tamil Nadu,Y,Y,d
605207,Kallakurichi,Tamilnadu,N,N,d
605301,Viluppuram,Tamil Nadu,Y,Y,d
605302,Viluppuram,Tamil Nadu,Y,Y,d
605401,Viluppuram,Tamil Nadu,Y,Y,d
605402,Viluppuram,Tamil Nadu,Y,Y,d
605403,#REF!,#REF!,N,N,d
605501,Pondicherry,Pondicherry,Y,Y,d
605502,Pondicherry,Puducherry,Y,Y,d
605503,Kuruchikuppam,Tamil Nadu,Y,Y,d
605601,Viluppuram,Tamil Nadu,Y,Y,d
605602,Viluppuram,Tamil Nadu,Y,Y,d
605604,Viluppuram,Tamil Nadu,Y,Y,d
605605,Villupuram,Tamil Nadu,N,Y,d
605606,Villupuram,Tamilnadu,N,Y,d
605651,Gingee,Tamil Nadu,Y,Y,d
605652,Pondicherry,Puducherry,Y,Y,d
605655,Villupuram,Tamil Nadu,Y,Y,d
605701,Thirukoilure,Tamil Nadu,Y,Y,d
605702,Sankarapuram,Tamil Nadu,Y,Y,d
605751,Memalur,Tamil Nadu,N,Y,d
605752,Thirukoilure,Tamil Nadu,Y,Y,d
605753,Vellore,Tamil Nadu,N,Y,d
605754,Thirukoilure,Tamil Nadu,Y,Y,d
605755,Thirukoilure,Tamil Nadu,Y,Y,d
605756,Thirukoilure,Tamil Nadu,Y,Y,d
605757,Thirukoilure,Tamil Nadu,Y,Y,d
605758,Thirukoilure,Tamil Nadu,Y,Y,d
605759,Thirukoilure,Tamil Nadu,Y,Y,d
605766,Memalur,Tamil Nadu,Y,Y,d
605801,Sankarapuram,Tamil Nadu,Y,Y,d
605802,Sankarapuram,Tamil Nadu,Y,Y,d
605803,Thirukoilure,Tamil Nadu,Y,Y,d
605805,Tirukovilur,Tamil Nadu,N,N,d
605809,Vellore,Tamil Nadu,N,Y,d
606001,Virudhachalam,Tamil Nadu,Y,Y,d
606002,Virudhachalam,Tamil Nadu,Y,Y,d
606003,Virudhachalam,Tamil Nadu,Y,Y,d
606006,Pondicherry,Pondichery,N,N,d
606016,Salem,Tamil Nadu,N,N,d
606101,Cuddalore,Tamil Nadu,N,Y,d
606102,Ulundurpet,Tamil Nadu,Y,Y,d
606103,Virudhachalam,Tamil Nadu,Y,Y,d
606104,Ulundurpet,Tamil Nadu,Y,Y,d
606105,Pennadam,Tamil Nadu,Y,Y,d
606106,Pennadam,Tamil Nadu,Y,Y,d
606107,Ulundurpet,Tamil Nadu,Y,Y,d
606108,Chinnasalem,Tamil Nadu,Y,Y,d
606109,Pennadam,Tamil Nadu,Y,Y,d
606110,Virudhachalam,Tamil Nadu,Y,Y,d
606111,Pennadam,Tamil Nadu,Y,Y,d
606112,Pennadam,Tamil Nadu,Y,Y,d
606115,Ulundurpet,Tamil Nadu,Y,Y,d
606120,Villupuram,Tamil Nadu,N,Y,d
606123,Nagapattinam,Tamil Nadu,Y,Y,d
606201,Chinnasalem,Tamil Nadu,Y,Y,d
606202,Kallakurichi,Tamil Nadu,Y,Y,d
606203,Kallakurichi,Tamil Nadu,Y,Y,d
606204,Kallakurichi,Tamil Nadu,Y,Y,d
606205,Memalur,Tamil Nadu,N,Y,d
606206,Kallakurichi,Tamil Nadu,Y,Y,d
606207,Kallakurichi,Tamil Nadu,Y,Y,d
606208,Sankarapuram,Tamil Nadu,Y,Y,d
606209,Kallakurichi,Tamil Nadu,Y,Y,d
606213,Kallakurichi,Tamil Nadu,Y,Y,d
606221,Vellore,Tamil Nadu,N,Y,d
606223,Vellore,Tamil Nadu,N,Y,d
606301,Chinnasalem,Tamil Nadu,Y,Y,d
606302,Virudhachalam,Tamil Nadu,Y,Y,d
606303,Chinnasalem,Tamil Nadu,Y,Y,d
606304,Virudhachalam,Tamil Nadu,Y,Y,d
606305,Ulundurpet,Tamil Nadu,Y,Y,d
606306,Virudhachalam,Tamil Nadu,Y,Y,d
606307,Villupuram,Tamil Nadu,N,Y,d
606309,Pennadam,Tamilnadu,N,N,d
606401,Sankarapuram,Tamil Nadu,Y,Y,d
606402,Sankarapuram,Tamil Nadu,Y,Y,d
606405,Vellore,Tamilnadu,N,N,d
606407,Tiruvannamalai,Tamilnadu,N,N,d
606502,Kallakurichi,Tamilnadu,N,N,d
606552,Thiruvannamalai,Tamilnadu,N,N,d
606554,Thiruvannamalai,Tamilnadu,N,N,d
606601,Tiruvannamalai,Tamil Nadu,Y,Y,d
606602,Tiruvannamalai,Tamil Nadu,Y,Y,d
606603,Tiruvannamalai,Tamil Nadu,Y,Y,d
606604,Tiruvannamalai,Tamil Nadu,Y,Y,d
606610,Thiruvannamalai,Tamilnadu,N,N,d
606611,Tiruvannamalai,Tamil Nadu,Y,Y,d
606701,Chengam,Tamil Nadu,Y,Y,d
606702,Tiruvannamalai,Tamil Nadu,Y,Y,d
606703,Chengam,Tamil Nadu,Y,Y,d
606704,Chengam,Tamil Nadu,Y,Y,d
606705,Chengam,Tamil Nadu,Y,Y,d
606706,Chengam,Tamil Nadu,Y,Y,d
606707,Tiruvannamalai,Tamil Nadu,Y,Y,d
606708,Sankarapuram,Tamil Nadu,Y,Y,d
606709,Chengam,Tamil Nadu,Y,Y,d
606710,Tiruvannamalai,Tamil Nadu,Y,Y,d
606711,Vellore,Tamil Nadu,N,Y,d
606712,Vellore,Tamil Nadu,N,Y,d
606713,Vellore,Tamil Nadu,N,Y,d
606714,Sankarapuram,Tamil Nadu,Y,Y,d
606715,Vellore,Tamil Nadu,N,Y,d
606716,Vellore,Tamil Nadu,N,Y,d
606717,Vellore,Tamil Nadu,N,Y,d
606718,Villupuram,Tamil Nadu,N,Y,d
606723,Thiruvannamalai,Tamilnadu,N,N,d
606751,Polur,Tamil Nadu,Y,Y,d
606752,Tiruvannamalai,Tamil Nadu,Y,Y,d
606753,Sankarapuram,Tamil Nadu,Y,Y,d
606754,Tiruvannamalai,Tamil Nadu,Y,Y,d
606755,Tiruvannamalai,Tamil Nadu,Y,Y,d
606801,Chetpet,Tamil Nadu,Y,Y,d
606802,Polur,Tamil Nadu,Y,Y,d
606803,Polur,Tamil Nadu,Y,Y,d
606804,Tiruvannamalai,Tamil Nadu,Y,Y,d
606805,Tiruvannamalai,Tamil Nadu,Y,Y,d
606806,Tiruvannamalai,Tamil Nadu,Y,Y,d
606807,Chetpet,Tamil Nadu,Y,Y,d
606808,Tiruvannamalai,Tamil Nadu,Y,Y,d
606809,Vellore,Tamil Nadu,N,Y,d
606810,Vellore,Tamil Nadu,N,Y,d
606811,Tiruvannamalai,Tamil Nadu,Y,Y,d
606901,Polur,Tamil Nadu,Y,Y,d
606902,Chetpet,Tamil Nadu,Y,Y,d
606903,Arani,Tamil Nadu,Y,Y,d
606904,Polur,Tamil Nadu,Y,Y,d
606905,Arani,Tamil Nadu,Y,Y,d
606906,Polur,Tamil Nadu,Y,Y,d
606907,Arani,Tamil Nadu,Y,Y,d
606908,Polur,Tamil Nadu,Y,Y,d
606909,Vellore,Tamil Nadu,N,Y,d
606910,Vellore,Tamil Nadu,N,Y,d
606911,Villupuram,Tamil Nadu,N,Y,d
606912,Vellore,Tamil Nadu,N,Y,d
606914,Cuddalore,Tamil Nadu,N,Y,d
606915,Tindivanam,Tamil Nadu,N,Y,d
607001,Cuddalore,Tamil Nadu,Y,Y,d
607002,Cuddalore,Tamil Nadu,Y,Y,d
607003,Cuddalore,Tamil Nadu,Y,Y,d
607004,Cuddalore,Tamil Nadu,Y,Y,d
607005,Cuddalore,Tamil Nadu,Y,Y,d
607006,Cuddalore,Tamil Nadu,Y,Y,d
607051,Cuddalore,Tamil Nadu,N,Y,d
607101,Panruti,Tamil Nadu,Y,Y,d
607102,Panruti,Tamil Nadu,Y,Y,d
607103,Panruti,Tamil Nadu,Y,Y,d
607104,Panruti,Tamil Nadu,Y,Y,d
607105,Panruti,Tamil Nadu,Y,Y,d
607106,Panruti,Tamil Nadu,Y,Y,d
607107,Viluppuram,Tamil Nadu,Y,Y,d
607108,Panruti,Tamil Nadu,Y,Y,d
607109,Cuddalore,Tamil Nadu,Y,Y,d
607110,Cuddalore,Tamil Nadu,N,Y,d
607111,Cuddalore,Tamil Nadu,N,Y,d
607112,Panruti,Tamil Nadu,Y,Y,d
607113,Cuddalore,Tamil Nadu,N,Y,d
607116,Villupuram,Tamil Nadu,N,Y,d
607201,Memalur,Tamil Nadu,N,Y,d
607202,Ulundurpet,Tamil Nadu,Y,Y,d
607203,Viluppuram,Tamil Nadu,Y,Y,d
607204,Ulundurpet,Tamil Nadu,Y,Y,d
607205,Panruti,Tamil Nadu,Y,Y,d
607207,Viluppuram,Tamil Nadu,Y,Y,d
607209,Viluppuram,Tamil Nadu,Y,Y,d
607301,Cuddalore,Tamil Nadu,Y,Y,d
607302,Neyveli,Tamil Nadu,Y,Y,d
607303,Neyveli,Tamil Nadu,Y,Y,d
607305,Neyveli,Tamil Nadu,N,N,d
607307,Cuddalore,Tamil Nadu,Y,Y,d
607308,Neyveli,Tamil Nadu,Y,Y,d
607401,Cuddalore,Tamil Nadu,Y,Y,d
607402,Pondicherry,Puducherry,Y,Y,d
607403,Pondicherry,Pondicherry,Y,Y,d
607404,Cuddalore,Tamil Nadu,Y,Y,d
607601,Chidambaram,Tamilnadu,N,N,d
607701,Chidambaram,Tamilnadu,N,N,d
607702,Chidambaram,Tamilnadu,N,N,d
607801,Neyveli,Tamil Nadu,Y,Y,d
607802,Neyveli,Tamil Nadu,Y,Y,d
607803,Neyveli,Tamil Nadu,Y,Y,d
607804,Neyveli,Tamil Nadu,Y,Y,d
607805,Neyveli,Tamil Nadu,Y,Y,d
607807,Neyveli,Tamil Nadu,Y,Y,d
608001,Chidambaram,Tamil Nadu,Y,Y,d
608002,Chidambaram,Tamil Nadu,Y,Y,d
608102,Chidambaram,Tamil Nadu,Y,Y,d
608109,Sivagiri,Tamil Nadu,N,N,d
608201,Chidambaram,Tamil Nadu,Y,Y,d
608301,Lalpet,Tamil Nadu,Y,Y,d
608302,Lalpet,Tamil Nadu,Y,Y,d
608303,Lalpet,Tamil Nadu,Y,Y,d
608304,Lalpet,Tamil Nadu,Y,Y,d
608305,Chidambaram,Tamil Nadu,Y,Y,d
608306,Lalpet,Tamil Nadu,Y,Y,d
608401,Chidambaram,Tamil Nadu,Y,Y,d
608402,Karunapuram,Tamil Nadu,Y,Y,d
608501,Chidambaram,Tamil Nadu,Y,Y,d
608502,Chidambaram,Tamil Nadu,Y,Y,d
608601,Chidambaram,Tamil Nadu,Y,Y,d
608602,Chidambaram,Tamil Nadu,Y,Y,d
608701,Lalpet,Tamil Nadu,Y,Y,d
608702,Chidambaram,Tamil Nadu,Y,Y,d
608703,Lalpet,Tamil Nadu,Y,Y,d
608704,Chidambaram,Tamil Nadu,Y,Y,d
608708,Virudhachalam,Tamilnadu,N,N,d
608709,Virudhachalam,Tamilnadu,N,N,d
608801,Cuddalore,Tamil Nadu,Y,Y,d
608803,Vellore,Tamil Nadu,N,Y,d
608804,Chidambaram,Tamil Nadu,N,N,d
608901,Jayankondam,Tamil Nadu,Y,Y,d
609001,Mayiladuthurai,Tamil Nadu,Y,Y,d
609002,Thanjavur,Tamil Nadu,Y,Y,d
609003,Mayiladuthurai,Tamil Nadu,Y,Y,d
609101,Sirkazhi,Tamil Nadu,Y,Y,d
609102,Sirkazhi,Tamil Nadu,Y,Y,d
609103,Mayiladuthurai,Tamil Nadu,Y,Y,d
609104,Sirkazhi,Tamil Nadu,Y,Y,d
609105,Sirkazhi,Tamil Nadu,Y,Y,d
609106,Sirkazhi,Tamil Nadu,Y,Y,d
609107,Sirkazhi,Tamil Nadu,Y,Y,d
609108,Sirkazhi,Tamil Nadu,Y,Y,d
609109,Sirkazhi,Tamil Nadu,Y,Y,d
609110,Sirkazhi,Tamil Nadu,Y,Y,d
609111,Sirkazhi,Tamil Nadu,Y,Y,d
609112,Sirkazhi,Tamil Nadu,Y,Y,d
609113,Sirkazhi,Tamil Nadu,Y,Y,d
609114,Sirkazhi,Tamil Nadu,Y,Y,d
609115,Sirkazhi,Tamil Nadu,Y,Y,d
609116,Sirkazhi,Tamil Nadu,Y,Y,d
609117,Sirkazhi,Tamil Nadu,Y,Y,d
609118,Mayiladuthurai,Tamil Nadu,Y,Y,d
609119,Sirkali,Tamil Nadu,N,N,d
609120,Villupuram - Tn,Tamil Nadu,N,N,d
609121,Mayiladuthurai,Tamil Nadu,N,N,d
609122,Sirkali,Tamil Nadu,N,N,d
609123,Thanjavur,Tamil Nadu,N,N,d
609124,Cuddalore,Tamil Nadu,N,Y,d
609125,Sirkali,Tamil Nadu,N,N,d
609126,Sirkali,Tamil Nadu,N,N,d
609127,Thanjavur,Tamil Nadu,N,N,d
609128,Sirkali,Tamil Nadu,N,N,d
609129,Sirkali,Tamil Nadu,N,N,d
609130,Sirkali,Tamil Nadu,N,N,d
609131,Sirkali,Tamil Nadu,N,N,d
609201,Mayiladuthurai,Tamil Nadu,Y,Y,d
609202,Mayiladuthurai,Tamil Nadu,Y,Y,d
609203,Mayiladuthurai,Tamil Nadu,Y,Y,d
609204,Mayiladuthurai,Tamil Nadu,Y,Y,d
609205,Mayiladuthurai,Tamil Nadu,Y,Y,d
609207,Mayiladuthurai,Tamilnadu,N,N,d
609295,Mayiladuthurai,Tamilnadu,N,N,d
609301,Mayiladuthurai,Tamil Nadu,Y,Y,d
609302,Mayiladuthurai,Tamil Nadu,Y,Y,d
609303,Karaikal,Puducherry,Y,Y,d
609304,Mayiladuthurai,Tamil Nadu,Y,Y,d
609305,Mayiladuthurai,Tamil Nadu,Y,Y,d
609306,Peralam,Tamil Nadu,Y,Y,d
609307,Karaikal,Puducherry,Y,Y,d
609308,Karaikal,Pondicherry,Y,Y,d
609309,Mayiladuthurai,Tamil Nadu,Y,Y,d
609310,Karaikal,Puducherry,Y,Y,d
609311,Karaikal,Puducherry,Y,Y,d
609312,Karaikal,Puducherry,Y,Y,d
609313,Karaikal,Puducherry,Y,Y,d
609314,Mayiladuthurai,Tamil Nadu,Y,Y,d
609401,Mayiladuthurai,Tamil Nadu,Y,Y,d
609402,Peralam,Tamil Nadu,Y,Y,d
609403,Peralam,Tamil Nadu,Y,Y,d
609404,Peralam,Tamil Nadu,Y,Y,d
609405,Peralam,Tamil Nadu,Y,Y,d
609406,Thanjavur,Tamil Nadu,N,N,d
609501,Peralam,Tamil Nadu,Y,Y,d
609502,Thiruvarur,Tamil Nadu,Y,Y,d
609503,Peralam,Tamil Nadu,Y,Y,d
609504,Thiruvarur,Tamil Nadu,Y,Y,d
609505,Kumbakonam,Tamil Nadu,Y,Y,d
609506,Thanjavur,Tamil Nadu,N,N,d
609507,Thanjavur,Tamil Nadu,N,N,d
609508,Thanjavur,Tamil Nadu,N,N,d
609601,Karaikal,Puducherry,Y,Y,d
609602,Karaikal,Puducherry,Y,Y,d
609603,Peralam,Tamil Nadu,Y,Y,d
609604,Karaikal,Puducherry,Y,Y,d
609605,Karaikal,Puducherry,Y,Y,d
609606,Karaikal,Puducherry,Y,Y,d
609607,Karaikal,Puducherry,Y,Y,d
609608,Peralam,Tamil Nadu,Y,Y,d
609609,Karaikal,Puducherry,Y,Y,d
609610,Karaikal,Tamil Nadu,N,N,d
609701,Peralam,Tamil Nadu,Y,Y,d
609702,Karaikal,Pondicherry,Y,Y,d
609703,Karaikal,Puducherry,Y,Y,d
609704,Peralam,Tamil Nadu,Y,Y,d
609705,Karaikal,Tamil Nadu,N,Y,d
609801,Mayiladuthurai,Tamil Nadu,Y,Y,d
609802,Kumbakonam,Tamil Nadu,Y,Y,d
609803,Kumbakonam,Tamil Nadu,Y,Y,d
609804,Kumbakonam,Tamil Nadu,Y,Y,d
609805,Peralam,Tamil Nadu,Y,Y,d
609806,Mayiladuthurai,Tamil Nadu,Y,Y,d
609807,Lalpet,Tamil Nadu,Y,Y,d
609808,Mayiladuthurai,Tamil Nadu,Y,Y,d
609809,Kumbakonam,Tamil Nadu,Y,Y,d
609810,Kumbakonam,Tamil Nadu,Y,Y,d
609811,Mayiladuthurai,Tamil Nadu,Y,Y,d
609812,Thanjavur,Tamil Nadu,Y,Y,d
609813,Trichy,Tamil Nadu,N,N,d
609814,Thanjavur,Tamil Nadu,N,N,d
610001,Thiruvarur,Tamil Nadu,Y,Y,d
610002,TIRUVARUR,Tamil Nadu,Y,Y,d
610003,Thiruvarur,Tamil Nadu,Y,Y,d
610004,Thiruvarur,Tamil Nadu,Y,Y,d
610005,Thiruvarur,Tamil Nadu,Y,Y,d
610051,Tiruvarur,Tamilnadu,Y,Y,d
610101,Thiruvarur,Tamil Nadu,Y,Y,d
610102,Thiruvarur,Tamil Nadu,Y,Y,d
610103,Thiruvarur,Tamil Nadu,Y,Y,d
610104,Thiruvarur,Tamil Nadu,Y,Y,d
610105,Thiruvarur,Tamil Nadu,Y,Y,d
610106,Thiruvarur,Tamil Nadu,Y,Y,d
610107,Thiruvarur,Tamil Nadu,Y,Y,d
610109,Thiruvarur,Tamil Nadu,Y,Y,d
610110,Thanjavur,Tamil Nadu,N,N,d
610111,Thiruvarur,Tamil Nadu,Y,Y,d
610112,Thanjavur,Tamil Nadu,N,N,d
610113,Thanjavur,Tamil Nadu,N,N,d
610114,Thiruvarur,Tamil Nadu,Y,Y,d
610115,Thanjavur,Tamil Nadu,N,N,d
610116,Thanjavur,Tamil Nadu,N,N,d
610201,Thiruthuraipoondi,Tamil Nadu,Y,Y,d
610202,Thiruthuraipoondi,Tamil Nadu,Y,Y,d
610203,Thiruthuraipoondi,Tamil Nadu,Y,Y,d
610204,Thiruthuraipoondi,Tamil Nadu,Y,Y,d
610205,Thiruthuraipoondi,Tamil Nadu,Y,Y,d
610206,Thiruvarur,Tamil Nadu,Y,Y,d
610207,Thiruthuraipoondi,Tamil Nadu,Y,Y,d
610208,Thanjavur,Tamil Nadu,N,N,d
610209,Thanjavur,Tamil Nadu,N,N,d
610210,Thiruvarur,Tamil Nadu,Y,Y,d
610211,Thiruthuraipoondi,Tamilnadu,N,Y,d
610212,Thanjavur,Tamil Nadu,N,N,d
611001,Nagapattinam,Tamil Nadu,Y,Y,d
611002,Nagapattinam,Tamil Nadu,Y,Y,d
611003,Nagapattinam,Tamil Nadu,Y,Y,d
611006,Nagapattinam,Tamilnadu,N,Y,d
611008,Karaikal,Tamil Nadu,N,N,d
611101,Thiruvarur,Tamil Nadu,Y,Y,d
611102,Nagapattinam,Tamil Nadu,Y,Y,d
611103,Nagapattinam,Tamil Nadu,Y,Y,d
611104,Nagapattinam,Tamil Nadu,Y,Y,d
611105,Thiruvarur,Tamil Nadu,Y,Y,d
611106,Nagapattinam,Tamil Nadu,Y,Y,d
611108,Nagapattinam,Tamil Nadu,Y,Y,d
611109,Nagapattinam,Tamil Nadu,Y,Y,d
611110,Nagapattinam,Tamil Nadu,Y,Y,d
611111,Nagapattinam,Tamil Nadu,Y,Y,d
611112,Nagapattinam,Tamil Nadu,Y,Y,d
611113,Thanjavur-Tn,Tamil Nadu,N,N,d
611114,Coimbatore,Tamil Nadu,Y,Y,d
611115,Thanjavur,Tamil Nadu,N,N,d
611116,Trichy,Tamil Nadu,N,N,d
611117,Nagapattinam,Tamil Nadu,Y,Y,d
611119,Thanjavur,Tamil Nadu,N,N,d
612001,Kumbakonam,Tamil Nadu,Y,Y,d
612002,Kumbakonam,Tamil Nadu,Y,Y,d
612006,Kumbakonam,Tamil Nadu,Y,Y,d
612101,Kumbakonam,Tamil Nadu,Y,Y,d
612102,Kumbakonam,Tamil Nadu,Y,Y,d
612103,Kumbakonam,Tamil Nadu,Y,Y,d
612104,Kumbakonam,Tamil Nadu,Y,Y,d
612105,Kumbakonam,Tamil Nadu,Y,Y,d
612106,Mayiladuthurai,Tamil Nadu,Y,Y,d
612107,Kumbakonam,Tamil Nadu,Y,Y,d
612108,Kumbakonam,Tamil Nadu,Y,Y,d
612109,Thanjavur,Tamil Nadu,N,N,d
612110,Thanjavur,Tamil Nadu,N,N,d
612201,Kumbakonam,Tamil Nadu,Y,Y,d
612202,Kumbakonam,Tamil Nadu,Y,Y,d
612203,Peralam,Tamil Nadu,Y,Y,d
612204,Kumbakonam,Tamil Nadu,Y,Y,d
612205,Karaikal,Pondicherry,Y,Y,d
612206,Kumbakonam,Tamil Nadu,Y,Y,d
612301,Kumbakonam,Tamil Nadu,Y,Y,d
612302,Kumbakonam,Tamil Nadu,Y,Y,d
612303,Kumbakonam,Tamil Nadu,Y,Y,d
612304,Thanjavur,Tamil Nadu,N,N,d
612309,Kumbakonam,Tamilnadu,N,N,d
612401,Kumbakonam,Tamil Nadu,Y,Y,d
612402,Kumbakonam,Tamil Nadu,Y,Y,d
612501,Kumbakonam,Tamil Nadu,Y,Y,d
612502,Lalpet,Tamil Nadu,Y,Y,d
612503,Kumbakonam,Tamil Nadu,Y,Y,d
612504,Kumbakonam,Tamil Nadu,Y,Y,d
612505,Kumbakonam,Tamil Nadu,Y,Y,d
612506,Thanjavur,Tamil Nadu,N,N,d
612509,Kumbakonam,Tamilnadu,N,N,d
612601,Thiruvarur,Tamil Nadu,Y,Y,d
612602,Kumbakonam,Tamil Nadu,Y,Y,d
612603,Thiruvarur,Tamil Nadu,Y,Y,d
612604,Kumbakonam,Tamil Nadu,Y,Y,d
612605,Kumbakonam,Tamil Nadu,Y,Y,d
612606,Thanjavur,Tamil Nadu,N,N,d
612607,Thanjavur,Tamil Nadu,N,N,d
612608,Kumbakonam,Tamil Nadu,N,N,d
612609,Thanjavur,Tamil Nadu,N,N,d
612610,Thiruvarur,Tamil Nadu,Y,Y,d
612701,Kumbakonam,Tamil Nadu,Y,Y,d
612702,Kumbakonam,Tamil Nadu,Y,Y,d
612703,Thiruvarur,Tamil Nadu,Y,Y,d
612704,Tiruchi,Tamil Nadu,Y,Y,d
612801,Thiruvarur,Tamil Nadu,Y,Y,d
612802,Kumbakonam,Tamil Nadu,Y,Y,d
612803,Thiruvarur,Tamil Nadu,Y,Y,d
612804,Thiruvarur,Tamil Nadu,Y,Y,d
612805,Thanjavur-Tn,Tamil Nadu,N,Y,d
612806,Kumbakonam,Tamil Nadu,N,N,d
612807,Kumbakonam,Tamil Nadu,N,N,d
612901,Jayankondam,Tamil Nadu,Y,Y,d
612902,Jayankondam,Tamil Nadu,Y,Y,d
612903,Jayankondam,Tamil Nadu,Y,Y,d
612904,Jayankondam,Tamil Nadu,Y,Y,d
612905,Jayankondam,Tamil Nadu,Y,Y,d
612906,#REF!,#REF!,N,N,d
613001,Thanjavur,Tamil Nadu,Y,Y,d
613002,Thanjavur,Tamil Nadu,Y,Y,d
613003,Thanjavur,Tamil Nadu,Y,Y,d
613004,Thanjavur,Tamil Nadu,Y,Y,d
613005,Thanjavur,Tamil Nadu,Y,Y,d
613006,Thanjavur,Tamil Nadu,Y,Y,d
613007,Thanjavur,Tamil Nadu,Y,Y,d
613008,Thanjavur,Tamil Nadu,Y,Y,d
613009,Thanjavur,Tamil Nadu,Y,Y,d
613010,Thanjavur,Tamil Nadu,Y,Y,d
613051,Trichy,Tamil Nadu,N,N,d
613052,Thanjavur,Tamil Nadu,Y,Y,d
613053,Thanjavur-Tn,Tamil Nadu,N,Y,d
613054,Trichy,Tamil Nadu,N,N,d
613101,Thirukkattupalli,Tamil Nadu,Y,Y,d
613102,Thirukkattupalli,Tamil Nadu,Y,Y,d
613103,Thirukkattupalli,Tamil Nadu,Y,Y,d
613104,Thirukkattupalli,Tamil Nadu,Y,Y,d
613105,Thirukkattupalli,Tamil Nadu,Y,Y,d
613106,Trichy,Tamil Nadu,N,N,d
613107,Thanjavur,Tamil Nadu,N,N,d
613108,Thanjavur-Tn,Tamil Nadu,N,Y,d
613109,Thanjavur,Tamil Nadu,N,N,d
613110,Thanjavur,Tamil Nadu,N,N,d
613201,Thirukkattupalli,Tamil Nadu,Y,Y,d
613202,Thirukkattupalli,Tamil Nadu,Y,Y,d
613203,Thirukkattupalli,Tamil Nadu,Y,Y,d
613204,Thirukkattupalli,Tamil Nadu,Y,Y,d
613205,Thanjavur,Tamil Nadu,Y,Y,d
613206,Thanjavur,Tamil Nadu,N,N,d
613207,Thanjavur,Tamil Nadu,Y,Y,d
613301,Peravurani,Tamil Nadu,Y,Y,d
613302,Kumbakonam,Tamil Nadu,Y,Y,d
613303,Thanjavur,Tamil Nadu,Y,Y,d
613304,Pudukkottai,Tamil Nadu,N,N,d
613305,Pudukkottai,Tamil Nadu,N,N,d
613307,Thanjavur-Tn,Tamil Nadu,N,Y,d
613308,Thanjavur,Tamil Nadu,N,N,d
613401,Thanjavur,Tamil Nadu,Y,Y,d
613402,Thanjavur,Tamil Nadu,Y,Y,d
613403,Thanjavur,Tamil Nadu,Y,Y,d
613406,Thanjavur,Tamil Nadu,Y,Y,d
613501,Thanjavur,Tamil Nadu,Y,Y,d
613502,Thanjavur,Tamil Nadu,Y,Y,d
613503,Thanjavur,Tamil Nadu,Y,Y,d
613504,Thanjavur,Tamil Nadu,Y,Y,d
613505,Trichy,Tamil Nadu,N,Y,d
613506,Thanjavur,Tamil Nadu,N,N,d
613516,Erode,Tamil Nadu,N,Y,d
613517,Erode,Tamil Nadu,N,Y,d
613601,Thanjavur,Tamil Nadu,Y,Y,d
613602,Thirukkattupalli,Tamil Nadu,Y,Y,d
613603,Thanjavur,Tamil Nadu,N,N,d
613701,Thiruvarur,Tamil Nadu,Y,Y,d
613702,Thiruvarur,Tamil Nadu,Y,Y,d
613703,Thiruvarur,Tamil Nadu,Y,Y,d
613704,Thiruvarur,Tamil Nadu,Y,Y,d
613705,Thiruvarur,Tamil Nadu,Y,Y,d
613706,Thanjavur,Tamil Nadu,N,N,d
613707,Thanjavur,Tamil Nadu,N,N,d
614001,Mannargudi,Tamil Nadu,Y,Y,d
614010,Mannargudi,Tamilnadu,N,Y,d
614012,Thiruvarur,Tamil Nadu,Y,Y,d
614013,Mannargudi,Tamil Nadu,Y,Y,d
614014,Mannargudi,Tamil Nadu,Y,Y,d
614015,Mannargudi,Tamil Nadu,Y,Y,d
614016,Mannargudi,Tamil Nadu,Y,Y,d
614017,Thiruvarur,Tamil Nadu,Y,Y,d
614018,Mannargudi,Tamil Nadu,Y,Y,d
614019,Mannargudi,Tamil Nadu,Y,Y,d
614020,Mannargudi,Tamil Nadu,Y,Y,d
614022,Thiruvarur,Tamil Nadu,Y,Y,d
614024,Mannargudi,Tamilnadu,N,Y,d
614027,Thanjavur-Tn,Tamil Nadu,N,Y,d
614028,Mannargudi,Tamilnadu,N,Y,d
614030,Thiruvarur,Tamil Nadu,Y,Y,d
614031,Thanjavur,Tamil Nadu,N,N,d
614101,Mannargudi,Tamil Nadu,Y,Y,d
614102,Thiruvarur,Tamil Nadu,Y,Y,d
614103,Thiruvarur,Tamil Nadu,Y,Y,d
614141,Thindivanam,Tamilnadu,N,N,d
614201,Thanjavur,Tamil Nadu,Y,Y,d
614202,Thanjavur,Tamil Nadu,Y,Y,d
614203,Kumbakonam,Tamil Nadu,Y,Y,d
614204,Ayyampettai,Tamil Nadu,Y,Y,d
614205,Ayyampettai,Tamil Nadu,Y,Y,d
614206,Thanjavur,Tamil Nadu,Y,Y,d
614207,Ayyampettai,Tamil Nadu,Y,Y,d
614208,Kumbakonam,Tamil Nadu,Y,Y,d
614209,Kumbakonam,Tamil Nadu,Y,Y,d
614210,Ayyampettai,Tamil Nadu,Y,Y,d
614211,Thanjavur,Tamil Nadu,Y,Y,d
614212,Thanjavur,Tamil Nadu,N,N,d
614213,Thanjavur,Tamil Nadu,N,N,d
614301,Thanjavur,Tamil Nadu,Y,Y,d
614302,Thiruvarur,Tamil Nadu,Y,Y,d
614303,Thanjavur,Tamil Nadu,Y,Y,d
614401,Thanjavur,Tamil Nadu,Y,Y,d
614402,Thanjavur,Tamil Nadu,Y,Y,d
614403,Mannargudi,Tamil Nadu,Y,Y,d
614404,Mannargudi,Tamil Nadu,Y,Y,d
614405,Thanjavur-Tn,Tamil Nadu,N,Y,d
614406,Thanjavur,Tamil Nadu,N,N,d
614407,Thanjavur,Tamil Nadu,N,N,d
614505,Trichy,Tamil Nadu,N,Y,d
614532,Thanjavur,Tamilnadu,N,N,d
614601,Pattukkottai,Tamil Nadu,Y,Y,d
614602,Pattukkottai,Tamil Nadu,Y,Y,d
614604,Tirupur,Tamil Nadu,N,N,d
614608,Aranthangi,Tamilnadu,N,N,d
614612,Peravurani,Tamil Nadu,Y,Y,d
614613,Pattukkottai,Tamil Nadu,Y,Y,d
614614,Karambakkudi,Tamil Nadu,Y,Y,d
614615,Pattukkottai,Tamil Nadu,Y,Y,d
614616,Aranthangi,Tamil Nadu,Y,Y,d
614617,Manamelkudi,Tamil Nadu,Y,Y,d
614618,Aranthangi,Tamil Nadu,Y,Y,d
614619,Manamelkudi,Tamil Nadu,Y,Y,d
614620,Manamelkudi,Tamil Nadu,Y,Y,d
614621,Manamelkudi,Tamil Nadu,Y,Y,d
614622,Pudukkottai,Tamil Nadu,Y,Y,d
614623,Peravurani,Tamil Nadu,Y,Y,d
614624,Peravurani,Tamil Nadu,Y,Y,d
614625,Thanjavur,Tamil Nadu,Y,Y,d
614626,Thanjavur,Tamil Nadu,Y,Y,d
614627,Thanjavur,Tamil Nadu,N,N,d
614628,Peravurani,Tamil Nadu,Y,Y,d
614629,Thiruvadanai,Tamil Nadu,Y,Y,d
614630,Manamelkudi,Tamil Nadu,Y,Y,d
614631,Peravurani,Tamil Nadu,Y,Y,d
614632,Trichy,Tamil Nadu,N,N,d
614633,Thanjavur,Tamilnadu,N,N,d
614634,Thanjavur,Tamil Nadu,N,N,d
614635,Thanjavur,Tamilnadu,N,N,d
614636,Thanjavur,Tamilnadu,N,N,d
614637,Thanjavur,Tamilnadu,N,N,d
614638,Thanjavur,Tamil Nadu,N,N,d
614639,Thanjavur,Tamilnadu,N,N,d
614641,Thanjavur,Tamil Nadu,N,N,d
614642,Thanjavur,Tamil Nadu,N,N,d
614644,Thanjavur,Tamil Nadu,N,N,d
614645,Thanjavur,Tamil Nadu,N,N,d
614701,Pattukkottai,Tamil Nadu,Y,Y,d
614702,Thiruthuraipoondi,Tamil Nadu,Y,Y,d
614703,Thiruthuraipoondi,Tamil Nadu,Y,Y,d
614704,Pattukkottai,Tamil Nadu,Y,Y,d
614705,Pattukkottai,Tamil Nadu,Y,Y,d
614706,Thiruthuraipoondi,Tamil Nadu,Y,Y,d
614707,Pushpavanam,Tamil Nadu,Y,Y,d
614708,Thiruthuraipoondi,Tamil Nadu,Y,Y,d
614709,Thanjavur,Tamil Nadu,N,N,d
614710,Thiruthuraipoondi,Tamil Nadu,Y,Y,d
614711,Thiruthuraipoondi,Tamil Nadu,Y,Y,d
614712,Thiruthuraipoondi,Tamil Nadu,Y,Y,d
614713,Thiruthuraipoondi,Tamil Nadu,Y,Y,d
614714,Thiruthuraipoondi,Tamil Nadu,Y,Y,d
614715,Thiruthuraipoondi,Tamil Nadu,Y,Y,d
614716,Thiruthuraipoondi,Tamil Nadu,Y,Y,d
614717,Thiruvarur,Tamil Nadu,Y,Y,d
614719,Thanjavur,Tamil Nadu,N,N,d
614720,Thanjavur,Tamil Nadu,N,N,d
614721,Pattukkottai,Tamil Nadu,Y,Y,d
614722,Pattukottai,Tamilnadu,N,Y,d
614723,Pattukkottai,Tamil Nadu,Y,Y,d
614724,Thanjavur(Tnj),Tamil Nadu,N,Y,d
614725,Thanjavur,Tamil Nadu,N,N,d
614726,Thanjavur,Tamil Nadu,N,N,d
614727,Thanjavur,Tamil Nadu,N,N,d
614728,Cuddalore,Tamil Nadu,N,Y,d
614729,Thanjavur,Tamil Nadu,N,N,d
614730,Thanjavur,Tamil Nadu,N,N,d
614731,Trichy,Tamil Nadu,N,N,d
614732,Thanjavur,Tamil Nadu,N,N,d
614733,Thanjavur,Tamil Nadu,N,N,d
614738,Pattukkottai,Tamil Nadu,Y,Y,d
614801,Pudukkottai,Tamil Nadu,Y,Y,d
614802,Peravurani,Tamil Nadu,Y,Y,d
614803,Peravurani,Tamil Nadu,Y,Y,d
614804,Peravurani,Tamil Nadu,Y,Y,d
614805,Aranthangi,Tamil Nadu,Y,Y,d
614806,Thiruthuraipoondi,Tamil Nadu,Y,Y,d
614807,Pushpavanam,Tamil Nadu,Y,Y,d
614808,Pushpavanam,Tamil Nadu,Y,Y,d
614809,Pushpavanam,Tamil Nadu,Y,Y,d
614810,Pushpavanam,Tamil Nadu,Y,Y,d
614811,Thanjavur,Tamil Nadu,N,N,d
614812,Thanjavur,Tamil Nadu,N,N,d
614813,Thanjavur,Tamil Nadu,N,N,d
614814,Thanjavur,Tamil Nadu,N,N,d
614815,Thanjavur,Tamil Nadu,N,N,d
614816,Thanjavur,Tamil Nadu,N,N,d
614817,Thanjavur,Tamil Nadu,N,N,d
614818,Aranthangi,Tamil Nadu,N,N,d
614820,Pushpavanam,Tamil Nadu,Y,Y,d
614821,Thanjavur,Tamil Nadu,N,N,d
614822,Thanjavur,Tamil Nadu,N,N,d
614901,Pattukkottai,Tamil Nadu,Y,Y,d
614902,Thanjavur,Tamil Nadu,Y,Y,d
614903,Pattukkottai,Tamil Nadu,Y,Y,d
614904,Thanjavur,Tamil Nadu,Y,Y,d
614905,Thiruvarur,Tamil Nadu,Y,Y,d
614906,Pattukkottai,Tamil Nadu,Y,Y,d
614908,Thanjavur,Tamil Nadu,N,N,d
614909,Thanjavur,Tamil Nadu,N,N,d
614910,Thanjavur,Tamil Nadu,N,N,d
614911,Thanjavur,Tamil Nadu,N,N,d
614912,Thanjavur,Tamil Nadu,N,N,d
614913,Thanjavur,Tamil Nadu,N,N,d
614914,Thanjavur,Tamil Nadu,N,N,d
614915,Thanjavur,Tamil Nadu,N,N,d
620001,Tiruchi,Tamil Nadu,Y,Y,d
620002,Tiruchi,Tamil Nadu,Y,Y,d
620003,Tiruchi,Tamil Nadu,Y,Y,d
620004,Tiruchi,Tamil Nadu,Y,Y,d
620005,Tiruchi,Tamil Nadu,Y,Y,d
620006,Tiruchi,Tamil Nadu,Y,Y,d
620007,Tiruchi,Tamil Nadu,Y,Y,d
620008,Tiruchi,Tamil Nadu,Y,Y,d
620009,Tiruchi,Tamil Nadu,Y,Y,d
620010,Tiruchi,Tamil Nadu,Y,Y,d
620011,Tiruchi,Tamil Nadu,Y,Y,d
620012,Tiruchi,Tamil Nadu,Y,Y,d
620013,Tiruchi,Tamil Nadu,Y,Y,d
620014,Tiruchi,Tamil Nadu,Y,Y,d
620015,Tiruchi,Tamil Nadu,Y,Y,d
620016,Tiruchi,Tamil Nadu,Y,Y,d
620017,Tiruchi,Tamil Nadu,Y,Y,d
620018,Tiruchi,Tamil Nadu,Y,Y,d
620019,Tiruchi,Tamil Nadu,Y,Y,d
620020,Tiruchi,Tamil Nadu,Y,Y,d
620021,Tiruchi,Tamil Nadu,Y,Y,d
620022,Tiruchi,Tamil Nadu,Y,Y,d
620023,Tiruchi,Tamil Nadu,Y,Y,d
620024,Tiruchi,Tamil Nadu,Y,Y,d
620025,Tiruchi,Tamil Nadu,Y,Y,d
620026,Tiruchi,Tamil Nadu,Y,Y,d
620027,Tiruchi,Tamil Nadu,Y,Y,d
620051,Trichy,Tamil Nadu,N,N,d
620052,Thiruverumbur,Tamilnadu,N,Y,d
620101,Tiruchi,Tamil Nadu,Y,Y,d
620102,Tiruchi,Tamil Nadu,Y,Y,d
620106,Trichy,Tamil Nadu,N,N,d
620108,Trichy,Tamil Nadu,N,N,d
620110,Trichy,Tamil Nadu,N,N,d
620114,Tiruchirapalli,Tamilnadu,Y,Y,d
620120,Tiruchi,Tamil Nadu,Y,Y,d
620314,Ponnamaravathi,Tamil Nadu,N,N,d
620602,Sivaganga,Tamil Nadu,Y,Y,d
621001,Thuraiyur,Tamil Nadu,Y,Y,d
621002,Thuraiyur,Tamil Nadu,Y,Y,d
621003,Thuraiyur,Tamil Nadu,Y,Y,d
621004,Thuraiyur,Tamil Nadu,Y,Y,d
621005,Tiruchi,Tamil Nadu,Y,Y,d
621006,Musiri,Tamil Nadu,Y,Y,d
621007,Tiruchi,Tamil Nadu,Y,Y,d
621008,Thuraiyur,Tamil Nadu,Y,Y,d
621009,Tiruchi,Tamil Nadu,Y,Y,d
621010,Thuraiyur,Tamil Nadu,Y,Y,d
621011,Thuraiyur,Tamil Nadu,Y,Y,d
621012,Thuraiyur,Tamil Nadu,Y,Y,d
621013,Tiruchirappalli,Tamilnadu,N,N,d
621014,Thuraiyur,Tamil Nadu,Y,Y,d
621015,Thuraiyur,Tamil Nadu,Y,Y,d
621016,Thuraiyur,Tamil Nadu,Y,Y,d
621017,Thuraiyur,Tamil Nadu,N,N,d
621018,Thuraiyur,Tamil Nadu,Y,Y,d
621019,Trichy,Tamilnadu,N,N,d
621020,Trichy,Tamil Nadu,N,N,d
621021,Trichy,Tamil Nadu,N,N,d
621022,Thuraiyur,Tamil Nadu,Y,Y,d
621023,Thuraiyur,Tamil Nadu,N,N,d
621101,Perambalur,Tamil Nadu,Y,Y,d
621102,Perambalur,Tamil Nadu,Y,Y,d
621103,Perambalur,Tamil Nadu,Y,Y,d
621104,Perambalur,Tamil Nadu,Y,Y,d
621105,Tiruchi,Tamil Nadu,Y,Y,d
621106,Perambalur,Tamil Nadu,Y,Y,d
621107,Perambalur,Tamil Nadu,Y,Y,d
621108,Perambalur,Tamil Nadu,Y,Y,d
621109,Perambalur,Tamil Nadu,Y,Y,d
621110,Chinnasalem,Tamil Nadu,Y,Y,d
621111,Tiruchi,Tamil Nadu,Y,Y,d
621112,Tiruchi,Tamil Nadu,Y,Y,d
621113,Perambalur,Tamil Nadu,Y,Y,d
621114,Thuraiyur,Tamil Nadu,Y,Y,d
621115,Perambalur,Tamil Nadu,Y,Y,d
621116,Perambalur,Tamil Nadu,Y,Y,d
621117,Perambalur,Tamil Nadu,Y,Y,d
621118,Perambalur,Tamil Nadu,Y,Y,d
621119,#REF!,#REF!,N,N,d
621120,Perambalur,Tamil Nadu,Y,Y,d
621121,Perambalur,Tamil Nadu,Y,Y,d
621126,Perambalur,Tamil Nadu,Y,Y,d
621127,Rajapalayam,Tamil Nadu,Y,Y,d
621128,Perambalur,Tamil Nadu,N,Y,d
621129,Perambalur,Tamil Nadu,N,Y,d
621132,Tiruchi,Tamil Nadu,Y,Y,d
621133,Perambalur,Tamil Nadu,Y,Y,d
621201,Tiruchi,Tamil Nadu,Y,Y,d
621202,Musiri,Tamil Nadu,Y,Y,d
621203,Musiri,Tamil Nadu,Y,Y,d
621204,Musiri,Tamil Nadu,Y,Y,d
621205,Musiri,Tamil Nadu,Y,Y,d
621206,Thuraiyur,Tamil Nadu,Y,Y,d
621207,Kulithalai,Tamil Nadu,Y,Y,d
621208,Musiri,Tamil Nadu,Y,Y,d
621209,Musiri,Tamil Nadu,Y,Y,d
621210,Thuraiyur,Tamil Nadu,Y,Y,d
621211,Musiri,Tamil Nadu,Y,Y,d
621212,Perambalur,Tamil Nadu,Y,Y,d
621213,Tiruchi,Tamil Nadu,Y,Y,d
621214,Thuraiyur,Tamil Nadu,Y,Y,d
621215,Musiri,Tamil Nadu,Y,Y,d
621216,Tiruchi,Tamil Nadu,Y,Y,d
621217,Kulithalai,Tamil Nadu,Y,Y,d
621218,Tiruchi,Tamil Nadu,Y,Y,d
621219,Perambalur,Tamil Nadu,Y,Y,d
621220,Perambalur,Tamil Nadu,Y,Y,d
621221,Tiruchi,Tamil Nadu,Y,Y,d
621224,Trichy,Tamilnadu,N,N,d
621229,Musiri,Tamilnadu,N,Y,d
621301,Gujiliamparai,Tamil Nadu,Y,Y,d
621302,Manapparai,Tamil Nadu,Y,Y,d
621303,Manapparai,Tamil Nadu,N,Y,d
621304,Manapparai,Tamil Nadu,N,Y,d
621305,Manapparai,Tamil Nadu,Y,Y,d
621306,Manapparai,Tamil Nadu,Y,Y,d
621307,Manapparai,Tamil Nadu,Y,Y,d
621308,Ponnamaravathi,Tamil Nadu,Y,Y,d
621309,Thuraiyur,Tamil Nadu,N,N,d
621310,Manapparai,Tamil Nadu,Y,Y,d
621311,Gujiliamparai,Tamil Nadu,Y,Y,d
621312,Manapparai,Tamil Nadu,Y,Y,d
621313,Manapparai,Tamil Nadu,Y,Y,d
621314,Ponnamaravathi,Tamil Nadu,Y,Y,d
621315,Manapparai,Tamil Nadu,Y,Y,d
621316,Manapparai,Tamil Nadu,Y,Y,d
621317,Trichy,Tamil Nadu,N,N,d
621516,Cumbam,Tamilnadu,N,Y,d
621591,Sankarankoil,Tamilnadu,N,Y,d
621601,Tiruchi,Tamil Nadu,Y,Y,d
621604,Tiruchirappalli,Tamilnadu,N,N,d
621619,Madurai,Tamil Nadu,N,N,d
621620,Tiruchirappalli,Tamilnadu,N,N,d
621651,Thirukkattupalli,Tamil Nadu,Y,Y,d
621652,Thirukkattupalli,Tamil Nadu,Y,Y,d
621653,Ariyalur,Tamil Nadu,Y,Y,d
621701,Ariyalur,Tamil Nadu,Y,Y,d
621702,Thirukkattupalli,Tamil Nadu,Y,Y,d
621703,Tiruchi,Tamil Nadu,Y,Y,d
621704,Ariyalur,Tamil Nadu,Y,Y,d
621705,Ariyalur,Tamil Nadu,Y,Y,d
621706,Thirukkattupalli,Tamil Nadu,Y,Y,d
621707,Ariyalur,Tamil Nadu,Y,Y,d
621708,Perambalur,Tamil Nadu,Y,Y,d
621709,Pennadam,Tamil Nadu,Y,Y,d
621710,Pennadam,Tamil Nadu,Y,Y,d
621711,Thirukkattupalli,Tamil Nadu,Y,Y,d
621712,Tiruchi,Tamil Nadu,Y,Y,d
621713,Ariyalur,Tamil Nadu,Y,Y,d
621714,Ariyalur,Tamil Nadu,Y,Y,d
621715,Ariyalur,Tamil Nadu,Y,Y,d
621716,Pennadam,Tamil Nadu,Y,Y,d
621717,Perambalur,Tamil Nadu,Y,Y,d
621718,Ariyalur,Tamil Nadu,Y,Y,d
621719,Pennadam,Tamil Nadu,Y,Y,d
621722,Thirukkattupalli,Tamil Nadu,Y,Y,d
621729,Ariyalur,Tamil Nadu,Y,Y,d
621730,Pennadam,Tamil Nadu,Y,Y,d
621731,Ariyalur,Tamil Nadu,Y,Y,d
621801,Jayankondam,Tamil Nadu,Y,Y,d
621802,Jayankondam,Tamil Nadu,Y,Y,d
621803,Jayankondam,Tamil Nadu,Y,Y,d
621804,Jayankondam,Tamil Nadu,Y,Y,d
621805,Jayankondam,Tamil Nadu,Y,Y,d
621806,Jayankondam,Tamil Nadu,Y,Y,d
621807,Pennadam,Tamilnadu,N,N,d
621851,Thirukkattupalli,Tamil Nadu,Y,Y,d
621902,Pennadam,Tamilnadu,N,N,d
621904,Pennadam,Tamilnadu,N,N,d
622001,Pudukkottai,Tamil Nadu,Y,Y,d
622002,Ponnamaravathi,Tamil Nadu,Y,Y,d
622003,Pudukkottai,Tamil Nadu,Y,Y,d
622004,Pudukkottai,Tamil Nadu,Y,Y,d
622005,Pudukkottai,Tamil Nadu,Y,Y,d
622009,Pudukkottai,Tamil Nadu,N,N,d
622018,Trichy,Tamil Nadu,N,N,d
622019,Trichy,Tamil Nadu,N,N,d
622020,Trichy,Tamil Nadu,N,N,d
622052,Pudukkottai,Tamil Nadu,N,N,d
622053,Aranthangi,Tamil Nadu,N,N,d
622054,Pudukkottai,Tamilnadu,N,Y,d
622055,Pudukkottai,Tamil Nadu,N,N,d
622056,Pudukkottai,Tamil Nadu,N,N,d
622101,Pudukkottai,Tamil Nadu,Y,Y,d
622102,Manapparai,Tamil Nadu,Y,Y,d
622103,Pudukkottai,Tamil Nadu,Y,Y,d
622104,Pudukkottai,Tamil Nadu,Y,Y,d
622105,Thanjavur,Tamil Nadu,Y,Y,d
622106,Pudukkottai,Tamil Nadu,N,N,d
622107,Pudukkottai,Tamil Nadu,N,N,d
622108,Pudukkottai,Tamil Nadu,N,N,d
622201,Pudukkottai,Tamil Nadu,Y,Y,d
622202,Pudukkottai,Tamil Nadu,Y,Y,d
622203,Pudukkottai,Tamil Nadu,Y,Y,d
622204,Pudukkottai,Tamil Nadu,Y,Y,d
622205,Pudukkottai,Tamil Nadu,N,N,d
622206,Trichy,Tamil Nadu,N,N,d
622207,Pudukkottai,Tamil Nadu,Y,Y,d
622208,Pudukkottai,Tamil Nadu,N,N,d
622209,Pudukkottai,Tamil Nadu,Y,Y,d
622210,Pudukkottai,Tamil Nadu,N,N,d
622211,Aranthangi Tn,Tamil Nadu,N,Y,d
622212,Aranthangi Tn,Tamil Nadu,N,Y,d
622213,Aranthangi Tn,Tamil Nadu,N,Y,d
622301,Karambakkudi,Tamil Nadu,Y,Y,d
622302,Peravurani,Tamil Nadu,Y,Y,d
622303,Pudukkottai,Tamil Nadu,Y,Y,d
622304,Peravurani,Tamil Nadu,Y,Y,d
622305,Pudukkottai,Tamil Nadu,Y,Y,d
622306,Peravurani,Tamil Nadu,Y,Y,d
622307,Pallapatti,Tamil Nadu,N,N,d
622309,Pudukkottai,Tamil Nadu,N,N,d
622310,Aranthangi Tn,Tamil Nadu,N,Y,d
622311,Aranthangi Tn,Tamil Nadu,N,Y,d
622312,Aranthangi,Tamil Nadu,N,N,d
622313,Pallapatti,Tamil Nadu,N,N,d
622314,Pudukkottai,Tamil Nadu,N,N,d
622315,Pudukkottai,Tamil Nadu,Y,Y,d
622316,Aranthangi Tn,Tamil Nadu,N,Y,d
622317,Aranthangi,Tamil Nadu,N,N,d
622401,Ponnamaravathi,Tamil Nadu,Y,Y,d
622402,Ponnamaravathi,Tamil Nadu,Y,Y,d
622403,Ponnamaravathi,Tamil Nadu,Y,Y,d
622404,Pudukkottai,Tamil Nadu,Y,Y,d
622405,Padukottai,Tamil Nadu,N,N,d
622406,Ponnamaravathi,Tamil Nadu,Y,Y,d
622407,Ponnamaravathi,Tamil Nadu,Y,Y,d
622408,Ponnamaravathi,Tamil Nadu,Y,Y,d
622409,Ponnamaravathi,Tamil Nadu,Y,Y,d
622410,Pudukkottai,Tamil Nadu,N,N,d
622411,Ponnamaravathi,Tamil Nadu,Y,Y,d
622412,Pudukkottai,Tamil Nadu,Y,Y,d
622413,Pudukkottai,Tamil Nadu,N,N,d
622414,Pudukkottai,Tamil Nadu,N,N,d
622415,Pudukkottai,Tamil Nadu,N,N,d
622416,Pudukkottai,Tamil Nadu,N,N,d
622417,Pudukkottai,Tamil Nadu,N,N,d
622419,Pudukkottai,Tamil Nadu,N,N,d
622420,Pudukkottai,Tamil Nadu,N,N,d
622421,Pudukkottai,Tamil Nadu,N,N,d
622422,Pudukkottai,Tamil Nadu,Y,Y,d
622501,Pudukkottai,Tamil Nadu,Y,Y,d
622502,Pudukkottai,Tamil Nadu,Y,Y,d
622503,Tirupattur,Tamil Nadu,Y,Y,d
622504,Pudukkottai,Tamil Nadu,Y,Y,d
622505,Pudukkottai,Tamil Nadu,Y,Y,d
622506,Pudukkottai,Tamil Nadu,Y,Y,d
622507,Pudukkottai,Tamil Nadu,Y,Y,d
622508,Trichy,Tamil Nadu,N,N,d
622509,Pudukkottai,Tamil Nadu,N,N,d
622510,Trichy,Tamil Nadu,N,N,d
622511,Pudukkottai,Tamil Nadu,N,N,d
622512,Pudukkottai,Tamil Nadu,N,N,d
622513,Trichy,Tamil Nadu,N,N,d
622514,Pudukkottai,Tamil Nadu,N,N,d
622515,Tiruchi,Tamil Nadu,Y,Y,d
622518,Cumbum,Tamilnadu,N,N,d
622522,Tirunelveli,Tamilnadu,N,N,d
623001,Karaikudi,Tamil Nadu,Y,Y,d
623002,Vellore,Tamil Nadu,Y,Y,d
623003,Karaikudi,Tamil Nadu,Y,Y,d
623004,Karaikudi,Tamil Nadu,Y,Y,d
623005,Karaikudi,Tamil Nadu,Y,Y,d
623006,Karaikudi,Tamil Nadu,Y,Y,d
623101,Karaikudi,Tamil Nadu,Y,Y,d
623102,Karaikudi,Tamil Nadu,Y,Y,d
623103,Karaikudi,Tamil Nadu,Y,Y,d
623104,Karaikudi,Tamil Nadu,Y,Y,d
623105,Karaikudi,Tamil Nadu,Y,Y,d
623106,Kadpadi,Tamil Nadu,Y,Y,d
623107,Karaikudi,Tamil Nadu,Y,Y,d
623108,Karaikudi,Tamil Nadu,Y,Y,d
623109,Karaikudi,Tamil Nadu,N,Y,d
623110,Karaikudi,Tamil Nadu,Y,Y,d
623111,Karaikudi,Tamil Nadu,N,Y,d
623115,Perunali,Tamil Nadu,Y,Y,d
623120,Perunali,Tamil Nadu,Y,Y,d
623135,Perunali,Tamil Nadu,Y,Y,d
623201,Karaikudi,Tamil Nadu,N,Y,d
623202,Karaikudi,Tamil Nadu,Y,Y,d
623203,Karaikudi,Tamil Nadu,Y,Y,d
623204,Karaikudi,Tamil Nadu,Y,Y,d
623205,Karaikudi,Tamil Nadu,N,Y,d
623206,Karaikudi,Tamil Nadu,Y,Y,d
623207,Karaikudi,Tamil Nadu,N,Y,d
623208,Karaikudi,Tamil Nadu,N,Y,d
623209,Karaikudi,Tamil Nadu,N,Y,d
623210,Karaikudi,Tamil Nadu,N,Y,d
623211,Karaikudi,Tamil Nadu,N,Y,d
623212,Karaikudi,Tamil Nadu,N,Y,d
623213,Sivagangai,Tamil Nadu,N,N,d
623214,Karaikudi,Tamil Nadu,N,Y,d
623215,Karaikudi,Tamil Nadu,N,Y,d
623216,Karaikudi,Tamil Nadu,N,Y,d
623217,Karaikudi,Tamil Nadu,N,Y,d
623301,Karaikudi,Tamil Nadu,N,N,d
623302,Devakottai,Tamil Nadu,N,N,d
623303,Devakottai,Tamil Nadu,N,N,d
623304,Uthangarai,Tamil Nadu,N,Y,d
623305,Karaikudi,Tamil Nadu,N,Y,d
623306,Karaikudi,Tamil Nadu,N,N,d
623307,Uthangarai,Tamil Nadu,N,Y,d
623308,Thiruvadanai,Tamil Nadu,Y,Y,d
623309,Thiruvadanai,Tamil Nadu,Y,Y,d
623311,Karaikudi,Tamil Nadu,N,N,d
623312,Devakottai,Tamil Nadu,N,Y,d
623313,Devakottai,Tamil Nadu,N,N,d
623314,Karaikudi,Tamil Nadu,N,Y,d
623315,Thiruvadanai,Tamil Nadu,Y,Y,d
623317,Devakottai,Tamil Nadu,N,Y,d
623318,Cuddalore,Tamil Nadu,N,Y,d
623319,Uthangarai,Tamil Nadu,N,Y,d
623320,Uthangarai,Tamil Nadu,N,Y,d
623321,Karaikudi,Tamil Nadu,N,N,d
623401,Thiruvadanai,Tamil Nadu,Y,Y,d
623402,Thiruvadanai,Tamil Nadu,Y,Y,d
623403,Thiruvadanai,Tamil Nadu,Y,Y,d
623404,Thiruvadanai,Tamil Nadu,Y,Y,d
623405,Thiruvadanai,Tamil Nadu,N,N,d
623406,Thiruvadanai,Tamil Nadu,Y,Y,d
623407,Thiruvadanai,Tamil Nadu,Y,Y,d
623408,Thiruvadanai,Tamil Nadu,N,N,d
623409,Thiruvadanai,Tamil Nadu,Y,Y,d
623501,Ramanathapuram,Tamil Nadu,Y,Y,d
623502,Ramanathapuram,Tamil Nadu,Y,Y,d
623503,Ramanathapuram,Tamil Nadu,Y,Y,d
623504,Ramanathapuram,Tamil Nadu,Y,Y,d
623505,Ramanathapuram,Tamil Nadu,N,N,d
623512,Ramanathapuram,Tamil Nadu,Y,Y,d
623513,Ramanathapuram,Tamil Nadu,Y,Y,d
623514,Ramanathapuram,Tamil Nadu,Y,Y,d
623515,Ramanathapuram,Tamil Nadu,Y,Y,d
623516,Rameswaram,Tamil Nadu,Y,Y,d
623517,Ramanathapuram,Tamil Nadu,Y,Y,d
623518,Rameswaram,Tamil Nadu,Y,Y,d
623519,Rameswaram,Tamil Nadu,Y,Y,d
623520,Rameswaram,Tamil Nadu,Y,Y,d
623521,Rameswaram,Tamil Nadu,Y,Y,d
623522,Ramanathapuram,Tamil Nadu,Y,Y,d
623523,Ramanathapuram,Tamil Nadu,Y,Y,d
623524,Rameswaram,Tamil Nadu,Y,Y,d
623525,Thiruvadanai,Tamil Nadu,Y,Y,d
623526,Rameswaram,Tamil Nadu,Y,Y,d
623527,Ramanathapuram,Tamil Nadu,Y,Y,d
623528,Muthukulathur,Tamil Nadu,Y,Y,d
623529,Rameswaram,Tamil Nadu,Y,Y,d
623530,Ramanathapuram,Tamil Nadu,Y,Y,d
623531,Ramanathapuram,Tamil Nadu,Y,Y,d
623532,Ramanathapuram,Tamil Nadu,Y,Y,d
623533,Ramanathapuram,Tamil Nadu,Y,Y,d
623534,Rameswaram,Tamil Nadu,Y,Y,d
623535,Thiruvadanai,Tamil Nadu,Y,Y,d
623536,Ramanathapuram,Tamil Nadu,Y,Y,d
623537,Ramanathapuram,Tamil Nadu,Y,Y,d
623538,Thiruvadanai,Tamil Nadu,Y,Y,d
623539,Rameswaram,Tamil Nadu,Y,Y,d
623543,Ramanathapuram,Tamil Nadu,N,Y,d
623544,Rameswaram,Tamil Nadu,Y,Y,d
623545,Ramanathapuram,Tamil Nadu,N,Y,d
623546,Ramanathapuram,Tamil Nadu,N,Y,d
623549,Ramanathapuram,Tamilnadu,N,N,d
623551,Sivagangai,Tamil Nadu,N,N,d
623552,Kalaiyarkovil,Tamil Nadu,N,N,d
623553,Kalaiyarkovil,Tamil Nadu,N,N,d
623554,Ramnad,Tamil Nadu,N,N,d
623555,Trichy,Tamil Nadu,N,N,d
623556,Kalaiyarkovil,Tamil Nadu,N,N,d
623558,Shivagangai,Tamil Nadu,N,N,d
623559,Uthangarai,Tamil Nadu,N,Y,d
623560,Sivagangai,Tamil Nadu,N,N,d
623561,Sivagangai,Tamil Nadu,N,N,d
623562,Ramanathapuram,Tamil Nadu,N,Y,d
623565,Tirunelveli,Tamil Nadu,Y,Y,d
623566,Ramanathapuram,Tamil Nadu,Y,Y,d
623569,Ramanathapuram,Tamilnadu,N,N,d
623597,Ramanathapuram,Tamilnadu,N,N,d
623601,Muthukulathur,Tamil Nadu,Y,Y,d
623602,Mana Madurai,Tamil Nadu,N,N,d
623603,Perunali,Tamil Nadu,Y,Y,d
623604,Perunali,Tamil Nadu,Y,Y,d
623605,Perunali,Tamil Nadu,Y,Y,d
623606,Sivagangai,Tamil Nadu,N,N,d
623607,Mana Madurai,Tamil Nadu,N,N,d
623608,Manamadurai,Tamil Nadu,Y,Y,d
623609,Mana Madurai,Tamil Nadu,N,N,d
623611,Ramanathapuram,Tamil Nadu,N,Y,d
623612,Muthukulathur,Tamil Nadu,Y,Y,d
623613,Sivagangai,Tamil Nadu,N,N,d
623617,Ramnad,Tamil Nadu,N,N,d
623701,Paramakudi,Tamil Nadu,Y,Y,d
623702,PARAMUKUDAI,Tamil Nadu,N,N,d
623703,Muthukulathur,Tamil Nadu,Y,Y,d
623704,Muthukulathur,Tamil Nadu,Y,Y,d
623705,Paramakudi,Tamil Nadu,Y,Y,d
623706,Paramakudi,Tamil Nadu,Y,Y,d
623707,Paramakudi,Tamil Nadu,Y,Y,d
623708,Muthukulathur,Tamil Nadu,Y,Y,d
623709,Ramanathapuram,Tamil Nadu,N,Y,d
623710,Ramanathapuram,Tamil Nadu,N,Y,d
623711,Muthukulathur,Tamil Nadu,Y,Y,d
623712,Muthukulathur,Tamil Nadu,Y,Y,d
623713,Thiruvadanai,Tamil Nadu,Y,Y,d
623716,Ramanathapuram,Tamil Nadu,N,Y,d
623718,Ramanathapuram,Tamil Nadu,N,Y,d
623719,Paramakudi,Tamil Nadu,Y,Y,d
623721,Ramanathapuram,Tamil Nadu,N,Y,d
623726,Vilathikulam,Tamilnadu,N,N,d
623733,Vilathikulam,Tamilnadu,N,N,d
623801,Ramanathapuram,Tamil Nadu,N,Y,d
623802,Ramanathapuram,Tamil Nadu,Y,Y,d
623804,Rameswaram,Tamil Nadu,Y,Y,d
623806,Ramanathapuram,Tamil Nadu,Y,Y,d
623807,Ramanathapuram,Tamil Nadu,Y,Y,d
623808,Ramanathapuram,Tamilnadu,N,Y,d
624001,Dindigul,Tamil Nadu,Y,Y,d
624002,Dindigul,Tamil Nadu,Y,Y,d
624003,Dindigul,Tamil Nadu,Y,Y,d
624004,Dindigul,Tamil Nadu,Y,Y,d
624005,Dindigul,Tamil Nadu,Y,Y,d
624006,Dindigul,Tamil Nadu,Y,Y,d
624007,Dindigul,Tamil Nadu,Y,Y,d
624008,Dindigul,Tamil Nadu,Y,Y,d
624009,Dindigul,Tamil Nadu,Y,Y,d
624010,Dindigul,Tamil Nadu,N,Y,d
624051,Dindigul,Tamil Nadu,N,Y,d
624052,Dindigul,Tamil Nadu,N,Y,d
624053,Dindigul,Tamil Nadu,N,Y,d
624054,Dindigul,Tamil Nadu,Y,Y,d
624101,Kodaikanal,Tamil Nadu,Y,Y,d
624102,Kodaikanal,Tamil Nadu,Y,Y,d
624103,Kodaikanal,Tamil Nadu,Y,Y,d
624104,Kodaikanal,Tamil Nadu,Y,Y,d
624105,Kodaikanal,Tamil Nadu,N,N,d
624106,Kodaikanal,Tamil Nadu,N,Y,d
624107,Kodaikanal,Tamil Nadu,Y,Y,d
624108,Kodaikanal,Tamil Nadu,Y,Y,d
624126,Udumalpet,Tamil Nadu,N,N,d
624128,Udumalpet,Tamil Nadu,N,N,d
624154,Udumalpet,Tamil Nadu,N,N,d
624201,Vadipatti,Tamil Nadu,Y,Y,d
624202,Dindigul,Tamil Nadu,Y,Y,d
624203,Ayyampalyam,Tamil Nadu,Y,Y,d
624204,Dindigul,Tamil Nadu,Y,Y,d
624205,Madurai,Tamil Nadu,Y,Y,d
624206,Dindigul,Tamil Nadu,Y,Y,d
624207,Madurai,Tamil Nadu,Y,Y,d
624208,Dindigul,Tamil Nadu,Y,Y,d
624209,Dindigul,Tamil Nadu,Y,Y,d
624210,Kodaikanal,Tamil Nadu,Y,Y,d
624211,Dindigul,Tamil Nadu,Y,Y,d
624212,Vedasanthur,Tamil Nadu,Y,Y,d
624213,Vadipatti,Tamil Nadu,Y,Y,d
624214,Dindigul,Tamil Nadu,N,Y,d
624215,Vadipatti,Tamil Nadu,Y,Y,d
624216,Vedasanthur,Tamil Nadu,N,Y,d
624217,Dindigul,Tamil Nadu,N,Y,d
624218,Vadipatti,Tamil Nadu,Y,Y,d
624219,Dindigul,Tamil Nadu,Y,Y,d
624220,Dindigul,Tamil Nadu,Y,Y,d
624221,Dindigul,Tamil Nadu,N,Y,d
624222,Dindigul,Tamil Nadu,N,Y,d
624223,Dindigul,Tamil Nadu,N,Y,d
624224,Dindigul,Tamilnadu,N,Y,d
624225,Theni,Tamil Nadu,N,Y,d
624227,Dindigul,Tamil Nadu,N,Y,d
624228,Dindigul,Tamil Nadu,N,Y,d
624230,Dindigul,Tamil Nadu,N,Y,d
624231,Dindigul,Tamil Nadu,N,Y,d
624232,Dindigul,Tamil Nadu,N,Y,d
624233,Nilakottai,Tamil Nadu,N,N,d
624234,Dindigul,Tamil Nadu,N,Y,d
624235,Dindigul,Tamil Nadu,N,Y,d
624301,Dindigul,Tamil Nadu,Y,Y,d
624302,Dindigul,Tamil Nadu,Y,Y,d
624303,Dindigul,Tamil Nadu,Y,Y,d
624304,Dindigul,Tamil Nadu,Y,Y,d
624305,Dindigul,Tamil Nadu,Y,Y,d
624306,Dindigul,Tamil Nadu,Y,Y,d
624307,Dindigul,Tamil Nadu,Y,Y,d
624308,Dindigul,Tamil Nadu,Y,Y,d
624309,Dindigul,Tamil Nadu,Y,Y,d
624310,Dindigul,Tamil Nadu,N,Y,d
624311,Dindigul,Tamil Nadu,N,Y,d
624312,Dindigul,Tamil Nadu,Y,Y,d
624314,Dindigul,Tamil Nadu,Y,Y,d
624315,Dindigul,Tamil Nadu,N,Y,d
624316,Dindigul,Tamil Nadu,Y,Y,d
624317,Dindigul,Tamil Nadu,N,Y,d
624318,Dindigul,Tamil Nadu,N,Y,d
624401,Natham,Tamil Nadu,Y,Y,d
624402,Melur,Tamil Nadu,Y,Y,d
624403,Natham,Tamil Nadu,N,Y,d
624404,Dindigul,Tamil Nadu,N,Y,d
624405,Natham,Tamil Nadu,N,Y,d
624406,Natham,Tamil Nadu,N,Y,d
624414,Madurai,Tamil Nadu,N,Y,d
624501,Dindigul,Tamil Nadu,N,Y,d
624502,Gopichettipalyam,Tamil Nadu,N,Y,d
624503,Gopichettipalyam,Tamil Nadu,N,Y,d
624504,Gopichettipalyam,Tamil Nadu,N,Y,d
624505,Gopichettipalyam,Tamil Nadu,N,Y,d
624506,Melur,Tamil Nadu,N,N,d
624507,Dindigul,Tamil Nadu,N,Y,d
624513,Madurai,Tamil Nadu,N,N,d
624514,Palani,Tamilnadu,N,N,d
624515,Palani,Tamilnadu,N,N,d
624553,Theni,Tamilnadu,N,N,d
624601,Palani,Tamil Nadu,Y,Y,d
624602,Palani,Tamil Nadu,N,N,d
624610,Palani,Tamil Nadu,Y,Y,d
624611,Palani,Tamil Nadu,Y,Y,d
624612,Oddanchatram,Tamil Nadu,Y,Y,d
624613,Palani,Tamil Nadu,Y,Y,d
624614,Oddanchatram,Tamil Nadu,Y,Y,d
624615,Palani,Tamil Nadu,Y,Y,d
624616,Oddanchatram,Tamil Nadu,Y,Y,d
624617,Palani,Tamil Nadu,Y,Y,d
624618,Palani,Tamil Nadu,Y,Y,d
624619,Oddanchatram,Tamil Nadu,Y,Y,d
624620,Gujiliamparai,Tamil Nadu,Y,Y,d
624621,Palani,Tamil Nadu,Y,Y,d
624622,Oddanchatram,Tamil Nadu,Y,Y,d
624623,Dindigul,Tamil Nadu,N,Y,d
624624,Oddanchatram,Tamil Nadu,Y,Y,d
624625,Dindigul,Tamil Nadu,N,Y,d
624626,Palani,Tamil Nadu,N,N,d
624627,Dindigul,Tamil Nadu,N,Y,d
624628,Dindigul,Tamil Nadu,N,Y,d
624701,Dindigul,Tamil Nadu,Y,Y,d
624702,Dindigul,Tamil Nadu,Y,Y,d
624703,Gujiliamparai,Tamil Nadu,Y,Y,d
624704,Oddanchatram,Tamil Nadu,Y,Y,d
624705,Dindigul,Tamil Nadu,Y,Y,d
624706,Gujiliamparai,Tamil Nadu,Y,Y,d
624707,Dindigul,Tamil Nadu,Y,Y,d
624708,Dindigul,Tamil Nadu,Y,Y,d
624709,Dindigul,Tamil Nadu,Y,Y,d
624710,Oddanchatram,Tamil Nadu,Y,Y,d
624711,Oddanchatram,Tamil Nadu,Y,Y,d
624712,Oddanchatram,Tamil Nadu,Y,Y,d
624714,Dindigul,Tamil Nadu,Y,Y,d
624715,Vedasanthur,Tamil Nadu,N,Y,d
624716,Vedasanthur,Tamil Nadu,N,Y,d
624771,Balakrishnapuram,Tamilnadu,N,Y,d
624801,Dindigul,Tamil Nadu,Y,Y,d
624802,Dindigul,Tamil Nadu,Y,Y,d
624803,Dindigul,Tamil Nadu,Y,Y,d
624804,Dindigul,Tamil Nadu,Y,Y,d
624881,Dindigul,Tamilnadu,N,Y,d
624885,Theni,Tamilnadu,N,Y,d
624890,Bodinayakkanur,Tamilnadu,N,Y,d
625000,Madurai,Tamil Nadu,N,Y,d
625001,Madurai,Tamil Nadu,Y,Y,d
625002,Madurai,Tamil Nadu,Y,Y,d
625003,Madurai,Tamil Nadu,Y,Y,d
625004,Madurai,Tamil Nadu,Y,Y,d
625005,Madurai,Tamil Nadu,Y,Y,d
625006,Madurai,Tamil Nadu,Y,Y,d
625007,Madurai,Tamil Nadu,Y,Y,d
625008,Madurai,Tamil Nadu,Y,Y,d
625009,Madurai,Tamil Nadu,Y,Y,d
625010,Madurai,Tamil Nadu,Y,Y,d
625011,Madurai,Tamil Nadu,Y,Y,d
625012,Madurai,Tamil Nadu,Y,Y,d
625013,Madurai,Tamil Nadu,Y,Y,d
625014,Madurai,Tamil Nadu,Y,Y,d
625015,Madurai,Tamil Nadu,Y,Y,d
625016,Madurai,Tamil Nadu,Y,Y,d
625017,Madurai,Tamil Nadu,Y,Y,d
625018,Madurai,Tamil Nadu,Y,Y,d
625019,Madurai,Tamil Nadu,Y,Y,d
625020,Madurai,Tamil Nadu,Y,Y,d
625021,Madurai,Tamil Nadu,Y,Y,d
625022,Madurai,Tamil Nadu,Y,Y,d
625023,Madurai,Tamil Nadu,Y,Y,d
625051,Madurai,Tamil Nadu,N,Y,d
625052,Madurai,Tamil Nadu,Y,Y,d
625091,Athipati,Tamil Nadu,N,Y,d
625101,Melur,Tamil Nadu,Y,Y,d
625102,Melur,Tamil Nadu,Y,Y,d
625103,Ponnamaravathi,Tamil Nadu,Y,Y,d
625104,Madurai,Tamil Nadu,Y,Y,d
625105,Melur,Tamil Nadu,Y,Y,d
625106,Melur,Tamil Nadu,Y,Y,d
625107,Madurai,Tamil Nadu,Y,Y,d
625108,Melur,Tamil Nadu,Y,Y,d
625109,Melur,Tamil Nadu,Y,Y,d
625110,Melur,Tamil Nadu,Y,Y,d
625111,Madurai,Tamil Nadu,Y,Y,d
625112,Madurai,Tamil Nadu,N,N,d
625113,Madurai,Tamil Nadu,N,N,d
625114,Melur,Tamil Nadu,Y,Y,d
625115,Madurai,Tamil Nadu,Y,Y,d
625116,Madurai,Tamil Nadu,N,N,d
625117,Madurai,Tamil Nadu,Y,Y,d
625118,Madurai,Tamil Nadu,N,N,d
625119,Cochin,Kerala,N,Y,d
625120,Cochin,Kerala,N,Y,d
625121,Melur,Tamil Nadu,N,N,d
625122,Melur,Tamil Nadu,Y,Y,d
625123,Madurai,Tamil Nadu,Y,Y,d
625124,Melur,Tamil Nadu,N,N,d
625125,Maharajapuram,Tamil Nadu,Y,Y,d
625126,Madurai,Tamil Nadu,N,N,d
625127,Melur,Tamil Nadu,N,N,d
625129,Madurai,Tamil Nadu,N,N,d
625151,Thirunchendur,Tamilnadu,N,N,d
625152,Marthandam,Tamilnadu,N,N,d
625160,Madurai,Tamil Nadu,N,N,d
625201,Madurai,Tamil Nadu,Y,Y,d
625203,Dindigul,Tamil Nadu,Y,Y,d
625205,Vadipatti,Tamil Nadu,Y,Y,d
625207,Usilampatti,Tamil Nadu,Y,Y,d
625209,Samayanallur,Tamilnadu,N,Y,d
625214,Vadipatti,Tamil Nadu,Y,Y,d
625217,Madurai,Tamil Nadu,Y,Y,d
625218,Vadipatti,Tamil Nadu,Y,Y,d
625220,Madurai,Tamil Nadu,N,N,d
625221,Madurai,Tamil Nadu,Y,Y,d
625234,Madurai,Tamil Nadu,Y,Y,d
625301,Melur,Tamil Nadu,Y,Y,d
625302,Cochin,Kerala,N,Y,d
625303,Madurai,Tamil Nadu,N,N,d
625304,Melur,Tamil Nadu,N,N,d
625305,Madurai,Tamil Nadu,Y,Y,d
625307,Madurai,Tamil Nadu,N,N,d
625353,Thirumangalam,Tamilnadu,N,N,d
625401,Madurai,Tamilnadu,Y,Y,d
625402,Madurai,Tamil Nadu,Y,Y,d
625403,Madurai,Tamil Nadu,N,N,d
625404,Madurai,Tamil Nadu,Y,Y,d
625418,Madurai,Tamil Nadu,N,N,d
625501,Madurai,Tamil Nadu,Y,Y,d
625502,Madurai,Tamil Nadu,Y,Y,d
625503,Vadipatti,Tamil Nadu,Y,Y,d
625504,Ramanathapuram,Tamil Nadu,N,N,d
625506,Thirumangalam,Tamilnadu,N,N,d
625512,Theni,Tamil Nadu,Y,Y,d
625513,Theni,Tamil Nadu,Y,Y,d
625514,Usilampatti,Tamil Nadu,Y,Y,d
625515,Cumbum,Tamil Nadu,Y,Y,d
625516,Cumbum,Tamil Nadu,Y,Y,d
625517,Theni,Tamil Nadu,Y,Y,d
625518,Cumbum,Tamil Nadu,Y,Y,d
625519,Cumbum,Tamil Nadu,N,Y,d
625520,Theni,Tamil Nadu,Y,Y,d
625521,Cumbum,Tamil Nadu,Y,Y,d
625522,Cumbum,Tamil Nadu,Y,Y,d
625523,Theni,Tamil Nadu,Y,Y,d
625524,Cumbum,Tamil Nadu,Y,Y,d
625525,Cumbum,Tamil Nadu,Y,Y,d
625526,Cumbum,Tamil Nadu,Y,Y,d
625527,Usilampatti,Tamil Nadu,Y,Y,d
625528,Theni,Tamil Nadu,Y,Y,d
625529,Usilampatti,Tamil Nadu,Y,Y,d
625530,Cumbum,Tamil Nadu,Y,Y,d
625531,Theni,Tamil Nadu,Y,Y,d
625532,Usilampatti,Tamil Nadu,Y,Y,d
625533,Cumbum,Tamil Nadu,Y,Y,d
625534,Theni,Tamil Nadu,Y,Y,d
625535,Usilampatti,Tamil Nadu,Y,Y,d
625536,Theni,Tamil Nadu,Y,Y,d
625537,Usilampatti,Tamil Nadu,Y,Y,d
625538,Cumbum,Tamil Nadu,Y,Y,d
625539,Theni,Tamil Nadu,N,N,d
625540,Cumbum,Tamil Nadu,Y,Y,d
625541,Theni,Tamil Nadu,N,N,d
625547,Theni,Tamil Nadu,Y,Y,d
625552,Cumbam,Tamilnadu,N,Y,d
625555,Cumbum - Tn,Tamil Nadu,N,N,d
625556,Cumbum,Tamil Nadu,Y,Y,d
625562,Theni,Tamil Nadu,Y,Y,d
625565,Usilampatti,Tamil Nadu,N,N,d
625566,Usilampatti,Tamil Nadu,Y,Y,d
625571,Theni,Tamil Nadu,N,N,d
625572,Theni,Tamil Nadu,Y,Y,d
625577,Theni,Tamil Nadu,N,N,d
625579,Dindigul,Tamil Nadu,N,N,d
625582,Bodinayakanur,Tamil Nadu,Y,Y,d
625589,Tirumangalam,Tamilnadu,N,Y,d
625601,Theni,Tamil Nadu,Y,Y,d
625602,Dindigul,Tamil Nadu,Y,Y,d
625603,Theni,Tamil Nadu,Y,Y,d
625604,Theni,Tamil Nadu,Y,Y,d
625605,Theni,Tamil Nadu,Y,Y,d
625607,Madurai,Tamilnadu,N,N,d
625620,Periyakulam,Tamil Nadu,N,N,d
625621,Cumbam,Tamilnadu,N,Y,d
625701,Virudhunagar,Tamil Nadu,Y,Y,d
625702,Madurai,Tamil Nadu,Y,Y,d
625703,Maharajapuram,Tamil Nadu,Y,Y,d
625704,Madurai,Tamil Nadu,Y,Y,d
625705,ATHIPATI,Tamil Nadu,N,Y,d
625706,Madurai,Tamil Nadu,Y,Y,d
625707,Virudhunagar,Tamil Nadu,Y,Y,d
625708,Madurai,Tamil Nadu,Y,Y,d
625709,Tirumangalam,Tamil Nadu,N,N,d
625715,Vedasanthur,Tamil Nadu,N,Y,d
625716,Vedasanthur,Tamil Nadu,N,Y,d
625905,Madurai,Tamil Nadu,N,N,d
626001,Virudhunagar,Tamil Nadu,Y,Y,d
626002,Virudhunagar,Tamil Nadu,Y,Y,d
626003,Virudhunagar,Tamil Nadu,Y,Y,d
626004,Aruppukkottai,Tamil Nadu,Y,Y,d
626005,Sivakasi,Tamil Nadu,Y,Y,d
626008,Virudhunagar,Tamil Nadu,Y,Y,d
626051,Virudhunagar,Tamil Nadu,N,Y,d
626052,Virudhunagar,Tamil Nadu,N,Y,d
626053,Virudhunagar,Tamil Nadu,Y,Y,d
626054,Virudhunagar,Tamil Nadu,N,Y,d
626055,Virudhunagar,Tamil Nadu,N,Y,d
626056,Virudhunagar,Tamil Nadu,N,Y,d
626057,Virudunagar,Tamil Nadu,N,N,d
626058,Virudhunagar,Tamil Nadu,N,Y,d
626059,Virudhunagar,Tamil Nadu,N,Y,d
626100,Rajapalayam,Tamilnadu,N,Y,d
626101,Aruppukkottai,Tamil Nadu,Y,Y,d
626102,Rajapalayam,Tamil Nadu,Y,Y,d
626103,Maharajapuram,Tamil Nadu,Y,Y,d
626104,Virudhunagar,Tamil Nadu,Y,Y,d
626105,Aruppukkottai,Tamil Nadu,Y,Y,d
626106,Aruppukkottai,Tamil Nadu,Y,Y,d
626107,Aruppukkottai,Tamil Nadu,Y,Y,d
626108,Rajapalayam,Tamil Nadu,Y,Y,d
626109,Virudhunagar,Tamil Nadu,Y,Y,d
626110,Rajapalayam,Tamil Nadu,Y,Y,d
626111,Rajapalayam,Tamil Nadu,Y,Y,d
626112,Aruppukkottai,Tamil Nadu,Y,Y,d
626113,Aruppukkottai,Tamil Nadu,Y,Y,d
626114,Perunali,Tamil Nadu,Y,Y,d
626115,Aruppukkottai,Tamil Nadu,Y,Y,d
626116,Maharajapuram,Tamil Nadu,Y,Y,d
626117,Rajapalayam,Tamil Nadu,Y,Y,d
626118,Aruppukkottai,Tamil Nadu,Y,Y,d
626119,Sivakasi,Tamil Nadu,Y,Y,d
626120,Mudhukulathar,Tamil Nadu,N,N,d
626121,Rajapalayam,Tamil Nadu,Y,Y,d
626122,Rajapalayam,Tamil Nadu,Y,Y,d
626123,Sivakasi,Tamil Nadu,Y,Y,d
626124,Sivakasi,Tamil Nadu,Y,Y,d
626125,Maharajapuram,Tamil Nadu,Y,Y,d
626126,Maharajapuram,Tamil Nadu,Y,Y,d
626127,Sivakasi,Tamil Nadu,Y,Y,d
626128,Sivakasi,Tamil Nadu,Y,Y,d
626129,Aruppukkottai,Tamil Nadu,Y,Y,d
626130,Sivakasi,Tamil Nadu,Y,Y,d
626131,Sivakasi,Tamil Nadu,Y,Y,d
626132,Maharajapuram,Tamil Nadu,Y,Y,d
626133,Maharajapuram,Tamil Nadu,Y,Y,d
626134,Aruppukkottai,Tamil Nadu,Y,Y,d
626135,Maharajapuram,Tamil Nadu,Y,Y,d
626136,Rajapalayam,Tamil Nadu,Y,Y,d
626137,Rajapalayam,Tamil Nadu,Y,Y,d
626138,Maharajapuram,Tamil Nadu,Y,Y,d
626139,Rajapalayam,Tamil Nadu,Y,Y,d
626140,Sivakasi,Tamil Nadu,Y,Y,d
626141,Maharajapuram,Tamil Nadu,Y,Y,d
626142,Rajapalayam,Tamil Nadu,Y,Y,d
626143,Rajapalayam,Tamil Nadu,Y,Y,d
626144,Sivakasi,Tamil Nadu,Y,Y,d
626145,Rajapalayam,Tamil Nadu,Y,Y,d
626146,Virudhunagar,Tamil Nadu,N,Y,d
626147,Virudhunagar,Tamil Nadu,N,Y,d
626148,Virudhunagar,Tamil Nadu,N,Y,d
626149,Maharajapuram,Tamil Nadu,Y,Y,d
626150,Virudhunagar,Tamil Nadu,N,Y,d
626151,Virudhunagar,Tamil Nadu,N,Y,d
626152,Virudhunagar,Tamil Nadu,N,Y,d
626153,Virudhunagar,Tamil Nadu,N,Y,d
626154,Rajapalayam,Tamil Nadu,Y,Y,d
626155,Virudhunagar,Tamil Nadu,N,Y,d
626156,Virudhunagar,Tamil Nadu,N,Y,d
626157,Virudhunagar,Tamil Nadu,N,Y,d
626158,Virudhunagar,Tamil Nadu,N,Y,d
626159,Aruppukkottai,Tamil Nadu,Y,Y,d
626160,Villupuram,Tamil Nadu,N,Y,d
626161,Aruppukkottai,Tamil Nadu,Y,Y,d
626162,Virudhunagar,Tamil Nadu,N,Y,d
626163,Virudhunagar,Tamil Nadu,N,Y,d
626164,Virudhunagar,Tamil Nadu,N,Y,d
626165,Virudhunagar,Tamil Nadu,N,Y,d
626166,Sivakasi,Tamil Nadu,N,Y,d
626167,Virudhunagar,Tamil Nadu,N,Y,d
626168,Virudhunagar,Tamil Nadu,N,Y,d
626169,Sivakasi,Tamilnadu,N,Y,d
626170,Virudhunagar,Tamil Nadu,N,Y,d
626171,Sivakasi,Tamil Nadu,N,Y,d
626172,Virudhunagar,Tamil Nadu,N,Y,d
626173,Sivakasi,Tamil Nadu,N,Y,d
626175,Virudhunagar,Tamil Nadu,N,Y,d
626176,Sivakasi,Tamil Nadu,N,Y,d
626177,Rajapalayam,Tamil Nadu,Y,Y,d
626178,Virudhunagar,Tamil Nadu,N,Y,d
626179,Sivakasi,Tamil Nadu,N,Y,d
626180,Sivakasi,Tamil Nadu,N,Y,d
626181,Virudhunagar,Tamil Nadu,N,Y,d
626182,Sivakasi,Tamil Nadu,Y,Y,d
626183,Sivakasi,Tamil Nadu,Y,Y,d
626184,Sivakasi,Tamil Nadu,N,Y,d
626186,Virudhunagar,Tamil Nadu,N,Y,d
626187,Rajapalyam,Tamil Nadu,N,N,d
626188,Rajapalayam,Tamil Nadu,Y,Y,d
626189,Sivakasi,Tamil Nadu,Y,Y,d
626190,Maharajapuram,Tamil Nadu,Y,Y,d
626195,Virudhunagar,Tamil Nadu,N,Y,d
626201,Sattur,Tamil Nadu,Y,Y,d
626202,Sattur,Tamil Nadu,Y,Y,d
626203,Sattur,Tamil Nadu,Y,Y,d
626204,Virudhunagar,Tamil Nadu,Y,Y,d
626205,Sattur,Tamil Nadu,Y,Y,d
626206,Sivakasi,Tamil Nadu,Y,Y,d
626207,Virudhunagar,Tamil Nadu,N,Y,d
626208,Virudhunagar,Tamil Nadu,N,Y,d
626209,Virudhunagar,Tamil Nadu,N,Y,d
626210,Virudhunagar,Tamil Nadu,N,Y,d
626211,Sivakasi,Tamil Nadu,N,Y,d
626212,Sivakasi,Tamil Nadu,N,Y,d
626213,Sivakasi,Tamil Nadu,Y,Y,d
626304,Virudhunagar,Tamilnadu,N,N,d
626444,Madurai,Tamilnadu,N,N,d
626501,Theni,Tamil Nadu,Y,Y,d
626512,Theni,Tamil Nadu,Y,Y,d
626513,Theni,Tamil Nadu,Y,Y,d
626514,Vadipatti,Tamil Nadu,N,N,d
626515,Cumbum,Tamil Nadu,Y,Y,d
626516,Cumbum -Tn,Tamil Nadu,N,N,d
626517,Dindigul,Tamil Nadu,N,N,d
626518,Cumbum -Tn,Tamil Nadu,N,N,d
626519,Vadipatti,Tamil Nadu,N,N,d
626520,Vadipatti,Tamil Nadu,N,N,d
626521,Cumbam,Tamil Nadu,N,Y,d
626522,Cumbam,Tamil Nadu,N,Y,d
626523,Dindigul,Tamil Nadu,N,N,d
626524,Theni,Tamil Nadu,N,Y,d
626525,Vadipatti,Tamil Nadu,N,N,d
626526,Theni,Tamil Nadu,Y,Y,d
626527,Madurai,Tamil Nadu,N,N,d
626528,Dindigul,Tamil Nadu,N,N,d
626529,Madurai,Tamil Nadu,N,N,d
626530,Theni,Tamil Nadu,N,N,d
626531,Theni,Tamil Nadu,Y,Y,d
626532,Usilampatti,Tamil Nadu,N,Y,d
626533,Cumbam,Tamil Nadu,N,Y,d
626534,Theni,Tamil Nadu,N,Y,d
626535,Usilampatti,Tamil Nadu,N,Y,d
626536,Aundipatti,Tamil Nadu,N,N,d
626537,Usilampatti,Tamil Nadu,N,Y,d
626538,Madurai,Tamil Nadu,N,N,d
626539,Madurai,Tamil Nadu,N,N,d
626540,Madurai,Tamil Nadu,Y,Y,d
626541,Dindigul,Tamil Nadu,N,N,d
626544,Theni,Tamil Nadu,N,N,d
626547,Theni,Tamil Nadu,N,N,d
626549,Kovilpatti,Tamil Nadu,Y,Y,d
626553,Theni,Tamil Nadu,N,N,d
626555,Madurai,Tamil Nadu,N,N,d
626556,Cumbam,Tamil Nadu,N,Y,d
626562,Madurai,Tamil Nadu,N,N,d
626565,Madurai,Tamil Nadu,N,Y,d
626566,Usilampatti,Tamil Nadu,N,Y,d
626569,Krishnagiri,Tamil Nadu,N,N,d
626571,Madurai,Tamil Nadu,N,Y,d
626572,Theni,Tamil Nadu,N,Y,d
626579,Madurai,Tamil Nadu,Y,Y,d
626582,Vadipatti,Tamil Nadu,N,N,d
626601,Dindigul,Tamil Nadu,Y,Y,d
626603,Aruppukottai,Tamilnadu,N,N,d
626607,Aruppukkottai,Tamil Nadu,Y,Y,d
626612,Sivaganga,Tamil Nadu,Y,Y,d
626639,Rajapalyam,Tamil Nadu,N,N,d
626701,Virudhunagar,Tamil Nadu,N,Y,d
626702,Madurai,Tamil Nadu,N,N,d
626703,Madurai,Tamil Nadu,N,N,d
626704,Virudhunagar,Tamil Nadu,N,N,d
626705,Watrap,Tamil Nadu,N,N,d
626706,Thirumangalam,Tamil Nadu,N,N,d
626708,Aruppukottai,Tamilnadu,N,N,d
626709,Thirumangalam,Tamil Nadu,N,N,d
626712,Thirumangalam,Tamil Nadu,N,N,d
626716,Tirunelveli,Tamil Nadu,Y,Y,d
626717,Tirumangalam,Tamil Nadu,N,N,d
626719,Thirumangalam,Tamil Nadu,N,N,d
626802,Thuckalay,Tamilnadu,N,N,d
626881,Tirumangalam,Tamilnadu,N,Y,d
626905,Aruppukottai,Tamilnadu,N,N,d
627001,Tirunelveli,Tamil Nadu,Y,Y,d
627002,Tirunelveli,Tamil Nadu,Y,Y,d
627003,Tirunelveli,Tamil Nadu,Y,Y,d
627004,Tirunelveli,Tamil Nadu,Y,Y,d
627005,Tirunelveli,Tamil Nadu,Y,Y,d
627006,Tirunelveli,Tamil Nadu,Y,Y,d
627007,Nanguneri,Tamil Nadu,Y,Y,d
627008,Tirunelveli,Tamil Nadu,Y,Y,d
627009,Tirunelveli,Tamil Nadu,Y,Y,d
627010,Tirunelveli,Tamil Nadu,Y,Y,d
627011,Tirunelveli,Tamil Nadu,Y,Y,d
627012,Tirunelveli,Tamil Nadu,Y,Y,d
627013,Tirunelveli,Tamil Nadu,Y,Y,d
627015,Tirunelveli,Tamil Nadu,Y,Y,d
627051,Tirunelveli,Tamil Nadu,Y,Y,d
627093,Tirunelveli,Tamilnadu,N,N,d
627101,Vallioor,Tamil Nadu,Y,Y,d
627102,Vallioor,Tamil Nadu,Y,Y,d
627103,Vallioor,Tamil Nadu,Y,Y,d
627104,Thisayanvilai,Tamil Nadu,Y,Y,d
627105,Vallioor,Tamil Nadu,Y,Y,d
627106,Azhagappapuram,Tamil Nadu,Y,Y,d
627107,Vallioor,Tamil Nadu,Y,Y,d
627108,Vallioor,Tamil Nadu,Y,Y,d
627109,Vallioor,Tamil Nadu,Y,Y,d
627110,Vallioor,Tamil Nadu,Y,Y,d
627111,Vallioor,Tamil Nadu,Y,Y,d
627112,Vallioor,Tamil Nadu,Y,Y,d
627113,Vallioor,Tamil Nadu,Y,Y,d
627114,Azhagappapuram,Tamil Nadu,Y,Y,d
627115,Vallioor,Tamil Nadu,Y,Y,d
627116,Vallioor,Tamil Nadu,Y,Y,d
627117,Vallioor,Tamil Nadu,Y,Y,d
627118,Thisayanvilai,Tamil Nadu,Y,Y,d
627119,Thisayanvilai,Tamil Nadu,Y,Y,d
627120,Azhagappapuram,Tamil Nadu,Y,Y,d
627121,Azhagappapuram,Tamil Nadu,Y,Y,d
627122,Tirunelveli,Tamil Nadu,Y,Y,d
627123,Tirunelveli,Tamil Nadu,Y,Y,d
627124,Azhagappapuram,Tamil Nadu,Y,Y,d
627125,Tirunelveli,Tamil Nadu,Y,Y,d
627126,Tirunelveli,Tamil Nadu,Y,Y,d
627127,Azhagappapuram,Tamil Nadu,Y,Y,d
627128,Nagercoil,Tamil Nadu,Y,Y,d
627129,Vallioor,Tamil Nadu,Y,Y,d
627130,Thisayanvilai,Tamil Nadu,Y,Y,d
627131,Vallioor,Tamil Nadu,Y,Y,d
627132,Tirunelveli,Tamil Nadu,Y,Y,d
627133,Vallioor,Tamil Nadu,Y,Y,d
627137,Srivilliputhur,Tamilnadu,N,N,d
627151,Tirunelveli,Tamil Nadu,Y,Y,d
627152,Tirunelveli,Tamil Nadu,Y,Y,d
627153,Tirunelveli,Tamil Nadu,Y,Y,d
627154,Tirunelveli,Tamil Nadu,Y,Y,d
627201,Tirunelveli,Tamil Nadu,Y,Y,d
627202,Tirunelveli,Tamil Nadu,Y,Y,d
627251,Tirunelveli,Tamil Nadu,Y,Y,d
627252,Tirunelveli,Tamil Nadu,Y,Y,d
627253,Tirunelveli,Tamil Nadu,Y,Y,d
627254,Tirunelveli,Tamil Nadu,Y,Y,d
627255,Tirunelvelli,Tamil Nadu,N,N,d
627301,Tirunelveli,Tamil Nadu,Y,Y,d
627302,Tirunelveli,Tamil Nadu,Y,Y,d
627303,Tirunelveli,Tamil Nadu,Y,Y,d
627304,Tirunelveli,Tamil Nadu,Y,Y,d
627305,Tuticorin,Tamil Nadu,N,Y,d
627351,Tirunelveli,Tamil Nadu,Y,Y,d
627352,Tirunelveli,Tamil Nadu,Y,Y,d
627353,Tirunelveli,Tamil Nadu,Y,Y,d
627354,Tirunelveli,Tamil Nadu,Y,Y,d
627355,Eral,Tamil Nadu,Y,Y,d
627356,Tirunelveli,Tamil Nadu,Y,Y,d
627357,Tirunelveli,Tamil Nadu,Y,Y,d
627358,Tirunelveli,Tamil Nadu,Y,Y,d
627359,Tirunelveli,Tamil Nadu,Y,Y,d
627360,Tirunelveli,Tamil Nadu,Y,Y,d
627361,Tirunelveli,Tamil Nadu,Y,Y,d
627401,Ambasamudram,Tamil Nadu,Y,Y,d
627405,Ambasamudram,Tamil Nadu,N,N,d
627412,Ambasamudram,Tamil Nadu,Y,Y,d
627413,Ambasamudram,Tamil Nadu,Y,Y,d
627414,Ambasamudram,Tamil Nadu,Y,Y,d
627415,Tenkasi,Tamil Nadu,Y,Y,d
627416,Ambasamudram,Tamil Nadu,Y,Y,d
627417,Ambasamudram,Tamil Nadu,Y,Y,d
627418,Ambasamudram,Tamil Nadu,Y,Y,d
627419,Tirunelveli,Tamil Nadu,Y,Y,d
627420,Ambasamudram,Tamilnadu,N,Y,d
627421,Ambasamudram,Tamil Nadu,Y,Y,d
627422,Ambasamudram,Tamil Nadu,Y,Y,d
627423,Ambasamudram,Tamil Nadu,Y,Y,d
627424,Ambasamudram,Tamil Nadu,Y,Y,d
627425,Ambasamudram,Tamil Nadu,Y,Y,d
627426,Ambasamudram,Tamil Nadu,Y,Y,d
627427,Ambasamudram,Tamil Nadu,Y,Y,d
627428,Ambasamudram,Tamil Nadu,Y,Y,d
627430,Tirunelveli,Tamil Nadu,Y,Y,d
627431,Tenkasi,Tamil Nadu,Y,Y,d
627432,Tirunelveli,Tamil Nadu,Y,Y,d
627433,Ambasamudram,Tamil Nadu,Y,Y,d
627434,Tirunelveli,Tamil Nadu,Y,Y,d
627435,Ambasamudram,Tamil Nadu,Y,Y,d
627436,Tenkasi,Tamil Nadu,Y,Y,d
627451,Tirunelveli,Tamil Nadu,Y,Y,d
627452,Ambasamudram,Tamil Nadu,Y,Y,d
627453,Ambasamudram,Tamil Nadu,Y,Y,d
627501,Vallioor,Tamil Nadu,Y,Y,d
627502,Tirunelveli,Tamil Nadu,Y,Y,d
627510,Tirunelveli,Tamilnadu,N,N,d
627515,Tirunelveli,Tamil Nadu,N,Y,d
627531,Ambasamudram,Tamilnadu,N,N,d
627545,Madurai,Tamil Nadu,N,N,d
627551,Ambasamudram,Tamil Nadu,Y,Y,d
627555,Madurai,Tamil Nadu,N,N,d
627556,Madurai,Tamil Nadu,N,N,d
627601,Ambasamudram,Tamil Nadu,Y,Y,d
627602,Ambasamudram,Tamil Nadu,Y,Y,d
627603,Ambasamudram,Tamil Nadu,Y,Y,d
627604,Tirunelveli,Tamil Nadu,Y,Y,d
627651,Thisayanvilai,Tamil Nadu,Y,Y,d
627652,Thisayanvilai,Tamil Nadu,Y,Y,d
627653,Thisayanvilai,Tamil Nadu,N,Y,d
627654,Thisayanvilai,Tamil Nadu,Y,Y,d
627657,Thisayanvilai,Tamil Nadu,Y,Y,d
627658,Tirunelveli,Tamil Nadu,Y,Y,d
627659,Thisayanvilai,Tamil Nadu,Y,Y,d
627701,Kovilpatti,Tamil Nadu,Y,Y,d
627702,Kovilpatti,Tamil Nadu,Y,Y,d
627703,Vallioor,Tamilnadu,N,N,d
627706,Rajapalayam,Tamil Nadu,Y,Y,d
627712,Kovilpatti,Tamil Nadu,Y,Y,d
627713,Kovilpatti,Tamil Nadu,Y,Y,d
627714,Kovilpatti,Tamil Nadu,N,Y,d
627716,Tirunelveli,Tamil Nadu,Y,Y,d
627717,Tirunelveli,Tamil Nadu,Y,Y,d
627718,Tirunelveli,Tamil Nadu,Y,Y,d
627719,Sankarankovil,Tamil Nadu,Y,Y,d
627720,Kovilpatti,Tamil Nadu,Y,Y,d
627721,Tirunelveli,Tamil Nadu,Y,Y,d
627722,Tirunelveli,Tamil Nadu,Y,Y,d
627723,Tirunelveli,Tamil Nadu,Y,Y,d
627724,Sankarankovil,Tamil Nadu,Y,Y,d
627725,Ramanathapuram,Tamil Nadu,N,Y,d
627726,Tuticorin,Tamil Nadu,N,Y,d
627727,Tirunelveli,Tamil Nadu,Y,Y,d
627751,Tenkasi,Tamil Nadu,Y,Y,d
627752,Kovilpatti,Tamil Nadu,Y,Y,d
627753,Sankarankovil,Tamil Nadu,Y,Y,d
627754,Sankarankovil,Tamil Nadu,Y,Y,d
627755,Sankarankovil,Tamil Nadu,Y,Y,d
627756,Sankarankovil,Tamil Nadu,Y,Y,d
627757,Rajapalayam,Tamil Nadu,Y,Y,d
627758,Sankarankovil,Tamil Nadu,Y,Y,d
627759,Tenkasi,Tamil Nadu,Y,Y,d
627760,Rajapalayam,Tamil Nadu,Y,Y,d
627761,Sankarankovil,Tamil Nadu,Y,Y,d
627762,Sivakasi,Tamil Nadu,N,Y,d
627763,Sankarankoil,Tamil Nadu,N,N,d
627764,Rajapalayam,Tamil Nadu,Y,Y,d
627765,Sankarankovil,Tamil Nadu,Y,Y,d
627766,Tirunelveli,Tamil Nadu,Y,Y,d
627767,Tirunelveli,Tamil Nadu,Y,Y,d
627768,Tirunelveli,Tamil Nadu,Y,Y,d
627769,Tirunelveli,Tamil Nadu,Y,Y,d
627770,Sankarankovil,Tamil Nadu,Y,Y,d
627771,Tirunelveli,Tamil Nadu,Y,Y,d
627773,Sankarankovil,Tamil Nadu,Y,Y,d
627774,Tirunelveli,Tamil Nadu,Y,Y,d
627778,Ambasamudram,Tamilnadu,N,Y,d
627801,Tenkasi,Tamil Nadu,Y,Y,d
627802,Tenkasi,Tamil Nadu,Y,Y,d
627803,Tenkasi,Tamil Nadu,Y,Y,d
627804,Tenkasi,Tamil Nadu,Y,Y,d
627805,Tenkasi,Tamil Nadu,Y,Y,d
627806,Tenkasi,Tamil Nadu,Y,Y,d
627807,Tenkasi,Tamil Nadu,Y,Y,d
627808,Tenkasi,Tamil Nadu,Y,Y,d
627809,Tenkasi,Tamil Nadu,Y,Y,d
627810,Tenkasi,Tamil Nadu,Y,Y,d
627811,Tenkasi,Tamil Nadu,Y,Y,d
627812,Tenkasi,Tamil Nadu,Y,Y,d
627813,Tenkasi,Tamil Nadu,Y,Y,d
627814,Tenkasi,Tamil Nadu,Y,Y,d
627815,Tenkasi,Tamil Nadu,N,Y,d
627816,Tirunelveli,Tamil Nadu,N,N,d
627817,Tenkasi,Tamil Nadu,Y,Y,d
627818,Tenkasi,Tamil Nadu,Y,Y,d
627819,Tenkasi,Tamil Nadu,N,N,d
627820,Tirunelveli,Tamil Nadu,Y,Y,d
627821,Tenkasi,Tamil Nadu,Y,Y,d
627822,Tirunelveli,Tamil Nadu,Y,Y,d
627823,Tirunelveli,Tamil Nadu,Y,Y,d
627851,Surandai,Tamil Nadu,Y,Y,d
627852,Tenkasi,Tamil Nadu,Y,Y,d
627853,Surandai,Tamil Nadu,Y,Y,d
627854,Surandai,Tamil Nadu,Y,Y,d
627855,Sankarankovil,Tamil Nadu,Y,Y,d
627856,Surandai,Tamil Nadu,Y,Y,d
627857,Surandai,Tamil Nadu,Y,Y,d
627858,Tenkasi,Tamil Nadu,Y,Y,d
627859,Surandai,Tamil Nadu,Y,Y,d
627860,Tenkasi,Tamil Nadu,Y,Y,d
627861,Surandai,Tamil Nadu,Y,Y,d
627862,Sankarankovil,Tamil Nadu,Y,Y,d
627863,Puliyangudi,Tamil Nadu,N,N,d
627866,Tirunelveli,Tamil Nadu,Y,Y,d
627867,Tirunelveli,Tamil Nadu,Y,Y,d
627901,Ambasamudram,Tamil Nadu,Y,Y,d
627902,Kovilpatti,Tamil Nadu,Y,Y,d
627903,Rajapalayam,Tamil Nadu,Y,Y,d
627904,Tirunelveli,Tamil Nadu,Y,Y,d
627905,Tirunelveli,Tamil Nadu,Y,Y,d
627906,Tirunelveli,Tamil Nadu,Y,Y,d
627907,Tiruchendur,Tamilnadu,N,Y,d
627908,Kovilpatti,Tamil Nadu,Y,Y,d
627909,Tirunelveli,Tamil Nadu,Y,Y,d
627910,Tirunelveli,Tamil Nadu,Y,Y,d
627911,Tirunelveli,Tamil Nadu,Y,Y,d
627912,Tirunelveli,Tamil Nadu,Y,Y,d
627951,Sankarankovil,Tamil Nadu,Y,Y,d
627952,Tirunelveli,Tamil Nadu,Y,Y,d
627953,Sankarankovil,Tamil Nadu,Y,Y,d
627954,Sankarankovil,Tamil Nadu,Y,Y,d
627955,Kovilpatti,Tamil Nadu,Y,Y,d
627956,Sankarankovil,Tamil Nadu,Y,Y,d
627957,Tirunelveli,Tamil Nadu,Y,Y,d
628001,Tuticorin,Tamil Nadu,Y,Y,d
628002,Tuticorin,Tamil Nadu,Y,Y,d
628003,Tuticorin,Tamil Nadu,Y,Y,d
628004,Tuticorin,Tamil Nadu,Y,Y,d
628005,Tuticorin,Tamil Nadu,Y,Y,d
628006,Tuticorin,Tamil Nadu,Y,Y,d
628007,Tuticorin,Tamil Nadu,Y,Y,d
628008,Tuticorin,Tamil Nadu,Y,Y,d
628051,Tirunelveli,Tamil Nadu,Y,Y,d
628052,Tirunelveli,Tamilnadu,N,N,d
628101,Tuticorin,Tamil Nadu,Y,Y,d
628102,Ottapidaram,Tamil Nadu,Y,Y,d
628103,Ottapidaram,Tamil Nadu,Y,Y,d
628104,Ottapidaram,Tamil Nadu,Y,Y,d
628105,Ottapidaram,Tamil Nadu,Y,Y,d
628106,Tuticorin,Tamilnadu,N,N,d
628123,Srivaikundam,Tamilnadu,N,N,d
628151,Tiruchendur,Tamil Nadu,Y,Y,d
628152,Tuticorin,Tamil Nadu,Y,Y,d
628153,Attur,Tamil Nadu,N,N,d
628154,Tirunelveli,Tamil Nadu,Y,Y,d
628155,Tirunelveli,Tamil Nadu,Y,Y,d
628182,Kulasekharam,Tamilnadu,N,N,d
628201,Tiruchendur,Tamil Nadu,Y,Y,d
628202,Tiruchendur,Tamil Nadu,Y,Y,d
628203,Tiruchendur,Tamil Nadu,Y,Y,d
628204,Tiruchendur,Tamil Nadu,Y,Y,d
628205,Tiruchendur,Tamil Nadu,Y,Y,d
628206,Tiruchendur,Tamil Nadu,Y,Y,d
628207,Eral,Tamil Nadu,Y,Y,d
628208,Tiruchendur,Tamil Nadu,Y,Y,d
628209,Tiruchendur,Tamil Nadu,Y,Y,d
628210,Eral,Tamil Nadu,Y,Y,d
628211,Eral,Tamil Nadu,Y,Y,d
628212,Tiruchendur,Tamil Nadu,Y,Y,d
628213,Tiruchendur,Tamil Nadu,Y,Y,d
628214,Tuticorin,Tamil Nadu,Y,Y,d
628215,Tiruchendur,Tamil Nadu,Y,Y,d
628216,Tiruchendur,Tamil Nadu,Y,Y,d
628217,Tiruchendur,Tamil Nadu,Y,Y,d
628218,Tiruchendur,Tamil Nadu,Y,Y,d
628219,Tiruchendur,Tamil Nadu,Y,Y,d
628220,Tirunelveli,Tamil Nadu,Y,Y,d
628221,Tuticorin,Tamil Nadu,Y,Y,d
628222,Tirunelveli,Tamil Nadu,Y,Y,d
628223,Tirunelveli,Tamil Nadu,Y,Y,d
628224,Attur,Tamil Nadu,N,N,d
628225,Attur,Tamil Nadu,N,N,d
628226,Thoothukkudi,Tamil Nadu,N,N,d
628227,Tirunelveli,Tamil Nadu,Y,Y,d
628228,Tirunelveli,Tamil Nadu,Y,Y,d
628229,Tiruchendur,Tamil Nadu,Y,Y,d
628251,Eral,Tamil Nadu,Y,Y,d
628252,Tirunelveli,Tamil Nadu,Y,Y,d
628253,Tirunelveli,Tamilnadu,N,Y,d
628255,Tirunelveli,Tamilnadu,N,N,d
628301,Ottapidaram,Tamil Nadu,Y,Y,d
628302,Ottapidaram,Tamil Nadu,Y,Y,d
628303,Ottapidaram,Tamil Nadu,Y,Y,d
628304,Ottapidaram,Tamil Nadu,Y,Y,d
628305,Tirunelveli,Tamil Nadu,Y,Y,d
628306,Tirunelveli,Tamil Nadu,Y,Y,d
628307,Tirunelveli,Tamil Nadu,Y,Y,d
628308,Virudhunagar,Tamil Nadu,N,Y,d
628309,Tirunelveli,Tamil Nadu,Y,Y,d
628313,Tirunelveli,Tamilnadu,N,Y,d
628401,Ottapidaram,Tamil Nadu,Y,Y,d
628402,Ottapidaram,Tamil Nadu,Y,Y,d
628404,Thoothukkudi,Tamil Nadu,N,N,d
628501,Kovilpatti,Tamil Nadu,Y,Y,d
628502,Kovilpatti,Tamil Nadu,Y,Y,d
628503,Kovilpatti,Tamil Nadu,Y,Y,d
628513,Tirunelveli,Tamil Nadu,Y,Y,d
628522,Tirunelveli,Tamilnadu,N,N,d
628524,Tirunelveli,Tamilnadu,N,N,d
628552,Kovilpatti,Tamil Nadu,Y,Y,d
628553,Kovilpatti,Tamil Nadu,N,N,d
628562,Vallioor,Tamilnadu,N,N,d
628601,Eral,Tamil Nadu,Y,Y,d
628612,Eral,Tamil Nadu,Y,Y,d
628613,Eral,Tamil Nadu,Y,Y,d
628614,Eral,Tamil Nadu,Y,Y,d
628615,Eral,Tamil Nadu,Y,Y,d
628616,Eral,Tamil Nadu,Y,Y,d
628617,Eral,Tamil Nadu,Y,Y,d
628618,Eral,Tamil Nadu,Y,Y,d
628619,Eral,Tamil Nadu,Y,Y,d
628620,Eral,Tamil Nadu,Y,Y,d
628621,Eral,Tamil Nadu,Y,Y,d
628622,Eral,Tamil Nadu,Y,Y,d
628623,Eral,Tamil Nadu,Y,Y,d
628624,Tuticorin,Tamil Nadu,N,N,d
628625,Tirunelveli,Tamil Nadu,Y,Y,d
628626,Tirunelveli,Tamil Nadu,Y,Y,d
628627,Tirunelveli,Tamil Nadu,Y,Y,d
628628,Tirunelveli,Tamil Nadu,Y,Y,d
628629,Tirunelveli,Tamil Nadu,Y,Y,d
628630,Tirunelveli,Tamil Nadu,Y,Y,d
628631,Tirunelveli,Tamil Nadu,Y,Y,d
628651,Tisaiyanvillai,Tamil Nadu,N,N,d
628652,Tirunelveli,Tamil Nadu,Y,Y,d
628653,Thisayanvilai,Tamil Nadu,Y,Y,d
628654,Tirunelveli,Tamil Nadu,Y,Y,d
628655,Uthangarai,Tamil Nadu,N,Y,d
628656,Thisayanvilai,Tamil Nadu,Y,Y,d
628657,Tisaiyanvillai,Tamil Nadu,N,N,d
628658,Uthangarai,Tamil Nadu,N,Y,d
628659,Uthangarai,Tamil Nadu,N,Y,d
628660,Uthangarai,Tamil Nadu,N,Y,d
628661,Tirunelveli,Tamil Nadu,Y,Y,d
628662,Uthangarai,Tamil Nadu,N,Y,d
628663,Tirunelveli,Tamil Nadu,Y,Y,d
628701,Eral,Tamil Nadu,Y,Y,d
628702,Thisayanvilai,Tamil Nadu,Y,Y,d
628703,Thisayanvilai,Tamil Nadu,Y,Y,d
628704,Eral,Tamil Nadu,Y,Y,d
628705,Tiruchendhur,Tamil Nadu,N,N,d
628706,Tiruchendhur,Tamil Nadu,N,N,d
628707,Tirunelveli,Tamil Nadu,Y,Y,d
628712,Vilathikulam,Tamil Nadu,Y,Y,d
628714,Kovilpatti,Tamil Nadu,Y,Y,d
628716,Kovilpatti,Tamil Nadu,Y,Y,d
628718,Ottapidaram,Tamil Nadu,Y,Y,d
628720,Kovilpatti,Tamil Nadu,Y,Y,d
628721,Kovilpatti,Tamil Nadu,Y,Y,d
628722,Vilathikulam,Tamil Nadu,Y,Y,d
628723,Tuticorin,Tamilnadu,N,N,d
628726,Kovilpatti,Tamilnadu,N,N,d
628728,Vilathikulam,Tamilnadu,N,N,d
628751,Eral,Tamil Nadu,Y,Y,d
628752,Eral,Tamil Nadu,Y,Y,d
628753,Eral,Tamil Nadu,Y,Y,d
628801,Eral,Tamil Nadu,Y,Y,d
628802,Eral,Tamil Nadu,Y,Y,d
628803,Tirunelveli,Tamil Nadu,Y,Y,d
628806,Tirunelveli,Tamilnadu,N,N,d
628809,Tirunelveli,Tamil Nadu,Y,Y,d
628821,Kovilpatti,Tamilnadu,N,N,d
628851,Eral,Tamil Nadu,Y,Y,d
628852,Kovilpatti,Tamil Nadu,N,N,d
628857,Puliangudi,Tamilnadu,N,N,d
628901,Vilathikulam,Tamil Nadu,Y,Y,d
628902,Vilathikulam,Tamil Nadu,Y,Y,d
628903,Vilathikulam,Tamil Nadu,Y,Y,d
628904,Vilathikulam,Tamil Nadu,Y,Y,d
628905,Perunali,Tamil Nadu,Y,Y,d
628906,Vilathikulam,Tamil Nadu,Y,Y,d
628907,Vilathikulam,Tamil Nadu,Y,Y,d
628908,Vilathikulam,Tamil Nadu,Y,Y,d
628911,Vilathikulam,Tamilnadu,N,N,d
628952,Kovilpatti,Tamil Nadu,Y,Y,d
629001,Nagercoil,Tamil Nadu,Y,Y,d
629002,Nagercoil,Tamil Nadu,Y,Y,d
629003,Nagercoil,Tamil Nadu,Y,Y,d
629004,Nagercoil,Tamil Nadu,Y,Y,d
629005,Kanyakumari,Tamil Nadu,Y,Y,d
629006,Nagercoil,Tamilnadu,N,N,d
629024,Nagercoil,Tamilnadu,N,N,d
629051,Nagercoil,Tamil Nadu,Y,Y,d
629058,Tirunelveli,Tamilnadu,N,Y,d
629101,Marthandam,Tamil Nadu,Y,Y,d
629102,Thuckalay,Tamil Nadu,Y,Y,d
629103,Marthandam,Tamil Nadu,N,N,d
629104,Kulasekharam,Tamilnadu,N,N,d
629108,Nagercoil,Tamilnadu,N,N,d
629111,Kulasekharam,Tamilnadu,N,N,d
629151,Marthandam,Tamil Nadu,Y,Y,d
629152,Marthandam,Tamil Nadu,Y,Y,d
629153,Marthandam,Tamil Nadu,Y,Y,d
629154,Marthandam,Tamil Nadu,Y,Y,d
629155,Marthandam,Tamil Nadu,Y,Y,d
629156,Thuckalay,Tamil Nadu,Y,Y,d
629157,Thuckalay,Tamil Nadu,Y,Y,d
629158,Marthandam,Tamil Nadu,Y,Y,d
629159,Thuckalay,Tamil Nadu,Y,Y,d
629160,Marthandam,Tamil Nadu,Y,Y,d
629161,Marthandam,Tamil Nadu,Y,Y,d
629162,Marthandam,Tamil Nadu,Y,Y,d
629163,Marthandam,Tamil Nadu,Y,Y,d
629164,Thuckalay,Tamil Nadu,Y,Y,d
629165,Marthandam,Tamil Nadu,Y,Y,d
629166,Thuckalay,Tamil Nadu,Y,Y,d
629167,Thuckalay,Tamil Nadu,Y,Y,d
629168,Marthandam,Tamil Nadu,Y,Y,d
629169,Marthandam,Tamil Nadu,Y,Y,d
629170,Marthandam,Tamil Nadu,Y,Y,d
629171,Marthandam,Tamil Nadu,Y,Y,d
629172,Marthandam,Tamil Nadu,Y,Y,d
629173,Marthandam,Tamil Nadu,Y,Y,d
629174,Thuckalay,Tamil Nadu,Y,Y,d
629175,Thuckalay,Tamil Nadu,Y,Y,d
629176,Marthandam,Tamil Nadu,Y,Y,d
629177,Marthandam,Tamil Nadu,Y,Y,d
629178,Thuckalay,Tamil Nadu,Y,Y,d
629179,Marthandam,Tamil Nadu,Y,Y,d
629180,Thuckalay,Tamil Nadu,Y,Y,d
629181,Marthandam,Tamil Nadu,Y,Y,d
629182,Uthangarai,Tamil Nadu,N,Y,d
629183,Marthandam,Tamil Nadu,Y,Y,d
629186,Thuckalay,Tamilnadu,N,N,d
629187,Marthandam,Tamil Nadu,Y,Y,d
629188,Marthandam,Tamil Nadu,Y,Y,d
629189,Thuckalay,Tamil Nadu,Y,Y,d
629190,Kaliakkavilai,Tamil Nadu,N,Y,d
629191,Marthandam,Tamil Nadu,Y,Y,d
629192,Kaliakkavilai,Tamil Nadu,N,Y,d
629193,Marthandam,Tamil Nadu,Y,Y,d
629194,Marthandam,Tamil Nadu,Y,Y,d
629195,Marthandam,Tamil Nadu,Y,Y,d
629196,Kanyakumari,Tamil Nadu,N,Y,d
629197,Marthandam,Tamil Nadu,Y,Y,d
629201,Nagercoil,Tamil Nadu,Y,Y,d
629202,Thuckalay,Tamil Nadu,Y,Y,d
629203,Thuckalay,Tamil Nadu,Y,Y,d
629204,Thuckalay,Tamil Nadu,Y,Y,d
629205,Tirunelveli,Tamil Nadu,Y,Y,d
629251,Thuckalay,Tamil Nadu,Y,Y,d
629252,Thuckalay,Tamil Nadu,Y,Y,d
629253,Thuckalay,Tamil Nadu,Y,Y,d
629258,Thuckalay,Tamilnadu,N,N,d
629301,Nagercoil,Tamil Nadu,Y,Y,d
629302,Nagercoil,Tamil Nadu,Y,Y,d
629303,Nagercoil,Tamil Nadu,Y,Y,d
629304,Nagercoil,Tamil Nadu,Y,Y,d
629305,Nagercoil,Tamil Nadu,Y,Y,d
629401,Azhagappapuram,Tamil Nadu,Y,Y,d
629402,Azhagappapuram,Tamil Nadu,Y,Y,d
629403,Azhagappapuram,Tamil Nadu,Y,Y,d
629404,Nagercoil,Tamil Nadu,Y,Y,d
629406,Kanyakumari,Tamil Nadu,N,Y,d
629501,Nagercoil,Tamil Nadu,Y,Y,d
629502,Nagercoil,Tamil Nadu,Y,Y,d
629503,Manavalakurichi,Tamil Nadu,N,Y,d
629504,Azhagappapuram,Tamil Nadu,Y,Y,d
629509,Eraniel,Tamil Nadu,N,Y,d
629551,Kanyakumari,Tamilnadu,N,Y,d
629601,Nagercoil,Tamil Nadu,Y,Y,d
629602,Nagercoil,Tamil Nadu,Y,Y,d
629603,Nagercoil,Tamil Nadu,Y,Y,d
629609,Thuckalay,Tamilnadu,N,N,d
629664,Eraniel,Tamil Nadu,N,Y,d
629701,Azhagappapuram,Tamil Nadu,Y,Y,d
629702,Azhagappapuram,Tamil Nadu,Y,Y,d
629703,Azhagappapuram,Tamil Nadu,Y,Y,d
629704,Azhagappapuram,Tamil Nadu,Y,Y,d
629706,Nagercoil,Tamil Nadu,Y,Y,d
629707,Nagercoil,Tamil Nadu,Y,Y,d
629708,Nagercoil,Tamil Nadu,Y,Y,d
629720,Kovilpatti,Tamilnadu,N,N,d
629801,Thuckalay,Tamil Nadu,Y,Y,d
629802,Thuckalay,Tamil Nadu,Y,Y,d
629803,Thuckalay,Tamil Nadu,Y,Y,d
629804,Thuckalay,Tamil Nadu,Y,Y,d
629805,Thuckalay,Tamil Nadu,Y,Y,d
629806,Thuckalay,Tamil Nadu,Y,Y,d
629807,Nagercoil,Tamil Nadu,Y,Y,d
629808,Thuckalay,Tamil Nadu,Y,Y,d
629809,Thuckalay,Tamil Nadu,Y,Y,d
629810,Thuckalay,Tamil Nadu,Y,Y,d
629851,Nagercoil,Tamil Nadu,Y,Y,d
629852,Nagercoil,Tamil Nadu,Y,Y,d
629853,Kolar,Karnataka,N,N,d
629854,Kadukkarai,Tamil Nadu,N,Y,d
629855,Nagercoil,Tamil Nadu,Y,Y,d
629901,Nagercoil,Tamil Nadu,Y,Y,d
629902,Nagercoil,Tamil Nadu,Y,Y,d
630001,Karaikudi,Tamil Nadu,Y,Y,d
630002,Karaikudi,Tamil Nadu,Y,Y,d
630003,Karaikudi,Tamil Nadu,Y,Y,d
630004,Karaikudi,Tamil Nadu,Y,Y,d
630005,Karaikudi,Tamil Nadu,Y,Y,d
630006,Karaikudi,Tamil Nadu,Y,Y,d
630009,Karaikudi,Tamil Nadu,Y,Y,d
630010,Kadaladi,Tamilnadu,N,Y,d
630011,Thirumangalam,Tamilnadu,N,N,d
630021,Karaikudi,Tamil Nadu,N,N,d
630101,Karaikudi,Tamil Nadu,Y,Y,d
630102,Karaikudi,Tamil Nadu,Y,Y,d
630103,Karaikudi,Tamil Nadu,Y,Y,d
630104,Karaikudi,Tamil Nadu,Y,Y,d
630105,Karaikudi,Tamil Nadu,Y,Y,d
630106,Karaikudi,Tamil Nadu,Y,Y,d
630107,Karaikudi,Tamil Nadu,Y,Y,d
630108,Karaikudi,Tamil Nadu,Y,Y,d
630201,Ponnamaravathi,Tamil Nadu,Y,Y,d
630202,Karaikudi,Tamil Nadu,Y,Y,d
630203,Ponnamaravathi,Tamil Nadu,Y,Y,d
630204,Tirupattur,Tamil Nadu,Y,Y,d
630205,Tirupattur,Tamil Nadu,Y,Y,d
630206,Karaikudi,Tamil Nadu,Y,Y,d
630207,Karaikudi,Tamil Nadu,Y,Y,d
630208,Karaikudi,Tamil Nadu,Y,Y,d
630209,Karaikudi,Tamil Nadu,N,Y,d
630210,Ponnamaravathi,Tamil Nadu,Y,Y,d
630211,Tirupattur,Tamil Nadu,Y,Y,d
630212,Tirupattur,Tamil Nadu,Y,Y,d
630214,Karaikudi,Tamil Nadu,Y,Y,d
630215,Karaikudi,Tamil Nadu,Y,Y,d
630301,Karaikudi,Tamil Nadu,Y,Y,d
630302,Devakottai,Tamil Nadu,Y,Y,d
630303,Devakottai,Tamil Nadu,Y,Y,d
630304,Karaikudi,Tamil Nadu,N,N,d
630305,Karaikudi,Tamil Nadu,Y,Y,d
630306,Devakottai,Tamil Nadu,Y,Y,d
630307,Karaikudi,Tamil Nadu,Y,Y,d
630308,Manapparai,Tamil Nadu,N,N,d
630309,Ponnamaravathi,Tamil Nadu,Y,Y,d
630310,Karaikudi,Tamil Nadu,Y,Y,d
630311,Devakottai,Tamil Nadu,Y,Y,d
630312,Thiruvadanai,Tamil Nadu,Y,Y,d
630313,Karaikudi,Tamil Nadu,Y,Y,d
630314,Devakottai,Tamil Nadu,Y,Y,d
630315,Karaikudi,Tamil Nadu,N,N,d
630317,Karaikudi,Tamilnadu,N,Y,d
630318,Karaikudi,Tamil Nadu,Y,Y,d
630319,Karaikudi,Tamil Nadu,N,N,d
630321,Sivaganga,Tamil Nadu,Y,Y,d
630403,Ponnamaravathy,Tamil Nadu,Y,Y,d
630404,Pudukkottai,Tamil Nadu,N,N,d
630405,Ponnamaravathi,Tamil Nadu,Y,Y,d
630407,Paramakudi,Tamilnadu,N,Y,d
630408,Thiruvadanai,Tamil Nadu,Y,Y,d
630409,Sivagangai,Tamilnadu,N,Y,d
630410,Ponnamaravathi,Tamil Nadu,Y,Y,d
630411,Karaikudi,Tamil Nadu,Y,Y,d
630413,Pudukottai,Tamilnadu,N,N,d
630501,Ponnamaravathi,Tamil Nadu,Y,Y,d
630502,Ponnamaravathi,Tamil Nadu,Y,Y,d
630520,Sivaganga,Tamilnadu,N,N,d
630523,Sivaganga,Tamilnadu,N,N,d
630551,Sivaganga,Tamil Nadu,Y,Y,d
630552,Sivaganga,Tamil Nadu,Y,Y,d
630553,Sivaganga,Tamil Nadu,Y,Y,d
630554,Sivaganga,Tamil Nadu,Y,Y,d
630555,Sivaganga,Tamil Nadu,Y,Y,d
630556,Sivaganga,Tamil Nadu,Y,Y,d
630557,Sivaganga,Tamil Nadu,Y,Y,d
630558,Sivaganga,Tamil Nadu,Y,Y,d
630559,Sivaganga,Tamil Nadu,Y,Y,d
630560,Sivaganga,Tamil Nadu,Y,Y,d
630561,Sivaganga,Tamil Nadu,Y,Y,d
630562,Sivaganga,Tamil Nadu,Y,Y,d
630565,Sivaganga,Tamil Nadu,Y,Y,d
630566,Melur,Tamil Nadu,Y,Y,d
630601,Mana Madurai,Tamil Nadu,N,N,d
630602,Sivaganga,Tamil Nadu,Y,Y,d
630603,Amaravathiputhur,Tamil Nadu,Y,Y,d
630604,Mana Madurai,Tamil Nadu,N,N,d
630605,Sivagangai,Tamilnadu,N,Y,d
630606,Manamadurai,Tamil Nadu,Y,Y,d
630607,Manamadurai,Tamil Nadu,N,N,d
630608,Mana Madurai,Tamil Nadu,N,N,d
630609,Sivaganga,Tamil Nadu,Y,Y,d
630610,Sivaganga,Tamil Nadu,Y,Y,d
630611,Madurai,Tamil Nadu,Y,Y,d
630612,Madurai,Tamil Nadu,Y,Y,d
630613,Madurai,Tamil Nadu,N,N,d
630615,Vellore,Tamilnadu,N,N,d
630702,Paramakudi,Tamil Nadu,Y,Y,d
630709,Paramakudi,Tamil Nadu,Y,Y,d
630710,Paramakudi,Tamil Nadu,Y,Y,d
630713,Thiruvadanai,Tamil Nadu,Y,Y,d
631001,Arakkonam,Tamil Nadu,Y,Y,d
631002,Arakkonam,Tamil Nadu,Y,Y,d
631003,Arakkonam,Tamil Nadu,Y,Y,d
631004,Arakkonam,Tamil Nadu,Y,Y,d
631005,Arakkonam,Tamil Nadu,Y,Y,d
631006,Arakkonam,Tamil Nadu,Y,Y,d
631027,Sholinghur,Tamil Nadu,Y,Y,d
631051,Arakkonam,Tamil Nadu,Y,Y,d
631052,Arakkonam,Tamil Nadu,Y,Y,d
631053,Vellore,Tamil Nadu,N,Y,d
631057,Vellore,Tamil Nadu,N,Y,d
631060,Vellore,Tamil Nadu,N,Y,d
631061,Vellore,Tamil Nadu,N,Y,d
631101,Arakkonam,Tamil Nadu,Y,Y,d
631102,Sholinghur,Tamil Nadu,Y,Y,d
631104,Vellore,Tamil Nadu,N,Y,d
631105,Sriperumbudur,Tamil Nadu,Y,Y,d
631118,Vellore,Tamil Nadu,N,Y,d
631151,Arakkonam,Tamil Nadu,Y,Y,d
631152,Arakkonam,Tamil Nadu,Y,Y,d
631201,Arakkonam,Tamil Nadu,Y,Y,d
631202,Sholinghur,Tamil Nadu,Y,Y,d
631203,Tiruvallur,Tamil Nadu,Y,Y,d
631204,Arakkonam,Tamil Nadu,Y,Y,d
631205,Sholinghur,Tamil Nadu,Y,Y,d
631206,Sholinghur,Tamil Nadu,Y,Y,d
631207,Sholinghur,Tamil Nadu,Y,Y,d
631208,Sholinghur,Tamil Nadu,Y,Y,d
631209,Arakkonam,Tamil Nadu,Y,Y,d
631210,Arakkonam,Tamil Nadu,Y,Y,d
631211,Arakkonam,Tamil Nadu,Y,Y,d
631212,Arakkonam,Tamil Nadu,Y,Y,d
631213,Arakkonam,Tamil Nadu,Y,Y,d
631301,Sholinghur,Tamil Nadu,Y,Y,d
631302,Sholinghur,Tamil Nadu,Y,Y,d
631303,Sholinghur,Tamil Nadu,Y,Y,d
631304,Sholinghur,Tamil Nadu,Y,Y,d
631401,Sriperumbudur,Tamil Nadu,N,Y,d
631402,Sriperumbudur,Tamil Nadu,Y,Y,d
631404,Vellore,Tamil Nadu,N,Y,d
631501,Kanchipuram,Tamil Nadu,Y,Y,d
631502,Kanchipuram,Tamil Nadu,Y,Y,d
631503,Kanchipuram,Tamil Nadu,Y,Y,d
631505,Chengalpet,Tamil Nadu,N,Y,d
631551,Kanchipuram,Tamil Nadu,Y,Y,d
631552,Kanchipuram,Tamil Nadu,Y,Y,d
631553,Kanchipuram,Tamil Nadu,Y,Y,d
631561,Kanchipuram,Tamil Nadu,Y,Y,d
631601,Kanchipuram,Tamil Nadu,Y,Y,d
631602,Kanchipuram,Tamil Nadu,Y,Y,d
631603,Kanchipuram,Tamil Nadu,Y,Y,d
631604,Sriperumbudur,Tamil Nadu,Y,Y,d
631605,Kanchipuram,Tamil Nadu,Y,Y,d
631606,Chengalpattu,Tamil Nadu,Y,Y,d
631609,Tiruvallur,Tamil Nadu,N,Y,d
631654,Sriperumbudur,Tamilnadu,N,N,d
631701,Cheyyar,Tamil Nadu,Y,Y,d
631702,Kanchipuram,Tamil Nadu,Y,Y,d
631703,Kanchipuram,Tamil Nadu,Y,Y,d
631704,Kanchipuram,Tamilnadu,N,N,d
632001,Vellore,Tamil Nadu,Y,Y,d
632002,Vellore,Tamil Nadu,Y,Y,d
632003,Vellore,Tamil Nadu,Y,Y,d
632004,Vellore,Tamil Nadu,Y,Y,d
632005,Vellore,Tamil Nadu,Y,Y,d
632006,Kadpadi,Tamil Nadu,Y,Y,d
632007,Kadpadi,Tamil Nadu,Y,Y,d
632008,Vellore,Tamil Nadu,Y,Y,d
632009,Kadpadi,Tamil Nadu,Y,Y,d
632010,Vellore,Tamil Nadu,Y,Y,d
632011,Vellore,Tamil Nadu,Y,Y,d
632012,Vellore,Tamil Nadu,Y,Y,d
632013,Vellore,Tamil Nadu,Y,Y,d
632014,Kadpadi,Tamil Nadu,Y,Y,d
632051,Vellore,Tamil Nadu,N,Y,d
632052,Vellore,Tamil Nadu,Y,Y,d
632053,Vellore,Tamil Nadu,N,Y,d
632054,Vellore,Tamil Nadu,N,Y,d
632055,Vellore,Tamil Nadu,Y,Y,d
632057,Vellore,Tamil Nadu,Y,Y,d
632058,Vellore,Tamil Nadu,Y,Y,d
632059,Kadpadi,Tamil Nadu,Y,Y,d
632101,Gudiyattam,Tamil Nadu,Y,Y,d
632102,Vellore,Tamil Nadu,Y,Y,d
632103,Gudiyattam,Tamil Nadu,Y,Y,d
632104,Vellore,Tamil Nadu,Y,Y,d
632105,Vellore,Tamil Nadu,Y,Y,d
632106,Kadpadi,Tamil Nadu,Y,Y,d
632107,Gudiyattam,Tamil Nadu,Y,Y,d
632108,Vellore,Tamil Nadu,N,Y,d
632109,Vellore,Tamil Nadu,N,Y,d
632110,Vellore,Tamil Nadu,N,Y,d
632112,Vellore,Tamil Nadu,N,N,d
632113,Vellore,Tamil Nadu,Y,Y,d
632114,Vellore,Tamil Nadu,Y,Y,d
632115,Kadpadi,Tamil Nadu,Y,Y,d
632116,Ramanathapuram,Tamilnadu,N,Y,d
632122,Rajapalayam,Tamil Nadu,Y,Y,d
632201,Gudiyattam,Tamil Nadu,Y,Y,d
632202,Kadpadi,Tamil Nadu,Y,Y,d
632203,Gudiyattam,Tamil Nadu,Y,Y,d
632204,Kadpadi,Tamil Nadu,Y,Y,d
632205,Vellore,Tamil Nadu,N,Y,d
632206,Vellore,Tamil Nadu,N,Y,d
632207,Gudiyattam,Tamil Nadu,Y,Y,d
632208,Vellore,Tamil Nadu,N,Y,d
632209,Gudiyattam,Tamil Nadu,Y,Y,d
632211,Vellore,Tamil Nadu,N,Y,d
632218,Vellore,Tamil Nadu,N,N,d
632234,Vellore,Tamil Nadu,N,N,d
632301,Arani,Tamil Nadu,Y,Y,d
632302,Arani,Tamilnadu,N,N,d
632304,Arani,Tamilnadu,N,N,d
632305,Arani,Tamilnadu,N,N,d
632306,Arani,Tamilnadu,N,N,d
632307,Arani,Tamilnadu,N,N,d
632308,Arani,Tamilnadu,N,N,d
632309,Arani,Tamilnadu,N,N,d
632310,Arani,Tamilnadu,N,N,d
632311,Arani,Tamil Nadu,Y,Y,d
632312,Arani,Tamil Nadu,Y,Y,d
632313,Arani,Tamil Nadu,Y,Y,d
632314,Arani,Tamil Nadu,Y,Y,d
632315,Arani,Tamil Nadu,Y,Y,d
632316,Arani,Tamil Nadu,Y,Y,d
632317,Arani,Tamil Nadu,Y,Y,d
632318,Arani,Tamil Nadu,Y,Y,d
632319,Arani,Tamil Nadu,Y,Y,d
632320,Rajapalayam,Tamil Nadu,Y,Y,d
632321,Arni,Tamil Nadu,N,N,d
632322,Vellore,Tamil Nadu,N,Y,d
632323,Vellore,Tamil Nadu,N,Y,d
632324,Vellore,Tamil Nadu,N,Y,d
632325,Vellore,Tamil Nadu,N,Y,d
632326,Arani,Tamil Nadu,Y,Y,d
632401,Ranipet,Tamil Nadu,Y,Y,d
632402,Ranipet,Tamil Nadu,Y,Y,d
632403,Ranipet,Tamil Nadu,Y,Y,d
632404,Ranipet,Tamil Nadu,Y,Y,d
632405,Ranipet,Tamil Nadu,Y,Y,d
632406,Ranipet,Tamil Nadu,Y,Y,d
632408,Ranipet,Tamilnadu,N,Y,d
632416,Ranipet,Tamilnadu,N,Y,d
632442,Ranipet,Tamilnadu,N,Y,d
632501,Ranipet,Tamil Nadu,Y,Y,d
632502,Arakkonam,Tamil Nadu,Y,Y,d
632503,Ranipet,Tamil Nadu,Y,Y,d
632504,Arani,Tamil Nadu,Y,Y,d
632505,Sholinghur,Tamil Nadu,Y,Y,d
632506,Ranipet,Tamil Nadu,Y,Y,d
632507,Ranipet,Tamil Nadu,Y,Y,d
632508,Ranipet,Tamil Nadu,Y,Y,d
632509,Ranipet,Tamil Nadu,Y,Y,d
632510,Arakkonam,Tamil Nadu,Y,Y,d
632511,Cheyyar,Tamil Nadu,Y,Y,d
632512,Ranipet,Tamil Nadu,Y,Y,d
632513,Ranipet,Tamil Nadu,Y,Y,d
632514,Sholinghur,Tamil Nadu,Y,Y,d
632515,Ranipet,Tamil Nadu,Y,Y,d
632516,Kadpadi,Tamil Nadu,Y,Y,d
632517,Kadpadi,Tamil Nadu,Y,Y,d
632518,Arani,Tamil Nadu,Y,Y,d
632519,Kadpadi,Tamil Nadu,Y,Y,d
632520,Ranipet,Tamil Nadu,Y,Y,d
632521,Ranipet,Tamil Nadu,Y,Y,d
632522,Vellore,Tamil Nadu,N,Y,d
632523,Ranipet,Tamil Nadu,N,Y,d
632524,Vellore,Tamil Nadu,N,Y,d
632525,Vellore,Tamil Nadu,N,Y,d
632526,Rameswaram,Tamil Nadu,Y,Y,d
632527,Cheyyar,Tamil Nadu,N,Y,d
632528,Vellore,Tamil Nadu,N,Y,d
632529,Vellore,Tamil Nadu,N,Y,d
632530,Vellore,Tamil Nadu,N,Y,d
632531,Arakkonam,Tamil Nadu,Y,Y,d
632601,Gudiyattam,Tamil Nadu,Y,Y,d
632602,Gudiyattam,Tamil Nadu,Y,Y,d
632603,Gudiyattam,Tamil Nadu,Y,Y,d
632604,Gudiyattam,Tamil Nadu,Y,Y,d
632605,Gudiyattam,Tamil Nadu,Y,Y,d
632606,Ambur,Tamil Nadu,Y,Y,d
632607,Vellore,Tamil Nadu,N,Y,d
632608,Gudiyattam,Tamil Nadu,Y,Y,d
632616,Ranipet,Tamilnadu,N,N,d
632631,Ranipet,Tamil Nadu,N,Y,d
632751,Vaniyambadi,Tamilnadu,N,N,d
632754,Vaniyambadi,Tamilnadu,N,N,d
632802,Gudiyattam,Tamilnadu,N,N,d
632903,Arni,Tamil Nadu,N,N,d
632906,Arni,Tamil Nadu,N,N,d
634504,Arani,Tamilnadu,N,N,d
635001,Krishnagiri,Tamil Nadu,Y,Y,d
635002,Krishnagiri,Tamil Nadu,Y,Y,d
635012,Krishnagiri,Tamilnadu,N,N,d
635101,Krishnagiri,Tamil Nadu,Y,Y,d
635102,Denkanikottai,Tamil Nadu,Y,Y,d
635103,Hosur,Tamil Nadu,Y,Y,d
635104,Krishnagiri,Tamil Nadu,Y,Y,d
635105,Hosur,Tamil Nadu,Y,Y,d
635106,Krishnagiri,Tamil Nadu,Y,Y,d
635107,Denkanikottai,Tamil Nadu,Y,Y,d
635108,Krishnagiri,Tamil Nadu,Y,Y,d
635109,Hosur,Tamil Nadu,Y,Y,d
635110,Hosur,Tamil Nadu,Y,Y,d
635111,Krishnagiri,Tamil Nadu,Y,Y,d
635112,Krishnagiri,Tamil Nadu,Y,Y,d
635113,Denkanikottai,Tamil Nadu,Y,Y,d
635114,Hosur,Tamil Nadu,Y,Y,d
635115,Krishnagiri,Tamil Nadu,Y,Y,d
635116,Hosur,Tamil Nadu,Y,Y,d
635117,Hosur,Tamil Nadu,Y,Y,d
635118,Denkanikottai,Tamil Nadu,Y,Y,d
635119,Hosur,Tamil Nadu,Y,Y,d
635120,Krishnagiri,Tamil Nadu,Y,Y,d
635121,KRISHNAGIRI,Tamil Nadu,Y,Y,d
635122,Krishnagiri,Tamil Nadu,Y,Y,d
635123,Uthangarai,Tamil Nadu,Y,Y,d
635124,Hosur,Tamil Nadu,Y,Y,d
635125,Hosur,Tamil Nadu,Y,Y,d
635126,Hosur,Tamil Nadu,Y,Y,d
635127,Dharmapuri,Tamil Nadu,N,Y,d
635128,Krishnagiri,Tamil Nadu,Y,Y,d
635129,Krishnagiri,Tamil Nadu,N,N,d
635130,Hosur,Tamil Nadu,Y,Y,d
635131,Dharmapuri,Tamil Nadu,N,Y,d
635132,Dharmapuri,Tamil Nadu,N,Y,d
635133,Dharmapuri,Tamil Nadu,N,Y,d
635134,Dharmapuri,Tamil Nadu,N,Y,d
635135,Hosur,Tamil Nadu,N,N,d
635136,Dharmapuri,Tamil Nadu,N,Y,d
635137,Dharmapuri,Tamil Nadu,N,Y,d
635138,Dharmapuri,Tamil Nadu,N,Y,d
635139,Dharmapuri,Tamil Nadu,N,Y,d
635140,Dharmapuri,Tamil Nadu,N,Y,d
635141,Dharmapuri,Tamil Nadu,N,Y,d
635201,Uthangarai,Tamil Nadu,Y,Y,d
635202,Dharmapuri,Tamil Nadu,Y,Y,d
635203,Krishnagiri,Tamil Nadu,Y,Y,d
635204,Krishnagiri,Tamil Nadu,Y,Y,d
635205,Dharmapuri,Tamil Nadu,Y,Y,d
635206,Uthangarai,Tamil Nadu,Y,Y,d
635207,Uthangarai,Tamil Nadu,Y,Y,d
635208,Gopichettipalyam,Tamil Nadu,N,Y,d
635209,Uthangarai,Tamil Nadu,Y,Y,d
635210,Krishnagiri,Tamil Nadu,N,Y,d
635211,Krishnagiri,Tamil Nadu,Y,Y,d
635212,Gopichettipalyam,Tamil Nadu,N,Y,d
635254,Krishnagiri,Tamilnadu,N,N,d
635301,Dharmapuri,Tamil Nadu,Y,Y,d
635302,Harur,Tamil Nadu,Y,Y,d
635303,Harur,Tamil Nadu,Y,Y,d
635304,Uthangarai,Tamil Nadu,Y,Y,d
635305,Harur,Tamil Nadu,Y,Y,d
635306,Uthangarai,Tamil Nadu,Y,Y,d
635307,Uthangarai,Tamil Nadu,Y,Y,d
635308,Gopichettipalyam,Tamil Nadu,N,Y,d
635309,Dharmapuri,Tamil Nadu,N,Y,d
635310,Dharmapuri,Tamil Nadu,N,Y,d
635311,Dharmapuri,Tamil Nadu,N,Y,d
635312,Kannur,Tamil Nadu,N,N,d
635313,Bommidi,Tamilnadu,N,Y,d
635528,Bodinayakanur,Tamil Nadu,N,Y,d
635601,Tiruppattur,Tamil Nadu,Y,Y,d
635602,Tiruppattur,Tamil Nadu,Y,Y,d
635611,Dharmapuri,Tamil Nadu,N,Y,d
635635,Tirupattur,Tamil Nadu,N,N,d
635651,Tiruppattur,Tamil Nadu,Y,Y,d
635652,Tiruppattur,Tamil Nadu,Y,Y,d
635653,Tiruppattur,Tamil Nadu,Y,Y,d
635654,Tiruppattur,Tamil Nadu,Y,Y,d
635655,Uthangarai,Tamil Nadu,Y,Y,d
635656,Tirupattur,Tamil Nadu,N,N,d
635657,Krishnagiri,Tamil Nadu,N,N,d
635659,Dharmapuri,Tamil Nadu,N,Y,d
635660,Tirupattur,Tamil Nadu,N,N,d
635661,Tirupattur,Tamil Nadu,N,N,d
635662,Tirupattur,Tamil Nadu,N,N,d
635701,Tiruppattur,Tamil Nadu,Y,Y,d
635702,Tiruppattur,Tamil Nadu,Y,Y,d
635703,Polur,Tamil Nadu,Y,Y,d
635704,Uthangarai,Tamilnadu,N,N,d
635705,Tirupattur,Tamil Nadu,N,N,d
635706,Tirupattur,Tamil Nadu,N,N,d
635707,Chennai,Tamilnadu,N,N,d
635708,Dharmapuri,Tamil Nadu,N,Y,d
635709,Dharmapuri,Tamil Nadu,N,Y,d
635710,Tiruppattur,Tamil Nadu,Y,Y,d
635751,Ambur,Tamil Nadu,Y,Y,d
635752,Ambur,Tamil Nadu,Y,Y,d
635753,Ambur,Tamil Nadu,Y,Y,d
635754,Ambur,Tamil Nadu,Y,Y,d
635755,Dharmapuri,Tamil Nadu,N,Y,d
635756,Vellore,Tamil Nadu,N,Y,d
635757,Dharmapuri,Tamil Nadu,N,Y,d
635758,Dharmapuri,Tamil Nadu,N,Y,d
635801,Ambur,Tamil Nadu,Y,Y,d
635802,Ambur,Tamil Nadu,Y,Y,d
635803,Gudiyattam,Tamil Nadu,Y,Y,d
635804,Gudiyattam,Tamil Nadu,Y,Y,d
635805,Ambur,Tamil Nadu,Y,Y,d
635806,Gudiyattam,Tamil Nadu,Y,Y,d
635807,Ambur,Tamil Nadu,Y,Y,d
635808,Ambur,Tamil Nadu,Y,Y,d
635809,Gudiyattam,Tamil Nadu,Y,Y,d
635810,Gudiyattam,Tamil Nadu,Y,Y,d
635811,Ambur,Tamil Nadu,Y,Y,d
635812,Ambur,Tamil Nadu,Y,Y,d
635813,Gudiyattam,Tamil Nadu,Y,Y,d
635814,Ambur,Tamil Nadu,Y,Y,d
635815,Ambur,Tamil Nadu,Y,Y,d
635816,Dharmapuri,Tamil Nadu,N,Y,d
635817,Dharmapuri,Tamil Nadu,N,Y,d
635818,Gudiyattam,Tamil Nadu,Y,Y,d
635819,Ambur,Tamil Nadu,Y,Y,d
635820,Tirupattur,Tamil Nadu,N,N,d
635821,Dharmapuri,Tamil Nadu,N,Y,d
635823,Dharmapuri,Tamil Nadu,N,Y,d
635824,Krishnagiri,Tamil Nadu,N,Y,d
635825,Krishnagiri,Tamil Nadu,N,Y,d
635826,Dharmapuri,Tamil Nadu,N,Y,d
635851,Tiruppattur,Tamil Nadu,Y,Y,d
635852,Tiruppattur,Tamil Nadu,Y,Y,d
635853,Tiruppattur,Tamil Nadu,N,Y,d
635854,Tiruppattur,Tamil Nadu,Y,Y,d
635855,Dharmapuri,Tamil Nadu,N,Y,d
635856,Vellore,Tamil Nadu,N,Y,d
635857,Krishnagiri,Tamil Nadu,N,Y,d
635901,Tiruppattur,Tamil Nadu,Y,Y,d
636001,Salem,Tamil Nadu,Y,Y,d
636002,Salem,Tamil Nadu,Y,Y,d
636003,Salem,Tamil Nadu,Y,Y,d
636004,Salem,Tamil Nadu,Y,Y,d
636005,Salem,Tamil Nadu,Y,Y,d
636006,Salem,Tamil Nadu,Y,Y,d
636007,Salem,Tamil Nadu,Y,Y,d
636008,Salem,Tamil Nadu,Y,Y,d
636009,Salem,Tamil Nadu,Y,Y,d
636010,Salem,Tamil Nadu,Y,Y,d
636011,Omalur,Tamil Nadu,Y,Y,d
636012,Omalur,Tamil Nadu,Y,Y,d
636013,Omalur,Tamil Nadu,Y,Y,d
636014,Salem,Tamil Nadu,Y,Y,d
636015,Salem,Tamil Nadu,Y,Y,d
636016,Salem,Tamil Nadu,Y,Y,d
636017,Salem,Tamil Nadu,Y,Y,d
636030,Omalur,Tamil Nadu,Y,Y,d
636063,Salem,Tamil Nadu,N,N,d
636101,Chinnasalem,Tamil Nadu,Y,Y,d
636102,Attur,Tamil Nadu,Y,Y,d
636103,Salem,Tamil Nadu,Y,Y,d
636104,Attur,Tamil Nadu,Y,Y,d
636105,Attur,Tamil Nadu,Y,Y,d
636106,Salem,Tamil Nadu,Y,Y,d
636107,Attur,Tamil Nadu,Y,Y,d
636108,Attur,Tamil Nadu,Y,Y,d
636109,Attur,Tamil Nadu,Y,Y,d
636110,ATTUR,Tamil Nadu,N,Y,d
636111,Mettala,Tamil Nadu,Y,Y,d
636112,Chinnasalem,Tamil Nadu,Y,Y,d
636113,Mettala,Tamil Nadu,Y,Y,d
636114,VALAPADY,Tamil Nadu,Y,Y,d
636115,Attur,Tamil Nadu,Y,Y,d
636116,Chinnasalem,Tamil Nadu,Y,Y,d
636117,Attur,Tamil Nadu,Y,Y,d
636118,Mettala,Tamil Nadu,Y,Y,d
636119,Attur,Tamil Nadu,Y,Y,d
636121,Attur,Tamil Nadu,Y,Y,d
636122,Salem,Tamil Nadu,Y,Y,d
636124,Attur,Tamilnadu,N,Y,d
636130,Attur,Tamilnadu,N,Y,d
636137,Mettur,Tamil Nadu,N,Y,d
636138,VALAPADY,Tamil Nadu,N,Y,d
636139,Salem,Tamil Nadu,Y,Y,d
636140,Salem,Tamil Nadu,Y,Y,d
636141,Attur,Tamil Nadu,Y,Y,d
636142,Mettala,Tamil Nadu,Y,Y,d
636201,Salem,Tamil Nadu,Y,Y,d
636202,Mettala,Tamil Nadu,Y,Y,d
636203,Salem,Tamil Nadu,Y,Y,d
636204,Salem,Tamil Nadu,Y,Y,d
636205,Salem,Tamilnadu,N,N,d
636301,Rasipuram,Tamil Nadu,Y,Y,d
636302,Omalur,Tamil Nadu,Y,Y,d
636303,Mettur,Tamil Nadu,Y,Y,d
636304,Omalur,Tamil Nadu,Y,Y,d
636305,Dharmapuri,Tamil Nadu,Y,Y,d
636306,Omalur,Tamil Nadu,Y,Y,d
636307,Salem,Tamil Nadu,Y,Y,d
636308,Salem,Tamil Nadu,Y,Y,d
636309,Omalur,Tamil Nadu,Y,Y,d
636315,Salem,Tamilnadu,N,N,d
636316,Tirupur,Tamil Nadu,N,N,d
636318,Tirupur,Tamil Nadu,Y,Y,d
636319,Salem,Tamil Nadu,N,N,d
636321,Mettur Dam,Tamilnadu,N,N,d
636351,Dharmapuri,Tamil Nadu,Y,Y,d
636352,Dharmapuri,Tamil Nadu,Y,Y,d
636354,Dharmapuri,Tamil Nadu,Y,Y,d
636361,Salem,Tamilnadu,N,N,d
636400,Omalur,Tamilnadu,N,Y,d
636401,Mettur,Tamil Nadu,Y,Y,d
636402,Mettur,Tamil Nadu,Y,Y,d
636403,Mettur,Tamil Nadu,Y,Y,d
636404,Mettur,Tamil Nadu,Y,Y,d
636406,Mettur,Tamil Nadu,Y,Y,d
636407,Rasipuram,Tamil Nadu,Y,Y,d
636451,Mettur,Tamil Nadu,Y,Y,d
636452,Mettur,Tamil Nadu,Y,Y,d
636453,Mettur,Tamil Nadu,Y,Y,d
636454,Mettur,Tamil Nadu,Y,Y,d
636455,Omalur,Tamil Nadu,Y,Y,d
636456,Mettur,Tamil Nadu,Y,Y,d
636457,Mettur,Tamil Nadu,Y,Y,d
636458,Mettur,Tamil Nadu,Y,Y,d
636462,Mettur,Tamil Nadu,N,Y,d
636463,Mettur,Tamil Nadu,N,Y,d
636499,Nangavalli,Tamil Nadu,N,Y,d
636501,Mettur,Tamil Nadu,Y,Y,d
636502,Omalur,Tamil Nadu,Y,Y,d
636503,Mettur,Tamil Nadu,Y,Y,d
636504,SALEM,Tamil Nadu,N,Y,d
636505,OMALUR,Tamil Nadu,N,N,d
636601,Salem,Tamil Nadu,Y,Y,d
636602,Salem,Tamil Nadu,Y,Y,d
636604,Mettur,Tamil Nadu,N,Y,d
636701,Dharmapuri,Tamil Nadu,Y,Y,d
636702,Dharmapuri,Tamil Nadu,Y,Y,d
636703,Dharmapuri,Tamil Nadu,Y,Y,d
636704,Dharmapuri,Tamil Nadu,Y,Y,d
636705,Dharmapuri,Tamil Nadu,Y,Y,d
636706,Dharmapuri,Tamil Nadu,N,N,d
636751,Dharmapuri,Tamil Nadu,N,Y,d
636801,Palakodu,Tamilnadu,N,Y,d
636802,Dharmapuri,Tamil Nadu,N,Y,d
636803,Dharmapuri,Tamil Nadu,Y,Y,d
636804,Dharmapuri,Tamil Nadu,Y,Y,d
636805,Palacode,Tamil Nadu,Y,Y,d
636806,Palacode,Tamil Nadu,Y,Y,d
636807,Dharmapuri,Tamil Nadu,Y,Y,d
636808,Palacode,Tamil Nadu,Y,Y,d
636809,Palacode,Tamil Nadu,Y,Y,d
636810,Pennagaram,Tamil Nadu,Y,Y,d
636811,Pennagaram,Tamil Nadu,Y,Y,d
636812,Denkanikottai,Tamil Nadu,Y,Y,d
636813,Pennagaram,Tamil Nadu,Y,Y,d
636815,Madurai,Tamil Nadu,N,Y,d
636816,Dharmapuri,Tamil Nadu,N,Y,d
636821,Dharmapuri,Tamil Nadu,N,Y,d
636902,Uthangarai,Tamil Nadu,Y,Y,d
636903,Harur,Tamil Nadu,Y,Y,d
636904,Harur,Tamil Nadu,Y,Y,d
636905,Harur,Tamil Nadu,Y,Y,d
636906,Harur,Tamil Nadu,Y,Y,d
636907,#REF!,#REF!,N,N,d
636908,Salem,Tamil Nadu,Y,Y,d
636915,Thalanatham,Tamil Nadu,N,Y,d
637001,Namakkal,Tamil Nadu,Y,Y,d
637002,Namakkal,Tamil Nadu,Y,Y,d
637003,Namakkal,Tamil Nadu,Y,Y,d
637004,Namakkal,Tamil Nadu,N,N,d
637005,Namakkal,Tamil Nadu,N,N,d
637013,Namakkal,Tamil Nadu,Y,Y,d
637014,Namakkal,Tamil Nadu,Y,Y,d
637015,Namakkal,Tamil Nadu,Y,Y,d
637017,Namakkal,Tamil Nadu,Y,Y,d
637018,Rasipuram,Tamil Nadu,Y,Y,d
637019,Namakkal,Tamil Nadu,Y,Y,d
637020,Namakkal,Tamil Nadu,Y,Y,d
637021,Namakkal,Tamil Nadu,Y,Y,d
637023,Rasipuram,Tamil Nadu,N,N,d
637024,Namakkal,Tamil Nadu,N,Y,d
637026,Namakkal,Tamil Nadu,N,Y,d
637101,Sankari,Tamil Nadu,Y,Y,d
637102,Sankari,Tamil Nadu,Y,Y,d
637103,Sankari,Tamil Nadu,Y,Y,d
637104,Sankari,Tamil Nadu,Y,Y,d
637105,Sankari,Tamil Nadu,Y,Y,d
637107,Sankari,Tamil Nadu,Y,Y,d
637109,Dharmapuri,Tamil Nadu,N,Y,d
637127,Namakkal,Tamilnadu,N,N,d
637152,Karur,Tamilnadu,N,N,d
637201,Tiruchengode,Tamil Nadu,Y,Y,d
637202,Tiruchengode,Tamil Nadu,Y,Y,d
637203,Tiruchengode,Tamil Nadu,Y,Y,d
637204,Velur,Tamil Nadu,Y,Y,d
637205,Tiruchengode,Tamil Nadu,Y,Y,d
637206,Namakkal,Tamil Nadu,Y,Y,d
637207,Namakkal,Tamil Nadu,Y,Y,d
637208,Velur,Tamil Nadu,Y,Y,d
637209,Tiruchengode,Tamil Nadu,Y,Y,d
637210,Tiruchengode,Tamil Nadu,Y,Y,d
637211,Tiruchengode,Tamil Nadu,Y,Y,d
637212,Namakkal,Tamil Nadu,Y,Y,d
637213,Velur,Tamil Nadu,Y,Y,d
637214,Tiruchengode,Tamil Nadu,Y,Y,d
637215,Tiruchengode,Tamil Nadu,Y,Y,d
637216,#REF!,#REF!,N,N,d
637217,Tiruchengode,Tamil Nadu,N,Y,d
637219,Salem,Tamilnadu,N,N,d
637301,Sankari,Tamil Nadu,Y,Y,d
637302,Sankari,Tamil Nadu,Y,Y,d
637303,Sankari,Tamil Nadu,Y,Y,d
637304,Tiruchengode,Tamil Nadu,Y,Y,d
637306,Tiruchengode,Tamil Nadu,Y,Y,d
637307,Salem,Tamilnadu,N,N,d
637401,Rasipuram,Tamil Nadu,Y,Y,d
637402,Rasipuram,Tamil Nadu,Y,Y,d
637403,Rasipuram,Tamil Nadu,Y,Y,d
637404,Namakkal,Tamil Nadu,Y,Y,d
637405,Namakkal,Tamil Nadu,Y,Y,d
637406,Rasipuram,Tamil Nadu,Y,Y,d
637407,Rasipuram,Tamil Nadu,Y,Y,d
637408,Rasipuram,Tamil Nadu,Y,Y,d
637409,Namakkal,Tamil Nadu,Y,Y,d
637410,Rasipuram,Tamil Nadu,Y,Y,d
637411,Thuraiyur,Tamil Nadu,N,Y,d
637412,Rasipuram,Tamil Nadu,Y,Y,d
637413,Rasipuram,Tamil Nadu,N,N,d
637415,Namakkal,Tamil Nadu,Y,Y,d
637416,Rasipuram,Tamil Nadu,N,N,d
637417,Namakkal,Tamil Nadu,N,N,d
637418,Namakkal,Tamil Nadu,N,Y,d
637420,Namakkal,Tamil Nadu,N,N,d
637422,Salem,Tamilnadu,N,N,d
637423,Salem,Tamilnadu,N,N,d
637501,Tiruchengode,Tamil Nadu,Y,Y,d
637502,Salem,Tamil Nadu,Y,Y,d
637503,Tiruchengode,Tamil Nadu,Y,Y,d
637504,Sankari,Tamil Nadu,Y,Y,d
637505,Rasipuram,Tamil Nadu,Y,Y,d
637507,Salem,Tamilnadu,N,N,d
637508,Salem,Tamil Nadu,N,N,d
637679,Dharapuram,Tamilnadu,N,N,d
638001,Erode,Tamil Nadu,Y,Y,d
638002,Erode,Tamil Nadu,Y,Y,d
638003,Erode,Tamil Nadu,Y,Y,d
638004,Erode,Tamil Nadu,Y,Y,d
638005,Erode,Tamil Nadu,Y,Y,d
638006,Erode,Tamil Nadu,Y,Y,d
638007,Erode,Tamil Nadu,Y,Y,d
638008,Erode,Tamil Nadu,Y,Y,d
638009,Erode,Tamil Nadu,Y,Y,d
638010,Erode,Tamil Nadu,Y,Y,d
638011,Erode,Tamil Nadu,Y,Y,d
638012,Erode,Tamil Nadu,Y,Y,d
638031,Erode,Tamil Nadu,N,N,d
638051,KANGEYAM,Tamil Nadu,Y,Y,d
638052,Erode,Tamil Nadu,Y,Y,d
638053,SALEM,Tamil Nadu,Y,Y,d
638054,Kunnathur,Tamil Nadu,Y,Y,d
638055,Kunnathur,Tamil Nadu,Y,Y,d
638056,VIJAYAMANGALAM,Tamil Nadu,Y,Y,d
638057,SALEM,Tamil Nadu,Y,Y,d
638058,Erode,Tamil Nadu,Y,Y,d
638059,Gopichettipalyam,Tamil Nadu,Y,Y,d
638060,Perundurai,Tamil Nadu,Y,Y,d
638083,Thiruchengodu,Tamilnadu,N,N,d
638101,Erode,Tamil Nadu,Y,Y,d
638102,Erode,Tamil Nadu,Y,Y,d
638103,Kunnathur,Tamil Nadu,Y,Y,d
638104,Erode,Tamil Nadu,Y,Y,d
638105,Kodumudi,Tamil Nadu,Y,Y,d
638106,Dharapuram,Tamil Nadu,Y,Y,d
638107,Erode,Tamil Nadu,Y,Y,d
638108,Kangeyam,Tamil Nadu,Y,Y,d
638109,Kodumudi,Tamil Nadu,Y,Y,d
638110,Erode,Tamil Nadu,Y,Y,d
638111,Kangeyam,Tamil Nadu,Y,Y,d
638112,ARACHALUR,Tamil Nadu,Y,Y,d
638113,Erode,Tamil Nadu,Y,Y,d
638115,Erode,Tamil Nadu,Y,Y,d
638116,Kunnathur,Tamil Nadu,Y,Y,d
638117,Gopichettipalyam,Tamil Nadu,Y,Y,d
638118,Erode,Tamil Nadu,N,N,d
638119,Arachalur,Tamil Nadu,N,Y,d
638121,Arachalur,Tamil Nadu,N,Y,d
638129,Vadipatti,Tamil Nadu,N,N,d
638130,Erode,Tamil Nadu,N,Y,d
638151,Kodumudi,Tamil Nadu,Y,Y,d
638152,Kodumudi,Tamil Nadu,Y,Y,d
638153,Erode,Tamil Nadu,Y,Y,d
638154,Erode,Tamil Nadu,Y,Y,d
638181,Velur,Tamil Nadu,Y,Y,d
638182,Velur,Tamil Nadu,Y,Y,d
638183,Erode,Tamil Nadu,Y,Y,d
638201,Pollachi,Tamilnadu,N,Y,d
638202,Tirupur,Tamil Nadu,Y,Y,d
638203,Tirupur,Tamil Nadu,N,N,d
638204,Udumalpet,Tamil Nadu,N,Y,d
638205,Madurai,Tamil Nadu,N,N,d
638206,Pollachi,Tamil Nadu,N,N,d
638207,Gopichettipalyam,Tamil Nadu,Y,Y,d
638211,Tiruchengode,Tamil Nadu,Y,Y,d
638215,Udumalpet,Tamilnadu,N,N,d
638301,Anthiyour,Tamil Nadu,Y,Y,d
638302,Anthiyour,Tamil Nadu,Y,Y,d
638303,Erode,Tamilnadu,N,N,d
638307,Bhavani,Tamilnadu,N,Y,d
638308,Bhavani,Tamilnadu,N,Y,d
638311,Anthiyour,Tamil Nadu,Y,Y,d
638312,Anthiyour,Tamil Nadu,Y,Y,d
638313,Erode,Tamil Nadu,Y,Y,d
638314,Anthiyour,Tamil Nadu,Y,Y,d
638315,Anthiyour,Tamil Nadu,Y,Y,d
638316,Erode,Tamil Nadu,Y,Y,d
638319,Gopichettipalyam,Tamil Nadu,Y,Y,d
638324,Anthiyur,Tamil Nadu,N,Y,d
638327,Erode,Tamil Nadu,Y,Y,d
638328,Mettur,Tamil Nadu,N,Y,d
638401,Sathyamangalam,Tamil Nadu,Y,Y,d
638402,Sathyamangalam,Tamil Nadu,Y,Y,d
638403,Palladam,Tamil Nadu,Y,Y,d
638404,Sathyamangalam,Tamil Nadu,N,Y,d
638405,Sathiyamangalam,Tamilnadu,N,N,d
638406,Gopichettipalyam,Tamil Nadu,Y,Y,d
638450,Gobichettypalyam,Tamil Nadu,N,N,d
638451,Sathyamangalam,Tamil Nadu,Y,Y,d
638452,Erode,Tamil Nadu,Y,Y,d
638453,Erode,Tamil Nadu,Y,Y,d
638454,Sathyamangalam,Tamil Nadu,Y,Y,d
638455,Erode,Tamil Nadu,Y,Y,d
638456,Erode,Tamil Nadu,Y,Y,d
638457,Erode,Tamil Nadu,Y,Y,d
638458,Erode,Tamil Nadu,Y,Y,d
638459,Sathyamangalam,Tamil Nadu,Y,Y,d
638460,Avinashi,Tamil Nadu,Y,Y,d
638461,Thalavadi,Tamil Nadu,Y,Y,d
638462,Sathyamangalam,Tamil Nadu,Y,Y,d
638466,Mettupalayam,Tamil Nadu,Y,Y,d
638469,Gopichettipalyam,Tamil Nadu,Y,Y,d
638471,Anthiyur,Tamil Nadu,N,Y,d
638472,Gobichetipalayam,Tamilnadu,N,N,d
638475,Gobichetipalayam,Tamilnadu,N,N,d
638476,Erode,Tamil Nadu,Y,Y,d
638501,Anthiyour,Tamil Nadu,Y,Y,d
638502,Anthiyour,Tamil Nadu,Y,Y,d
638503,Sathyamangalam,Tamil Nadu,Y,Y,d
638504,Anthiyour,Tamil Nadu,Y,Y,d
638505,Erode,Tamil Nadu,Y,Y,d
638506,Sathyamangalam,Tamil Nadu,Y,Y,d
638511,Anthiyur,Tamil Nadu,N,Y,d
638512,Erode,Tamil Nadu,Y,Y,d
638602,Tirupur,Tamil Nadu,N,N,d
638603,Tirupur,Tamil Nadu,N,N,d
638605,Erode,Tamil Nadu,N,N,d
638606,Tirupur,Tamil Nadu,N,N,d
638607,Salem,Tamilnadu,N,N,d
638644,Salem,Tamilnadu,N,N,d
638649,Kangeyam,Tamilnadu,N,Y,d
638651,Dharapuram,Tamilnadu,N,N,d
638652,Tirupur,Tamil Nadu,N,N,d
638653,Ganeshapuram,Tamilnadu,N,Y,d
638654,Erode,Tamil Nadu,N,N,d
638656,Dharapuram,Tamil Nadu,Y,Y,d
638657,Dharapuram,Tamil Nadu,Y,Y,d
638658,Madurai,Tamil Nadu,N,N,d
638659,Salem,Tamilnadu,N,N,d
638660,Palladam,Tamil Nadu,Y,Y,d
638661,Dharapuram,Tamil Nadu,Y,Y,d
638662,Tiruppur,Tamilnadu,N,N,d
638663,Tiruppur,Tamilnadu,N,N,d
638664,Palladam,Tamil Nadu,Y,Y,d
638666,Kanchipuram,Tamil Nadu,N,N,d
638667,Tiruppur,Tamilnadu,N,N,d
638668,Annur,Tamil Nadu,Y,Y,d
638669,Pollachi,Tamil Nadu,N,N,d
638671,Tirupur,Tamil Nadu,N,N,d
638672,Dharapuram,Tamil Nadu,Y,Y,d
638673,Dharapuram,Tamil Nadu,Y,Y,d
638674,Dharapuram,Tamilnadu,N,N,d
638675,Gopichettipalyam,Tamil Nadu,Y,Y,d
638684,Erode,Tamil Nadu,N,N,d
638687,Erode,Tamil Nadu,N,N,d
638690,Tiruppur,Tamilnadu,N,N,d
638696,Dharapuram,Tamil Nadu,Y,Y,d
638697,Ganeshapuram,Tamilnadu,N,Y,d
638701,Kangeyam,Tamil Nadu,Y,Y,d
638702,Dharapuram,Tamil Nadu,Y,Y,d
638703,Dharapuram,Tamil Nadu,Y,Y,d
638705,Salem,Tamilnadu,N,N,d
638706,Dharapuram,Tamil Nadu,Y,Y,d
638751,Tirupur,Tamil Nadu,Y,Y,d
638752,Tirupur,Tamil Nadu,Y,Y,d
638802,Coimbatore,Tamil Nadu,N,N,d
638804,Dharapuram,Tamilnadu,N,N,d
638806,Pollachi,Tamil Nadu,N,N,d
638807,Erode,Tamil Nadu,N,N,d
638812,Tirupur,Tamil Nadu,Y,Y,d
638856,Salem,Tamilnadu,N,N,d
638888,Tirupur,Tamil Nadu,Y,Y,d
639001,Karur,Tamil Nadu,Y,Y,d
639002,Karur,Tamil Nadu,Y,Y,d
639003,Karur,Tamil Nadu,Y,Y,d
639004,Karur,Tamil Nadu,Y,Y,d
639005,Karur,Tamil Nadu,Y,Y,d
639006,Karur,Tamil Nadu,Y,Y,d
639007,Karur,Tamil Nadu,Y,Y,d
639008,Karur,Tamil Nadu,Y,Y,d
639101,Kulithalai,Tamil Nadu,Y,Y,d
639102,Kulithalai,Tamil Nadu,Y,Y,d
639103,Tiruchi,Tamil Nadu,Y,Y,d
639104,Kulithalai,Tamil Nadu,Y,Y,d
639105,Kulithalai,Tamil Nadu,Y,Y,d
639106,Kulithalai,Tamil Nadu,Y,Y,d
639107,Kulithalai,Tamil Nadu,Y,Y,d
639108,Karur,Tamil Nadu,Y,Y,d
639109,Karur,Tamil Nadu,Y,Y,d
639110,Kulithalai,Tamil Nadu,Y,Y,d
639111,Kodumudi,Tamil Nadu,Y,Y,d
639112,Kulithalai,Tamil Nadu,Y,Y,d
639113,Velur,Tamil Nadu,Y,Y,d
639114,Karur,Tamil Nadu,Y,Y,d
639115,Kulithalai,Tamil Nadu,Y,Y,d
639116,Karur,Tamil Nadu,Y,Y,d
639117,Velur,Tamil Nadu,Y,Y,d
639118,Karur,Tamil Nadu,Y,Y,d
639119,Kulithalai,Tamil Nadu,Y,Y,d
639120,Kulithalai,Tamil Nadu,Y,Y,d
639136,Karur,Tamil Nadu,Y,Y,d
639144,Karur,Tamil Nadu,N,N,d
639151,Erode,Tamil Nadu,N,N,d
639201,Karur,Tamil Nadu,Y,Y,d
639202,Karur,Tamil Nadu,Y,Y,d
639203,Gujiliamparai,Tamil Nadu,Y,Y,d
639204,PALLIVASAL,Tamil Nadu,N,Y,d
639205,Gujiliamparai,Tamil Nadu,Y,Y,d
639206,Kodumudi,Tamil Nadu,Y,Y,d
639207,Gujiliamparai,Tamil Nadu,Y,Y,d
639210,Kathimedu,Tamil Nadu,N,Y,d
639212,Gopichettipalayam,Tamil Nadu,N,N,d
639307,Karur,Tamilnadu,N,N,d
639504,Mettur Dam,Tamilnadu,N,N,d
640103,Coimbatore,Tamil Nadu,N,N,d
640613,Cannanore,Kerala,N,N,d
641000,Coimbatore,Tamil Nadu,Y,Y,d
641001,Coimbatore,Tamil Nadu,Y,Y,d
641002,Coimbatore,Tamil Nadu,Y,Y,d
641003,Coimbatore,Tamil Nadu,Y,Y,d
641004,Coimbatore,Tamil Nadu,Y,Y,d
641005,Coimbatore,Tamil Nadu,Y,Y,d
641006,Coimbatore,Tamil Nadu,Y,Y,d
641007,Coimbatore,Tamil Nadu,Y,Y,d
641008,Coimbatore,Tamil Nadu,Y,Y,d
641009,Coimbatore,Tamil Nadu,Y,Y,d
641010,Coimbatore,Tamil Nadu,Y,Y,d
641011,Coimbatore,Tamil Nadu,Y,Y,d
641012,Coimbatore,Tamil Nadu,Y,Y,d
641013,Coimbatore,Tamil Nadu,Y,Y,d
641014,Coimbatore,Tamil Nadu,Y,Y,d
641015,Coimbatore,Tamil Nadu,Y,Y,d
641016,Coimbatore,Tamil Nadu,Y,Y,d
641017,Coimbatore,Tamil Nadu,Y,Y,d
641018,Coimbatore,Tamil Nadu,Y,Y,d
641019,Mettupalayam,Tamil Nadu,Y,Y,d
641020,Coimbatore,Tamil Nadu,Y,Y,d
641021,Coimbatore,Tamil Nadu,Y,Y,d
641022,Coimbatore,Tamil Nadu,Y,Y,d
641023,Coimbatore,Tamil Nadu,Y,Y,d
641024,Coimbatore,Tamil Nadu,Y,Y,d
641025,Coimbatore,Tamil Nadu,Y,Y,d
641026,Coimbatore,Tamil Nadu,Y,Y,d
641027,Coimbatore,Tamil Nadu,Y,Y,d
641028,Coimbatore,Tamil Nadu,Y,Y,d
641029,Coimbatore,Tamil Nadu,Y,Y,d
641030,Coimbatore,Tamil Nadu,Y,Y,d
641031,Coimbatore,Tamil Nadu,Y,Y,d
641032,Madukkarai,Tamil Nadu,Y,Y,d
641033,Coimbatore,Tamil Nadu,Y,Y,d
641034,Coimbatore,Tamil Nadu,Y,Y,d
641035,Coimbatore,Tamil Nadu,Y,Y,d
641036,Coimbatore,Tamil Nadu,Y,Y,d
641037,Coimbatore,Tamil Nadu,Y,Y,d
641038,Coimbatore,Tamil Nadu,Y,Y,d
641039,Coimbatore,Tamil Nadu,Y,Y,d
641040,Coimbatore,Tamil Nadu,Y,Y,d
641041,Coimbatore,Tamil Nadu,Y,Y,d
641042,Madukkarai,Tamil Nadu,Y,Y,d
641043,Coimbatore,Tamil Nadu,Y,Y,d
641044,Coimbatore,Tamil Nadu,Y,Y,d
641045,Coimbatore,Tamil Nadu,Y,Y,d
641046,Coimbatore,Tamil Nadu,Y,Y,d
641047,Coimbatore,Tamil Nadu,Y,Y,d
641048,Coimbatore,Tamil Nadu,Y,Y,d
641049,Coimbatore,Tamil Nadu,Y,Y,d
641050,Madukkarai,Tamil Nadu,Y,Y,d
641051,#REF!,#REF!,N,N,d
641061,Coimbatore,Tamil Nadu,Y,Y,d
641062,Coimbatore,Tamil Nadu,Y,Y,d
641063,#REF!,#REF!,N,N,d
641064,Coimbatore,Tamil Nadu,Y,Y,d
641065,Coimbatore,Tamil Nadu,Y,Y,d
641101,Coimbatore,Tamil Nadu,Y,Y,d
641102,Mettupalayam,Tamil Nadu,Y,Y,d
641103,Coimbatore,Tamil Nadu,Y,Y,d
641104,Mettupalayam,Tamil Nadu,Y,Y,d
641105,Coimbatore,Tamil Nadu,Y,Y,d
641106,Coimbatore,Tamil Nadu,N,Y,d
641107,Annur,Tamil Nadu,Y,Y,d
641108,Coimbatore,Tamil Nadu,Y,Y,d
641109,Coimbatore,Tamil Nadu,Y,Y,d
641110,Annur,Tamil Nadu,Y,Y,d
641111,Coimbatore,Tamil Nadu,Y,Y,d
641112,Madukkarai,Tamil Nadu,Y,Y,d
641113,Mettupalayam,Tamil Nadu,Y,Y,d
641114,Coimbatore,Tamil Nadu,Y,Y,d
641115,Mettupalayam,Tamil Nadu,N,N,d
641116,Mettupalayam,Tamil Nadu,N,N,d
641117,Mettupalayam,Tamil Nadu,N,N,d
641118,Mettupalayam,Tamil Nadu,Y,Y,d
641120,Pollachi,Tamil Nadu,N,Y,d
641165,Tirupur,Tamilnadu,N,N,d
641201,Coimbatore,Tamil Nadu,Y,Y,d
641202,Madukkarai,Tamil Nadu,Y,Y,d
641204,Pollachi,Tamil Nadu,N,N,d
641221,Pollachi,Tamilnadu,N,Y,d
641301,Mettupalayam,Tamil Nadu,Y,Y,d
641302,Mettupalayam,Tamil Nadu,Y,Y,d
641303,Mettupalayam,Tamil Nadu,Y,Y,d
641304,Annur,Tamil Nadu,Y,Y,d
641305,Mettupalayam,Tamil Nadu,Y,Y,d
641401,Coimbatore,Tamil Nadu,Y,Y,d
641402,Coimbatore,Tamil Nadu,Y,Y,d
641404,Coimbatore,Tamil Nadu,Y,Y,d
641405,Coimbatore,Tamil Nadu,Y,Y,d
641406,Coimbatore,Tamil Nadu,Y,Y,d
641407,Coimbatore,Tamil Nadu,Y,Y,d
641408,Coimbatore,Tamil Nadu,Y,Y,d
641505,Tirupur,Tamilnadu,N,N,d
641552,Tirupur,Tamilnadu,N,N,d
641559,Tirupur,Tamilnadu,N,N,d
641587,Tirupur,Tamilnadu,N,N,d
641601,Tirupur,Tamil Nadu,Y,Y,d
641602,Tirupur,Tamil Nadu,Y,Y,d
641603,Tirupur,Tamil Nadu,Y,Y,d
641604,Tirupur,Tamil Nadu,Y,Y,d
641605,Palladam,Tamil Nadu,Y,Y,d
641606,Tirupur,Tamil Nadu,Y,Y,d
641607,Tirupur,Tamil Nadu,Y,Y,d
641608,Tirupur,Tamil Nadu,Y,Y,d
641632,Valukkupparai,Tamil Nadu,N,N,d
641633,Tirupur,Tamilnadu,N,N,d
641652,Avinashi,Tamil Nadu,Y,Y,d
641653,Annur,Tamil Nadu,Y,Y,d
641654,Avinashi,Tamil Nadu,Y,Y,d
641655,Avinashi,Tamil Nadu,Y,Y,d
641657,Tirupur,Tamil Nadu,N,N,d
641658,Palladam,Tamil Nadu,Y,Y,d
641659,Coimbatore,Tamil Nadu,Y,Y,d
641660,Tirupur,Tamilnadu,N,N,d
641662,Palladam,Tamil Nadu,Y,Y,d
641663,Tirupur,Tamil Nadu,Y,Y,d
641664,Palladam,Tamil Nadu,Y,Y,d
641665,Tirupur,Tamil Nadu,Y,Y,d
641666,Avinashi,Tamil Nadu,Y,Y,d
641667,Palladam,Tamil Nadu,Y,Y,d
641668,Coimbatore,Tamil Nadu,Y,Y,d
641669,Palladam,Tamil Nadu,Y,Y,d
641670,Annur,Tamil Nadu,Y,Y,d
641671,Palladam,Tamil Nadu,Y,Y,d
641685,Rayarkoil,Tamil Nadu,N,Y,d
641687,Tirupur,Tamil Nadu,Y,Y,d
641697,Annur,Tamil Nadu,Y,Y,d
641699,Ahmednagar,Maharashtra,N,N,d
641701,Tirupur,Tamilnadu,N,N,d
641806,Tirupur,Tamilnadu,N,N,d
642001,Pollachi,Tamil Nadu,Y,Y,d
642002,Pollachi,Tamil Nadu,Y,Y,d
642003,Pollachi,Tamil Nadu,Y,Y,d
642004,Pollachi,Tamil Nadu,Y,Y,d
642005,Pollachi,Tamil Nadu,Y,Y,d
642006,Pollachi,Tamil Nadu,Y,Y,d
642007,Pollachi,Tamil Nadu,Y,Y,d
642008,Pollachi,Tamil Nadu,Y,Y,d
642019,Kinathukadavu,Tamil Nadu,N,Y,d
642032,Palladam,Tamil Nadu,Y,Y,d
642051,Tirupur,Tamil Nadu,N,N,d
642052,Pollachi,Tamil Nadu,Y,Y,d
642053,Pollachi,Tamil Nadu,N,Y,d
642054,Pollachi,Tamil Nadu,N,Y,d
642055,Pollachi,Tamil Nadu,N,Y,d
642057,Udumalpet,Tamilnadu,N,N,d
642101,Pollachi,Tamil Nadu,Y,Y,d
642102,Udumalaipettai,Tamil Nadu,Y,Y,d
642103,Pollachi,Tamil Nadu,Y,Y,d
642104,Pollachi,Tamil Nadu,Y,Y,d
642105,Valparai,Tamil Nadu,Y,Y,d
642106,Pollachi,Tamil Nadu,Y,Y,d
642107,Pollachi,Tamil Nadu,Y,Y,d
642108,Valparai,Tamil Nadu,Y,Y,d
642109,Madukkarai,Tamil Nadu,Y,Y,d
642110,Pollachi,Tamil Nadu,Y,Y,d
642111,Udumalaipettai,Tamil Nadu,Y,Y,d
642112,Udumalaipettai,Tamil Nadu,Y,Y,d
642113,Udumalaipettai,Tamil Nadu,Y,Y,d
642114,Pollachi,Tamil Nadu,Y,Y,d
642115,Pollachi,Tamil Nadu,N,Y,d
642116,Pollachi,Tamil Nadu,N,Y,d
642117,Valparai,Tamil Nadu,Y,Y,d
642118,Pollachi,Tamil Nadu,N,Y,d
642119,Pollachi,Tamil Nadu,Y,Y,d
642120,Pollachi,Tamil Nadu,Y,Y,d
642122,Udumalaipettai,Tamil Nadu,Y,Y,d
642123,Pollachi,Tamil Nadu,Y,Y,d
642124,Pollachi,Tamil Nadu,N,Y,d
642125,Valparai,Tamil Nadu,Y,Y,d
642126,Udumalaipettai,Tamil Nadu,Y,Y,d
642127,Valparai,Tamil Nadu,Y,Y,d
642128,Udumalaipettai,Tamil Nadu,Y,Y,d
642129,Pollachi,Tamil Nadu,Y,Y,d
642130,Pollachi,Tamil Nadu,Y,Y,d
642131,Pollachi,Tamil Nadu,N,Y,d
642132,Udumalaipettai,Tamil Nadu,Y,Y,d
642133,Pollachi,Tamil Nadu,Y,Y,d
642134,Pollachi,Tamil Nadu,Y,Y,d
642135,Pollachi,Tamil Nadu,N,Y,d
642136,Pollachi,Tamil Nadu,N,Y,d
642137,Pollachi,Tamil Nadu,N,Y,d
642138,Udumalpet,Tamil Nadu,N,Y,d
642139,Udumalaipettai,Tamil Nadu,N,Y,d
642140,Pollachi,Tamil Nadu,N,Y,d
642141,Pollachi,Tamil Nadu,N,Y,d
642142,Pollachi,Tamil Nadu,N,Y,d
642143,Pollachi,Tamil Nadu,N,Y,d
642144,Pollachi,Tamil Nadu,N,Y,d
642145,Pollachi,Tamil Nadu,N,Y,d
642146,Pollachi,Tamil Nadu,N,Y,d
642147,Pollachi,Tamilnadu,N,Y,d
642148,Pollachi,Tamil Nadu,N,Y,d
642149,Pollachi,Tamil Nadu,N,Y,d
642152,Pollachi,Tamil Nadu,Y,Y,d
642153,Valparai,Tamil Nadu,Y,Y,d
642154,Udumalaipettai,Tamil Nadu,Y,Y,d
642201,Udumalaipettai,Tamil Nadu,Y,Y,d
642202,Pollachi,Tamil Nadu,Y,Y,d
642203,Udumalaipettai,Tamil Nadu,Y,Y,d
642204,Udumalaipettai,Tamil Nadu,Y,Y,d
642205,Udumalaipettai,Tamil Nadu,Y,Y,d
642206,Udumalaipettai,Tamil Nadu,Y,Y,d
642207,Udumalaipettai,Tamil Nadu,Y,Y,d
642612,Sri Rampuram,Tamil Nadu,N,Y,d
642616,Sri Rampuram,Tamil Nadu,N,Y,d
642619,Sri Rampuram,Tamil Nadu,N,Y,d
642709,Vedasanthur,Tamil Nadu,N,Y,d
642710,Vedasanthur,Tamil Nadu,N,Y,d
642711,Vedasanthur,Tamil Nadu,N,Y,d
643001,Ooty,Tamil Nadu,Y,Y,d
643002,Ooty,Tamil Nadu,Y,Y,d
643003,Ooty,Tamil Nadu,Y,Y,d
643004,Ooty,Tamil Nadu,Y,Y,d
643005,Ooty,Tamil Nadu,Y,Y,d
643006,Ooty,Tamil Nadu,Y,Y,d
643007,Ooty,Tamil Nadu,Y,Y,d
643051,Ooty,Tamil Nadu,N,N,d
643052,Ooty,Tamil Nadu,N,N,d
643053,Udagamandalam,Tamilnadu,N,Y,d
643054,Tirunelveli,Tamil Nadu,Y,Y,d
643055,Ooty,Tamil Nadu,N,N,d
643101,Coonoor,Tamil Nadu,Y,Y,d
643102,Coonoor,Tamil Nadu,Y,Y,d
643103,Coonoor,Tamil Nadu,Y,Y,d
643104,Coonoor,Tamil Nadu,Y,Y,d
643105,Coonoor,Tamil Nadu,Y,Y,d
643106,Ooty,Tamil Nadu,N,Y,d
643201,Kotagiri,Tamil Nadu,Y,Y,d
643202,Coonoor,Tamil Nadu,Y,Y,d
643203,Ooty,Tamil Nadu,N,Y,d
643204,Coonoor,Tamil Nadu,Y,Y,d
643205,Pandalur,Tamil Nadu,N,Y,d
643206,Ooty,Tamil Nadu,Y,Y,d
643207,Gudalur,Tamil Nadu,Y,Y,d
643209,Ooty,Tamil Nadu,N,Y,d
643210,Ooty,Tamil Nadu,N,N,d
643211,Gudalur,Tamil Nadu,Y,Y,d
643212,Gudalur,Tamil Nadu,Y,Y,d
643213,Coonoor,Tamil Nadu,Y,Y,d
643214,Kotagiri,Tamil Nadu,Y,Y,d
643215,Ooty,Tamil Nadu,Y,Y,d
643216,Kotagiri,Tamil Nadu,Y,Y,d
643217,Kotagiri,Tamil Nadu,Y,Y,d
643218,Coonoor,Tamil Nadu,Y,Y,d
643219,Coonoor,Tamil Nadu,N,Y,d
643220,Gudalur,Tamil Nadu,Y,Y,d
643221,Coonoor,Tamil Nadu,Y,Y,d
643222,Kotagiri,Tamil Nadu,N,N,d
643223,OOTY,Tamil Nadu,N,N,d
643224,Gudalur,Tamil Nadu,Y,Y,d
643225,Gudalur,Tamil Nadu,Y,Y,d
643226,Gudalur,Tamil Nadu,N,Y,d
643229,Kotagiri,Tamil Nadu,N,N,d
643230,Ooty,Tamil Nadu,N,N,d
643231,Coonoor,Tamil Nadu,Y,Y,d
643232,Coonoor,Tamil Nadu,Y,Y,d
643233,Gudalur,Tamil Nadu,Y,Y,d
643234,Coonoor,Tamil Nadu,Y,Y,d
643236,Kotagiri,Tamil Nadu,Y,Y,d
643237,Gudalur,Tamil Nadu,Y,Y,d
643238,Coonoor,Tamil Nadu,Y,Y,d
643239,Pandalur,Tamil Nadu,N,Y,d
643240,Gudalur,Tamil Nadu,Y,Y,d
643241,Gudalur,Tamil Nadu,N,Y,d
643242,Ooty,Tamil Nadu,N,Y,d
643243,Coonoor,Tamil Nadu,Y,Y,d
643244,Coonoor,Tamilnadu,N,Y,d
643245,Kothagiri,Tamilnadu,N,Y,d
643246,Ooty,Tamil Nadu,N,N,d
643247,Ooty,Tamil Nadu,N,N,d
643249,Kothagiri,Tamilnadu,N,Y,d
643250,Gudalur,Tamil Nadu,N,N,d
643251,Gudalur,Tamilnadu,N,Y,d
643252,Ooty,Tamil Nadu,N,N,d
643253,Gudalur,Tamil Nadu,Y,Y,d
643256,Ooty,Tamil Nadu,N,N,d
643257,Udagamandalam,Tamilnadu,N,Y,d
643258,Ooty,Tamil Nadu,N,N,d
643259,Ooty,Tamil Nadu,N,N,d
643260,Udagamandalam,Tamilnadu,N,Y,d
643261,Ooty,Tamil Nadu,N,N,d
643264,Kothagiri,Tamilnadu,N,Y,d
643265,Ooty,Tamil Nadu,N,N,d
643266,Kothagiri,Tamilnadu,N,Y,d
643267,Gudalur,Tamilnadu,N,Y,d
643269,Ooty,Tamil Nadu,N,N,d
643270,Gudalur,Tamil Nadu,Y,Y,d
643271,Kothagiri,Tamilnadu,N,Y,d
643272,Ooty,Tamil Nadu,N,N,d
643273,Ooty,Tamil Nadu,N,N,d
643275,Gudalur,Tamilnadu,N,N,d
643276,Ooty,Tamil Nadu,N,N,d
643277,Udagamandalam,Tamilnadu,N,Y,d
643278,Coonoor,Tamilnadu,N,Y,d
643279,Ooty,Tamil Nadu,N,N,d
643282,Coonoor,Tamil Nadu,Y,Y,d
643291,Gudalur,Tamilnadu,N,N,d
643341,Gudalur,Tamilnadu,N,N,d
643518,Ooty,Tamil Nadu,N,N,d
666213,OOTY,TAMIL NADU,N,N,d
670001,Kannur,Kerala,Y,Y,e
670002,Kannur,Kerala,Y,Y,e
670003,Kannur,Kerala,Y,Y,e
670004,Kannur,Kerala,Y,Y,e
670005,Kannur,Kerala,Y,Y,e
670006,Kannur,Kerala,Y,Y,e
670007,Kannur,Kerala,Y,Y,e
670008,Kannur,Kerala,Y,Y,e
670009,Kannur,Kerala,Y,Y,e
670010,Kannur,Kerala,Y,Y,e
670011,Kannur,Kerala,Y,Y,e
670012,Kannur,Kerala,Y,Y,e
670013,Kannur,Kerala,Y,Y,e
670014,Kannur,Kerala,Y,Y,e
670015,Kannur,Kerala,Y,Y,e
670016,Kannur,Kerala,Y,Y,d
670017,Kannur,Kerala,Y,Y,e
670018,Kannur,Kerala,Y,Y,e
670022,Kuthuparamba,Kerala,N,N,d
670051,Kannur,Kerala,N,N,d
670101,Thalassery,Kerala,Y,Y,e
670102,Thalassery,Kerala,Y,Y,e
670103,Thalassery,Kerala,Y,Y,e
670104,Thalassery,Kerala,Y,Y,e
670105,Thalassery,Kerala,Y,Y,e
670106,Thalassery,Kerala,Y,Y,e
670107,Thalassery,Kerala,Y,Y,e
670109,Thalassery,Kerala,Y,Y,e
670110,Kuthuparamba,Kerala,Y,Y,e
670111,Thalassery,Kerala,Y,Y,d
670121,Rajapalayam,Tamil Nadu,Y,Y,d
670141,Kannur,Kerala,Y,Y,e
670142,Kannur,Kerala,Y,Y,e
670143,Kannur,Kerala,Y,Y,e
670144,Kannur,Kerala,Y,Y,e
670301,Kannapuram,Kerala,Y,Y,e
670302,Kannapuram,Kerala,Y,Y,e
670303,Payyanur,Kerala,Y,Y,e
670304,Kannapuram,Kerala,Y,Y,e
670305,Kannur,Kerala,Y,Y,e
670306,Nileshwar,Kerala,Y,Y,d
670307,Payyanur,Kerala,Y,Y,e
670308,Kannur,Kerala,Y,Y,e
670309,Payyanur,Kerala,Y,Y,e
670310,Payyanur,Kerala,Y,Y,e
670312,Kannur,Kerala,Y,Y,d
670313,Kannur,Kerala,N,Y,e
670314,Kannur,Kerala,Y,Y,e
670315,Kannur,Kerala,Y,Y,d
670316,Kannur,Kerala,N,Y,e
670317,Kannur,Kerala,N,Y,e
670318,Kannur,Kerala,N,Y,e
670319,Kannur,Kerala,N,Y,e
670321,Kannur,Kerala,N,Y,e
670322,Kannur,Kerala,N,Y,e
670325,Kannapuram,Kerala,Y,Y,e
670327,Payyanur,Kerala,Y,Y,e
670330,Payyanur,Kerala,Y,Y,d
670331,Kannapuram,Kerala,Y,Y,e
670332,Payyanur,Kerala,Y,Y,d
670333,Payyanur,Kerala,Y,Y,d
670334,Kannur,Kerala,Y,Y,e
670337,Payyanur,Kerala,Y,Y,d
670338,Kannur,Kerala,N,Y,e
670339,Payyanur,Kerala,Y,Y,d
670343,Payyanur,Kerala,Y,Y,d
670346,Payyanur,Kerala,Y,Y,d
670353,Payyanur,Kerala,Y,Y,e
670354,PAYYANUR,Kerala,N,N,d
670358,Payyanur,Kerala,Y,Y,e
670464,Mananthavady,Kerala,Y,Y,d
670501,Payyanur,Kerala,Y,Y,e
670502,Kannur,Kerala,Y,Y,e
670503,Kannur,Kerala,Y,Y,e
670504,Payyanur,Kerala,Y,Y,e
670507,Kannur,Kerala,Y,Y,d
670511,Alakode,Kerala,Y,Y,d
670521,Cheemeni,Kerala,Y,Y,e
670522,KANNUR,Kerala,N,Y,e
670543,Kannur,Kerala,Y,Y,d
670561,Kannapuram,Kerala,Y,Y,e
670562,Kannur,Kerala,Y,Y,e
670563,Kannur,Kerala,Y,Y,e
670564,Kannur,Kerala,Y,Y,e
670565,Kannur,Kerala,Y,Y,e
670566,Kannur,Kerala,Y,Y,d
670567,Kannur,Kerala,Y,Y,e
670571,Alakode,Kerala,Y,Y,e
670581,Kannur,Kerala,Y,Y,e
670582,Alakode,Kerala,Y,Y,e
670583,Cannanore,Kerala,N,N,d
670591,Kannur,Kerala,Y,Y,e
670592,Kannur,Kerala,Y,Y,d
670593,KANNUR,Kerala,Y,Y,e
670594,Kannur,Kerala,Y,Y,e
670595,Kannur,Kerala,Y,Y,e
670597,Kannur,Kerala,Y,Y,d
670601,Kannur,Kerala,Y,Y,e
670602,KOLICHERY,Kerala,Y,Y,e
670603,Kannur,Kerala,Y,Y,e
670604,Kannur,Kerala,Y,Y,e
670605,Rajapalayam,Tamil Nadu,Y,Y,d
670611,Kannur,Kerala,Y,Y,d
670612,Kuthuparamba,Kerala,Y,Y,e
670613,Kannur,Kerala,Y,Y,d
670614,KANNUR,Kerala,Y,Y,d
670615,Rajapalayam,Tamil Nadu,Y,Y,d
670621,Kannur,Kerala,Y,Y,d
670622,Kannur,Kerala,Y,Y,d
670631,Sreekandapuram,Kerala,Y,Y,e
670632,Alakode,Kerala,Y,Y,e
670633,KANNUR,Kerala,Y,Y,d
670641,Thalassery,Kerala,Y,Y,e
670642,Thalassery,Kerala,Y,Y,d
670643,Kuthuparamba,Kerala,Y,Y,e
670644,Mananthavadi,Kerala,Y,Y,e
670645,Mananthavadi,Kerala,Y,Y,e
670646,Mananthavadi,Kerala,Y,Y,e
670647,Kuthuparamba,Kerala,N,N,d
670648,Rajapalayam,Tamil Nadu,Y,Y,d
670649,Thalassery,Kerala,Y,Y,e
670650,Kuthuparamba,Kerala,Y,Y,e
670651,Peravoor,Kerala,Y,Y,e
670661,Thalassery,Kerala,Y,Y,e
670662,Thalassery,Kerala,Y,Y,d
670663,Thalassery,Kerala,Y,Y,d
670671,Thalassery,Kerala,Y,Y,e
670672,Mahe,Kerala,Y,Y,e
670673,Peravoor,Kerala,Y,Y,e
670674,Peravoor,Kerala,Y,Y,e
670675,Mahe,Kerala,Y,Y,e
670676,Kallachi,Kerala,Y,Y,e
670677,Peravoor,Kerala,Y,Y,d
670678,Kuthuparamba,Kerala,Y,Y,e
670679,Kuthuparamba,Kerala,Y,Y,e
670691,Kuthuparamba,Kerala,Y,Y,e
670692,Thalassery,Kerala,Y,Y,e
670693,Kuthuparamba,Kerala,Y,Y,e
670694,Thalassery,Kerala,Y,Y,d
670695,Cannanore,Kerala,N,N,d
670701,Kuthuparamba,Kerala,Y,Y,e
670702,Chavassery,Kerala,Y,Y,e
670703,Nuchiyad,Kerala,Y,Y,e
670704,KANNUR,Kerala,Y,Y,e
670705,Nuchiyad,Kerala,Y,Y,e
670706,KANNUR,Kerala,Y,Y,e
670708,Chavassery,Kerala,Y,Y,d
670721,Pulpally,Kerala,Y,Y,e
670731,Mananthavadi,Kerala,Y,Y,e
670732,MANANTHAVADY,Kerala,N,N,d
670741,Thalassery,Kerala,Y,Y,d
671121,Kasaragod,Kerala,Y,Y,e
671122,Kasaragod,Kerala,Y,Y,e
671123,Kasaragod,Kerala,Y,Y,e
671124,Kasaragod,Kerala,Y,Y,e
671125,Kasaragod,Kerala,Y,Y,e
671128,KASARGODE,Kerala,N,Y,e
671212,Kasaragod,Kerala,N,Y,d
671221,Kannur,Kerala,Y,Y,d
671310,Cheemeni,Kerala,Y,Y,e
671311,Payyanur,Kerala,Y,Y,e
671312,Cheemeni,Kerala,Y,Y,e
671313,Cheemeni,Kerala,Y,Y,e
671314,Nileshwar,Kerala,Y,Y,e
671315,Kanhangad,Kerala,Y,Y,e
671316,Kanhangad,Kerala,Y,Y,e
671317,Poinachi,Kerala,Y,Y,e
671318,Poinachi,Kerala,Y,Y,e
671319,Poinachi,Kerala,Y,Y,e
671320,KASARGODE,Kerala,Y,Y,e
671321,Kasaragod,Kerala,Y,Y,e
671322,Manjeshwar,Kerala,Y,Y,e
671323,Manjeshwar,Kerala,Y,Y,e
671324,Kasaragod,Kerala,Y,Y,e
671325,#REF!,#REF!,N,N,d
671326,Parappa,Kerala,Y,Y,d
671328,PARAPPA,Kerala,N,Y,e
671329,Kanhangad,Kerala,Y,Y,d
671341,PARAPPA,Kerala,N,Y,e
671344,Cheruvathur,Kerala,N,N,d
671345,Kannur,Kerala,N,Y,e
671348,Manjeshwar,Kerala,Y,Y,e
671349,KANNUR,Kerala,N,Y,e
671350,Kannur,Kerala,Y,Y,e
671351,Parappa,Kerala,Y,Y,e
671353,KASARGODE,Kerala,N,Y,e
671357,KASARGODE,Kerala,N,Y,e
671531,Kanhangad,Kerala,Y,Y,e
671532,Parappa,Kerala,Y,Y,e
671533,Parappa,Kerala,Y,Y,e
671534,Parappa,Kerala,Y,Y,d
671535,Cannanore,Kerala,N,N,d
671541,Kuttikol,Kerala,Y,Y,e
671542,Kasaragod,Kerala,Y,Y,e
671543,Kuttikol,Kerala,Y,Y,e
671544,Kasaragod,Kerala,Y,Y,e
671545,Poinachi,Kerala,Y,Y,e
671551,Kasaragod,Kerala,Y,Y,e
671552,Kasaragod,Kerala,Y,Y,e
672105,Tirunelveli,Tamil Nadu,N,N,d
672212,Kasargode,Kerala,N,Y,e
672301,Kasargode,Kerala,N,Y,e
673000,Ulliyeri,Kerala,N,Y,e
673001,Kozhikode,Kerala,Y,Y,e
673002,Kozhikode,Kerala,Y,Y,e
673003,Kozhikode,Kerala,Y,Y,e
673004,Kozhikode,Kerala,Y,Y,e
673005,Kozhikode,Kerala,Y,Y,e
673006,Kozhikode,Kerala,Y,Y,e
673007,Kozhikode,Kerala,Y,Y,e
673008,Kozhikode,Kerala,Y,Y,e
673009,Kozhikode,Kerala,Y,Y,e
673010,Kozhikode,Kerala,Y,Y,e
673011,Kozhikode,Kerala,Y,Y,e
673012,Kozhikode,Kerala,Y,Y,e
673013,Kozhikode,Kerala,Y,Y,e
673014,Kozhikode,Kerala,Y,Y,e
673015,Kozhikode,Kerala,Y,Y,e
673016,Kozhikode,Kerala,Y,Y,e
673017,Kozhikode,Kerala,Y,Y,e
673018,Kozhikode,Kerala,Y,Y,e
673019,Kozhikode,Kerala,Y,Y,e
673020,Kozhikode,Kerala,Y,Y,e
673021,Kozhikode,Kerala,Y,Y,e
673022,Ulliyeri,Kerala,N,Y,e
673023,Thamarassery,Kerala,Y,Y,d
673024,Kozhikode,Kerala,Y,Y,e
673025,Kozhikode,Kerala,Y,Y,d
673026,Kozhikode,Kerala,Y,Y,e
673027,Kozhikode,Kerala,Y,Y,e
673028,Kozhikode,Kerala,Y,Y,e
673029,Kozhikode,Kerala,Y,Y,e
673031,ULLIYERI,Kerala,Y,Y,e
673032,Kozhikode,Kerala,Y,Y,e
673035,Ulliyeri,Kerala,N,Y,e
673037,Ulliyeri,Kerala,Y,Y,e
673047,Kozhikode,Kerala,N,Y,d
673051,Kozhikode,Kerala,Y,Y,e
673055,Calicut,Kerala,N,N,d
673101,Vadakara,Kerala,Y,Y,e
673102,Vadakara,Kerala,Y,Y,e
673103,Vadakara,Kerala,Y,Y,d
673104,Vadakara,Kerala,Y,Y,e
673105,Vadakara,Kerala,Y,Y,e
673106,Vadakara,Kerala,Y,Y,e
673107,Vadakara,Kerala,N,N,d
673108,KURUNTHODI,Kerala,N,N,d
673109,Vadakara,Kerala,N,N,d
673110,Vadakara,Kerala,N,Y,e
673111,Vadakara,Kerala,N,Y,e
673112,Vadakara,Kerala,N,Y,e
673121,Kalpetta,Kerala,Y,Y,e
673122,Kalpetta,Kerala,Y,Y,e
673123,Kalpetta,Kerala,Y,Y,e
673124,Kalpetta,Kerala,Y,Y,d
673125,Sultan Bathery,Kerala,Y,Y,d
673126,Kalpetta,Kerala,N,Y,e
673212,Kalpetta,Kerala,N,Y,e
673300,Ulliyeri,Kerala,N,Y,e
673301,Kozhikode,Kerala,Y,Y,e
673302,Kozhikode,Kerala,Y,Y,e
673303,Kozhikode,Kerala,Y,Y,e
673304,Koyilandy,Kerala,Y,Y,e
673305,Koyilandy,Kerala,Y,Y,e
673306,Koyilandy,Kerala,Y,Y,e
673307,Koyilandy,Kerala,Y,Y,e
673308,Mahe,Kerala,Y,Y,d
673309,Mahe,Kerala,Y,Y,d
673310,Mahe,Kerala,Y,Y,e
673311,Mahe,Kerala,Y,Y,e
673312,Mahe,Kerala,Y,Y,e
673313,Mahe,Kerala,Y,Y,e
673314,Kozhikode,Kerala,Y,Y,e
673315,Balussery,Kerala,Y,Y,e
673316,Mahe,Kerala,Y,Y,e
673317,Kozhikode,Kerala,Y,Y,e
673318,Koyilandy,Kerala,Y,Y,d
673319,Ulliyeri,Kerala,N,Y,e
673320,TELLICHERRY,Kerala,N,N,d
673321,Koyilandy,Kerala,Y,Y,d
673322,ULLIYERI,Kerala,N,Y,e
673323,Koyilandy,Kerala,Y,Y,e
673324,Kottarakkara,Kerala,N,Y,e
673325,Koyilandy,Kerala,Y,Y,d
673326,Koyilandy,Kerala,Y,Y,d
673327,Koyilandy,Kerala,Y,Y,d
673328,Kozhikode,Kerala,Y,Y,d
673330,Nadakkavu,Kerala,N,N,d
673333,MAHE,Kerala,N,Y,e
673338,Kondotty,Kerala,N,Y,e
673500,Vadakara,Kerala,N,N,d
673501,Vadakara,Kerala,Y,Y,e
673502,Vadakara,Kerala,Y,Y,e
673503,Vadakara,Kerala,Y,Y,e
673504,Kallachi,Kerala,Y,Y,e
673505,Vadakara,Kerala,Y,Y,e
673506,Kallachi,Kerala,Y,Y,e
673507,Kallachi,Kerala,Y,Y,e
673508,Kuttiady,Kerala,Y,Y,e
673509,Kallachi,Kerala,Y,Y,e
673510,VADAKARA,Kerala,Y,Y,d
673511,VADAKARA,Kerala,Y,Y,d
673512,VADAKARA,Kerala,N,N,d
673513,Kuttiady,Kerala,Y,Y,d
673514,NADAPURAM,Kerala,Y,Y,d
673515,Aluva,Kerala,Y,Y,d
673516,VADAKARA,Kerala,Y,Y,d
673517,Kallachi,Kerala,Y,Y,e
673518,KUTTIADY,Kerala,N,N,d
673519,Kozhikode,Kerala,Y,Y,d
673520,NADAPURAM,Kerala,N,N,d
673521,Vadakara,Kerala,Y,Y,e
673522,Vadakara,Kerala,Y,Y,e
673523,Perambra,Kerala,Y,Y,d
673524,Perambra,Kerala,Y,Y,e
673525,Perambra,Kerala,Y,Y,e
673526,Perambra,Kerala,Y,Y,d
673527,Perambra,Kerala,Y,Y,d
673528,Kuttiady,Kerala,Y,Y,e
673529,Koyilandy,Kerala,Y,Y,e
673530,PAYYOLI,Kerala,N,N,d
673531,PAYYOLI,Kerala,N,N,d
673532,PAYYOLI,Kerala,Y,Y,d
673533,Payyoli,Kerala,N,N,d
673534,Thamarassery,Kerala,Y,Y,d
673535,Payyoli,Kerala,N,N,d
673541,Vadakara,Kerala,Y,Y,e
673542,Vadakara,Kerala,Y,Y,d
673543,Vadakara,Kerala,Y,Y,d
673544,VADAKARA,Kerala,Y,Y,d
673555,Vadakara,Kerala,N,Y,e
673557,Vadakara,Kerala,N,Y,e
673558,Vadakara,Kerala,N,Y,e
673570,Kozhikode,Kerala,Y,Y,e
673571,Kozhikode,Kerala,Y,Y,e
673572,Kozhikode,Kerala,Y,Y,e
673573,Thamarassery,Kerala,Y,Y,e
673574,Thamarassery,Kerala,Y,Y,e
673575,Kalpetta,Kerala,Y,Y,e
673576,Kalpetta,Kerala,Y,Y,d
673577,Kalpetta,Kerala,Y,Y,e
673578,KALPETTA,Kerala,Y,Y,e
673579,Pulpally,Kerala,Y,Y,e
673580,Thamarassery,Kerala,Y,Y,e
673581,Vaduvanchal,Kerala,N,Y,e
673582,Thamarassery,Kerala,Y,Y,e
673583,Thamarassery,Kerala,Y,Y,d
673584,Thamarassery,Kerala,Y,Y,d
673585,Narikkuni,Kerala,Y,Y,e
673586,Thamarassery,Kerala,Y,Y,e
673587,Koduvalli,Kerala,N,N,d
673588,Koduvalli,Kerala,N,N,d
673589,Kalpetta,Kerala,Y,Y,d
673591,Sultan Bathery,Kerala,Y,Y,e
673592,Sultan Bathery,Kerala,Y,Y,e
673593,Sultan Bathery,Kerala,Y,Y,e
673595,Sultan Bathery,Kerala,Y,Y,e
673596,Pulpally,Kerala,Y,Y,e
673600,Calicut,Kerala,N,N,d
673601,Kozhikode,Kerala,Y,Y,e
673602,Areacode,Kerala,Y,Y,e
673603,Thamarassery,Kerala,Y,Y,e
673604,Thamarassery,Kerala,Y,Y,d
673607,Areacode,Kerala,Y,Y,d
673611,Kozhikode,Kerala,Y,Y,e
673612,Balussery,Kerala,Y,Y,e
673613,Balussery,Kerala,Y,Y,e
673614,Perambra,Kerala,Y,Y,e
673615,Perambra,Kerala,Y,Y,d
673616,Kozhikode,Kerala,Y,Y,e
673617,Kozhikode,Kerala,Y,Y,d
673618,Koyilandy,Kerala,Y,Y,d
673619,Kozhikode,Kerala,Y,Y,d
673620,Koyilandy,Kerala,Y,Y,e
673621,Thamarassery,Kerala,Y,Y,d
673622,Calicut,Kerala,N,N,d
673623,Koyilandy,Kerala,Y,Y,d
673624,Perambra,Kerala,Y,Y,d
673631,Kozhikode,Kerala,Y,Y,e
673632,Kozhikode,Kerala,Y,Y,e
673633,Kozhikode,Kerala,Y,Y,e
673634,Kozhikode,Kerala,Y,Y,e
673635,Kozhikode,Kerala,Y,Y,e
673636,Kozhikode,Kerala,Y,Y,e
673637,Kondoty,Kerala,Y,Y,e
673638,Kondoty,Kerala,Y,Y,e
673639,Areacode,Kerala,Y,Y,e
673640,Areacode,Kerala,Y,Y,e
673641,Areacode,Kerala,Y,Y,e
673642,Malappuram,Kerala,Y,Y,e
673643,Kozhikode,Kerala,Y,Y,d
673644,Areacode,Kerala,Y,Y,d
673645,Areacode,Kerala,Y,Y,e
673647,Kondoty,Kerala,Y,Y,e
673648,Kondoty,Kerala,Y,Y,d
673649,Malappuram,Kerala,Y,Y,d
673650,Kondotty,Kerala,N,Y,e
673651,Malappuram,Kerala,Y,Y,d
673652,Kozhikode,Kerala,Y,Y,d
673653,Kozhikode,Kerala,Y,Y,d
673654,Feroke,Kerala,N,N,d
673655,Kozhikode,Kerala,Y,Y,e
673661,Narikkuni,Kerala,Y,Y,e
673692,Calicut,Kerala,N,N,d
673693,Bathery,Kerala,N,Y,e
676101,Tirur,Kerala,Y,Y,e
676102,Tirur,Kerala,Y,Y,e
676103,Tirur,Kerala,Y,Y,e
676104,Tirur,Kerala,Y,Y,e
676105,Tirur,Kerala,Y,Y,e
676106,Tirur,Kerala,Y,Y,e
676107,Tirur,Kerala,Y,Y,e
676108,Tirur,Kerala,Y,Y,e
676109,Tirur,Kerala,Y,Y,e
676110,Edappal,Kerala,Y,Y,e
676111,Tirur,Kerala,Y,Y,e
676121,Malappuram,Kerala,Y,Y,e
676122,Pandikkad,Kerala,Y,Y,e
676123,Edavanna,Kerala,Y,Y,e
676124,Manjery,Kerala,N,Y,e
676125,Manjery,Kerala,N,Y,e
676126,Manjery,Kerala,Y,Y,e
676127,Manjery,Kerala,N,Y,e
676128,Manjery,Kerala,N,Y,e
676161,Manjery,Kerala,N,Y,e
676301,Tirur,Kerala,Y,Y,e
676302,Tirur,Kerala,Y,Y,e
676303,Tirurangadi,Kerala,Y,Y,e
676304,Tirurangadi,Kerala,Y,Y,e
676305,Tirurangadi,Kerala,Y,Y,e
676306,Tirurangadi,Kerala,Y,Y,e
676307,Tirur,Kerala,Y,Y,e
676308,Tirurangadi,Kerala,Y,Y,d
676309,Tirurangadi,Kerala,Y,Y,e
676310,Valanchery,Kerala,Y,Y,e
676311,Tirurangadi,Kerala,Y,Y,e
676312,Kozhikode,Kerala,Y,Y,e
676313,Tirur,Kerala,Y,Y,e
676314,Kottakkal,Kerala,N,N,d
676315,Kondoty,Kerala,Y,Y,d
676317,Tirurangadi,Kerala,Y,Y,d
676318,KANNUR,Kerala,Y,Y,e
676319,Kozhikode,Kerala,Y,Y,d
676320,Tirurangadi,Kerala,Y,Y,e
676501,Tirurangadi,Kerala,Y,Y,e
676502,Tirur,Kerala,Y,Y,e
676503,Malappuram,Kerala,Y,Y,e
676504,Malappuram,Kerala,Y,Y,e
676505,Malappuram,Kerala,Y,Y,e
676506,Malappuram,Kerala,Y,Y,e
676507,Malappuram,Kerala,Y,Y,e
676508,Tirurangadi,Kerala,Y,Y,e
676509,Malappuram,Kerala,Y,Y,e
676510,Tirur,Kerala,Y,Y,e
676511,Tirurangadi,Kerala,Y,Y,d
676512,Kottakkal,Kerala,N,N,d
676513,Malappuram,Kerala,Y,Y,d
676514,Manjery,Kerala,Y,Y,e
676515,Malappuram,Kerala,Y,Y,d
676516,Manjery,Kerala,N,Y,e
676517,Malappuram,Kerala,Y,Y,e
676518,VALANCHERY,Kerala,N,Y,e
676519,Malappuram,Kerala,Y,Y,e
676520,Kottakkal,Kerala,N,N,d
676521,Pandikkad,Kerala,Y,Y,e
676522,Pandikkad,Kerala,Y,Y,e
676523,Pandikkad,Kerala,Y,Y,e
676525,Pandikkad,Kerala,Y,Y,e
676528,Malappuram,Kerala,Y,Y,e
676541,Edavanna,Kerala,Y,Y,e
676542,Edavanna,Kerala,Y,Y,e
676551,Tirur,Kerala,Y,Y,e
676552,Valanchery,Kerala,Y,Y,e
676553,Valanchery,Kerala,Y,Y,e
676554,Valanchery,Kerala,Y,Y,d
676556,Tirur,Kerala,Y,Y,e
676557,KOTTAKKAL,Kerala,Y,Y,d
676561,Tirur,Kerala,Y,Y,e
676562,Tirur,Kerala,Y,Y,e
676577,Edappal,Kerala,N,Y,e
678001,Palakkad,Kerala,Y,Y,e
678002,Palakkad,Kerala,Y,Y,e
678003,Palakkad,Kerala,Y,Y,e
678004,Palakkad,Kerala,Y,Y,e
678005,Palakkad,Kerala,Y,Y,e
678006,Palakkad,Kerala,Y,Y,e
678007,Palakkad,Kerala,Y,Y,e
678008,Palakkad,Kerala,Y,Y,e
678009,Palakkad,Kerala,Y,Y,e
678010,Palakkad,Kerala,Y,Y,e
678011,Palakkad,Kerala,Y,Y,e
678012,Palakkad,Kerala,Y,Y,e
678013,Palakkad,Kerala,Y,Y,e
678014,Palakkad,Kerala,Y,Y,e
678015,Palakkad,Kerala,Y,Y,e
678016,Palakkad,Kerala,Y,Y,e
678017,Palakkad,Kerala,Y,Y,e
678018,Palakkad,Kerala,Y,Y,e
678019,Palakkad,Kerala,Y,Y,e
678020,Palakkad,Kerala,Y,Y,e
678021,Kannur,Kerala,N,N,d
678022,Palakkad,Kerala,N,N,d
678023,Palakkad,Kerala,N,N,d
678024,Palakkad,Kerala,N,N,d
678030,Kannur,Kerala,N,N,d
678051,Palakkad,Kerala,N,N,d
678101,Nallepilly,Kerala,Y,Y,e
678102,Nallepilly,Kerala,Y,Y,e
678103,Nallepilly,Kerala,Y,Y,e
678104,Nallepilly,Kerala,Y,Y,e
678105,Palakkad,Kerala,N,N,d
678302,Pathirippala,Kerala,N,N,d
678501,Nallepilly,Kerala,Y,Y,e
678502,Palakkad,Kerala,Y,Y,e
678503,Nallepilly,Kerala,Y,Y,e
678504,Nallepilly,Kerala,Y,Y,e
678505,Nallepilly,Kerala,Y,Y,e
678506,Nallepilly,Kerala,Y,Y,e
678507,Nenmara,Kerala,Y,Y,e
678508,Nenmara,Kerala,Y,Y,e
678509,Palghat,Kerala,N,N,d
678510,Anjumoorthy,Kerala,Y,Y,e
678511,Palghat,Kerala,N,N,d
678512,Nallepilly,Kerala,Y,Y,e
678513,Palghat,Kerala,N,N,d
678531,Nallepilly,Kerala,Y,Y,e
678532,Nallepilly,Kerala,Y,Y,e
678533,Nallepilly,Kerala,Y,Y,e
678534,Nallepilly,Kerala,Y,Y,e
678541,Anjumoorthy,Kerala,Y,Y,e
678542,Anjumoorthy,Kerala,Y,Y,e
678543,Anjumoorthy,Kerala,Y,Y,d
678544,Pazhayannur,Kerala,Y,Y,e
678545,Anjumoorthy,Kerala,Y,Y,e
678546,Anjumoorthy,Kerala,Y,Y,e
678547,Pazhayannur,Kerala,Y,Y,d
678548,Vadakkenchery,Kerala,Y,Y,e
678551,Palakkad,Kerala,Y,Y,e
678552,Nallepilly,Kerala,Y,Y,e
678553,Nallepilly,Kerala,Y,Y,e
678554,Palakkad,Kerala,Y,Y,e
678555,Palakkad,Kerala,Y,Y,e
678556,Nallepilly,Kerala,Y,Y,e
678557,Palakkad,Kerala,Y,Y,e
678558,Palakkad,Kerala,Y,Y,e
678559,Palakkad,Kerala,Y,Y,e
678570,Palghat,Kerala,N,N,d
678571,Akaloor,Kerala,Y,Y,e
678572,Akaloor,Kerala,Y,Y,e
678573,Akaloor,Kerala,Y,Y,e
678574,Pazhayannur,Kerala,Y,Y,d
678575,Palakkad,Kerala,N,Y,d
678578,Kannur,Kerala,N,N,d
678581,Agali,Kerala,Y,Y,d
678582,Thachanattukara,Kerala,Y,Y,e
678583,Thachanattukara,Kerala,Y,Y,e
678584,Malappuram,Kerala,N,N,d
678585,Palghat,Kerala,N,N,d
678586,Palghat,Kerala,N,N,d
678587,Malappuram,Kerala,N,N,d
678589,Akaloor,Kerala,Y,Y,e
678591,Karimba,Kerala,Y,Y,e
678592,Palakkad,Kerala,Y,Y,e
678593,Thachanattukara,Kerala,Y,Y,e
678594,Palakkad,Kerala,Y,Y,e
678595,Thachanattukara,Kerala,Y,Y,e
678596,Palakkad,Kerala,Y,Y,e
678597,Karimba,Kerala,Y,Y,e
678598,Thachanattukara,Kerala,Y,Y,e
678600,Palakkad,Kerala,Y,Y,e
678601,Thachanattukara,Kerala,Y,Y,e
678602,Palakkad,Kerala,N,N,d
678603,Palakkad,Kerala,N,N,d
678604,Palakkad,Kerala,N,N,d
678605,MANNARKAD,Kerala,Y,Y,e
678606,Palakkad,Kerala,N,N,d
678609,KANNUR,Kerala,N,N,d
678611,Palakkad,Kerala,N,Y,e
678612,Akaloor,Kerala,Y,Y,e
678613,Akaloor,Kerala,Y,Y,e
678614,Palakkad,Kerala,N,Y,e
678615,Palakkad,Kerala,Y,Y,d
678616,KANNUR,Kerala,N,N,d
678621,Palakkad,Kerala,Y,Y,e
678622,Nallepilly,Kerala,Y,Y,e
678623,Palakkad,Kerala,Y,Y,e
678624,Palakkad,Kerala,Y,Y,e
678631,Karimba,Kerala,Y,Y,e
678632,Karimba,Kerala,Y,Y,e
678633,Akaloor,Kerala,Y,Y,e
678634,OTTAPALAM,Kerala,N,Y,e
678635,OTTAPALAM,Kerala,N,Y,e
678637,OTTAPALAM,Kerala,N,Y,e
678638,Palakkad,Kerala,N,N,d
678641,Akaloor,Kerala,Y,Y,e
678642,Akaloor,Kerala,Y,Y,e
678651,Palakkad,Kerala,Y,Y,d
678661,Pollachi,Tamil Nadu,N,Y,d
678671,Palakkad,Kerala,Y,Y,e
678672,Palakkad,Karakurissi,N,Y,d
678678,Vadakkenchery,Kerala,N,N,d
678681,Anjumoorthy,Kerala,Y,Y,e
678682,Anjumoorthy,Kerala,Y,Y,e
678683,Anjumoorthy,Kerala,Y,Y,e
678684,Anjumoorthy,Kerala,Y,Y,d
678685,Anjumoorthy,Kerala,Y,Y,e
678686,Anjumoorthy,Kerala,Y,Y,e
678687,Anjumoorthy,Kerala,Y,Y,e
678688,Anjumoorthy,Kerala,Y,Y,e
678689,Vadakkenchery,Kerala,Y,Y,e
678701,Palakkad,Kerala,Y,Y,e
678702,Palakkad,Kerala,Y,Y,e
678703,Anjumoorthy,Kerala,Y,Y,e
678704,Anjumoorthy,Kerala,Y,Y,e
678705,Anjumoorthy,Kerala,Y,Y,e
678706,Anjumoorthy,Kerala,Y,Y,e
678707,Palakkad,Kerala,Y,Y,e
678708,Vadakkenchery,Kerala,N,N,d
678709,Vadakkenchery,Kerala,Y,Y,e
678711,Vadakkenchery,Kerala,N,N,d
678721,Palakkad,Kerala,Y,Y,e
678722,Akaloor,Kerala,Y,Y,e
678731,Palakkad,Kerala,Y,Y,e
678732,Palakkad,Kerala,Y,Y,e
678733,Palakkad,Kerala,Y,Y,e
678752,MANNARKAD,Kerala,N,Y,e
678761,MANNARKAD,Kerala,Y,Y,e
678762,Thachanattukara,Kerala,Y,Y,e
679101,Pazhayannur,Kerala,Y,Y,e
679102,Pazhayannur,Kerala,Y,Y,e
679103,Pazhayannur,Kerala,Y,Y,e
679104,Shoranur,Kerala,Y,Y,e
679105,Pazhayannur,Kerala,Y,Y,e
679106,Pazhayannur,Kerala,Y,Y,e
679121,Shoranur,Kerala,Y,Y,d
679122,Shoranur,Kerala,Y,Y,d
679123,Shoranur,Kerala,Y,Y,d
679124,Shoranur,Kerala,Y,Y,d
679125,Shoranur,Kerala,Y,Y,d
679301,Pazhayannur,Kerala,Y,Y,e
679302,Pazhayannur,Kerala,Y,Y,e
679303,Sankaramangalam,Kerala,Y,Y,e
679304,Valanchery,Kerala,Y,Y,e
679305,Sankaramangalam,Kerala,Y,Y,d
679306,Shoranur,Kerala,Y,Y,e
679307,Sankaramangalam,Kerala,Y,Y,e
679308,Sankaramangalam,Kerala,Y,Y,e
679309,Sankaramangalam,Kerala,Y,Y,e
679310,OTTAPALAM,Kerala,Y,Y,e
679311,OTTAPALAM,Kerala,Y,Y,e
679312,OTTAPALAM,Kerala,Y,Y,e
679313,Sankaramangalam,Kerala,Y,Y,e
679314,OTTAPALAM,Kerala,Y,Y,e
679320,Kanhangad,Kerala,N,N,d
679321,Perinthalmanna,Kerala,Y,Y,e
679322,Perinthalmanna,Kerala,Y,Y,e
679323,Perinthalmanna,Kerala,Y,Y,e
679324,Malappuram,Kerala,Y,Y,e
679325,Perinthalmanna,Kerala,Y,Y,e
679326,Pandikkad,Kerala,Y,Y,e
679327,POOKKOTTUMPADAM,Kerala,Y,Y,e
679328,Edavanna,Kerala,Y,Y,e
679329,Edavanna,Kerala,Y,Y,e
679330,Edavanna,Kerala,Y,Y,e
679331,Nilambur,Kerala,Y,Y,e
679332,Nilambur,Kerala,Y,Y,d
679333,Chungatra,Kerala,Y,Y,e
679334,Chungatra,Kerala,Y,Y,e
679335,Cherpulassery,Kerala,Y,Y,d
679336,Sankaramangalam,Kerala,Y,Y,e
679337,Sankaramangalam,Kerala,Y,Y,e
679338,Malappuram,Kerala,Y,Y,e
679339,Edavanna,Kerala,Y,Y,e
679340,Perinthalmanna,Kerala,Y,Y,e
679341,MALAPPURAM,Kerala,Y,Y,e
679342,NILAMBUR,Kerala,N,N,d
679343,NILAMBUR,Kerala,N,N,d
679344,Nilambur,Kerala,Y,Y,d
679348,MALAPPURAM,Kerala,Y,Y,d
679350,MALAPPURAM,Kerala,N,N,d
679351,MALAPPURAM,Kerala,Y,Y,e
679352,MALAPPURAM,Kerala,N,N,d
679354,MALAPPURAM,Kerala,N,N,d
679355,POOKKOTTUMPADAM,Kerala,N,N,d
679356,Pattambi,Kerala,N,N,d
679357,Perinthalmanna,Kerala,Y,Y,e
679501,Cherpulassery,Kerala,Y,Y,e
679502,Cherpulassery,Kerala,Y,Y,e
679503,Cherpulassery,Kerala,Y,Y,d
679504,Cherpulassery,Kerala,Y,Y,d
679505,Cherpulassery,Kerala,Y,Y,d
679506,Cherpulassery,Kerala,Y,Y,d
679508,Cherpulassery,Kerala,N,N,d
679511,Pazhayannur,Kerala,Y,Y,e
679512,Akaloor,Kerala,Y,Y,e
679513,Thachanattukara,Kerala,Y,Y,e
679514,Akaloor,Kerala,Y,Y,d
679515,Akaloor,Kerala,Y,Y,e
679516,Akaloor,Kerala,Y,Y,e
679517,OTTAPALAM,Kerala,N,Y,e
679518,OTTAPALAM,Kerala,N,N,d
679519,Malappuram,Kerala,N,N,d
679521,Shoranur,Kerala,Y,Y,e
679522,Shoranur,Kerala,Y,Y,e
679523,Shoranur,Kerala,Y,Y,d
679528,Kottakkal,Kerala,N,N,d
679531,Shoranur,Kerala,Y,Y,d
679532,Shoranur,Kerala,Y,Y,e
679533,Sankaramangalam,Kerala,Y,Y,e
679534,Sankaramangalam,Kerala,Y,Y,e
679535,Sankaramangalam,Kerala,Y,Y,e
679536,Edappal,Kerala,Y,Y,e
679537,Sankaramangalam,Kerala,Y,Y,d
679538,Guruvayoor,Kerala,Y,Y,d
679539,Thamarassery,Kerala,Y,Y,e
679551,Edappal,Kerala,Y,Y,e
679552,Edappal,Kerala,Y,Y,e
679553,Edappal,Kerala,Y,Y,e
679554,Edappal,Kerala,Y,Y,d
679556,Edappal,Kerala,N,Y,e
679561,Chiramanangad,Kerala,Y,Y,e
679562,Chiramanangad,Kerala,Y,Y,e
679563,Chiramanangad,Kerala,Y,Y,e
679564,Chiramanangad,Kerala,Y,Y,e
679571,Valanchery,Kerala,Y,Y,e
679572,Valanchery,Kerala,Y,Y,e
679573,Tirur,Kerala,Y,Y,e
679574,Edappal,Kerala,Y,Y,e
679575,Edappal,Kerala,Y,Y,e
679576,Edappal,Kerala,Y,Y,e
679577,Tirur,Kerala,Y,Y,e
679578,Edappal,Kerala,Y,Y,e
679579,Tirur,Kerala,Y,Y,d
679580,Edappal,Kerala,Y,Y,e
679581,Edappal,Kerala,Y,Y,e
679582,Tirur,Kerala,Y,Y,e
679583,Tirur,Kerala,Y,Y,e
679584,Edappal,Kerala,Y,Y,e
679585,Edappal,Kerala,Y,Y,e
679586,Tirur,Kerala,Y,Y,e
679587,Edappal,Kerala,Y,Y,e
679588,Valanchery,Kerala,Y,Y,e
679589,Tirur,Kerala,Y,Y,e
679590,Edappal,Kerala,N,Y,e
679591,Edappal,Kerala,Y,Y,d
679592,Valanchery,Kerala,Y,Y,e
679594,Edappal,Kerala,Y,Y,e
679633,Guruvayur,Kerala,N,Y,e
679813,Shornur,Kerala,N,N,d
680001,Thrissur,Kerala,Y,Y,e
680002,Arimbur,Kerala,Y,Y,e
680003,Arimbur,Kerala,Y,Y,e
680004,Arimbur,Kerala,Y,Y,e
680005,Thrissur,Kerala,Y,Y,e
680006,Thrissur,Kerala,Y,Y,e
680007,Arimbur,Kerala,Y,Y,e
680008,Thrissur,Kerala,Y,Y,e
680009,Thrissur,Kerala,Y,Y,e
680010,Thrissur,Kerala,Y,Y,e
680011,Arimbur,Kerala,Y,Y,e
680012,Arimbur,Kerala,Y,Y,e
680013,Thrissur,Kerala,Y,Y,e
680014,Thrissur,Kerala,Y,Y,e
680015,Arimbur,Kerala,Y,Y,e
680016,Arimbur,Kerala,Y,Y,e
680017,Arimbur,Kerala,Y,Y,e
680018,Thrissur,Kerala,Y,Y,e
680019,Arni,Kerala,N,N,d
680020,Thrissur,Kerala,Y,Y,e
680021,Thrissur,Kerala,Y,Y,e
680022,Thrissur,Kerala,Y,Y,e
680026,Thrissur,Kerala,Y,Y,e
680027,Arimbur,Kerala,Y,Y,e
680028,Thrissur,Kerala,Y,Y,e
680051,Thrissur,Kerala,N,N,d
680052,Thrissur,Kerala,Y,Y,d
680101,Guruvayoor,Kerala,Y,Y,e
680102,Guruvayoor,Kerala,Y,Y,e
680103,Guruvayoor,Kerala,Y,Y,e
680104,Guruvayoor,Kerala,Y,Y,e
680106,Trichur,Kerala,N,N,d
680109,Trichur,Kerala,N,N,d
680111,Guruvayur,Kerala,N,Y,e
680121,Irinjalakuda,Kerala,Y,Y,e
680122,Irinjalakuda,Kerala,Y,Y,e
680123,Kodungallur,Kerala,Y,Y,e
680124,THRIPRAYAR,Kerala,Y,Y,d
680125,Irinjalakuda,Kerala,Y,Y,e
680203,Cochin,Kerala,N,N,d
680221,Trichur,Kerala,N,N,d
680301,Puthukkad,Kerala,Y,Y,e
680302,Puthukkad,Kerala,Y,Y,e
680303,Puthukkad,Kerala,Y,Y,e
680304,AMBALLUR,Kerala,N,N,d
680305,Puthukkad,Kerala,Y,Y,e
680306,Thrissur,Kerala,Y,Y,e
680307,Chalakudy,Kerala,Y,Y,e
680308,Chalakudy,Kerala,Y,Y,e
680309,Chalakudy,Kerala,Y,Y,e
680310,Puthukkad,Kerala,Y,Y,e
680311,Chalakudy,Kerala,Y,Y,e
680312,Puthukkad,Kerala,Y,Y,e
680313,Thrissur,Kerala,Y,Y,e
680314,Thrissur,Kerala,Y,Y,e
680315,Cochin,Kerala,N,N,d
680316,Chalakudy,Kerala,Y,Y,e
680317,Puthukkad,Kerala,Y,Y,e
680318,Thrissur,Kerala,N,N,d
680319,Thrissur,Kerala,Y,Y,e
680320,Thrissur,Kerala,Y,Y,e
680321,WADAKKANCHERY,Kerala,N,Y,e
680322,OLLUR,Kerala,Y,Y,e
680323,Irinjalakuda,Kerala,Y,Y,e
680324,Arni,Kerala,N,N,d
680325,Chalakudy,Kerala,Y,Y,e
680501,Chiramanangad,Kerala,Y,Y,e
680502,Guruvayoor,Kerala,Y,Y,e
680503,Chiramanangad,Kerala,Y,Y,e
680504,Guruvayoor,Kerala,Y,Y,e
680505,Chiramanangad,Kerala,Y,Y,e
680506,Guruvayoor,Kerala,Y,Y,e
680507,Guruvayoor,Kerala,Y,Y,e
680508,Guruvayoor,Kerala,Y,Y,e
680509,Guruvayoor,Kerala,Y,Y,e
680510,Guruvayoor,Kerala,Y,Y,e
680511,Guruvayoor,Kerala,Y,Y,e
680512,Guruvayoor,Kerala,Y,Y,e
680513,Guruvayoor,Kerala,Y,Y,e
680514,Guruvayoor,Kerala,Y,Y,e
680515,Guruvayoor,Kerala,Y,Y,e
680516,Guruvayoor,Kerala,Y,Y,e
680517,Chiramanangad,Kerala,Y,Y,e
680518,Guruvayoor,Kerala,Y,Y,e
680519,Chiramanangad,Kerala,Y,Y,e
680520,Chiramanangad,Kerala,Y,Y,e
680521,Chiramanangad,Kerala,Y,Y,e
680522,Guruvayoor,Kerala,Y,Y,e
680523,Chiramanangad,Kerala,Y,Y,e
680524,Guruvayoor,Kerala,Y,Y,e
680525,Thrissur,Kerala,N,N,d
680533,Thrissur,Kerala,N,Y,d
680534,Arni,Kerala,N,N,d
680541,Arimbur,Kerala,Y,Y,e
680542,Chiramanangad,Kerala,Y,Y,e
680543,Chiramanangad,Kerala,Y,Y,e
680544,Chiramanangad,Kerala,Y,Y,e
680545,Arimbur,Kerala,Y,Y,e
680546,Chiramanangad,Kerala,Y,Y,e
680547,Thrissur,Kerala,Y,Y,e
680549,Arimbur,Kerala,Y,Y,e
680551,Arimbur,Kerala,Y,Y,e
680552,Guruvayoor,Kerala,Y,Y,e
680553,Arimbur,Kerala,Y,Y,e
680554,WADAKKANCHERY,Kerala,N,Y,e
680555,Arimbur,Kerala,Y,Y,e
680561,Irinjalakuda,Kerala,Y,Y,e
680562,Irinjalakuda,Kerala,Y,Y,e
680563,Arimbur,Kerala,Y,Y,e
680564,Irinjalakuda,Kerala,Y,Y,e
680565,Irinjalakuda,Kerala,Y,Y,e
680566,Irinjalakuda,Kerala,Y,Y,e
680567,Irinjalakuda,Kerala,Y,Y,e
680568,Irinjalakuda,Kerala,Y,Y,e
680569,Arimbur,Kerala,Y,Y,e
680570,Arimbur,Kerala,Y,Y,e
680571,Arimbur,Kerala,Y,Y,e
680572,Thrissur,Kerala,Y,Y,d
680573,Thrissur,Kerala,Y,Y,e
680574,CHERPU,Kerala,Y,Y,e
680575,Thrissur,Kerala,Y,Y,e
680581,Thrissur,Kerala,Y,Y,e
680582,Shoranur,Kerala,Y,Y,e
680583,Shoranur,Kerala,Y,Y,e
680584,Chiramanangad,Kerala,Y,Y,e
680585,Shoranur,Kerala,Y,Y,e
680586,Pazhayannur,Kerala,Y,Y,e
680587,Pazhayannur,Kerala,Y,Y,e
680588,Pazhayannur,Kerala,Y,Y,e
680589,Shoranur,Kerala,Y,Y,e
680590,Shoranur,Kerala,Y,Y,e
680591,Shoranur,Kerala,Y,Y,d
680592,WADAKKANCHERY,Kerala,Y,Y,e
680593,WADAKKANCHERY,Kerala,N,Y,e
680594,Pazhayannur,Kerala,Y,Y,e
680595,WADAKKANCHERY,Kerala,Y,Y,e
680596,Thrissur,Kerala,Y,Y,e
680597,Trichur,Kerala,N,N,d
680600,Guruvayoor,Kerala,Y,Y,d
680601,Chiramanangad,Kerala,Y,Y,e
680602,Guruvayoor,Kerala,Y,Y,e
680603,Guruvayoor,Kerala,Y,Y,e
680604,Chiramanangad,Kerala,Y,Y,e
680608,Guruvayoor,Kerala,Y,Y,e
680609,Guruvayur,Kerala,N,Y,e
680610,Thrissur,Kerala,Y,Y,d
680611,Arimbur,Kerala,Y,Y,e
680612,Arimbur,Kerala,Y,Y,e
680613,Arimbur,Kerala,Y,Y,e
680614,Arimbur,Kerala,Y,Y,e
680615,Guruvayoor,Kerala,Y,Y,e
680616,Guruvayoor,Kerala,Y,Y,e
680617,Arimbur,Kerala,Y,Y,e
680618,Arimbur,Kerala,Y,Y,e
680619,Arimbur,Kerala,Y,Y,e
680620,Arimbur,Kerala,Y,Y,e
680621,Arimbur,Kerala,Y,Y,d
680623,Thrissur,Kerala,Y,Y,e
680631,Thrissur,Kerala,Y,Y,e
680641,Arimbur,Kerala,Y,Y,e
680642,Arimbur,Kerala,Y,Y,e
680651,Thrissur,Kerala,Y,Y,e
680652,Thrissur,Kerala,Y,Y,d
680653,Thrissur,Kerala,Y,Y,e
680654,Thrissur,Kerala,Y,Y,e
680655,Thrissur,Kerala,Y,Y,e
680656,Thrissur,Kerala,Y,Y,e
680657,Thrissur,Kerala,Y,Y,e
680661,Irinjalakuda,Kerala,Y,Y,e
680662,Irinjalakuda,Kerala,Y,Y,e
680663,Kodungallur,Kerala,Y,Y,e
680664,Kodungallur,Kerala,Y,Y,e
680665,Kodungallur,Kerala,Y,Y,e
680666,Kodungallur,Kerala,Y,Y,e
680667,Kodungallur,Kerala,Y,Y,e
680668,Kodungallur,Kerala,Y,Y,e
680669,Kodungallur,Kerala,Y,Y,e
680670,Kodungallur,Kerala,Y,Y,e
680671,Kodungallur,Kerala,Y,Y,e
680672,Irinjalakuda,Kerala,Y,Y,e
680673,Kodungallur,Kerala,Y,Y,e
680677,Thrissur,Kerala,N,N,d
680681,Irinjalakuda,Kerala,Y,Y,e
680682,Kodungallur,Kerala,Y,Y,e
680683,Irinjalakuda,Kerala,Y,Y,e
680684,Chalakudy,Kerala,Y,Y,e
680685,Kodungallur,Kerala,Y,Y,e
680686,Irinjalakuda,Kerala,Y,Y,e
680687,Irinjalakuda,Kerala,Y,Y,e
680688,Irinjalakuda,Kerala,Y,Y,e
680689,Chalakudy,Kerala,Y,Y,e
680691,Kodungallur,Kerala,Y,Y,e
680692,Trichur,Kerala,N,N,d
680693,Chalakudy,Kerala,Y,Y,d
680694,Irinjalakuda,Kerala,Y,Y,e
680695,Irinjalakuda,Kerala,Y,Y,e
680697,Chalakudy,Kerala,Y,Y,e
680698,Mala Kl,Kerala,N,Y,e
680699,Chalakudy,Kerala,Y,Y,d
680701,Irinjalakuda,Kerala,Y,Y,e
680702,Irinjalakuda,Kerala,Y,Y,e
680703,Irinjalakuda,Kerala,Y,Y,e
680704,Thrissur,Kerala,Y,Y,d
680711,Irinjalakuda,Kerala,Y,Y,e
680712,Irinjalakuda,Kerala,Y,Y,e
680721,Chalakudy,Kerala,Y,Y,d
680722,Chalakudy,Kerala,Y,Y,e
680723,Cochin,Kerala,N,N,d
680724,CHALAKUDY,Kerala,N,N,d
680725,CHALAKUDY,Kerala,N,N,d
680731,Chalakudy,Kerala,Y,Y,e
680732,Chalakudy,Kerala,Y,Y,e
680733,Kodungallur,Kerala,Y,Y,e
680734,Angamaly,Kerala,Y,Y,e
680735,Chalakudy,Kerala,Y,Y,e
680736,Chalakudy,Kerala,Y,Y,e
680741,Chalakudy,Kerala,Y,Y,e
680751,Thrissur,Kerala,Y,Y,e
680752,ARNI,Maharashtra,Y,Y,d
680771,WADAKKANCHERY,Kerala,Y,Y,b
681029,Cochin,Kerala,Y,Y,d
681315,Wadakkanchery,Kerala,N,Y,e
681528,Thrissur,Kerala,N,N,d
682000,Cochin,Kerala,Y,Y,d
682001,Cochin,Kerala,Y,Y,e
682002,Cochin,Kerala,Y,Y,e
682003,Cochin,Kerala,Y,Y,e
682004,Cochin,Kerala,Y,Y,e
682005,Cochin,Kerala,Y,Y,e
682006,Cochin,Kerala,Y,Y,e
682007,Cochin,Kerala,Y,Y,e
682008,Cochin,Kerala,Y,Y,e
682009,Cochin,Kerala,Y,Y,e
682010,Cochin,Kerala,Y,Y,e
682011,Cochin,Kerala,Y,Y,e
682012,Elamakkara,Kerala,Y,Y,e
682013,Cochin,Kerala,Y,Y,e
682014,Cochin,Kerala,Y,Y,e
682015,Cochin,Kerala,Y,Y,e
682016,Cochin,Kerala,Y,Y,e
682017,Cochin,Kerala,Y,Y,e
682018,Cochin,Kerala,Y,Y,e
682019,Cochin,Kerala,Y,Y,e
682020,Cochin,Kerala,Y,Y,e
682021,Elamakkara,Kerala,Y,Y,e
682022,Elamakkara,Kerala,Y,Y,e
682023,Elamakkara,Kerala,Y,Y,e
682024,Elamakkara,Kerala,Y,Y,e
682025,Elamakkara,Kerala,Y,Y,e
682026,Elamakkara,Kerala,Y,Y,e
682027,Elamakkara,Kerala,Y,Y,e
682028,Cochin,Kerala,Y,Y,e
682029,Cochin,Kerala,Y,Y,e
682030,Kunnathunad,Kerala,Y,Y,e
682031,Cochin,Kerala,Y,Y,e
682032,Cochin,Kerala,Y,Y,e
682033,Elamakkara,Kerala,Y,Y,e
682034,Elamakkara,Kerala,Y,Y,e
682035,Cochin,Kerala,Y,Y,e
682036,Cochin,Kerala,Y,Y,e
682037,Kunnathunad,Kerala,Y,Y,e
682038,Cochin,Kerala,Y,Y,e
682039,Kunnathunad,Kerala,Y,Y,d
682040,Cochin,Kerala,Y,Y,d
682041,Elamakkara,Kerala,Y,Y,e
682042,Kunnathunad,Kerala,Y,Y,e
682043,Cochin,Kerala,N,N,d
682044,Ottapalam,Kerala,N,Y,e
682050,KOCHI,Kerala,N,N,d
682051,Cochin,Kerala,Y,Y,e
682052,Cochin,Kerala,Y,Y,d
682204,Ottapalam,Kerala,N,Y,e
682301,Cochin,Kerala,Y,Y,e
682302,Cochin,Kerala,Y,Y,e
682303,Kunnathunad,Kerala,Y,Y,e
682304,Cochin,Kerala,Y,Y,e
682305,Cochin,Kerala,Y,Y,e
682306,Cochin,Kerala,Y,Y,e
682307,Cochin,Kerala,Y,Y,e
682308,Kunnathunad,Kerala,Y,Y,e
682309,Cochin,Kerala,Y,Y,e
682310,Kunnathunad,Kerala,Y,Y,e
682311,Muvattupuzha,Kerala,Y,Y,e
682312,Cochin,Kerala,Y,Y,e
682313,Kanjiramattom,Kerala,Y,Y,e
682314,Kanjiramattom,Kerala,Y,Y,d
682315,Kanjiramattom,Kerala,Y,Y,d
682316,Muvattupuzha,Kerala,Y,Y,d
682317,Kanjiramattom,Kerala,Y,Y,d
682319,Cochin,Kerala,N,Y,d
682320,Cochin,Kerala,Y,Y,d
682501,North Paravur,Kerala,Y,Y,e
682502,North Paravur,Kerala,Y,Y,e
682503,North Paravur,Kerala,Y,Y,e
682504,Cochin,Kerala,Y,Y,d
682505,North Paravur,Kerala,Y,Y,e
682506,Cochin,Kerala,Y,Y,e
682507,Cochin,Kerala,Y,Y,e
682508,Cochin,Kerala,Y,Y,e
682509,North Paravur,Kerala,Y,Y,e
682510,Cochin,Kerala,Y,Y,e
682511,Cochin,Kerala,Y,Y,e
682553,Lakshadweep,Lakshadweep,N,N,d
682555,Lakshadweep,Lakshadweep,N,N,d
682558,Lakshadweep,Lakshadweep,N,N,d
682565,Kochi,Kerala,N,N,d
683001,Alwaye,Kerala,N,N,d
683012,Alwaye,Kerala,N,N,d
683021,Cochin,Kerala,N,N,d
683101,Aluva,Kerala,Y,Y,e
683102,Aluva,Kerala,Y,Y,e
683103,Aluva,Kerala,Y,Y,d
683104,Elamakkara,Kerala,Y,Y,e
683105,Aluva,Kerala,Y,Y,e
683106,Aluva,Kerala,Y,Y,e
683107,Cochin,Kerala,Y,Y,d
683108,Aluva,Kerala,Y,Y,e
683109,Elamakkara,Kerala,Y,Y,d
683110,Aluva,Kerala,Y,Y,e
683111,Angamaly,Kerala,Y,Y,e
683112,Aluva,Kerala,Y,Y,d
683204,Cochin,Kerala,N,N,d
683302,Alwaye,Kerala,N,N,d
683303,Alwaye,Kerala,N,N,d
683501,Elamakkara,Kerala,Y,Y,e
683502,Aluva,Kerala,Y,Y,e
683503,Elamakkara,Kerala,Y,Y,e
683504,Elamakkara,Kerala,Y,Y,d
683505,Cochin,Kerala,N,N,d
683506,Cochin,Kerala,N,N,d
683510,Kerela,Kerala,N,N,d
683511,Aluva,Kerala,Y,Y,e
683512,North Paravur,Kerala,Y,Y,e
683513,North Paravur,Kerala,Y,Y,e
683514,North Paravur,Kerala,Y,Y,e
683515,North Paravur,Kerala,Y,Y,e
683516,North Paravur,Kerala,Y,Y,e
683517,North Paravur,Kerala,Y,Y,e
683518,North Paravur,Kerala,Y,Y,e
683519,North Paravur,Kerala,Y,Y,e
683520,North Paravur,Kerala,Y,Y,e
683521,North Paravur,Kerala,Y,Y,e
683522,North Paravur,Kerala,Y,Y,e
683523,Kodungallur,Kerala,Y,Y,d
683524,Karukutty,Kerala,N,N,d
683525,COCHIN,Kerala,N,N,d
683527,Alwaye,Kerala,N,N,d
683541,Perumbavoor,Kerala,Y,Y,e
683542,Perumbavoor,Kerala,Y,Y,e
683543,Perumbavoor,Kerala,Y,Y,e
683544,Perumbavoor,Kerala,Y,Y,e
683545,Perumbavoor,Kerala,Y,Y,d
683546,Perumbavoor,Kerala,Y,Y,d
683547,Perumbavoor,Kerala,Y,Y,e
683548,KURUPPAMPADI,Kerala,Y,Y,d
683549,Perumbavoor,Kerala,Y,Y,d
683550,Perumbavoor,Kerala,Y,Y,e
683553,Cochin,Kerala,Y,Y,d
683554,Cochin,Kerala,Y,Y,d
683555,Muvattupuzha,Kerala,Y,Y,d
683556,Perumbavoor,Kerala,Y,Y,e
683557,Perumbavoor,Kerala,Y,Y,d
683561,Kunnathunad,Kerala,Y,Y,d
683562,Kunnathunad,Kerala,Y,Y,d
683563,Aluva,Kerala,Y,Y,e
683564,EDATHALA,Kerala,Y,Y,d
683565,Kunnathunad,Kerala,Y,Y,d
683571,Aluva,Kerala,Y,Y,d
683572,Angamaly,Kerala,Y,Y,e
683573,Angamaly,Kerala,Y,Y,e
683574,Angamaly,Kerala,Y,Y,e
683575,Angamaly,Kerala,Y,Y,e
683576,Angamaly,Kerala,Y,Y,e
683577,Angamaly,Kerala,Y,Y,e
683578,Angamaly,Kerala,Y,Y,e
683579,Angamaly,Kerala,Y,Y,e
683580,Angamaly,Kerala,Y,Y,d
683581,Angamaly,Kerala,Y,Y,e
683582,Angamaly,Kerala,Y,Y,d
683583,Muvattupuzha,Kerala,Y,Y,d
683584,Karukutty,Kerala,N,Y,d
683585,Angamaly,Kerala,Y,Y,d
683586,Angamaly,Kerala,Y,Y,d
683587,Perumbavoor,Kerala,Y,Y,e
683589,Angamaly,Kerala,Y,Y,e
683591,Aluva,Kerala,Y,Y,d
683592,Aluva,Kerala,Y,Y,d
683593,COCHIN,Kerala,N,N,d
683594,North Paravur,Kerala,Y,Y,e
685005,Cochin,Kerala,N,N,d
685025,Alappuzha,Kerala,N,N,d
685050,Adimali,Kerala,N,N,d
685501,Mundakayam,Kerala,Y,Y,d
685502,Kumily,Kerala,Y,Y,d
685503,Mundakayam,Kerala,Y,Y,d
685505,Mundakayam,Kerala,Y,Y,d
685506,Kattappana,Kerala,Y,Y,d
685507,Kattappana,Kerala,Y,Y,d
685508,Kattappana,Kerala,Y,Y,e
685509,Kumily,Kerala,Y,Y,e
685510,Iddukki,Kerala,Y,Y,d
685511,Kattappana,Kerala,Y,Y,e
685512,Kumily,Kerala,Y,Y,d
685514,Kattappana,Kerala,Y,Y,e
685515,Kattappana,Kerala,Y,Y,e
685518,Cochin,Kerala,N,N,d
685531,Mundakayam,Kerala,Y,Y,d
685532,Edakunnam,Kerala,N,Y,d
685533,Kumily,Kerala,Y,Y,d
685535,Kumily,Kerala,Y,Y,d
685536,Kumily,Kerala,Y,Y,d
685537,Kumily,Kerala,Y,Y,d
685538,Mundakayam,Kerala,Y,Y,d
685539,Kumily,Kerala,Y,Y,d
685551,Kattappana,Kerala,Y,Y,e
685552,Nedumkandam,Kerala,Y,Y,e
685553,Nedumkandam,Kerala,Y,Y,e
685554,Kuthumkal,Kerala,Y,Y,d
685555,Kattappana,Kerala,N,N,d
685556,Kuthumkal,Kerala,Y,Y,d
685557,Kattappana,Kerala,N,N,d
685561,Adimali,Kerala,Y,Y,e
685562,Adimali,Kerala,Y,Y,d
685563,Adimali,Kerala,Y,Y,e
685564,Idukki,Kerala,N,N,d
685565,Munnar,Kerala,Y,Y,d
685566,Kuthumkal,Kerala,Y,Y,e
685569,MUNNAR,Kerala,N,N,d
685571,Adimali,Kerala,Y,Y,d
685581,Thodupuzha,Kerala,Y,Y,e
685582,Thodupuzha,Kerala,Y,Y,e
685583,Thodupuzha,Kerala,Y,Y,e
685584,Thodupuzha,Kerala,Y,Y,e
685585,Thodupuzha,Kerala,Y,Y,e
685586,Thodupuzha,Kerala,Y,Y,e
685587,Thodupuzha,Kerala,Y,Y,e
685588,Thodupuzha,Kerala,Y,Y,d
685589,IDUKKI,Kerala,N,N,d
685590,Thodupuzha,Kerala,Y,Y,d
685591,Thodupuzha,Kerala,N,N,d
685592,THODUPUZHA,Kerala,N,Y,e
685595,Thodupuzha,Kerala,Y,Y,d
685597,THODUPUZHA,Kerala,N,Y,e
685601,CHERTHONI,Kerala,N,N,d
685602,Iddukki,Kerala,Y,Y,d
685603,Iddukki,Kerala,Y,Y,d
685604,Rajamudy,Kerala,Y,Y,d
685605,Thodupuzha,Kerala,Y,Y,e
685606,Iddukki,Kerala,Y,Y,d
685607,Thodupuzha,Kerala,Y,Y,d
685608,Thodupuzha,Kerala,Y,Y,e
685609,Rajamudy,Kerala,Y,Y,d
685611,MUNNAR,Kerala,Y,Y,d
685612,Munnar,Kerala,Y,Y,d
685613,Munnar,Kerala,Y,Y,d
685614,Kattappana,Kerala,Y,Y,d
685615,Munnar,Kerala,Y,Y,d
685616,Munnar,Kerala,Y,Y,d
685618,Kuthumkal,Kerala,Y,Y,d
685619,Kuthumkal,Kerala,Y,Y,e
685620,Kattapana,Kerala,Y,Y,d
685621,Trivandrum,Kerala,N,N,d
686001,Kottayam,Kerala,Y,Y,e
686002,Kottayam,Kerala,Y,Y,e
686003,Kottayam,Kerala,Y,Y,e
686004,Kottayam,Kerala,Y,Y,e
686005,Kottayam,Kerala,Y,Y,e
686006,Kottayam,Kerala,Y,Y,e
686007,Changanacherry,Kerala,Y,Y,e
686008,Kottayam,Kerala,Y,Y,e
686009,Kottayam,Kerala,Y,Y,e
686010,Kottayam,Kerala,Y,Y,e
686011,Kottayam,Kerala,Y,Y,e
686012,Changanacherry,Kerala,Y,Y,e
686013,Changanacherry,Kerala,Y,Y,e
686014,Kottayam,Kerala,Y,Y,e
686015,Kottayam,Kerala,Y,Y,e
686016,Kottayam,Kerala,Y,Y,e
686017,Kottayam,Kerala,Y,Y,e
686018,Kottayam,Kerala,Y,Y,e
686019,Kottayam,Kerala,Y,Y,e
686020,Kottayam,Kerala,Y,Y,e
686021,Changanacherry,Kerala,Y,Y,e
686022,Kottayam,Kerala,Y,Y,e
686023,Changanacherry,Kerala,Y,Y,e
686024,Kottayam,Kerala,Y,Y,e
686025,Kottayam,Kerala,Y,Y,e
686026,Kottayam,Kerala,Y,Y,e
686027,Kottayam,Kerala,Y,Y,e
686028,Kottayam,Kerala,Y,Y,e
686029,Changanacherry,Kerala,Y,Y,e
686030,Kottayam,Kerala,Y,Y,d
686031,Kottayam,Kerala,N,Y,e
686032,Kottayam,Kerala,Y,Y,e
686033,Kottayam,Kerala,Y,Y,e
686034,Kottayam,Kerala,Y,Y,e
686035,Kottayam,Kerala,Y,Y,e
686036,Kottayam,Kerala,Y,Y,e
686037,Kottayam,Kerala,Y,Y,e
686038,Kottayam,Kerala,Y,Y,e
686039,Kottayam,Kerala,Y,Y,e
686040,Changanacherry,Kerala,Y,Y,e
686041,Kottayam,Kerala,Y,Y,e
686101,Changanacherry,Kerala,Y,Y,e
686102,Changanacherry,Kerala,Y,Y,e
686103,Changanacherry,Kerala,Y,Y,e
686104,Changanacherry,Kerala,Y,Y,e
686105,Tiruvalla,Kerala,Y,Y,d
686106,Changanacherry,Kerala,Y,Y,e
686107,Tiruvella,Kerala,N,Y,d
686108,Changanacherry,Kerala,N,N,d
686121,Pala,Kerala,Y,Y,e
686122,Pala,Kerala,Y,Y,e
686123,Parakkadavu,Kerala,Y,Y,d
686124,ERATTUPETTA,Kerala,Y,Y,e
686141,Vaikom,Kerala,Y,Y,d
686142,Vaikom,Kerala,Y,Y,d
686143,Vaikom,Kerala,Y,Y,e
686144,Kottayam,Kerala,Y,Y,d
686145,Vaikom,Kerala,Y,Y,d
686146,Vaikom,Kerala,Y,Y,d
686307,Kottayam,Kerala,N,N,d
686501,Kottayam,Kerala,Y,Y,e
686502,Karukachal,Kerala,Y,Y,e
686503,Pala,Kerala,Y,Y,e
686504,Parakkadavu,Kerala,Y,Y,d
686505,Parakkadavu,Kerala,Y,Y,d
686506,Parakkadavu,Kerala,Y,Y,e
686507,Parakkadavu,Kerala,Y,Y,e
686508,Parakkadavu,Kerala,Y,Y,e
686509,Mundakayam,Kerala,Y,Y,e
686510,Pathanamthitta,Kerala,N,Y,e
686511,Ranni,Kerala,Y,Y,e
686512,Mundakayam,Kerala,Y,Y,e
686513,Mundakayam,Kerala,Y,Y,e
686514,Mundakayam,Kerala,Y,Y,e
686515,Karukachal,Kerala,Y,Y,e
686516,Karukachal,Kerala,Y,Y,e
686517,Parakkadavu,Kerala,Y,Y,d
686518,Parakkadavu,Kerala,Y,Y,e
686519,Parakkadavu,Kerala,Y,Y,d
686520,Parakkadavu,Kerala,Y,Y,e
686521,Karukachal,Kerala,Y,Y,e
686522,Parakkadavu,Kerala,Y,Y,e
686523,PALA,Kerala,Y,Y,e
686524,Pala,Kerala,N,Y,e
686527,PALA,Kerala,N,Y,e
686529,Kottayam,Kerala,N,Y,e
686531,Changanacherry,Kerala,Y,Y,e
686532,Changanacherry,Kerala,Y,Y,e
686533,Changanacherry,Kerala,Y,Y,e
686534,Changanacherry,Kerala,Y,Y,d
686535,Changanacherry,Kerala,Y,Y,e
686536,Karukachal,Kerala,Y,Y,e
686537,Tiruvalla,Kerala,Y,Y,e
686538,Changanacherry,Kerala,Y,Y,e
686539,Karukachal,Kerala,Y,Y,d
686540,Karukachal,Kerala,Y,Y,e
686541,Karukachal,Kerala,Y,Y,d
686542,Karukachal,Kerala,Y,Y,e
686543,Ranni,Kerala,Y,Y,e
686544,Ranni,Kerala,Y,Y,d
686545,Karukachal,Kerala,Y,Y,e
686546,Karukachal,Kerala,Y,Y,e
686547,Ranni,Kerala,Y,Y,d
686548,Tiruvalla,Kerala,Y,Y,e
686549,Tiruvella,Kerala,Y,Y,d
686550,Tiruvella,Kerala,N,N,d
686552,Tiruvella,Kerala,Y,Y,d
686553,Tiruvella,Kerala,N,N,d
686555,Karukachal,Kerala,Y,Y,d
686556,Pathanamthitta,Kerala,N,Y,d
686560,Kottayam,Kerala,Y,Y,e
686561,Kottayam,Kerala,Y,Y,e
686562,Kothanalloor,Kerala,Y,Y,e
686563,Kottayam,Kerala,Y,Y,e
686564,Kottayam,Kerala,Y,Y,e
686565,Pala,Kerala,N,Y,e
686566,PALA,Kerala,N,Y,e
686567,Pala,Kerala,N,Y,e
686568,PALA,Kerala,Y,Y,e
686571,Pala,Kerala,Y,Y,e
686572,Pala,Kerala,Y,Y,e
686573,Pala,Kerala,Y,Y,e
686574,Pala,Kerala,Y,Y,e
686575,Pala,Kerala,Y,Y,e
686576,Pala,Kerala,Y,Y,d
686577,Pala,Kerala,Y,Y,e
686578,Pala,Kerala,Y,Y,e
686579,Pala,Kerala,Y,Y,e
686580,Pala,Kerala,Y,Y,d
686581,Pala,Kerala,Y,Y,e
686582,Pala,Kerala,Y,Y,e
686583,Pala,Kerala,Y,Y,e
686584,Pala,Kerala,Y,Y,e
686585,Pala,Kerala,Y,Y,d
686586,Thodupuzha,Kerala,Y,Y,d
686587,Kothanalloor,Kerala,Y,Y,e
686588,PALA,Kerala,N,Y,e
686589,PALA,Kerala,N,Y,e
686590,Pala,Kerala,N,Y,e
686591,PALA,Kerala,N,Y,e
686592,PALA,Kerala,N,Y,e
686594,Tiruvella,Kerala,Y,Y,e
686595,Pala,Kerala,Y,Y,e
686596,PALA,Kerala,N,Y,e
686597,PALA,Kerala,Y,Y,e
686600,Kothanalloor,Kerala,Y,Y,d
686601,Kothanalloor,Kerala,Y,Y,e
686602,Kothanalloor,Kerala,Y,Y,e
686603,Kothanalloor,Kerala,Y,Y,d
686604,Kothanalloor,Kerala,Y,Y,d
686605,Vaikom,Kerala,Y,Y,e
686606,Vaikom,Kerala,Y,Y,d
686607,Vaikom,Kerala,Y,Y,d
686608,Vaikom,Kerala,Y,Y,e
686609,PIRAVOM,Kerala,Y,Y,d
686610,PIRAVOM,Kerala,Y,Y,d
686611,Kothanalloor,Kerala,Y,Y,d
686612,Kothanalloor,Kerala,Y,Y,d
686613,Kottayam,Kerala,Y,Y,d
686614,Vaikom,Kerala,N,Y,d
686615,PALA,Kerala,N,Y,e
686616,PIRAVOM,Kerala,Y,Y,d
686617,Kothanalloor,Kerala,Y,Y,d
686619,Kollam,Kerala,N,Y,d
686620,Palani,Tamil Nadu,Y,Y,d
686627,Kottayam,Kerala,N,Y,e
686630,Kothanalloor,Kerala,Y,Y,e
686631,Kothanalloor,Kerala,Y,Y,e
686632,Kothanalloor,Kerala,Y,Y,e
686633,Kothanalloor,Kerala,Y,Y,d
686634,Pala,Kerala,Y,Y,e
686635,Pala,Kerala,Y,Y,e
686636,PALA,Kerala,Y,Y,e
686637,Kothanalloor,Kerala,Y,Y,e
686638,Kottayam,Kerala,Y,Y,d
686640,Kothanalloor,Kerala,Y,Y,d
686641,Kottayam,Kerala,Y,Y,d
686642,Kottayam,Kerala,Y,Y,d
686646,Kottayam,Kerala,N,Y,e
686651,Pala,Kerala,Y,Y,e
686652,Pala,Kerala,Y,Y,d
686653,Pala,Kerala,Y,Y,e
686654,PALA,Kerala,N,Y,e
686655,PALA,Kerala,N,Y,e
686661,Muvattupuzha,Kerala,Y,Y,e
686662,KOOTHATTUKULAM,Kerala,Y,Y,e
686663,Kanjiramattom,Kerala,N,Y,d
686664,PIRAVOM,Kerala,Y,Y,e
686665,PIRAVOM,Kerala,Y,Y,e
686666,Kothamangalam,Kerala,Y,Y,e
686667,Muvattupuzha,Kerala,Y,Y,e
686668,Muvattupuzha,Kerala,Y,Y,e
686669,Muvattupuzha,Kerala,Y,Y,d
686670,Muvattupuzha,Kerala,Y,Y,e
686671,Muvattupuzha,Kerala,Y,Y,e
686672,Muvattupuzha,Kerala,Y,Y,e
686673,Muvattupuzha,Kerala,Y,Y,e
686674,VAZHAKULAM,Kerala,Y,Y,d
686676,Muvattupuzha,Kerala,Y,Y,d
686677,Muvattupuzha,Kerala,Y,Y,d
686679,Muvattupuzha,Kerala,Y,Y,d
686680,Kollam,Kerala,N,Y,d
686681,Perumbavoor,Kerala,Y,Y,d
686683,Muvattupuzha,Kerala,N,N,d
686686,Muvattupuzha,Kerala,Y,Y,d
686687,Muvattupuzha,Kerala,Y,Y,d
686689,Perumbavoor,Kerala,Y,Y,d
686691,Kothamangalam,Kerala,Y,Y,e
686692,Kothamangalam,Kerala,Y,Y,e
686693,Perumbavoor,Kerala,Y,Y,e
686694,Thodupuzha,Kerala,N,Y,e
686695,THODUPUZHA,Kerala,Y,Y,e
686696,Thodupuzha,Kerala,N,Y,e
686697,Thodupuzha,Kerala,N,Y,e
686698,THODUPUZHA,Kerala,Y,Y,e
686702,Thodupuzha,Kerala,N,Y,e
686721,THODUPUZHA,Kerala,Y,Y,e
686722,Thodupuzha,Kerala,N,Y,e
686723,THODUPUZHA,Kerala,N,Y,e
686726,THODUPUZHA,Kerala,N,Y,e
686730,THODUPUZHA,Kerala,Y,Y,e
687457,Bhopal,Madhya Pradesh,N,N,d
688001,Alappuzha,Kerala,Y,Y,e
688002,Alappuzha,Kerala,Y,Y,e
688003,Alappuzha,Kerala,Y,Y,e
688004,Alappuzha,Kerala,Y,Y,e
688005,Alappuzha,Kerala,Y,Y,e
688006,Alappuzha,Kerala,Y,Y,e
688007,Alappuzha,Kerala,Y,Y,e
688008,Alappuzha,Kerala,Y,Y,e
688009,Alappuzha,Kerala,Y,Y,e
688010,Alappuzha,Kerala,Y,Y,d
688011,Alappuzha,Kerala,Y,Y,e
688012,Alappuzha,Kerala,Y,Y,e
688013,Alappuzha,Kerala,Y,Y,e
688014,Alappuzha,Kerala,Y,Y,e
688016,Allapey,Kerala,N,Y,e
688017,Allapey,Kerala,N,Y,e
688020,Allapey,Kerala,N,Y,e
688022,Allapey,Kerala,N,Y,e
688028,Allapey,Kerala,N,Y,e
688029,Allapey,Kerala,N,Y,e
688042,Allapey,Kerala,N,Y,e
688101,Changanacherry,Kerala,N,N,d
688501,Alappuzha,Kerala,Y,Y,d
688502,Alappuzha,Kerala,Y,Y,d
688503,Ramankary,Kerala,Y,Y,e
688504,Changanacherry,Kerala,Y,Y,d
688505,Alappuzha,Kerala,Y,Y,d
688506,Changanacherry,Kerala,Y,Y,d
688507,Alappuzha,Kerala,Y,Y,d
688508,Alappuzha,Kerala,Y,Y,e
688509,Alleppey,Kerala,N,N,d
688511,Alappuzha,Kerala,Y,Y,d
688512,Alappuzha,Kerala,Y,Y,d
688521,Alappuzha,Kerala,Y,Y,e
688522,Alappuzha,Kerala,Y,Y,e
688523,Alappuzha,Kerala,Y,Y,e
688524,Cherthala,Kerala,Y,Y,e
688525,Alappuzha,Kerala,Y,Y,e
688526,Ezhupunna,Kerala,Y,Y,d
688527,Cherthala,Kerala,Y,Y,d
688528,Alappuzha,Kerala,Y,Y,e
688529,Cherthala,Kerala,Y,Y,e
688530,Cherthala,Kerala,Y,Y,e
688531,Alappuzha,Kerala,Y,Y,e
688532,Cherthala,Kerala,Y,Y,e
688533,Cherthala,Kerala,Y,Y,e
688534,Ezhupunna,Kerala,Y,Y,d
688535,Ezhupunna,Kerala,Y,Y,d
688536,Cherthala,Kerala,Y,Y,e
688537,Ezhupunna,Kerala,Y,Y,e
688538,Alappuzha,Kerala,Y,Y,e
688539,Cherthala,Kerala,Y,Y,e
688540,Cherthala,Kerala,Y,Y,e
688541,Alappuzha,Kerala,Y,Y,e
688542,Alappuzha,Kerala,Y,Y,d
688543,PATTANAKAD,Kerala,Y,Y,d
688544,Cherthala,Kerala,Y,Y,d
688545,Cherthala,Kerala,Y,Y,d
688546,PATHIRAPPALLY,Kerala,Y,Y,d
688547,Ezhupunna,Kerala,Y,Y,d
688548,Ezhupunna,Kerala,Y,Y,d
688549,ALLEPPEY,Kerala,N,Y,d
688550,Ezhupunna,Kerala,Y,Y,d
688552,CHERTHALA,Kerala,Y,Y,d
688554,Cherthala,Kerala,Y,Y,d
688555,Cherthala,Kerala,Y,Y,d
688556,Alappuzha,Kerala,Y,Y,d
688557,Alappuzha,Kerala,Y,Y,e
688558,Alappuzha,Kerala,Y,Y,d
688559,Alappuzha,Kerala,Y,Y,d
688560,Allapey,Kerala,N,Y,e
688561,Alappuzha,Kerala,Y,Y,e
688562,Haripad,Kerala,Y,Y,e
688563,Allapey,Kerala,N,Y,e
688564,Alappuzha,Kerala,Y,Y,e
688565,Haripad,Kerala,Y,Y,d
688566,Alappuzha,Kerala,Y,Y,d
688567,Alappuzha,Kerala,Y,Y,d
688570,Cherthala,Kerala,N,N,d
688581,Cherthala,Kerala,N,N,d
688582,Cherthala,Kerala,Y,Y,e
688583,PATTANAKAD,Kerala,N,Y,d
688584,Alappuzha,Kerala,Y,Y,d
688585,Pattanakad,Kerala,N,N,d
688586,Cherthala,Kerala,Y,Y,d
688587,Alappuzha,Kerala,Y,Y,d
688625,Mavelikara,Kerala,N,N,d
688632,Kottayam,Kerala,N,Y,e
688656,Mavelikara,Kerala,N,N,d
689006,Karur,Tamil Nadu,N,N,d
689101,Tiruvalla,Kerala,Y,Y,e
689102,Tiruvalla,Kerala,Y,Y,e
689103,Tiruvalla,Kerala,Y,Y,e
689104,Tiruvalla,Kerala,Y,Y,e
689105,Tiruvalla,Kerala,Y,Y,e
689106,Chengannur,Kerala,Y,Y,e
689107,Tiruvalla,Kerala,Y,Y,e
689108,Tiruvalla,Kerala,Y,Y,d
689109,Chengannur,Kerala,Y,Y,e
689110,Tiruvalla,Kerala,Y,Y,e
689111,Tiruvalla,Kerala,Y,Y,d
689112,Tiruvalla,Kerala,Y,Y,d
689113,Tiruvalla,Kerala,Y,Y,d
689114,Tiruvalla,Kerala,Y,Y,d
689115,Tiruvalla,Kerala,Y,Y,e
689121,Chengannur,Kerala,Y,Y,e
689122,Chengannur,Kerala,Y,Y,e
689123,Chengannur,Kerala,Y,Y,e
689124,Chengannur,Kerala,Y,Y,e
689125,CHENGANNUR,Kerala,Y,Y,e
689126,Chengannur,Kerala,Y,Y,e
689501,Manthuka,Kerala,Y,Y,e
689502,Manthuka,Kerala,Y,Y,e
689503,Manthuka,Kerala,Y,Y,e
689504,Manthuka,Kerala,Y,Y,d
689505,Manthuka,Kerala,Y,Y,e
689506,Chengannur,Kerala,Y,Y,e
689507,Manthuka,Kerala,Y,Y,d
689508,Chengannur,Kerala,Y,Y,e
689509,Manthuka,Kerala,Y,Y,e
689510,Chengannur,Kerala,Y,Y,e
689511,Chengannur,Kerala,Y,Y,e
689512,Adoor,Kerala,Y,Y,e
689513,Adoor,Kerala,Y,Y,e
689514,Kozhenchery,Kerala,Y,Y,d
689515,Pathanamthitta,Kerala,Y,Y,e
689516,Adoor,Kerala,Y,Y,e
689517,Pathanamthitta,Kerala,Y,Y,d
689518,Adoor,Kerala,Y,Y,d
689519,Kayamkulam,Kerala,Y,Y,d
689520,Chengannur,Kerala,Y,Y,e
689521,Manthuka,Kerala,Y,Y,e
689522,Tiruvalla,Kerala,N,N,d
689526,Tiruvalla,Kerala,N,N,d
689529,Thiruvalla,Kerala,N,N,d
689531,Kozhenchery,Kerala,Y,Y,e
689532,Kozhenchery,Kerala,Y,Y,d
689533,Kozhenchery,Kerala,Y,Y,d
689541,Chengannur,Kerala,Y,Y,e
689542,Chengannur,Kerala,Y,Y,e
689543,Chengannur,Kerala,Y,Y,e
689544,Kozhenchery,Kerala,Y,Y,d
689545,Kozhenchery,Kerala,Y,Y,e
689546,Chengannur,Kerala,Y,Y,e
689547,Chengannur,Kerala,Y,Y,e
689548,Kozhenchery,Kerala,Y,Y,e
689549,Kozhenchery,Kerala,Y,Y,e
689550,Kozhenchery,Kerala,Y,Y,e
689551,Chengannur,Kerala,Y,Y,e
689552,Tiruvella,Kerala,N,Y,e
689553,Thiruvalla,Kerala,N,N,d
689571,Tiruvalla,Kerala,Y,Y,d
689572,Tiruvalla,Kerala,Y,Y,d
689573,Haripad,Kerala,Y,Y,d
689574,Ramankary,Kerala,Y,Y,d
689575,Tiruvella,Kerala,N,N,d
689576,Tiruvella,Kerala,N,N,d
689577,Tiruvella,Kerala,N,N,d
689578,Tiruvalla,Kerala,Y,Y,d
689579,Tiruvella,Kerala,N,N,d
689580,Tiruvalla,Kerala,N,Y,d
689581,Tiruvalla,Kerala,Y,Y,e
689582,Tiruvalla,Kerala,Y,Y,e
689583,Chengannur,Kerala,Y,Y,e
689584,Karukachal,Kerala,Y,Y,e
689585,Karukachal,Kerala,Y,Y,e
689586,Kozhenchery,Kerala,Y,Y,d
689587,Karukachal,Kerala,Y,Y,d
689588,Karukachal,Kerala,Y,Y,d
689589,Karukachal,Kerala,Y,Y,d
689590,Ramankary,Kerala,Y,Y,d
689591,Tiruvalla,Kerala,Y,Y,d
689592,Ranni,Kerala,Y,Y,d
689593,Tiruvella,Kerala,N,Y,e
689594,Karukachal,Kerala,Y,Y,d
689595,Ramankary,Kerala,Y,Y,e
689596,Pariyaram,Kerala,N,N,d
689597,Karukachal,Kerala,Y,Y,e
689598,Alleppey,Kerala,N,N,d
689600,Alleppey,Kerala,N,N,d
689602,Karukachal,Kerala,Y,Y,e
689603,TIRUVALLA,Kerala,N,N,d
689611,Kozhenchery,Kerala,Y,Y,d
689612,Kozhenchery,Kerala,Y,Y,d
689613,Kozhenchery,Kerala,Y,Y,d
689614,Kozhenchery,Kerala,Y,Y,e
689615,Ranni,Kerala,Y,Y,e
689616,Kozhenchery,Kerala,Y,Y,d
689620,Tiruvella,Kerala,N,Y,e
689621,Tiruvalla,Kerala,Y,Y,e
689622,Haripad,Kerala,Y,Y,e
689623,Haripad,Kerala,Y,Y,e
689624,Haripad,Kerala,Y,Y,e
689625,Manthuka,Kerala,Y,Y,e
689626,Tiruvalla,Kerala,Y,Y,e
689627,Haripad,Kerala,Y,Y,d
689628,Thiruvalla,Kerala,N,N,d
689629,Tiruvella,Kerala,Y,Y,d
689630,Tiruvalla,Kerala,Y,Y,d
689632,Kayamkulam,Kerala,Y,Y,d
689641,Kozhenchery,Kerala,Y,Y,e
689642,Kozhenchery,Kerala,Y,Y,e
689643,Kozhenchery,Kerala,Y,Y,e
689644,Kozhenchery,Kerala,Y,Y,d
689645,Pathanamthitta,Kerala,Y,Y,e
689646,Pathanamthitta,Kerala,Y,Y,e
689647,Pathanamthitta,Kerala,Y,Y,e
689648,Adoor,Kerala,Y,Y,e
689649,Pathanamthitta,Kerala,Y,Y,e
689650,Kozhenchery,Kerala,Y,Y,d
689652,Kozhenchery,Kerala,Y,Y,d
689653,Pathanamthitta,Kerala,Y,Y,e
689654,Kozhenchery,Kerala,Y,Y,e
689656,Pathanamthitta,Kerala,Y,Y,d
689657,PATHANAMTHITTA,Kerala,N,N,d
689659,Pathanamthitta,Kerala,Y,Y,d
689660,Kozhenchery,Kerala,Y,Y,d
689661,Pathanamthitta,Kerala,Y,Y,e
689662,Pathanamthitta,Kerala,N,Y,d
689663,Pathanamthitta,Kerala,N,Y,e
689664,Pathanamthitta,Kerala,Y,Y,d
689665,Pathanamthitta,Kerala,Y,Y,d
689666,Pathanamthitta,Kerala,Y,Y,e
689667,Pathanamthitta,Kerala,N,Y,d
689668,Pathanamthitta,Kerala,Y,Y,d
689671,Pathanamthitta,Kerala,Y,Y,e
689672,Ranni,Kerala,Y,Y,e
689673,Ranni,Kerala,Y,Y,d
689674,Ranni,Kerala,Y,Y,e
689675,Ranni,Kerala,Y,Y,d
689676,Ranni,Kerala,Y,Y,d
689677,Ranni,Kerala,Y,Y,d
689678,Pathanamthitta,Kerala,Y,Y,e
689680,Pathanamthitta,Kerala,Y,Y,d
689681,Pathanamthitta,Kerala,Y,Y,d
689682,Ranni,Kerala,Y,Y,d
689691,Pathanamthitta,Kerala,Y,Y,e
689692,Pathanamthitta,Kerala,Y,Y,e
689693,Kalanjoor,Kerala,Y,Y,e
689694,Kalanjoor,Kerala,Y,Y,e
689695,Kalanjoor,Kerala,Y,Y,e
689696,Adoor,Kerala,Y,Y,e
689698,Pathanamthitta,Kerala,Y,Y,e
689699,Pathanamthitta,Kerala,Y,Y,d
689703,Punalur,Kerala,Y,Y,d
689704,Kerala,Kerala,N,N,d
689705,Punalur,Kerala,N,Y,d
689706,PUNALUR,Kerala,N,N,d
689711,Ranni,Kerala,Y,Y,d
689712,Thiruvalla,Kerala,N,N,d
689713,Thiruvalla,Kerala,N,N,d
689721,Pathanamthitta,Kerala,Y,Y,d
689722,Pathanamthitta,Kerala,Y,Y,d
689723,Pathanamthitta,Kerala,Y,Y,d
689842,Pathanamthitta,Kerala,N,N,d
690001,Pathanamthitta,Kerala,Y,Y,d
690010,Pathanamthitta,Kerala,Y,Y,d
690101,Kayamkulam,Kerala,Y,Y,e
690102,Kayamkulam,Kerala,Y,Y,e
690103,Haripad,Kerala,Y,Y,e
690104,Haripad,Kerala,Y,Y,e
690105,Haripad,Kerala,Y,Y,e
690106,Kayamkulam,Kerala,Y,Y,e
690107,Kayamkulam,Kerala,Y,Y,e
690108,Kayamkulam,Kerala,Y,Y,e
690109,Kayamkulam,Kerala,Y,Y,d
690110,Kayamkulam,Kerala,Y,Y,e
690112,#REF!,#REF!,N,N,d
690501,Kayamkulam,Kerala,Y,Y,e
690502,Kayamkulam,Kerala,Y,Y,e
690503,Kayamkulam,Kerala,Y,Y,e
690504,Adoor,Kerala,Y,Y,e
690505,Kayamkulam,Kerala,Y,Y,e
690506,Haripad,Kerala,Y,Y,e
690507,Haripad,Kerala,Y,Y,e
690508,Haripad,Kerala,Y,Y,e
690509,Manthuka,Kerala,Y,Y,e
690510,Kayamkulam,Kerala,Y,Y,e
690511,Haripad,Kerala,Y,Y,e
690512,Haripad,Kerala,Y,Y,e
690513,Haripad,Kerala,Y,Y,e
690514,Haripad,Kerala,Y,Y,e
690515,Haripad,Kerala,Y,Y,d
690516,Haripad,Kerala,Y,Y,e
690517,Haripad,Kerala,Y,Y,d
690518,Karunagappally,Kerala,Y,Y,e
690519,Chavara,Kerala,Y,Y,e
690520,Adoor,Kerala,Y,Y,e
690521,Chavara,Kerala,Y,Y,e
690522,Karunagappally,Kerala,Y,Y,e
690523,Karunagappally,Kerala,Y,Y,e
690524,Chavara,Kerala,Y,Y,e
690525,Karunagappally,Kerala,Y,Y,e
690526,Kayamkulam,Kerala,Y,Y,e
690527,Kayamkulam,Kerala,Y,Y,e
690528,Karunagappally,Kerala,Y,Y,e
690529,Manthuka,Kerala,Y,Y,e
690530,Kayamkulam,Kerala,Y,Y,e
690531,Haripad,Kerala,Y,Y,e
690532,Haripad,Kerala,Y,Y,e
690533,Kayamkulam,Kerala,Y,Y,e
690534,Kayamkulam,Kerala,Y,Y,e
690535,Haripad,Kerala,Y,Y,e
690536,Chavara,Kerala,Y,Y,e
690537,Kayamkulam,Kerala,Y,Y,e
690538,Chavara,Kerala,Y,Y,e
690539,Karunagappally,Kerala,Y,Y,e
690540,Adoor,Kerala,Y,Y,e
690541,CHARUMOOD,Kerala,Y,Y,e
690542,Karunagappally,Kerala,Y,Y,e
690543,KARUNAGAPALLI,Kerala,Y,Y,d
690544,Karunagappally,Kerala,Y,Y,e
690546,Karunagappally,Kerala,Y,Y,e
690547,Kayamkulam,Kerala,Y,Y,e
690548,Haripad,Kerala,Y,Y,d
690549,ALLAPEY,Kerala,Y,Y,d
690550,Haripad,Kerala,Y,Y,d
690551,Kayamkulam,Kerala,Y,Y,e
690552,Kayamkulam,Kerala,Y,Y,d
690553,KARUNAGAPALLI,Kerala,N,N,d
690554,Haripad,Kerala,Y,Y,d
690555,Haripad,Kerala,Y,Y,d
690556,Kayamkulam,Kerala,Y,Y,d
690557,Kayamkulam,Kerala,Y,Y,d
690558,Kayamkulam,Kerala,Y,Y,e
690559,Kayamkulam,Kerala,Y,Y,e
690560,Haripad,Kerala,Y,Y,e
690561,Kayamkulam,Kerala,Y,Y,e
690562,Thodiyoor,Kerala,N,Y,e
690563,Haripad,Kerala,Y,Y,d
690564,Mavelikera,Kerala,N,Y,e
690565,Irinjalakuda,Kerala,Y,Y,d
690566,Haripad,Kerala,Y,Y,d
690567,Haripad,Kerala,Y,Y,d
690568,Karunagappally,Kerala,Y,Y,d
690569,SASTHAMKOTTA,Kerala,Y,Y,e
690570,Kayamkulam,Kerala,Y,Y,d
690571,Adoor,Kerala,Y,Y,e
690572,Kayamkulam,Kerala,Y,Y,e
690573,Karunagappally,Kerala,Y,Y,e
690574,Karunagappally,Kerala,Y,Y,e
690575,Thodiyoor,Kerala,N,Y,e
690578,Karunagappally,Alumkadavu,N,Y,d
690580,Kayamkulam,Kerala,N,N,d
691001,Kollam,Kerala,Y,Y,e
691002,Kollam,Kerala,Y,Y,e
691003,Kollam,Kerala,Y,Y,e
691004,Kollam,Kerala,Y,Y,e
691005,Kollam,Kerala,Y,Y,e
691006,Kollam,Kerala,Y,Y,e
691007,Kollam,Kerala,Y,Y,e
691008,Kollam,Kerala,Y,Y,e
691009,Kollam,Kerala,Y,Y,e
691010,Kollam,Kerala,Y,Y,e
691011,Kollam,Kerala,Y,Y,e
691012,Kollam,Kerala,Y,Y,e
691013,Kollam,Kerala,Y,Y,e
691014,Kollam,Kerala,Y,Y,e
691015,Kollam,Kerala,Y,Y,e
691016,Kollam,Kerala,Y,Y,e
691017,Kollam,Kerala,Y,Y,e
691018,Kollam,Kerala,Y,Y,e
691019,Kollam,Kerala,Y,Y,e
691020,Kollam,Kerala,Y,Y,e
691021,Kollam,Kerala,Y,Y,e
691022,Kollam,Kerala,N,Y,d
691300,Kottarakkara,Kerala,N,Y,e
691301,Parippally,Kerala,Y,Y,e
691302,Parippally,Kerala,Y,Y,e
691303,Kollam,Kerala,Y,Y,e
691304,Kollam,Kerala,Y,Y,e
691305,Punalur,Kerala,Y,Y,e
691306,Ayoor,Kerala,Y,Y,e
691307,Punalur,Kerala,Y,Y,e
691308,Tenkasi,Tamil Nadu,N,Y,d
691309,Tenkasi,Tamil Nadu,N,Y,d
691310,Quilon,Kerala,N,N,d
691311,Ayoor,Kerala,Y,Y,e
691312,Ayoor,Kerala,Y,Y,d
691314,Punalur,Kerala,N,Y,e
691315,Punalur,Kerala,Y,Y,e
691316,Ayoor,Kerala,Y,Y,d
691317,Punalur,Kerala,N,Y,e
691318,Kollam,Kerala,Y,Y,d
691319,Parippally,Kerala,Y,Y,e
691320,KOTTARAKKARA,Kerala,Y,Y,e
691321,Ayoor,Kerala,Y,Y,e
691322,Punalur,Kerala,Y,Y,e
691324,Punalur,Kerala,Y,Y,e
691325,Punalur,Kerala,N,Y,e
691326,Punalur,Kerala,Y,Y,e
691329,PUNALUR,Kerala,Y,Y,e
691330,Ayoor,Kerala,Y,Y,d
691331,Punalur,Kerala,Y,Y,e
691332,Punalur,Kerala,Y,Y,e
691333,Punalur,Kerala,Y,Y,e
691334,Parippally,Kerala,Y,Y,e
691335,Kottarakkara,Kerala,N,Y,e
691378,Varkala,Kerala,N,Y,d
691500,Chavara,Kerala,Y,Y,e
691501,Kollam,Kerala,Y,Y,e
691502,Kollam,Kerala,Y,Y,e
691503,Kollam,Kerala,Y,Y,e
691504,Kollam,Kerala,Y,Y,e
691505,Kottarakkara,Kerala,Y,Y,e
691506,Kottarakkara,Kerala,Y,Y,e
691507,Kottarakkara,Kerala,Y,Y,e
691508,Punalur,Kerala,Y,Y,e
691509,Kottarakkara,Kerala,Y,Y,d
691510,Ayoor,Kerala,Y,Y,e
691511,Kollam,Kerala,Y,Y,e
691512,Kottarakkara,Kerala,Y,Y,e
691513,KOTTARAKARRA,Kerala,N,N,d
691514,KOTTARAKKARA,Kerala,Y,Y,e
691515,Kollam,Kerala,Y,Y,e
691516,Ayoor,Kerala,Y,Y,e
691517,Punalur,Kerala,Y,Y,e
691518,Kottarakkara,Kerala,Y,Y,d
691519,Ayoor,Kerala,Y,Y,e
691520,Kottarakkara,Kerala,Y,Y,d
691521,Kottarakkara,Kerala,Y,Y,d
691522,Kottarakkara,Kerala,Y,Y,d
691523,Adoor,Kerala,Y,Y,e
691524,Kalanjoor,Kerala,Y,Y,d
691525,Adoor,Kerala,Y,Y,e
691526,Adoor,Kerala,Y,Y,e
691527,KOTTARAKKARA,Kerala,Y,Y,e
691528,Adoor,Kerala,Y,Y,d
691529,Adoor,Kerala,Y,Y,d
691530,Adoor,Kerala,Y,Y,d
691531,Kottarakkara,Kerala,Y,Y,e
691532,Ayoor,Kerala,Y,Y,d
691533,Ayoor,Kerala,Y,Y,d
691534,Ayoor,Kerala,Y,Y,e
691535,Kilimanoor,Kerala,Y,Y,e
691536,Kilimanoor,Kerala,Y,Y,e
691537,Ayoor,Kerala,Y,Y,e
691538,Kottarakkara,Kerala,Y,Y,d
691539,Ayoor,Kerala,Y,Y,d
691540,Kottarakkara,Kerala,Y,Y,e
691541,Pangodu,Kerala,Y,Y,e
691542,KOTTARAKKARA,Kerala,N,Y,e
691543,Kottarakkara,Kerala,Y,Y,d
691544,KOTTARAKARRA,Kerala,Y,Y,d
691545,KOTTARAKARRA,Kerala,Y,Y,d
691546,KOTTARAKARRA,Kerala,Y,Y,d
691547,KOTTARAKARRA,Kerala,Y,Y,d
691548,KOTTARAKARRA,Kerala,Y,Y,d
691550,Kottarakkara,Kerala,Y,Y,d
691551,Adoor,Kerala,Y,Y,e
691552,Adoor,Kerala,Y,Y,d
691553,Adoor,Kerala,Y,Y,e
691554,Adoor,Kerala,Y,Y,e
691555,Adoor,Kerala,Y,Y,e
691556,Kalanjoor,Kerala,Y,Y,d
691557,Kottarakkara,Kerala,Y,Y,e
691559,Pangodu,Kerala,Y,Y,d
691560,Kottarakkara,Kerala,Y,Y,d
691562,KARUNAGAPALLI,Kerala,Y,Y,d
691566,Kottarakkara,Kerala,Y,Y,d
691571,Kollam,Kerala,Y,Y,e
691572,Parippally,Kerala,Y,Y,e
691573,Parippally,Kerala,Y,Y,e
691574,Parippally,Kerala,Y,Y,e
691576,Kollam,Kerala,Y,Y,e
691577,Kollam,Kerala,Y,Y,e
691578,Parippally,Kerala,Y,Y,e
691579,Parippally,Kerala,Y,Y,e
691580,Kollam,Kerala,Y,Y,e
691581,Kollam,Kerala,Y,Y,e
691582,Chavara,Kerala,Y,Y,e
691583,Chavara,Kerala,Y,Y,e
691584,Chavara,Kerala,Y,Y,e
691585,Chavara,Kerala,Y,Y,e
691586,Thodiyoor,Kerala,N,Y,e
691587,KARUNAGAPALLI,Kerala,Y,Y,d
691588,Kollam,Kerala,Y,Y,e
691589,Kollam,Kerala,Y,Y,e
691590,Chavara,Kerala,Y,Y,e
691601,Kollam,Kerala,Y,Y,e
691602,Kollam,Kerala,Y,Y,d
691603,Kollam,Kerala,Y,Y,d
691604,Kollam,Kerala,Y,Y,d
691605,Kottarakkara,Kerala,N,Y,e
691623,KOTTARAKKARA,Kerala,Y,Y,e
691624,Kottarakkara,Kerala,N,Y,e
691625,Kalanjoor,Kerala,Y,Y,d
691641,Kottarakkara,Kerala,N,Y,e
693101,Vadakara,Kerala,N,N,d
693103,Vadakara,Kerala,N,N,d
693105,Vadakara,Kerala,N,N,d
693521,Vadakara,Kerala,N,N,d
693541,Vadakara,Kerala,N,N,d
693542,Vadakara,Kerala,N,N,d
694582,Trivandrum,Kerala,N,Y,e
695001,Thiruvananthapuram,Kerala,Y,Y,e
695002,Thiruvananthapuram,Kerala,Y,Y,e
695003,Thiruvananthapuram,Kerala,Y,Y,e
695004,Thiruvananthapuram,Kerala,Y,Y,e
695005,Thiruvananthapuram,Kerala,Y,Y,e
695006,Thiruvananthapuram,Kerala,Y,Y,e
695007,Thiruvananthapuram,Kerala,Y,Y,e
695008,Thiruvananthapuram,Kerala,Y,Y,e
695009,Thiruvananthapuram,Kerala,Y,Y,e
695010,Thiruvananthapuram,Kerala,Y,Y,e
695011,Kazhakkoottam,Kerala,Y,Y,e
695012,Thiruvananthapuram,Kerala,Y,Y,e
695013,Thiruvananthapuram,Kerala,Y,Y,e
695014,Thiruvananthapuram,Kerala,Y,Y,e
695015,Thiruvananthapuram,Kerala,Y,Y,e
695016,Kazhakkoottam,Kerala,Y,Y,e
695017,Kazhakkoottam,Kerala,Y,Y,e
695018,Thiruvananthapuram,Kerala,Y,Y,e
695019,Thiruvananthapuram,Kerala,Y,Y,e
695020,Thiruvananthapuram,Kerala,Y,Y,e
695021,Thiruvananthapuram,Kerala,Y,Y,e
695022,Kazhakkoottam,Kerala,Y,Y,e
695023,Thiruvananthapuram,Kerala,Y,Y,e
695024,Thiruvananthapuram,Kerala,Y,Y,e
695025,Thiruvananthapuram,Kerala,Y,Y,e
695026,Thiruvananthapuram,Kerala,Y,Y,e
695027,Thiruvananthapuram,Kerala,Y,Y,e
695028,Thiruvananthapuram,Kerala,Y,Y,e
695029,Thiruvananthapuram,Kerala,Y,Y,e
695030,Thiruvananthapuram,Kerala,Y,Y,e
695031,Trivandrum,Kerala,Y,Y,e
695032,Thiruvananthapuram,Kerala,Y,Y,e
695033,Thiruvananthapuram,Kerala,Y,Y,e
695034,Thiruvananthapuram,Kerala,Y,Y,e
695035,Thiruvananthapuram,Kerala,Y,Y,e
695036,Thiruvananthapuram,Kerala,Y,Y,e
695037,Thiruvananthapuram,Kerala,Y,Y,e
695038,Thiruvananthapuram,Kerala,Y,Y,e
695039,Thiruvananthapuram,Kerala,Y,Y,e
695040,Thiruvananthapuram,Kerala,Y,Y,e
695041,Thiruvananthapuram,Kerala,Y,Y,e
695042,Thiruvananthapuram,Kerala,Y,Y,d
695043,Thiruvananthapuram,Kerala,Y,Y,e
695044,Thiruvananthapuram,Kerala,Y,Y,e
695045,Kallayam,Kerala,N,Y,e
695047,Trivandrum,Kerala,N,N,d
695049,Trivandrum,Kerala,Y,Y,e
695051,#REF!,#REF!,N,N,d
695081,Thiruvananthapuram,Kerala,Y,Y,d
695099,Thiruvananthapuram,Kerala,Y,Y,e
695101,Attingal,Kerala,Y,Y,e
695102,Attingal,Kerala,Y,Y,e
695103,Attingal,Kerala,Y,Y,e
695104,Attingal,Kerala,Y,Y,e
695105,Attingal,Kerala,Y,Y,d
695106,Attingal,Kerala,Y,Y,d
695108,Trivandrum,Kerala,Y,Y,d
695109,Trivandrum,Kerala,N,N,d
695120,Kottarakkara,Kerala,Y,Y,d
695121,Neyyattinkara,Kerala,Y,Y,e
695122,Neyyattinkara,Kerala,Y,Y,e
695123,Neyyattinkara,Kerala,Y,Y,e
695124,Neyyattinkara,Kerala,Y,Y,d
695125,NEYYATTINKARA,Kerala,Y,Y,e
695126,Neyyattinkara,Kerala,Y,Y,e
695127,Neyyattinkara,Kerala,Y,Y,e
695128,Neyyattinkara,Kerala,Y,Y,e
695130,Kallikkad,Kerala,Y,Y,d
695131,Neyyattinkara,Kerala,Y,Y,e
695132,Neyyattinkara,Kerala,Y,Y,e
695133,Neyyattinkara,Kerala,Y,Y,e
695134,Neyyattinkara,Kerala,Y,Y,e
695141,Parippally,Kerala,Y,Y,e
695142,Attingal,Kerala,Y,Y,e
695143,Parippally,Kerala,Y,Y,e
695144,Attingal,Kerala,Y,Y,e
695145,Parippally,Kerala,Y,Y,e
695146,Parippally,Kerala,Y,Y,e
695283,Technopark Campus,Kerala,N,N,d
695301,Kazhakkoottam,Kerala,Y,Y,e
695302,Attingal,Kerala,Y,Y,e
695303,Attingal,Kerala,Y,Y,e
695304,Attingal,Kerala,Y,Y,e
695305,Attingal,Kerala,Y,Y,e
695306,Attingal,Kerala,Y,Y,e
695307,Attingal,Kerala,Y,Y,e
695308,Attingal,Kerala,Y,Y,e
695309,Attingal,Kerala,Y,Y,d
695310,Parippally,Kerala,Y,Y,e
695311,Parippally,Kerala,Y,Y,e
695312,Attingal,Kerala,Y,Y,e
695313,Attingal,Kerala,Y,Y,e
695314,ATTINGAL,Kerala,N,N,d
695315,TECHNOPARK CAMPUS,Kerala,Y,Y,d
695316,Attingal,Kerala,Y,Y,e
695317,Attingal,Kerala,Y,Y,e
695318,Attingal,Kerala,Y,Y,e
695323,Neyyattinkara,Kerala,N,N,d
695411,Attingal,Kerala,N,Y,d
695501,Neyyattinkara,Kerala,Y,Y,e
695502,Neyyattinkara,Kerala,Y,Y,e
695503,Neyyattinkara,Kerala,Y,Y,e
695504,Neyyattinkara,Kerala,Y,Y,e
695505,NEYYATTINKARA,Kerala,Y,Y,e
695506,Neyyattinkara,Kerala,Y,Y,e
695507,Kallikkad,Kerala,Y,Y,e
695508,Neyyattinkara,Kerala,Y,Y,e
695509,VIZHINJAM,Kerala,N,Y,e
695510,Kallikkad,Kerala,Y,Y,d
695512,Kallikkad,Kerala,Y,Y,e
695513,Thiruvananthapuram,Kerala,Y,Y,e
695521,Thiruvananthapuram,Kerala,Y,Y,d
695522,Thiruvananthapuram,Kerala,Y,Y,d
695523,Thiruvananthapuram,Kerala,Y,Y,d
695524,Neyyattinkara,Kerala,Y,Y,e
695525,Neyyattinkara,Kerala,Y,Y,e
695526,Neyyattinkara,Kerala,Y,Y,d
695527,Thiruvananthapuram,Kerala,Y,Y,d
695528,Neyyattinkara,Kerala,Y,Y,e
695541,Nedumangad,Kerala,Y,Y,e
695542,Nedumangad,Kerala,Y,Y,e
695543,Nedumangad,Kerala,Y,Y,e
695544,Nedumangad,Kerala,Y,Y,e
695545,Trivandrum,Kerala,N,Y,e
695547,Nedumangad,Kerala,Y,Y,e
695551,VELLANAD,Kerala,N,Y,e
695555,Trivandrum,Kerala,N,Y,e
695557,Nedumangad,Kerala,Y,Y,d
695560,Tirupur,Tamil Nadu,Y,Y,d
695561,Nedumangad,Kerala,Y,Y,e
695562,Pangodu,Kerala,Y,Y,d
695563,Pangodu,Kerala,Y,Y,e
695564,Nedumangad,Kerala,Y,Y,e
695566,Trivandrum,Kerala,N,Y,e
695568,Nedumangad,Kerala,Y,Y,e
695570,Kallikkad,Kerala,Y,Y,d
695571,Kallikkad,Kerala,Y,Y,e
695572,Kallikkad,Kerala,Y,Y,e
695573,Kallikkad,Kerala,Y,Y,e
695574,Kallikkad,Kerala,Y,Y,e
695575,Kallikkad,Kerala,Y,Y,e
695576,Trivandrum,Kerala,N,N,d
695581,Kazhakkoottam,Kerala,Y,Y,e
695582,Kazhakkoottam,Kerala,Y,Y,e
695583,Kazhakkoottam,Kerala,Y,Y,e
695584,Venjaramoodu,Kerala,Y,Y,e
695585,Kazhakkoottam,Kerala,Y,Y,e
695586,Kazhakkoottam,Kerala,Y,Y,e
695587,Kazhakkoottam,Kerala,Y,Y,e
695588,Thiruvananthapuram,Kerala,Y,Y,e
695589,Venjaramoodu,Kerala,Y,Y,d
695601,Kilimanoor,Kerala,Y,Y,e
695602,Kilimanoor,Kerala,Y,Y,e
695603,Parippally,Kerala,Y,Y,e
695604,Parippally,Kerala,Y,Y,e
695605,Attingal,Kerala,Y,Y,e
695606,Venjaramoodu,Kerala,Y,Y,e
695607,Venjaramoodu,Kerala,Y,Y,e
695608,Pangodu,Kerala,Y,Y,e
695609,Pangodu,Kerala,Y,Y,e
695610,Pangodu,Kerala,Y,Y,e
695611,Attingal,Kerala,Y,Y,e
695612,Kilimanoor,Kerala,Y,Y,e
695614,Kilimanoor,Kerala,Y,Y,e
695615,Venjaramoodu,Kerala,Y,Y,e
695616,Pangodu,Kerala,Y,Y,e
695618,NILAMEL,Kerala,Y,Y,e
700000,Kolkata,West Bengal,Y,Y,d
700001,Kolkata,West Bengal,Y,Y,d
700002,Kolkata,West Bengal,Y,Y,d
700003,Kolkata,West Bengal,Y,Y,d
700004,Kolkata,West Bengal,Y,Y,d
700005,Kolkata,West Bengal,Y,Y,d
700006,Kolkata,West Bengal,Y,Y,d
700007,Kolkata,West Bengal,Y,Y,d
700008,Kolkata,West Bengal,Y,Y,d
700009,Kolkata,West Bengal,Y,Y,d
700010,Kolkata,West Bengal,Y,Y,d
700011,Kolkata,West Bengal,Y,Y,d
700012,Kolkata,West Bengal,Y,Y,d
700013,Kolkata,West Bengal,Y,Y,d
700014,Kolkata,West Bengal,Y,Y,d
700015,Kolkata,West Bengal,Y,Y,d
700016,Kolkata,West Bengal,Y,Y,d
700017,Kolkata,West Bengal,Y,Y,d
700018,Kolkata,West Bengal,Y,Y,d
700019,Kolkata,West Bengal,Y,Y,d
700020,Kolkata,West Bengal,Y,Y,d
700021,Kolkata,West Bengal,Y,Y,d
700022,Kolkata,West Bengal,Y,Y,d
700023,Kolkata,West Bengal,Y,Y,d
700024,Kolkata,West Bengal,Y,Y,d
700025,Kolkata,West Bengal,Y,Y,d
700026,Kolkata,West Bengal,Y,Y,d
700027,Kolkata,West Bengal,Y,Y,d
700028,Kolkata,West Bengal,Y,Y,d
700029,Kolkata,West Bengal,Y,Y,d
700030,Kolkata,West Bengal,Y,Y,d
700031,Kolkata,West Bengal,Y,Y,d
700032,Kolkata,West Bengal,Y,Y,d
700033,Kolkata,West Bengal,Y,Y,d
700034,Kolkata,West Bengal,Y,Y,d
700035,Kolkata,West Bengal,Y,Y,d
700036,Kolkata,West Bengal,Y,Y,d
700037,Kolkata,West Bengal,Y,Y,d
700038,Kolkata,West Bengal,Y,Y,d
700039,Kolkata,West Bengal,Y,Y,d
700040,Kolkata,West Bengal,Y,Y,d
700041,Kolkata,West Bengal,Y,Y,d
700042,Kolkata,West Bengal,Y,Y,d
700043,Kolkata,West Bengal,Y,Y,d
700044,Kolkata,West Bengal,Y,Y,d
700045,Kolkata,West Bengal,Y,Y,d
700046,Kolkata,West Bengal,Y,Y,d
700047,Kolkata,West Bengal,Y,Y,d
700048,Kolkata,West Bengal,Y,Y,d
700049,Kolkata,West Bengal,Y,Y,d
700050,Kolkata,West Bengal,Y,Y,d
700051,Kolkata,West Bengal,Y,Y,d
700052,Kolkata,West Bengal,Y,Y,d
700053,Kolkata,West Bengal,Y,Y,d
700054,Kolkata,West Bengal,Y,Y,d
700055,Kolkata,West Bengal,Y,Y,d
700056,Kolkata,West Bengal,Y,Y,d
700057,Kolkata,West Bengal,Y,Y,d
700058,Kolkata,West Bengal,Y,Y,d
700059,Kolkata,West Bengal,Y,Y,d
700060,Kolkata,West Bengal,Y,Y,d
700061,Kolkata,West Bengal,Y,Y,d
700062,Kolkata,West Bengal,Y,Y,d
700063,Kolkata,West Bengal,Y,Y,d
700064,Kolkata,West Bengal,Y,Y,d
700065,Kolkata,West Bengal,Y,Y,d
700066,Kolkata,West Bengal,Y,Y,d
700067,Kolkata,West Bengal,Y,Y,d
700068,Kolkata,West Bengal,Y,Y,d
700069,Kolkata,West Bengal,Y,Y,d
700070,Kolkata,West Bengal,Y,Y,d
700071,Kolkata,West Bengal,Y,Y,d
700072,Kolkata,West Bengal,Y,Y,d
700073,Kolkata,West Bengal,Y,Y,d
700074,Kolkata,West Bengal,Y,Y,d
700075,Kolkata,West Bengal,Y,Y,d
700076,Kolkata,West Bengal,Y,Y,d
700077,Kolkata,West Bengal,Y,Y,d
700078,Kolkata,West Bengal,Y,Y,d
700079,Kolkata,West Bengal,Y,Y,d
700080,Kolkata,West Bengal,Y,Y,d
700081,Kolkata,West Bengal,Y,Y,d
700082,Kolkata,West Bengal,Y,Y,d
700083,Kolkata,West Bengal,Y,Y,d
700084,Kolkata,West Bengal,Y,Y,d
700085,Kolkata,West Bengal,Y,Y,d
700086,Kolkata,West Bengal,Y,Y,d
700087,Kolkata,West Bengal,Y,Y,d
700088,Kolkata,West Bengal,Y,Y,d
700089,Kolkata,West Bengal,Y,Y,d
700090,Kolkata,West Bengal,Y,Y,d
700091,Kolkata,West Bengal,Y,Y,d
700092,Kolkata,West Bengal,Y,Y,d
700093,Kolkata,West Bengal,Y,Y,d
700094,Kolkata,West Bengal,Y,Y,d
700095,Kolkata,West Bengal,Y,Y,d
700096,Kolkata,West Bengal,Y,Y,d
700097,Kolkata,West Bengal,Y,Y,d
700098,Kolkata,West Bengal,Y,Y,d
700099,Kolkata,West Bengal,Y,Y,d
700100,Kolkata,West Bengal,Y,Y,d
700101,Kolkata,West Bengal,Y,Y,d
700102,Kolkata,West Bengal,Y,Y,d
700103,Kolkata,West Bengal,Y,Y,d
700104,Kolkata,West Bengal,Y,Y,d
700105,Kolkata,West Bengal,Y,Y,d
700106,Kolkata,West Bengal,Y,Y,d
700107,Kolkata,West Bengal,Y,Y,d
700108,Kolkata,West Bengal,Y,Y,d
700109,Kolkata,West Bengal,Y,Y,d
700110,Kolkata,West Bengal,Y,Y,d
700111,Kolkata,West Bengal,Y,Y,d
700112,Kolkata,West Bengal,Y,Y,d
700113,Kolkata,West Bengal,Y,Y,d
700114,Kolkata,West Bengal,Y,Y,d
700115,Kolkata,West Bengal,Y,Y,d
700116,Kolkata,West Bengal,Y,Y,d
700117,Barrackpore,West Bengal,Y,Y,d
700118,Barrackpore,West Bengal,Y,Y,d
700119,Barrackpore,West Bengal,Y,Y,d
700120,Barrackpore,West Bengal,Y,Y,d
700121,Barrackpore,West Bengal,Y,Y,d
700122,Barrackpore,West Bengal,Y,Y,d
700123,Barrackpore,West Bengal,Y,Y,d
700124,Barasat,West Bengal,Y,Y,d
700125,Barasat,West Bengal,Y,Y,d
700126,Barasat,West Bengal,Y,Y,d
700127,Barasat,West Bengal,Y,Y,d
700128,Barasat,West Bengal,Y,Y,d
700129,Kolkata,West Bengal,Y,Y,d
700130,Kolkata,West Bengal,Y,Y,d
700131,Kolkata,West Bengal,Y,Y,d
700132,Kolkata,West Bengal,Y,Y,d
700133,Kolkata,West Bengal,Y,Y,d
700134,Kolkata,West Bengal,Y,Y,d
700135,Kolkata,West Bengal,Y,Y,d
700136,Kolkata,West Bengal,Y,Y,d
700137,Maheshtala,West Bengal,Y,Y,d
700138,Maheshtala,West Bengal,Y,Y,d
700139,Maheshtala,West Bengal,Y,Y,d
700140,Maheshtala,West Bengal,Y,Y,d
700141,Maheshtala,West Bengal,Y,Y,d
700142,Maheshtala,West Bengal,Y,Y,d
700143,Kolkata,West Bengal,Y,Y,d
700144,Baruipur,West Bengal,Y,Y,d
700145,Baruipur,West Bengal,Y,Y,d
700146,Kolkata,West Bengal,Y,Y,d
700147,Kolkata,West Bengal,Y,Y,d
700148,Kolkata,West Bengal,Y,Y,d
700149,Kolkata,West Bengal,Y,Y,d
700150,Kolkata,West Bengal,Y,Y,d
700151,Kolkata,West Bengal,Y,Y,d
700152,Kolkata,West Bengal,Y,Y,d
700153,Kolkata,West Bengal,Y,Y,d
700154,Kolkata,West Bengal,Y,Y,d
700155,Barasat,West Bengal,Y,Y,d
700156,Kolkata,West Bengal,Y,Y,d
700157,Kolkata,West Bengal,Y,Y,d
700158,Kolkata,West Bengal,Y,Y,d
700159,Kolkata,West Bengal,Y,Y,d
700160,Kolkata,West Bengal,Y,Y,d
700161,Kolkata,West Bengal,Y,Y,d
700162,Kolkata,West Bengal,Y,Y,d
700163,Kolkata,West Bengal,Y,Y,d
700177,South 24 Parganas,West Bengal,N,N,d
700303,Kolkata,West Bengal,N,Y,d
700404,Burdwan,West Bengal,N,N,d
700408,Burdwan,West Bengal,N,N,d
701101,Howrah,West Bengal,Y,Y,d
701102,Howrah,West Bengal,Y,Y,d
701111,Howrah,West Bengal,Y,Y,d
706036,Bhograi,Orissa,N,N,d
711000,Kolkata,West Bengal,Y,Y,d
711001,Howrah,West Bengal,Y,Y,d
711101,Howrah,West Bengal,Y,Y,d
711102,Howrah,West Bengal,Y,Y,d
711103,Howrah,West Bengal,Y,Y,d
711104,Howrah,West Bengal,Y,Y,d
711105,Howrah,West Bengal,Y,Y,d
711106,Howrah,West Bengal,Y,Y,d
711107,Bally,West Bengal,Y,Y,d
711108,Howrah,West Bengal,Y,Y,d
711109,Howrah,West Bengal,Y,Y,d
711110,Howrah,West Bengal,Y,Y,d
711111,Howrah,West Bengal,Y,Y,d
711112,Howrah,West Bengal,Y,Y,d
711113,Howrah,West Bengal,Y,Y,d
711114,Howrah,West Bengal,Y,Y,d
711115,Howrah,West Bengal,Y,Y,d
711120,Bally,West Bengal,Y,Y,d
711127,Howrah,West Bengal,N,Y,d
711201,Bally,West Bengal,Y,Y,d
711202,Bally,West Bengal,Y,Y,d
711203,Bally,West Bengal,Y,Y,d
711204,Bally,West Bengal,Y,Y,d
711205,Bally,West Bengal,Y,Y,d
711206,Bally,West Bengal,Y,Y,d
711212,Howrah,West Bengal,N,Y,d
711214,Howrah,West Bengal,N,N,d
711223,Howrah,West Bengal,N,N,d
711224,Bally,West Bengal,Y,Y,d
711225,Khanakul,West Bengal,Y,Y,d
711226,Khanakul,West Bengal,Y,Y,d
711227,Bally,West Bengal,Y,Y,d
711247,Howrah,West Bengal,N,Y,d
711301,Bagnan,West Bengal,Y,Y,d
711302,Howrah,West Bengal,Y,Y,d
711303,Bagnan,West Bengal,Y,Y,d
711304,Howrah,West Bengal,Y,Y,d
711305,Uluberia,West Bengal,Y,Y,d
711306,Bagnan,West Bengal,Y,Y,d
711307,Uluberia,West Bengal,Y,Y,d
711308,Uluberia,West Bengal,Y,Y,d
711309,Howrah,West Bengal,Y,Y,d
711310,Uluberia,West Bengal,Y,Y,d
711311,Howrah,West Bengal,Y,Y,d
711312,Bagnan,West Bengal,Y,Y,d
711313,Howrah,West Bengal,Y,Y,d
711314,Bagnan,West Bengal,Y,Y,d
711315,Uluberia,West Bengal,Y,Y,d
711316,Uluberia,West Bengal,Y,Y,d
711317,Howrah,West Bengal,Y,Y,d
711320,Howrah City,West Bengal,Y,Y,d
711321,Howrah,West Bengal,N,Y,d
711322,Uluberia,West Bengal,Y,Y,d
711323,Howrah,West Bengal,Y,Y,d
711324,Howrah,West Bengal,Y,Y,d
711325,Birshibpur,West Bengal,N,N,d
711326,Shyampur,West Bengal,N,Y,d
711327,Panchla,West Bengal,N,N,d
711328,Howrah,West Bengal,Y,Y,d
711331,Paniara (Howrah),West Bengal,N,N,d
711401,Bagnan,West Bengal,Y,Y,d
711402,Howrah,West Bengal,Y,Y,d
711403,Howrah,West Bengal,Y,Y,d
711404,Ilipur,West Bengal,Y,Y,d
711405,Howrah,West Bengal,Y,Y,d
711406,Barrackpore,West Bengal,Y,Y,d
711407,Howrah,West Bengal,N,N,d
711408,Ilipur,West Bengal,Y,Y,d
711409,Howrah,West Bengal,Y,Y,d
711410,Ilipur,West Bengal,Y,Y,d
711411,Howrah,West Bengal,Y,Y,d
711412,Khanakul,West Bengal,Y,Y,d
711413,Bagnan,West Bengal,Y,Y,d
711414,Ilipur,West Bengal,Y,Y,d
711415,Ilipur,West Bengal,Y,Y,d
711416,Ilipur,West Bengal,Y,Y,d
712101,Hooghly,West Bengal,Y,Y,d
712102,Hooghly,West Bengal,Y,Y,d
712103,Hooghly,West Bengal,Y,Y,d
712104,Hooghly,West Bengal,Y,Y,d
712105,Hooghly,West Bengal,Y,Y,d
712106,Hooghly,West Bengal,Y,Y,d
712107,Howrah,West Bengal,N,N,d
712108,Hooghly,West Bengal,N,N,d
712109,Howrah,West Bengal,N,N,d
712112,Chandannagar,West Bengal,Y,Y,d
712121,Hooghly,West Bengal,Y,Y,d
712122,Kamarpukur,West Bengal,Y,Y,d
712123,Hooghly,West Bengal,Y,Y,d
712124,Hooghly,West Bengal,Y,Y,d
712125,Hooghly,West Bengal,Y,Y,d
712134,Memari,West Bengal,Y,Y,d
712135,Kalna,West Bengal,Y,Y,d
712136,Hooghly,West Bengal,Y,Y,d
712137,Hooghly,West Bengal,Y,Y,d
712138,Hooghly,West Bengal,Y,Y,d
712139,Hooghly,West Bengal,Y,Y,d
712146,Pandua,West Bengal,Y,Y,d
712147,Pandua,West Bengal,Y,Y,d
712148,Hooghly,West Bengal,Y,Y,d
712149,Pandua,West Bengal,Y,Y,d
712150,CHANDANNAGAR,West Bengal,Y,Y,d
712151,Bandel,West Bengal,N,N,d
712152,Jamalpur,West Bengal,Y,Y,d
712153,Hooghly,West Bengal,Y,Y,d
712154,Hooghly,West Bengal,Y,Y,d
712155,Chandannagar,West Bengal,Y,Y,d
712156,Pandua,West Bengal,Y,Y,d
712157,Pandua,West Bengal,Y,Y,d
712158,Pandua,West Bengal,Y,Y,d
712201,Hooghly,West Bengal,Y,Y,d
712202,Hooghly,West Bengal,Y,Y,d
712203,Hooghly,West Bengal,Y,Y,d
712204,Hooghly,West Bengal,Y,Y,d
712205,Dankuni,West Bengal,Y,Y,d
712206,Barrackpore,West Bengal,Y,Y,d
712208,Hooghly,West Bengal,Y,Y,d
712211,Howrah,West Bengal,N,N,d
712216,Shrirampur,Maharashtra,Y,Y,b
712221,Hooghly,West Bengal,Y,Y,d
712222,Hooghly,West Bengal,Y,Y,d
712223,Hooghly,West Bengal,Y,Y,d
712224,Dankuni,West Bengal,Y,Y,d
712231,Hooghly,West Bengal,N,N,d
712232,Bally,West Bengal,Y,Y,d
712233,Bally,West Bengal,Y,Y,d
712234,Dankuni,West Bengal,Y,Y,d
712235,Bally,West Bengal,Y,Y,d
712236,Hooghly,West Bengal,N,N,d
712237,Hooghly,West Bengal,N,N,d
712238,Hooghly,West Bengal,N,N,d
712239,Howrah,West Bengal,N,N,d
712241,Howrah,West Bengal,N,N,d
712242,Howrah,West Bengal,N,N,d
712243,Hooghly,West Bengal,N,N,d
712244,Hooghly,West Bengal,N,N,d
712245,Bally,West Bengal,Y,Y,d
712246,Dankuni,West Bengal,Y,Y,d
712247,Bally,West Bengal,Y,Y,d
712248,Hooghly,West Bengal,Y,Y,d
712249,Hooghly,West Bengal,Y,Y,d
712250,Dankuni,West Bengal,Y,Y,d
712251,Howrah,West Bengal,N,N,d
712252,Howrah,West Bengal,N,N,d
712253,Howrah,West Bengal,N,N,d
712254,Howrah,West Bengal,N,N,d
712255,Hooghly,West Bengal,N,N,d
712256,Howrah,West Bengal,N,N,d
712257,Hooghly,West Bengal,N,N,d
712258,Bally,West Bengal,Y,Y,d
712301,Tarkeshwar,West Bengal,Y,Y,d
712302,Tarkeshwar,West Bengal,Y,Y,d
712303,Jamalpur,West Bengal,Y,Y,d
712304,Dankuni,West Bengal,Y,Y,d
712305,Hooghly,West Bengal,Y,Y,d
712306,Dankuni,West Bengal,Y,Y,d
712307,Ilipur,West Bengal,Y,Y,b
712308,Jamalpur,West Bengal,Y,Y,d
712309,KONNAGAR,West Bengal,N,N,d
712310,Dankuni,West Bengal,Y,Y,d
712311,Dankuni,West Bengal,Y,Y,d
712312,Hooghly,West Bengal,N,N,d
712316,Howrah,West Bengal,N,N,d
712331,Dankuni,West Bengal,Y,Y,d
712344,Kolkata,West Bengal,Y,Y,d
712365,Asansol,West Bengal,N,Y,d
712401,Tarkeshwar,West Bengal,Y,Y,d
712402,Tarkeshwar,West Bengal,Y,Y,d
712403,Tarkeshwar,West Bengal,Y,Y,d
712404,Ilipur,West Bengal,Y,Y,d
712405,Tarkeshwar,West Bengal,Y,Y,d
712406,Khanakul,West Bengal,Y,Y,d
712407,Ilipur,West Bengal,Y,Y,d
712408,Tarkeshwar,West Bengal,Y,Y,d
712409,Ilipur,West Bengal,Y,Y,d
712410,Tarkeshwar,West Bengal,Y,Y,d
712411,Tarkeshwar,West Bengal,Y,Y,d
712412,Khanakul,West Bengal,Y,Y,d
712413,Arambag,West Bengal,Y,Y,d
712414,Tarkeshwar,West Bengal,Y,Y,d
712415,Khanakul,West Bengal,Y,Y,d
712416,Khanakul,West Bengal,Y,Y,d
712417,Khanakul,West Bengal,Y,Y,d
712418,Ilipur,West Bengal,Y,Y,d
712419,Tarkeshwar,West Bengal,Y,Y,d
712420,BURDWAN,West Bengal,N,Y,d
712421,Tarakeshwar,West Bengal,N,N,d
712422,KHANAKUL,West Bengal,Y,Y,d
712423,KHANAKUL,West Bengal,Y,Y,d
712424,Hooghly,West Bengal,Y,Y,d
712425,Nadia,West Bengal,Y,Y,d
712426,Ilipur,West Bengal,Y,Y,d
712427,Pursurah,West Bengal,Y,Y,d
712428,Ilipur,West Bengal,Y,Y,d
712429,Khanakul,West Bengal,Y,Y,d
712501,Balagarh,West Bengal,Y,Y,d
712502,Hooghly,West Bengal,Y,Y,d
712503,Hooghly,West Bengal,Y,Y,d
712504,Hooghly,West Bengal,Y,Y,d
712512,Kalna,West Bengal,Y,Y,d
712513,Hooghly,West Bengal,Y,Y,d
712514,Balagarh,West Bengal,Y,Y,d
712515,Balagarh,West Bengal,Y,Y,d
712601,Arambag,West Bengal,Y,Y,d
712602,Arambag,West Bengal,Y,Y,d
712611,Kamarpukur,West Bengal,Y,Y,d
712612,Kamarpukur,West Bengal,Y,Y,d
712613,Khanakul,West Bengal,Y,Y,d
712614,Arambag,West Bengal,Y,Y,d
712615,Arambag,West Bengal,Y,Y,d
712616,Arambag,West Bengal,Y,Y,d
712617,Khanakul,West Bengal,Y,Y,d
712701,Ilipur,West Bengal,Y,Y,d
712702,Dankuni,West Bengal,Y,Y,d
712703,Ilipur,West Bengal,Y,Y,d
712704,Dankuni,West Bengal,Y,Y,d
712705,Dankuni,West Bengal,Y,Y,d
712706,Ilipur,West Bengal,Y,Y,d
712707,Ilipur,West Bengal,Y,Y,d
712708,Dankuni,West Bengal,Y,Y,d
712712,Hooghly,West Bengal,Y,Y,d
712906,Shrirampur,Maharashtra,Y,Y,b
713101,Bardhaman,West Bengal,Y,Y,d
713102,Bardhaman,West Bengal,Y,Y,d
713103,Bardhaman,West Bengal,Y,Y,d
713104,Bardhaman,West Bengal,Y,Y,d
713121,Guskhara,West Bengal,Y,Y,d
713122,Kalna,West Bengal,Y,Y,d
713123,Ghanashyampur,West Bengal,Y,Y,d
713124,Bardhaman,West Bengal,Y,Y,d
713125,Manteswar,West Bengal,Y,Y,d
713126,Guskhara,West Bengal,Y,Y,d
713127,Guskhara,West Bengal,Y,Y,d
713128,Guskhara,West Bengal,Y,Y,d
713129,Katwa,West Bengal,Y,Y,d
713130,Katwa,West Bengal,Y,Y,d
713131,Guskhara,West Bengal,Y,Y,d
713132,Nanoor,West Bengal,Y,Y,d
713140,Katwa,West Bengal,Y,Y,d
713141,Guskhara,West Bengal,Y,Y,d
713142,Sehara Bazaar,West Bengal,Y,Y,d
713143,Katwa,West Bengal,Y,Y,d
713144,Panagarh,West Bengal,Y,Y,d
713145,Manteswar,West Bengal,Y,Y,d
713146,Memari,West Bengal,Y,Y,d
713147,Guskhara,West Bengal,Y,Y,d
713148,Panagarh,West Bengal,Y,Y,d
713149,Bardhaman,West Bengal,Y,Y,d
713150,Katwa,West Bengal,Y,Y,d
713151,Memari,West Bengal,Y,Y,d
713152,Guskhara,West Bengal,Y,Y,d
713153,Panagarh,West Bengal,Y,Y,d
713154,Memari,West Bengal,Y,Y,d
713155,Panagarh,West Bengal,Y,Y,d
713156,Guskhara,West Bengal,Y,Y,d
713157,Kalna,West Bengal,Y,Y,d
713158,Manteswar,West Bengal,Y,Y,d
713159,Panagarh,West Bengal,Y,Y,d
713160,Guskhara,West Bengal,Y,Y,d
713161,Guskhara,West Bengal,Y,Y,d
713162,Guskhara,West Bengal,Y,Y,d
713164,Burdwan,West Bengal,N,N,d
713165,Manteswar,West Bengal,Y,Y,d
713166,Jamalpur,West Bengal,Y,Y,d
713167,Guskhara,West Bengal,Y,Y,d
713168,Memari,West Bengal,Y,Y,d
713169,Panagarh,West Bengal,Y,Y,d
713170,Balagarh,West Bengal,Y,Y,d
713171,Panagarh,West Bengal,Y,Y,d
713172,Panagarh,West Bengal,Y,Y,d
713173,Guskhara,West Bengal,Y,Y,d
713174,Memari,West Bengal,N,N,d
713201,Durgapur,West Bengal,Y,Y,d
713202,Durgapur,West Bengal,Y,Y,d
713203,Durgapur,West Bengal,Y,Y,d
713204,Durgapur,West Bengal,Y,Y,d
713205,Durgapur,West Bengal,Y,Y,d
713206,Durgapur,West Bengal,Y,Y,d
713207,Durgapur,West Bengal,Y,Y,d
713208,Durgapur,West Bengal,Y,Y,d
713209,Durgapur,West Bengal,Y,Y,d
713210,Durgapur,West Bengal,Y,Y,d
713211,Durgapur,West Bengal,Y,Y,d
713212,Durgapur,West Bengal,Y,Y,d
713213,Durgapur,West Bengal,Y,Y,d
713214,Durgapur,West Bengal,Y,Y,d
713215,Durgapur,West Bengal,Y,Y,d
713216,Durgapur,West Bengal,Y,Y,d
713217,Durgapur,West Bengal,Y,Y,d
713218,Durgapur,West Bengal,Y,Y,d
713219,Durgapur,West Bengal,Y,Y,d
713301,Asansol,West Bengal,Y,Y,d
713302,Asansol,West Bengal,Y,Y,d
713303,Asansol,West Bengal,Y,Y,d
713304,Asansol,West Bengal,Y,Y,d
713305,Asansol,West Bengal,Y,Y,d
713308,Asansol,West Bengal,Y,Y,d
713310,DOMAHANI,West Bengal,N,Y,d
713315,Rupnarayanpur,West Bengal,Y,Y,d
713317,Durgapur,West Bengal,Y,Y,d
713321,Mejia,West Bengal,Y,Y,d
713322,Jamuria,West Bengal,Y,Y,d
713323,Mejia,West Bengal,Y,Y,d
713324,Rupnarayanpur,West Bengal,Y,Y,d
713325,Asansol,West Bengal,Y,Y,d
713326,Asansol,West Bengal,Y,Y,d
713330,Asansol,West Bengal,Y,Y,d
713331,Rupnarayanpur,West Bengal,Y,Y,d
713332,Asansol,West Bengal,Y,Y,d
713333,Rupnarayanpur,West Bengal,Y,Y,d
713334,Asansol,West Bengal,Y,Y,d
713335,Rupnarayanpur,West Bengal,Y,Y,d
713336,Asansol,West Bengal,Y,Y,d
713337,Asansol,West Bengal,Y,Y,d
713338,Mejia,West Bengal,Y,Y,d
713339,Asansol,West Bengal,Y,Y,d
713340,Asansol,West Bengal,Y,Y,d
713341,Asansol,West Bengal,Y,Y,d
713342,Asansol,West Bengal,Y,Y,d
713343,Rupnarayanpur,West Bengal,Y,Y,d
713344,Asansol,West Bengal,Y,Y,d
713345,Durgapur,West Bengal,Y,Y,d
713346,Dubrajpur,West Bengal,Y,Y,d
713347,Mejia,West Bengal,Y,Y,d
713357,Rupnarayanpur,West Bengal,Y,Y,d
713358,Mejia,West Bengal,Y,Y,d
713359,Asansol,West Bengal,Y,Y,d
713360,Asansol,West Bengal,Y,Y,d
713361,Asansol,West Bengal,Y,Y,d
713362,Asansol,West Bengal,Y,Y,d
713363,Durgapur,West Bengal,Y,Y,d
713364,Rupnarayanpur,West Bengal,Y,Y,d
713365,Rupnarayanpur,West Bengal,Y,Y,d
713366,Durgapur,West Bengal,Y,Y,d
713367,Asansol,West Bengal,Y,Y,d
713368,Asansol,West Bengal,Y,Y,d
713369,Rupnarayanpur,West Bengal,Y,Y,d
713370,Jamuria,West Bengal,Y,Y,d
713371,Asansol,West Bengal,Y,Y,d
713372,Asansol,West Bengal,Y,Y,d
713373,Jamuria,West Bengal,Y,Y,d
713374,Burdwan,West Bengal,N,N,d
713375,Rupnarayanpur,West Bengal,Y,Y,d
713376,Mejia,West Bengal,Y,Y,d
713377,Dubrajpur,West Bengal,Y,Y,d
713378,Dubrajpur,West Bengal,Y,Y,d
713379,Rupnarayanpur,West Bengal,Y,Y,d
713380,Nanoor,West Bengal,Y,Y,d
713381,Dubrajpur,West Bengal,Y,Y,d
713382,Durgapur,West Bengal,Y,Y,d
713383,Mejia,West Bengal,Y,Y,d
713384,Jamuria,West Bengal,Y,Y,d
713385,Dubrajpur,West Bengal,Y,Y,d
713386,Rupnarayanpur,West Bengal,Y,Y,d
713387,Durgapur,West Bengal,Y,Y,d
713401,Memari,West Bengal,Y,Y,d
713402,Panagarh,West Bengal,Y,Y,d
713403,Panagarh,West Bengal,Y,Y,d
713404,Jamalpur,West Bengal,Y,Y,d
713405,Kalna,West Bengal,Y,Y,d
713406,Guskhara,West Bengal,Y,Y,d
713407,Bardhaman,West Bengal,Y,Y,d
713408,Jamalpur,West Bengal,Y,Y,d
713409,Kalna,West Bengal,Y,Y,d
713419,Panagarh,West Bengal,Y,Y,d
713420,Panagarh,West Bengal,Y,Y,d
713421,Jamalpur,West Bengal,Y,Y,d
713422,Manteswar,West Bengal,Y,Y,d
713423,Sehara Bazaar,West Bengal,Y,Y,d
713424,Jamalpur,West Bengal,Y,Y,d
713425,Nabadwip,West Bengal,Y,Y,d
713426,Manteswar,West Bengal,Y,Y,d
713427,Sehara Bazaar,West Bengal,Y,Y,d
713428,Guskhara,West Bengal,Y,Y,d
713429,Manteswar,West Bengal,Y,Y,d
713430,Manteswar,West Bengal,Y,Y,d
713431,Burdwan,West Bengal,N,N,d
713432,Guskhara,West Bengal,Y,Y,d
713433,Guskhara,West Bengal,Y,Y,d
713434,Nabadwip,West Bengal,Y,Y,d
713501,Nabadwip,West Bengal,Y,Y,d
713502,Katwa,West Bengal,Y,Y,d
713512,Katwa,West Bengal,Y,Y,d
713513,Nabadwip,West Bengal,Y,Y,d
713514,Katwa,West Bengal,Y,Y,d
713515,Manteswar,West Bengal,Y,Y,d
713516,Katwa,West Bengal,Y,Y,d
713517,Katwa,West Bengal,Y,Y,d
713518,Katwa,West Bengal,Y,Y,d
713519,Nabadwip,West Bengal,Y,Y,d
713520,Guskhara,West Bengal,Y,Y,d
713706,Galsi,West Bengal,N,N,d
715513,Katwa,West Bengal,Y,Y,d
721000,Kharagpur,West Bengal,N,Y,d
721101,Midnapore,West Bengal,Y,Y,d
721102,Midnapore,West Bengal,Y,Y,d
721103,Midnapore,West Bengal,Y,Y,d
721121,Chandrakona Road,West Bengal,Y,Y,d
721122,Midnapore,West Bengal,Y,Y,d
721123,Chandrakona Road,West Bengal,Y,Y,d
721124,Lutunia,West Bengal,Y,Y,d
721125,Gopiballabpur,West Bengal,Y,Y,d
721126,Lutunia,West Bengal,Y,Y,d
721127,Chandrakona Road,West Bengal,Y,Y,d
721128,Chandrakona Road,West Bengal,Y,Y,d
721129,Midnapore,West Bengal,Y,Y,d
721130,Kolaghat,West Bengal,N,Y,d
721131,Panskura,West Bengal,Y,Y,d
721132,Midnapore,West Bengal,Y,Y,d
721133,Belda,West Bengal,Y,Y,d
721134,Kolaghat,West Bengal,Y,Y,d
721135,Kharagpur,West Bengal,Y,Y,d
721136,Panskura,West Bengal,Y,Y,d
721137,Kolaghat,West Bengal,Y,Y,d
721138,Jhargram,West Bengal,N,Y,d
721139,Panskura,West Bengal,Y,Y,d
721140,Lutunia,West Bengal,Y,Y,d
721141,BINPUR,West Bengal,Y,Y,d
721142,Panskura,West Bengal,Y,Y,d
721143,Gopiballabpur,West Bengal,Y,Y,d
721144,Lutunia,West Bengal,Y,Y,d
721145,Kharagpur,West Bengal,Y,Y,d
721146,Panskura,West Bengal,Y,Y,d
721147,Midnapore,West Bengal,Y,Y,d
721148,Panskura,West Bengal,Y,Y,d
721149,Kharagpur,West Bengal,Y,Y,d
721150,Midnapore,West Bengal,Y,Y,d
721151,Kolaghat,West Bengal,N,Y,d
721152,Panskura,West Bengal,Y,Y,d
721153,Panskura,West Bengal,N,Y,d
721154,Kolaghat,West Bengal,Y,Y,d
721155,Lutunia,West Bengal,Y,Y,d
721156,Panskura,West Bengal,Y,Y,d
721157,Chandrakona Road,West Bengal,Y,Y,d
721158,Panskura,West Bengal,Y,Y,d
721159,Gopiballabpur,West Bengal,Y,Y,d
721160,Panskura,West Bengal,Y,Y,d
721161,Lutunia,West Bengal,Y,Y,d
721162,Haldia,West Bengal,Y,Y,d
721163,Howrah,West Bengal,Y,Y,d
721164,Debra,West Bengal,N,N,d
721165,CHANDRAKONA,West Bengal,N,Y,d
721166,Lutunia,West Bengal,Y,Y,d
721167,Panskura,West Bengal,Y,Y,d
721168,Panskura,West Bengal,Y,Y,d
721169,Panskura,West Bengal,Y,Y,d
721170,Kolaghat,West Bengal,N,Y,d
721171,Panskura,West Bengal,Y,Y,d
721172,Kolaghat,West Bengal,Y,Y,d
721174,Kharagpur,West Bengal,N,N,d
721201,Chandrakona Road,West Bengal,Y,Y,d
721211,Ghatal,West Bengal,Y,Y,d
721212,Ghatal,West Bengal,Y,Y,d
721222,Ghatal,West Bengal,Y,Y,d
721228,Chandrakona,West Bengal,N,Y,d
721232,Ghatal,West Bengal,Y,Y,d
721242,Kamarpukur,West Bengal,Y,Y,d
721247,Raghunathpur Hooghly,West Bengal,N,N,d
721252,CHANDRAKONA,West Bengal,Y,Y,d
721253,Chandrakona Road,West Bengal,Y,Y,d
721254,CHANDRAKONA,West Bengal,N,Y,d
721256,CHANDRAKONA,West Bengal,N,Y,d
721257,CHANDRAKONA,West Bengal,Y,Y,d
721258,Chandrakona Road,West Bengal,Y,Y,d
721259,Chandrakona,West Bengal,N,Y,d
721260,Chandrakona Road,West Bengal,Y,Y,d
721301,Kharagpur,West Bengal,Y,Y,d
721302,Kharagpur,West Bengal,Y,Y,d
721303,Kharagpur,West Bengal,Y,Y,d
721304,Kharagpur,West Bengal,Y,Y,d
721305,Kharagpur,West Bengal,Y,Y,d
721306,Kharagpur,West Bengal,Y,Y,d
721307,Kharagpur,West Bengal,N,N,d
721315,Kharagpur,West Bengal,Y,Y,d
721363,Tamluk,West Bengal,N,N,d
721401,Contai,West Bengal,Y,Y,d
721402,Contai,West Bengal,Y,Y,d
721403,Contai,West Bengal,Y,Y,d
721404,Contai,West Bengal,Y,Y,d
721405,Contai,West Bengal,Y,Y,d
721406,Contai,West Bengal,Y,Y,d
721420,Egra,West Bengal,Y,Y,d
721421,Jhargram,West Bengal,Y,Y,d
721422,Contai,West Bengal,Y,Y,d
721423,Contai,West Bengal,Y,Y,d
721424,Belda,West Bengal,Y,Y,d
721425,Bajkul,West Bengal,Y,Y,d
721426,Dantan,West Bengal,Y,Y,d
721427,Contai,West Bengal,Y,Y,d
721428,RamnagarWB,West Bengal,Y,Y,d
721429,Egra,West Bengal,Y,Y,d
721430,Contai,West Bengal,Y,Y,d
721431,Bajkul,West Bengal,Y,Y,d
721432,Bajkul,West Bengal,Y,Y,d
721433,Contai,West Bengal,Y,Y,d
721434,Egra,West Bengal,Y,Y,d
721435,Belda,West Bengal,Y,Y,d
721436,Dantan,West Bengal,Y,Y,d
721437,Lutunia,West Bengal,Y,Y,d
721438,Egra,West Bengal,Y,Y,d
721439,Egra,West Bengal,Y,Y,d
721440,Egra,West Bengal,Y,Y,d
721441,RamnagarWB,West Bengal,Y,Y,d
721442,Contai,West Bengal,Y,Y,d
721443,Egra,West Bengal,Y,Y,d
721444,Contai,West Bengal,Y,Y,d
721445,Egra,West Bengal,Y,Y,d
721446,RamnagarWB,West Bengal,Y,Y,d
721447,Egra,West Bengal,Y,Y,d
721448,Contai,West Bengal,Y,Y,d
721449,Contai,West Bengal,Y,Y,d
721450,Contai,West Bengal,Y,Y,d
721451,Belda,West Bengal,Y,Y,d
721452,Contai,West Bengal,Y,Y,d
721453,Contai,West Bengal,Y,Y,d
721454,Egra,West Bengal,Y,Y,d
721455,Contai,West Bengal,Y,Y,d
721456,Egra,West Bengal,Y,Y,d
721457,Dantan,West Bengal,Y,Y,d
721458,Egra,West Bengal,Y,Y,d
721459,Dantan,West Bengal,Y,Y,d
721460,Contai,West Bengal,Y,Y,d
721461,Contai,West Bengal,Y,Y,d
721462,Digha,West Bengal,Y,Y,d
721463,DIGHA,West Bengal,Y,Y,d
721464,Contai,West Bengal,Y,Y,d
721465,Contai,West Bengal,N,Y,d
721466,EGRA,West Bengal,N,Y,d
721467,Lutunia,West Bengal,Y,Y,d
721501,Ama Dubi,West Bengal,Y,Y,d
721502,Jhargram,West Bengal,Y,Y,d
721503,Gopiballabpur,West Bengal,Y,Y,d
721504,Jhargram,West Bengal,Y,Y,d
721505,Jhargram,West Bengal,Y,Y,d
721506,Gopiballabpur,West Bengal,Y,Y,d
721507,Jhargram,West Bengal,Y,Y,d
721513,Jhargram,West Bengal,Y,Y,d
721514,Jhargram,West Bengal,Y,Y,d
721515,Jhargram,West Bengal,Y,Y,d
721516,Midnapore,West Bengal,Y,Y,d
721517,Gopiballabpur,West Bengal,Y,Y,d
721518,Jhargram,West Bengal,Y,Y,d
721519,Jhargram,West Bengal,Y,Y,d
721601,Bajkul,West Bengal,Y,Y,d
721602,Haldia,West Bengal,Y,Y,d
721603,Tamluk,West Bengal,Y,Y,d
721604,Haldia,West Bengal,Y,Y,d
721605,Haldia,West Bengal,Y,Y,d
721606,Haldia,West Bengal,Y,Y,d
721607,Haldia,West Bengal,Y,Y,d
721624,East Midnapore,West Bengal,N,N,d
721625,Bajkul,West Bengal,Y,Y,d
721626,Bajkul,West Bengal,Y,Y,d
721627,Kolaghat,West Bengal,Y,Y,d
721628,Haldia,West Bengal,Y,Y,d
721629,Panskura,West Bengal,Y,Y,d
721630,NIMTOURI,West Bengal,N,N,d
721631,NANDIGRAM WB,West Bengal,N,Y,d
721632,Tamluk,West Bengal,Y,Y,d
721633,Bajkul,West Bengal,Y,Y,d
721634,Panskura,West Bengal,Y,Y,d
721635,Haldia,West Bengal,Y,Y,d
721636,Tamluk,West Bengal,Y,Y,d
721637,Tamluk,West Bengal,Y,Y,d
721638,Panskura,West Bengal,Y,Y,d
721641,Panskura,West Bengal,Y,Y,d
721642,Tamluk,West Bengal,Y,Y,d
721643,Tamluk,West Bengal,Y,Y,d
721644,Panskura,West Bengal,Y,Y,d
721645,Haldia,West Bengal,Y,Y,d
721646,NANDIGRAM WB,West Bengal,N,Y,d
721647,Panskura,West Bengal,Y,Y,d
721648,Tamluk,West Bengal,Y,Y,d
721649,Tamluk,West Bengal,Y,Y,d
721650,Bajkul,West Bengal,Y,Y,d
721651,Panskura,West Bengal,Y,Y,d
721652,Tamluk,West Bengal,Y,Y,d
721653,Panskura,West Bengal,Y,Y,d
721654,Tamluk,West Bengal,Y,Y,d
721655,Bajkul,West Bengal,Y,Y,d
721656,Bajkul,West Bengal,Y,Y,d
721657,Haldia,West Bengal,Y,Y,d
721658,Haldia,West Bengal,Y,Y,d
721659,Bajkul,West Bengal,Y,Y,d
721660,Medinipur,West Bengal,N,N,d
721661,Haldia,West Bengal,Y,Y,d
721662,Haldia,West Bengal,Y,Y,d
721663,Panskura,West Bengal,Y,Y,d
721664,TAMLUK,West Bengal,Y,Y,d
721665,Tamluk,West Bengal,Y,Y,d
721666,Haldia,West Bengal,Y,Y,d
721667,Diamond Harbour,West Bengal,N,Y,d
721668,Kolaghat,West Bengal,Y,Y,d
721669,Tamluk,West Bengal,Y,Y,d
721670,Haldia,West Bengal,Y,Y,d
722101,Bankura,West Bengal,Y,Y,d
722102,Bankura,West Bengal,Y,Y,d
722103,Bankura,West Bengal,Y,Y,d
722107,Bankura,West Bengal,Y,Y,d
722110,SONAMUKHI,West Bengal,Y,Y,d
722111,Barjora,West Bengal,Y,Y,d
722112,SONAMUKHI,West Bengal,Y,Y,d
722121,Khatra,West Bengal,Y,Y,d
722122,Bishnupur,West Bengal,Y,Y,d
722132,Chhatna,West Bengal,Y,Y,d
722133,Bankura,West Bengal,Y,Y,d
722134,Simlapal,West Bengal,Y,Y,d
722135,Khatra,West Bengal,Y,Y,d
722136,Bankura,West Bengal,Y,Y,d
722137,Chhatna,West Bengal,Y,Y,d
722138,Mirzapur-WB,West Bengal,Y,Y,d
722139,Bankura,West Bengal,Y,Y,d
722140,Khatra,West Bengal,Y,Y,d
722141,Mirzapur-WB,West Bengal,Y,Y,d
722142,Barjora,West Bengal,Y,Y,d
722143,Mejia,West Bengal,Y,Y,d
722144,Bishnupur,West Bengal,Y,Y,d
722145,Onda,West Bengal,Y,Y,d
722146,Bankura,West Bengal,Y,Y,d
722147,Bishnupur,West Bengal,Y,Y,d
722148,Khatra,West Bengal,Y,Y,d
722149,Simlapal,West Bengal,Y,Y,d
722150,Simlapal,West Bengal,Y,Y,d
722151,Simlapal,West Bengal,Y,Y,d
722152,Bankura,West Bengal,Y,Y,d
722153,Mejia,West Bengal,Y,Y,d
722154,Mirzapur-WB,West Bengal,Y,Y,d
722155,Bankura,West Bengal,Y,Y,d
722156,Simlapal,West Bengal,Y,Y,d
722157,BISHNUPUR,West Bengal,Y,Y,d
722158,Mejia,West Bengal,Y,Y,d
722159,Bankura,West Bengal,Y,Y,d
722160,Simlapal,West Bengal,Y,Y,d
722161,Mirzapur-WB,West Bengal,Y,Y,d
722162,Simlapal,West Bengal,Y,Y,d
722163,Simlapal,West Bengal,Y,Y,d
722164,BANKADAHA,West Bengal,N,Y,d
722165,BANKADAHA,West Bengal,Y,Y,d
722166,Bankura,West Bengal,Y,Y,d
722168,Barjora,West Bengal,Y,Y,d
722169,Bankura,West Bengal,Y,Y,d
722170,Bankura,West Bengal,Y,Y,d
722171,Khatra,West Bengal,Y,Y,d
722172,Chhatna,West Bengal,Y,Y,d
722173,Hura,West Bengal,Y,Y,d
722174,Onda,West Bengal,Y,Y,d
722175,Bankura,West Bengal,Y,Y,d
722176,Bankura,West Bengal,Y,Y,d
722177,Bankura,West Bengal,Y,Y,d
722178,Bankura,West Bengal,Y,Y,d
722179,Bankura,West Bengal,Y,Y,d
722180,Bankura,West Bengal,Y,Y,d
722181,Chhatna,West Bengal,Y,Y,d
722182,Bankura,West Bengal,Y,Y,d
722183,Bankura,West Bengal,Y,Y,d
722201,Sehara Bazaar,West Bengal,Y,Y,d
722202,Barjora,West Bengal,Y,Y,d
722203,Bankura,West Bengal,Y,Y,d
722204,Barjora,West Bengal,Y,Y,d
722205,Sehara Bazaar,West Bengal,Y,Y,d
722206,Sonamukhi,West Bengal,Y,Y,d
722207,Sonamukhi,West Bengal,Y,Y,d
722208,Barjora,West Bengal,Y,Y,d
722209,SONAMUKHI,West Bengal,Y,Y,d
722213,Shrirampur,Maharashtra,Y,Y,b
722222,Barrackpore,West Bengal,Y,Y,d
722503,Dumurdaha,West Bengal,N,Y,d
723101,Purulia,West Bengal,Y,Y,d
723102,Purulia,West Bengal,Y,Y,d
723103,Purulia,West Bengal,Y,Y,d
723104,Purulia,West Bengal,Y,Y,d
723121,Raghunathpur,West Bengal,Y,Y,d
723126,Para,West Bengal,Y,Y,d
723127,Balarampur-WB,West Bengal,Y,Y,d
723128,Manbazar,West Bengal,Y,Y,d
723129,Manbazar,West Bengal,Y,Y,d
723130,Hura,West Bengal,Y,Y,d
723131,Manbazar,West Bengal,Y,Y,d
723132,Raghunathpur,West Bengal,Y,Y,d
723133,Raghunathpur,West Bengal,Y,Y,d
723134,#REF!,#REF!,N,N,d
723142,Raghunathpur,West Bengal,Y,Y,d
723143,Balarampur-WB,West Bengal,Y,Y,d
723144,Raghunathpur,West Bengal,Y,Y,d
723145,Raghunathpur,West Bengal,Y,Y,d
723146,Para,West Bengal,Y,Y,d
723147,Bhaddi,West Bengal,Y,Y,d
723148,Hura,West Bengal,Y,Y,d
723149,Bhaddi,West Bengal,Y,Y,d
723150,Asansol,West Bengal,Y,Y,d
723151,Hura,West Bengal,Y,Y,d
723152,Baghmundi,West Bengal,Y,Y,d
723153,Balarampur-WB,West Bengal,Y,Y,d
723154,Bhaddi,West Bengal,Y,Y,d
723155,Para,West Bengal,Y,Y,d
723156,Raghunathpur,West Bengal,Y,Y,d
723157,Raghunathpur,West Bengal,Y,Y,d
723158,Para,West Bengal,Y,Y,d
723159,Purulia,West Bengal,Y,Y,d
723160,Purulia,West Bengal,Y,Y,d
723161,Raghunathpur,West Bengal,Y,Y,d
723162,Para,West Bengal,Y,Y,d
723163,Purulia,West Bengal,Y,Y,d
723164,Purulia,West Bengal,Y,Y,d
723165,Purulia,West Bengal,N,N,d
723166,Purulia,West Bengal,N,N,d
723167,Purulia,West Bengal,Y,Y,d
723168,Raghunathpur,West Bengal,Y,Y,d
723201,Bhaddi,West Bengal,Y,Y,d
723202,Jhalda,West Bengal,Y,Y,d
723212,Jhalda,West Bengal,Y,Y,d
723213,Jhalda,West Bengal,Y,Y,d
723214,Jhalda,West Bengal,Y,Y,d
723215,Bhaddi,West Bengal,Y,Y,d
723216,Bhaddi,West Bengal,Y,Y,d
726206,Barobisha,West Bengal,N,N,d
727120,Kohima,Nagaland,N,Y,e
731101,Suri,West Bengal,Y,Y,d
731102,Suri,West Bengal,Y,Y,d
731103,Suri,West Bengal,Y,Y,d
731104,Dubrajpur,West Bengal,Y,Y,d
731121,Labpur,West Bengal,Y,Y,d
731122,Dubrajpur,West Bengal,Y,Y,d
731123,Dubrajpur,West Bengal,Y,Y,d
731124,Dubrajpur,West Bengal,Y,Y,d
731125,Dubrajpur,West Bengal,Y,Y,d
731126,Suri,West Bengal,Y,Y,d
731127,Mohammad Bazar,West Bengal,Y,Y,d
731129,Labpur,West Bengal,Y,Y,d
731130,Suri,West Bengal,Y,Y,d
731131,Dubrajpur,West Bengal,Y,Y,d
731132,Mohammad Bazar,West Bengal,Y,Y,d
731133,Dubrajpur,West Bengal,Y,Y,d
731134,Dubrajpur,West Bengal,N,N,d
731135,Bakreswar,West Bengal,N,N,d
731136,Suri,West Bengal,Y,Y,d
731139,Suri,West Bengal,Y,Y,d
731141,Khoyrsole,West Bengal,N,N,d
731144,Suri,West Bengal,Y,Y,d
731145,Panagarh,West Bengal,N,N,d
731146,Suri,West Bengal,Y,Y,d
731147,Dubrajpur,West Bengal,Y,Y,d
731201,Labpur,West Bengal,Y,Y,d
731202,Rampurhat,West Bengal,Y,Y,d
731203,Murarai,West Bengal,Y,Y,d
731204,Bolpur,West Bengal,Y,Y,d
731212,Durgapur,West Bengal,Y,Y,d
731213,Mohammad Bazar,West Bengal,Y,Y,d
731214,Dubrajpur,West Bengal,Y,Y,d
731215,Nanoor,West Bengal,Y,Y,d
731216,Rampurhat,West Bengal,Y,Y,d
731217,Durgapur,West Bengal,N,N,d
731218,MOHAMMAD BAZAR,West Bengal,Y,Y,d
731219,Murarai,West Bengal,Y,Y,d
731220,Morgram,West Bengal,Y,Y,d
731221,Murarai,West Bengal,Y,Y,d
731222,Murarai,West Bengal,Y,Y,d
731223,Rampurhat,West Bengal,Y,Y,d
731224,Rampurhat,West Bengal,Y,Y,d
731233,Rampurhat,West Bengal,Y,Y,d
731234,Mohammad Bazar,West Bengal,Y,Y,d
731235,Labpur,West Bengal,Y,Y,d
731236,Bolpur,West Bengal,Y,Y,d
731237,Morgram,West Bengal,Y,Y,d
731238,Murarai,West Bengal,Y,Y,d
731239,Bolpur,West Bengal,Y,Y,d
731240,Nanoor,West Bengal,Y,Y,d
731241,Rampurhat,West Bengal,Y,Y,d
731242,Morgram,West Bengal,Y,Y,d
731243,Rampurhat,West Bengal,Y,Y,d
731244,Khargram,West Bengal,Y,Y,d
731245,Khargram,West Bengal,Y,Y,d
731246,Rampurhat,West Bengal,Y,Y,d
731247,Nanoor,West Bengal,Y,Y,d
731249,Rampurhat,West Bengal,N,Y,d
731250,Amtala,West Bengal,N,N,d
731251,Rampurhat,West Bengal,N,N,d
731252,Murarai,West Bengal,Y,Y,d
731253,Sainthia,West Bengal,N,N,d
731254,Rampurhat,West Bengal,Y,Y,d
731255,Bolpur,West Bengal,Y,Y,d
731284,Ahmadpur,West Bengal,N,N,d
731301,Nanoor,West Bengal,Y,Y,d
731302,Nanoor,West Bengal,Y,Y,d
731303,Nanoor,West Bengal,Y,Y,d
731304,Nanoor,West Bengal,Y,Y,d
732001,Malda,West Bengal,Y,Y,d
732013,Siliguri,West Bengal,N,Y,d
732101,Malda,West Bengal,Y,Y,d
732102,Malda,West Bengal,Y,Y,d
732103,Malda,West Bengal,Y,Y,d
732104,Malda,West Bengal,N,Y,d
732121,Bamangola,West Bengal,Y,Y,d
732122,Bamangola,West Bengal,Y,Y,d
732123,Chanchal,West Bengal,Y,Y,d
732124,Bamangola,West Bengal,Y,Y,d
732125,Chanchal,West Bengal,Y,Y,d
732126,Itahar,West Bengal,Y,Y,d
732127,Kaliachak,West Bengal,Y,Y,d
732128,Malda,West Bengal,Y,Y,d
732138,Bamangola,West Bengal,Y,Y,d
732139,Chanchal,West Bengal,Y,Y,d
732140,Chanchal,West Bengal,Y,Y,d
732141,Malda,West Bengal,Y,Y,d
732142,Malda,West Bengal,Y,Y,d
732143,Malda,West Bengal,Y,Y,d
732144,Paranpur,West Bengal,Y,Y,d
732145,Malda,West Bengal,N,Y,d
732146,Malda,West Bengal,N,Y,d
732147,Bamangola,West Bengal,Y,Y,d
732148,Malda,West Bengal,Y,Y,d
732149,Malda,West Bengal,Y,Y,d
732150,Itahar,West Bengal,Y,Y,d
732151,Malda,West Bengal,Y,Y,d
732152,Malda,West Bengal,N,Y,d
732153,Malda,West Bengal,N,Y,d
732154,Malda,West Bengal,N,Y,d
732155,Malda,West Bengal,N,Y,d
732156,Malda,West Bengal,N,Y,d
732157,Malda,West Bengal,N,Y,d
732158,Malda,West Bengal,N,Y,d
732159,Malda,West Bengal,N,Y,d
732160,Malda,West Bengal,N,Y,d
732161,Malda,West Bengal,N,Y,d
732162,Malda,West Bengal,N,Y,d
732163,Malda,West Bengal,N,Y,d
732201,Kaliachak,West Bengal,Y,Y,d
732202,Manikchak,West Bengal,Y,Y,d
732203,Manikchak,West Bengal,Y,Y,d
732204,Paranpur,West Bengal,Y,Y,d
732205,Paranpur,West Bengal,Y,Y,d
732206,Kaliachak,West Bengal,Y,Y,d
732207,Kaliachak,West Bengal,Y,Y,d
732208,Malda,West Bengal,Y,Y,d
732209,Manikchak,West Bengal,Y,Y,d
732210,Farakka,West Bengal,Y,Y,d
732211,Manikchak,West Bengal,Y,Y,d
732212,Malda,West Bengal,Y,Y,d
732213,Paranpur,West Bengal,Y,Y,d
732214,Paranpur,West Bengal,Y,Y,d
732215,Farakka,West Bengal,Y,Y,d
732216,Malda,West Bengal,Y,Y,d
732236,Farakka,West Bengal,N,N,d
732312,Farakka,West Bengal,N,N,d
732706,Malda,West Bengal,N,Y,d
733006,Siliguri,West Bengal,N,Y,d
733101,Balurghat,West Bengal,Y,Y,d
733102,Balurghat,West Bengal,Y,Y,d
733103,Balurghat,West Bengal,Y,Y,d
733121,Kaliyaganj,West Bengal,Y,Y,d
733123,Raiganj,West Bengal,Y,Y,d
733124,Gangarampur,West Bengal,Y,Y,d
733125,Kaliyaganj,West Bengal,Y,Y,d
733126,Balurghat,West Bengal,Y,Y,d
733127,Gangarampur,West Bengal,Y,Y,d
733128,Itahar,West Bengal,Y,Y,d
733129,Kaliyaganj,West Bengal,Y,Y,d
733130,Hemtabad,West Bengal,Y,Y,d
733131,FULBARI WB,West Bengal,Y,Y,d
733132,Kaliyaganj,West Bengal,Y,Y,d
733133,Gangarampur,West Bengal,Y,Y,d
733134,Raiganj,West Bengal,Y,Y,d
733140,Gangarampur,West Bengal,Y,Y,d
733141,Gangarampur,West Bengal,Y,Y,d
733142,Gangarampur,West Bengal,Y,Y,d
733143,Itahar,West Bengal,Y,Y,d
733144,Raiganj,West Bengal,Y,Y,d
733145,Balurghat,West Bengal,Y,Y,d
733146,Gangarampur,West Bengal,Y,Y,d
733147,GANGARAMPUR,West Bengal,Y,Y,d
733148,FULBARI WB,West Bengal,Y,Y,d
733149,Gangarampur,West Bengal,Y,Y,d
733150,Kaliyaganj,West Bengal,Y,Y,d
733151,Balurghat,West Bengal,Y,Y,d
733153,Balurghat,West Bengal,Y,Y,d
733154,Gangarampur,West Bengal,Y,Y,d
733155,Balurghat,West Bengal,Y,Y,d
733156,Hemtabad,West Bengal,Y,Y,d
733157,RAIGANJ,West Bengal,N,Y,d
733158,Gangarampur,West Bengal,Y,Y,d
733201,Dalkhola,West Bengal,Y,Y,d
733202,Islampure,West Bengal,Y,Y,d
733207,Bhagabati,West Bengal,Y,Y,d
733208,GOALPOKHER,West Bengal,Y,Y,d
733209,Surjapur,West Bengal,Y,Y,d
733210,GOALPOKHER,West Bengal,Y,Y,d
733211,DALKOLA,West Bengal,N,N,d
733212,DALKOLA,West Bengal,N,N,d
733213,Islampure,West Bengal,Y,Y,d
733214,Islampure,West Bengal,Y,Y,d
733215,Dalkhola,West Bengal,Y,Y,d
733216,Raiganj,West Bengal,Y,Y,d
733246,Malda,West Bengal,Y,Y,d
733252,Kaliyaganj,West Bengal,Y,Y,d
733302,Durgapur,West Bengal,Y,Y,d
734000,Siliguri,West Bengal,Y,Y,d
734001,Siliguri,West Bengal,Y,Y,d
734002,SILIGURI,West Bengal,Y,Y,d
734003,Siliguri,West Bengal,Y,Y,d
734004,Siliguri,West Bengal,Y,Y,d
734005,Siliguri,West Bengal,Y,Y,d
734006,Siliguri,West Bengal,Y,Y,d
734007,Siliguri,West Bengal,Y,Y,d
734008,Siliguri,West Bengal,Y,Y,d
734009,Siliguri,West Bengal,Y,Y,d
734010,Siliguri,West Bengal,Y,Y,d
734011,Bagdogra,West Bengal,Y,Y,d
734012,Bagdogra,West Bengal,Y,Y,d
734013,Bagdogra,West Bengal,Y,Y,d
734014,Bagdogra,West Bengal,Y,Y,d
734015,Siliguri,West Bengal,Y,Y,d
734016,Siliguri,West Bengal,N,Y,d
734018,Siliguri,West Bengal,N,Y,d
734025,Siliguri,West Bengal,N,Y,d
734100,Darjeeling,West Bengal,Y,Y,d
734101,Darjeeling,West Bengal,Y,Y,d
734102,Darjeeling,West Bengal,Y,Y,d
734103,Darjeeling,West Bengal,Y,Y,d
734104,Darjeeling,West Bengal,Y,Y,d
734105,Darjeeling,West Bengal,Y,Y,d
734121,Darjeeling,West Bengal,Y,Y,d
734122,DARJEELING,West Bengal,Y,Y,d
734123,Darjeeling,West Bengal,Y,Y,d
734124,Darjeeling,West Bengal,Y,Y,d
734201,Bijanbari,West Bengal,Y,Y,d
734203,Kurseong,West Bengal,Y,Y,d
734204,Kurseong,West Bengal,Y,Y,d
734209,Sonada,West Bengal,Y,Y,d
734210,Darjeeling,West Bengal,N,N,d
734212,Darjeeling,West Bengal,N,N,d
734213,Tista Bazar,West Bengal,Y,Y,d
734214,Darjeeling,West Bengal,Y,Y,d
734215,Darjeeling,West Bengal,Y,Y,d
734216,Pokhriabong,West Bengal,Y,Y,d
734217,Kurseong,West Bengal,Y,Y,d
734218,Darjeeling,West Bengal,Y,Y,d
734219,Darjeeling,West Bengal,Y,Y,d
734220,Kurseong,West Bengal,Y,Y,d
734221,Pokhriabong,West Bengal,Y,Y,d
734222,Tista Bazar,West Bengal,Y,Y,d
734223,Kurseong,West Bengal,Y,Y,d
734224,Kurseong,West Bengal,Y,Y,d
734225,Siliguri,West Bengal,Y,Y,d
734226,TAKDAH,West Bengal,Y,Y,d
734227,Darjeeling,West Bengal,Y,Y,d
734301,Kalimpong,West Bengal,Y,Y,d
734311,Labha,West Bengal,Y,Y,d
734312,Tista Bazar,West Bengal,Y,Y,d
734313,Mungpoo,West Bengal,Y,Y,d
734314,Labha,West Bengal,Y,Y,d
734315,Labha,West Bengal,Y,Y,d
734316,Kalimpong,West Bengal,Y,Y,d
734317,Kalimpong,West Bengal,Y,Y,d
734318,Siliguri,West Bengal,N,Y,d
734319,TAKDAH,West Bengal,N,N,d
734320,Kalijhora,West Bengal,Y,Y,d
734321,Tista Bazar,West Bengal,Y,Y,d
734325,Siliguri,West Bengal,N,N,d
734333,Shivmandir,West Bengal,N,Y,d
734401,Siliguri,West Bengal,Y,Y,d
734402,Siliguri,West Bengal,Y,Y,d
734403,Siliguri,West Bengal,Y,Y,d
734404,Siliguri,West Bengal,Y,Y,d
734405,Siliguri,West Bengal,Y,Y,d
734406,Siliguri,West Bengal,Y,Y,d
734407,Siliguri,West Bengal,N,Y,d
734418,Siliguri,West Bengal,N,Y,d
734421,Bagdogra,West Bengal,Y,Y,d
734422,Bagdogra,West Bengal,Y,Y,d
734423,Bagdogra,West Bengal,Y,Y,d
734424,Bagdogra,West Bengal,Y,Y,d
734425,Bagdogra,West Bengal,Y,Y,d
734426,Bagdogra,West Bengal,Y,Y,d
734427,Bagdogra,West Bengal,Y,Y,d
734428,Siliguri,West Bengal,N,Y,d
734429,Bagdogra,West Bengal,Y,Y,d
734430,Siliguri,West Bengal,N,Y,d
734431,Bagdogra,West Bengal,Y,Y,d
734432,Siliguri,West Bengal,N,Y,d
734433,Siliguri,West Bengal,N,Y,d
734434,Bagdogra,West Bengal,Y,Y,d
734435,Siliguri,West Bengal,N,Y,d
734436,Bagdogra,West Bengal,Y,Y,d
734500,Jalpaiguri,West Bengal,N,N,d
734501,MALBAZAR,West Bengal,Y,Y,d
734502,Kalimpong,West Bengal,Y,Y,d
734503,Jholung,West Bengal,Y,Y,d
735100,Darjeeling,West Bengal,N,N,d
735101,Jalpaiguri,West Bengal,Y,Y,d
735102,Jalpaiguri,West Bengal,Y,Y,d
735103,Jalpaiguri,West Bengal,N,Y,d
735106,Kalimpong,West Bengal,N,N,d
735121,Jalpaiguri,West Bengal,Y,Y,d
735122,Mekhliganj,West Bengal,Y,Y,d
735132,Jalpaiguri,West Bengal,Y,Y,d
735133,Jalpaiguri,West Bengal,Y,Y,d
735134,Rajganj,West Bengal,Y,Y,d
735135,Rajganj,West Bengal,Y,Y,d
735136,Mekhliganj,West Bengal,Y,Y,d
735137,Jalpaiguri,West Bengal,Y,Y,d
735138,RAJGANJ,West Bengal,Y,Y,d
735139,Jalpaiguri,West Bengal,Y,Y,d
735140,Chalsa,West Bengal,Y,Y,d
735152,Balurghat,West Bengal,Y,Y,d
735201,Birpara,West Bengal,Y,Y,d
735202,Binnaguri,West Bengal,Y,Y,d
735203,Binnaguri,West Bengal,Y,Y,d
735204,Birpara,West Bengal,Y,Y,d
735205,Chalsa,West Bengal,Y,Y,d
735206,Chalsa,West Bengal,Y,Y,d
735207,Binnaguri,West Bengal,Y,Y,d
735208,Jaigaon,West Bengal,Y,Y,d
735209,Chalsa,West Bengal,Y,Y,d
735210,Mainaguri,West Bengal,Y,Y,d
735211,Pundibari,West Bengal,Y,Y,d
735212,Binnaguri,West Bengal,Y,Y,d
735213,Birpara,West Bengal,Y,Y,d
735214,Kalchini,West Bengal,Y,Y,d
735215,Jaigaon,West Bengal,Y,Y,d
735216,Birpara,West Bengal,Y,Y,d
735217,Kalchini,West Bengal,Y,Y,d
735218,Jalpaiguri,West Bengal,Y,Y,d
735219,Jalpaiguri,West Bengal,Y,Y,d
735220,MADARIHAT,West Bengal,Y,Y,d
735221,Chalsa,West Bengal,Y,Y,d
735222,Chalsa,West Bengal,Y,Y,d
735223,Chalsa,West Bengal,Y,Y,d
735224,Mainaguri,West Bengal,Y,Y,d
735225,Chalsa,West Bengal,Y,Y,d
735226,Alipurduar,West Bengal,Y,Y,d
735227,KALCHINI,West Bengal,Y,Y,d
735228,Birpara,West Bengal,Y,Y,d
735229,GORUBATHAN,West Bengal,Y,Y,d
735230,Jalpaiguri,West Bengal,Y,Y,d
735231,Gourbathan,West Bengal,Y,Y,d
735232,Binnaguri,West Bengal,Y,Y,d
735233,Binnaguri,West Bengal,Y,Y,d
735234,JALPAIGURI,West Bengal,Y,Y,d
735235,Mainaguri,West Bengal,Y,Y,d
735236,Rajganj,West Bengal,Y,Y,d
735237,Mainaguri,West Bengal,Y,Y,d
735238,Chalsa,West Bengal,Y,Y,d
735251,Jalpaiguri,West Bengal,Y,Y,d
735301,Mekhliganj,West Bengal,Y,Y,d
735302,Mainaguri,West Bengal,Y,Y,d
735303,Mathabhanga,West Bengal,Y,Y,d
735304,Mekhliganj,West Bengal,Y,Y,d
735305,Mainaguri,West Bengal,Y,Y,d
735306,MEKLIGANJ,West Bengal,Y,Y,d
735307,MEKLIGANJ,West Bengal,N,N,d
735308,Siliguri,West Bengal,Y,Y,d
735350,Bolpur,West Bengal,Y,Y,d
735503,Bankura,West Bengal,Y,Y,d
735505,Bankura,West Bengal,Y,Y,d
736000,Hasimara,West Bengal,N,N,d
736101,Cooch Behar,West Bengal,Y,Y,d
736102,Cooch Behar,West Bengal,Y,Y,d
736118,COOCH BEHAR,West Bengal,Y,Y,d
736121,Alipurduar,West Bengal,Y,Y,d
736122,Alipurduar,West Bengal,Y,Y,d
736123,Alipurduar,West Bengal,Y,Y,d
736130,Alipurduar,West Bengal,N,Y,d
736131,Barobisha,West Bengal,Y,Y,d
736132,Mathabhanga,West Bengal,Y,Y,d
736133,Baneswar,West Bengal,Y,Y,d
736134,Dinhata,West Bengal,Y,Y,d
736135,Dinhata,West Bengal,Y,Y,d
736136,Alipurduar,West Bengal,Y,Y,d
736145,Sitai,West Bengal,Y,Y,d
736146,Mathabhanga,West Bengal,Y,Y,d
736150,Dinhata,West Bengal,N,Y,d
736156,Cooch Behar,West Bengal,Y,Y,d
736157,Mathabhanga,West Bengal,Y,Y,d
736158,Sitai,West Bengal,Y,Y,d
736159,Cooch Behar,West Bengal,Y,Y,d
736160,Cooch Behar,West Bengal,Y,Y,d
736162,Alipurduar,West Bengal,N,Y,d
736165,Pundibari,West Bengal,Y,Y,d
736166,Dinhata,West Bengal,Y,Y,d
736167,Sitai,West Bengal,Y,Y,d
736168,Sitai,West Bengal,Y,Y,d
736169,Sitai,West Bengal,Y,Y,d
736170,Cooch Behar,West Bengal,Y,Y,d
736171,Pundibari,West Bengal,Y,Y,d
736172,Mathabhanga,West Bengal,Y,Y,d
736173,Dinhata,West Bengal,Y,Y,d
736174,DINHATA,West Bengal,Y,Y,d
736175,Dinhata,West Bengal,Y,Y,d
736176,Dinhata,West Bengal,Y,Y,d
736177,Cooch Behar,West Bengal,N,Y,d
736179,Cooch Behar,West Bengal,Y,Y,d
736180,COOCH BEHAR,West Bengal,Y,Y,d
736181,Cooch Behar,West Bengal,Y,Y,d
736182,Jaigaon,West Bengal,Y,Y,d
736201,Kumargram,West Bengal,Y,Y,d
736202,Barobisha,West Bengal,Y,Y,d
736203,Kumargram,West Bengal,Y,Y,d
736204,Pundibari,West Bengal,Y,Y,d
736205,Kumargram,West Bengal,Y,Y,d
736206,Alipurduar,West Bengal,Y,Y,d
736207,Barobisha,West Bengal,Y,Y,d
736208,Alipurduar,West Bengal,Y,Y,d
736221,Alipurdwar,West Bengal,N,N,d
736257,Cooch Behar,West Bengal,N,Y,d
736358,Coochbehar,West Bengal,N,N,d
737101,Gangtok,Sikkim,Y,Y,e
737102,Gangtok,Sikkim,Y,Y,e
737103,GANGTOK,Sikkim,Y,Y,e
737106,PAKYONG,SIKKIM,Y,Y,e
737107,Dikchu (East Sikkim),Sikkim,N,N,d
737111,Geyzing,Sikkim,Y,Y,e
737113,Pelling,Sikkim,Y,Y,e
737116,Mangan,Sikkim,Y,Y,e
737121,Jorethang,Sikkim,Y,Y,e
737126,Namchi,Sikkim,Y,Y,e
737128,Tista Bazar,West Bengal,Y,Y,e
737131,Rongli,Sikkim,Y,Y,e
737132,Rangpo,Sikkim,Y,Y,e
737133,Rongli,Sikkim,Y,Y,e
737134,Singtam,Sikkim,Y,Y,e
737135,Ranipool,Sikkim,Y,Y,e
737136,Rangpo,Sikkim,Y,Y,e
737137,GANGTOK,Sikkim,N,N,d
737139,Ravangla,Sikkim,Y,Y,e
738001,Silchar,Assam,N,N,d
741001,Krishnanagar,West Bengal,N,N,d
741101,Krishnanagar,West Bengal,Y,Y,d
741102,Krishnanagar,West Bengal,Y,Y,d
741103,Krishnanagar,West Bengal,Y,Y,d
741104,Krishnanagar,West Bengal,N,N,d
741111,Krishnanagar,West Bengal,N,N,d
741117,Krishnanagar,West Bengal,N,N,d
741121,Badkulla,West Bengal,Y,Y,d
741122,Nazirpur,West Bengal,Y,Y,d
741123,Chapra,West Bengal,Y,Y,d
741124,Chapra,West Bengal,Y,Y,d
741125,Krishnanagar,West Bengal,Y,Y,d
741126,Nakashipara,West Bengal,Y,Y,d
741127,Badkulla,West Bengal,Y,Y,d
741135,Dhubulia,West Bengal,Y,Y,d
741137,Nakashipara,West Bengal,Y,Y,d
741138,Nakashipara,West Bengal,Y,Y,d
741139,Nakashipara,West Bengal,Y,Y,d
741140,Nakashipara,West Bengal,Y,Y,d
741150,Plassey,West Bengal,Y,Y,d
741151,Hanskhali,West Bengal,Y,Y,d
741152,Nazirpur,West Bengal,Y,Y,d
741153,KATWA,West Bengal,N,Y,d
741154,Nakashipara,West Bengal,Y,Y,d
741155,Plassey,West Bengal,Y,Y,d
741156,Plassey,West Bengal,Y,Y,d
741157,Plassey,West Bengal,Y,Y,d
741158,Nazirpur,West Bengal,Y,Y,d
741159,Badkulla,West Bengal,Y,Y,d
741160,Nazirpur,West Bengal,Y,Y,d
741161,Hanskhali,West Bengal,Y,Y,d
741162,Nakashipara,West Bengal,Y,Y,d
741163,Nazirpur,West Bengal,Y,Y,d
741164,Chapra,West Bengal,Y,Y,d
741165,Nazirpur,West Bengal,Y,Y,d
741166,Chapra,West Bengal,Y,Y,d
741167,Hanskhali,West Bengal,Y,Y,d
741168,Nazirpur,West Bengal,Y,Y,d
741169,Tehatta,West Bengal,N,N,d
741170,Hanskhali,West Bengal,Y,Y,d
741171,Chapra,West Bengal,Y,Y,d
741172,Baharampur,West Bengal,Y,Y,d
741173,Nazirpur,West Bengal,Y,Y,d
741174,Katwa,West Bengal,Y,Y,d
741175,Chapra,West Bengal,Y,Y,d
741176,Katwa,West Bengal,Y,Y,d
741177,Baharampore,West Bengal,N,N,d
741178,Kalyani,West Bengal,N,N,d
741179,Tehatta,West Bengal,N,N,d
741180,Kalyani,West Bengal,N,N,d
741181,Plassey,West Bengal,Y,Y,d
741182,Bethuadahari,West Bengal,N,N,d
741183,Tehatta,West Bengal,N,N,d
741184,Krishnanagar,West Bengal,N,N,d
741185,Krishnanagar,West Bengal,Y,Y,d
741186,Tehatta,West Bengal,N,N,d
741187,Nazirpur,West Bengal,Y,Y,d
741188,Krishnanagar,West Bengal,N,N,d
741189,Nowda,West Bengal,Y,Y,d
741190,Chapra,West Bengal,Y,Y,d
741192,Dogachi,West Bengal,N,N,d
741193,Dogachi,West Bengal,N,N,d
741194,Kalyani,West Bengal,N,N,d
741195,Bethuadahari,West Bengal,N,N,d
741196,Plassey,West Bengal,Y,Y,d
741197,Tehatta,West Bengal,N,N,d
741198,Tehatta,West Bengal,N,N,d
741199,Kalyani,West Bengal,N,N,d
741201,Ranaghat,West Bengal,Y,Y,d
741202,Ranaghat,West Bengal,Y,Y,d
741203,Ranaghat,West Bengal,Y,Y,d
741221,Haringhata,West Bengal,Y,Y,d
741222,Ranaghat,West Bengal,Y,Y,d
741223,Gopalnagar,West Bengal,Y,Y,d
741224,Kalyani,West Bengal,Y,Y,d
741225,NADIA,West Bengal,Y,Y,d
741232,Ranaghat,West Bengal,Y,Y,d
741233,KALYANI,West Bengal,N,Y,d
741234,Kalyani,West Bengal,Y,Y,d
741235,Kalyani,West Bengal,Y,Y,d
741236,Chapra,West Bengal,Y,Y,d
741238,Gopalnagar,West Bengal,Y,Y,d
741243,Kalyani,West Bengal,Y,Y,d
741245,Kalyani,West Bengal,Y,Y,d
741246,Kalyani,West Bengal,Y,Y,d
741247,Ranaghat,West Bengal,Y,Y,d
741248,Ranaghat,West Bengal,Y,Y,d
741249,Kalyani,West Bengal,Y,Y,d
741250,Kalyani,West Bengal,Y,Y,d
741251,Kalyani,West Bengal,Y,Y,d
741252,Haringhata,West Bengal,Y,Y,d
741253,Gopalnagar,West Bengal,Y,Y,d
741254,Ranaghat,West Bengal,Y,Y,d
741255,Ranaghat,West Bengal,Y,Y,d
741256,Ranaghat,West Bengal,Y,Y,d
741257,Haringhata,West Bengal,Y,Y,d
741258,Ranaghat,West Bengal,Y,Y,d
741301,Nabadwip,West Bengal,Y,Y,d
741302,Nabadwip,West Bengal,Y,Y,d
741312,Guptipara,West Bengal,N,N,d
741313,Nabadwip,West Bengal,Y,Y,d
741314,Nabadwip,West Bengal,Y,Y,d
741315,Nabadwip,West Bengal,Y,Y,d
741316,Nabadwip,West Bengal,Y,Y,d
741317,Nabadwip,West Bengal,Y,Y,d
741318,Nabadwip,West Bengal,Y,Y,d
741319,Nabadwip,West Bengal,Y,Y,d
741401,Krishnanagar,West Bengal,Y,Y,d
741402,Ranaghat,West Bengal,Y,Y,d
741403,Ranaghat,West Bengal,Y,Y,d
741404,Krishnanagar,West Bengal,Y,Y,d
741405,Ranaghat,West Bengal,Y,Y,d
741501,Badkulla,West Bengal,Y,Y,d
741502,Hanskhali,West Bengal,Y,Y,d
741503,Hanskhali,West Bengal,Y,Y,d
741504,Gopalnagar,West Bengal,Y,Y,d
741505,Hanskhali,West Bengal,Y,Y,d
741506,Hanskhali,West Bengal,Y,Y,d
741507,Hanskhali,West Bengal,Y,Y,d
741508,Hanskhali,West Bengal,Y,Y,d
741509,Hanskhali,West Bengal,Y,Y,d
741510,Bagula,West Bengal,N,N,d
741511,Ranaghat,West Bengal,Y,Y,d
741512,Bagula,West Bengal,N,N,d
741513,Hanskhali,West Bengal,Y,Y,d
741514,Bagula,West Bengal,N,N,d
741515,Krishnanagar,West Bengal,Y,Y,d
741516,Bagula,West Bengal,N,N,d
742000,Raghunathganj,West Bengal,Y,Y,d
742101,Baharampur,West Bengal,Y,Y,d
742102,Baharampur,West Bengal,Y,Y,d
742103,Baharampur,West Bengal,Y,Y,d
742104,Murshidabad,West Bengal,Y,Y,d
742109,Nowda,West Bengal,Y,Y,d
742113,Murshidabad,West Bengal,Y,Y,d
742121,Nowda,West Bengal,Y,Y,d
742122,Murshidabad,West Bengal,Y,Y,d
742123,Murshidabad,West Bengal,Y,Y,d
742124,Murshidabad,West Bengal,Y,Y,d
742131,Raghunathganj,West Bengal,Y,Y,d
742132,Khargram,West Bengal,Y,Y,d
742133,Nowda,West Bengal,Y,Y,d
742134,Baharampur,West Bengal,Y,Y,d
742135,Murshidabad,West Bengal,Y,Y,d
742136,Khargram,West Bengal,Y,Y,d
742137,Khargram,West Bengal,Y,Y,d
742138,Khargram,West Bengal,Y,Y,d
742139,Baharampur,West Bengal,Y,Y,d
742140,KANDI,West Bengal,Y,Y,d
742147,Khargram,West Bengal,Y,Y,d
742148,Raghunathganj,West Bengal,Y,Y,d
742149,Murshidabad,West Bengal,Y,Y,d
742150,Murshidabad,West Bengal,Y,Y,d
742151,Raghunathganj,West Bengal,Y,Y,d
742152,Murshidabad,West Bengal,Y,Y,d
742156,Nowda,West Bengal,Y,Y,d
742157,Morgram,West Bengal,Y,Y,d
742159,Morgram,West Bengal,Y,Y,d
742160,Murshidabad,West Bengal,Y,Y,d
742161,Khargram,West Bengal,Y,Y,d
742162,Nowda,West Bengal,Y,Y,d
742163,Plassey,West Bengal,Y,Y,d
742164,Murshidabad,West Bengal,Y,Y,d
742165,Nowda,West Bengal,Y,Y,d
742166,Nowda,West Bengal,Y,Y,d
742167,Baharampur,West Bengal,Y,Y,d
742168,Khargram,West Bengal,Y,Y,d
742169,Baharampur,West Bengal,Y,Y,d
742170,Khargram,West Bengal,Y,Y,d
742171,KANDI,West Bengal,Y,Y,d
742172,Khargram,West Bengal,Y,Y,d
742173,Khargram,West Bengal,Y,Y,d
742174,Nowda,West Bengal,Y,Y,d
742175,Nowda,West Bengal,Y,Y,d
742176,MURSHIDABAD,West Bengal,Y,Y,d
742177,Beldanga,West Bengal,Y,Y,d
742178,Murshidabad,West Bengal,Y,Y,d
742179,Murshidabad,West Bengal,Y,Y,d
742180,Khargram,West Bengal,Y,Y,d
742181,Morgram,West Bengal,Y,Y,d
742182,Nowda,West Bengal,Y,Y,d
742183,Murshidabad,West Bengal,Y,Y,d
742184,Morgram,West Bengal,Y,Y,d
742185,Raghunathganj,West Bengal,Y,Y,d
742186,Murshidabad,West Bengal,Y,Y,d
742187,Baharampur,West Bengal,Y,Y,d
742188,Baharampur,West Bengal,Y,Y,d
742189,Plassey,West Bengal,Y,Y,d
742190,Raghunathganj,West Bengal,Y,Y,d
742191,MURSHIDABAD,West Bengal,Y,Y,d
742201,Raghunathganj,West Bengal,Y,Y,d
742202,Dhulian,West Bengal,Y,Y,d
742212,Farakka,West Bengal,Y,Y,d
742213,Raghunathganj,West Bengal,Y,Y,d
742220,Sagardighi,Morgram,N,Y,d
742223,Raghunathganj,West Bengal,Y,Y,d
742224,Dhulian,West Bengal,Y,Y,d
742225,Raghunathganj,West Bengal,Y,Y,d
742226,Morgram,West Bengal,Y,Y,d
742227,Raghunathganj,West Bengal,Y,Y,d
742229,JANGIPUR,West Bengal,N,Y,d
742230,SUTI,West Bengal,N,Y,d
742231,DHULIAN,West Bengal,Y,Y,d
742232,DHULIAN,West Bengal,Y,Y,d
742233,SUTI,West Bengal,N,N,d
742234,SUTI,West Bengal,N,N,d
742235,Raghunathganj,West Bengal,Y,Y,d
742236,Farakka,West Bengal,Y,Y,d
742237,Raghunathganj,West Bengal,Y,Y,d
742238,Morgram,West Bengal,Y,Y,d
742286,Murshidabad,West Bengal,Y,Y,d
742301,Khargram,West Bengal,Y,Y,d
742302,Murshidabad,West Bengal,Y,Y,d
742303,Domkal,West Bengal,Y,Y,d
742304,Domkal,West Bengal,Y,Y,d
742305,Domkal,West Bengal,Y,Y,d
742306,Domkal,West Bengal,Y,Y,d
742307,Domkal,West Bengal,Y,Y,d
742308,Domkal,West Bengal,Y,Y,d
742309,Sagarpara,West Bengal,N,N,d
742401,Ghanashyampur,West Bengal,Y,Y,d
742402,Ghanashyampur,West Bengal,Y,Y,d
742403,Ghanashyampur,West Bengal,Y,Y,d
742404,Ghanashyampur,West Bengal,Y,Y,d
742405,Baharampur,West Bengal,Y,Y,d
742406,Domkal,West Bengal,Y,Y,d
742407,Baharampur,West Bengal,Y,Y,d
742408,Baharampur,West Bengal,N,Y,d
742409,Domkal,West Bengal,Y,Y,d
742410,#REF!,#REF!,N,N,d
743001,Siliguri,West Bengal,N,Y,d
743004,Siliguri,West Bengal,Y,Y,d
743101,Barrackpore,West Bengal,Y,Y,d
743102,Barrackpore,West Bengal,Y,Y,d
743120,Barrackpore,West Bengal,Y,Y,d
743121,Barrackpore,West Bengal,Y,Y,d
743122,Barrackpore,West Bengal,Y,Y,d
743123,Naihati,West Bengal,Y,Y,d
743124,Bongaon,West Bengal,Y,Y,d
743125,Naihati,West Bengal,Y,Y,d
743126,Naihati,West Bengal,Y,Y,d
743127,Barrackpore,West Bengal,Y,Y,d
743128,Barrackpore,West Bengal,Y,Y,d
743129,Naihati,West Bengal,Y,Y,d
743130,Bongaon,West Bengal,Y,Y,d
743132,Naihati,West Bengal,Y,Y,d
743133,Naihati,West Bengal,Y,Y,d
743134,Naihati,West Bengal,Y,Y,d
743135,Naihati,West Bengal,Y,Y,d
743136,Naihati,West Bengal,Y,Y,d
743143,Chandannagar,West Bengal,Y,Y,d
743144,Barrackpore,West Bengal,Y,Y,d
743145,Naihati,West Bengal,Y,Y,d
743146,CHANDANNAGAR,West Bengal,Y,Y,d
743155,Barrackpore,West Bengal,Y,Y,d
743164,Naihati,West Bengal,Y,Y,d
743165,Naihati,West Bengal,Y,Y,d
743166,Naihati,West Bengal,Y,Y,d
743170,Barrackpore,West Bengal,Y,Y,d
743175,Barrackpore,West Bengal,Y,Y,d
743176,Barrackpore,West Bengal,Y,Y,d
743177,Barrackpore,West Bengal,Y,Y,d
743178,Barrackpore,West Bengal,Y,Y,d
743179,Barrackpore,West Bengal,Y,Y,d
743180,Barrackpore,West Bengal,Y,Y,d
743186,Barrackpore,West Bengal,Y,Y,d
743187,Barrackpore,West Bengal,Y,Y,d
743188,Barrackpore,West Bengal,Y,Y,d
743193,Naihati,West Bengal,Y,Y,d
743194,Naihati,West Bengal,Y,Y,d
743195,Haringhata,West Bengal,Y,Y,d
743200,Barrackpore,West Bengal,N,Y,d
743201,Kolkata,West Bengal,Y,Y,d
743202,Barrackpore,West Bengal,Y,Y,d
743203,Barrackpore,West Bengal,Y,Y,d
743204,Barrackpore,West Bengal,Y,Y,d
743206,North-24Parganas(Wb),West Bengal,N,N,d
743211,Barrackpore,West Bengal,N,Y,d
743212,Barasat,West Bengal,Y,Y,d
743215,Darjeeling,West Bengal,N,N,d
743221,Joypul,West Bengal,Y,Y,d
743222,Joypul,West Bengal,Y,Y,d
743223,Habra,West Bengal,Y,Y,d
743227,Swarupnagar,West Bengal,N,N,d
743231,North-24Parganas(Wb),West Bengal,N,N,d
743232,Helencha,West Bengal,Y,Y,d
743233,Habra,West Bengal,Y,Y,d
743234,Joypul,West Bengal,Y,Y,d
743235,Bongaon,West Bengal,Y,Y,d
743236,Bongaon,West Bengal,Y,Y,d
743238,Swarupnagar,West Bengal,N,N,d
743240,Bardhaman,West Bengal,N,N,d
743244,Bongaon,West Bengal,Y,Y,d
743245,Bongaon,West Bengal,Y,Y,d
743246,Bongaon,West Bengal,Y,Y,d
743247,Swarupnagar,West Bengal,Y,Y,d
743248,Barasat,West Bengal,Y,Y,d
743249,Habra,West Bengal,Y,Y,d
743250,Kolkata,West Bengal,Y,Y,d
743251,Helencha,West Bengal,Y,Y,d
743252,Habra,West Bengal,Y,Y,d
743262,Bongaon,West Bengal,Y,Y,d
743263,Habra,West Bengal,Y,Y,d
743266,Habra,West Bengal,N,N,d
743268,Joypul,West Bengal,Y,Y,d
743269,Joypul,West Bengal,Y,Y,d
743270,Helencha,West Bengal,Y,Y,d
743271,Habra,West Bengal,Y,Y,d
743272,Habra,West Bengal,Y,Y,d
743273,Swarupnagar,West Bengal,Y,Y,d
743274,BARASAT,West Bengal,Y,Y,d
743275,Kolkata,West Bengal,Y,Y,d
743276,Kolkata,West Bengal,Y,Y,d
743286,Swarupnagar,West Bengal,Y,Y,d
743287,Habra,West Bengal,Y,Y,d
743288,Joypul,West Bengal,Y,Y,d
743289,Habra,West Bengal,Y,Y,d
743290,Haringhata,West Bengal,Y,Y,d
743291,Basirhat,West Bengal,Y,Y,d
743292,Basirhat,West Bengal,Y,Y,d
743293,Basirhat,West Bengal,Y,Y,d
743294,Joypul,West Bengal,Y,Y,d
743295,Joypul,West Bengal,Y,Y,d
743296,Kolkata,West Bengal,Y,Y,d
743297,Helencha,West Bengal,Y,Y,d
743298,Helencha,West Bengal,Y,Y,d
743299,Swarupnagar,West Bengal,Y,Y,d
743301,Kolkata,West Bengal,Y,Y,d
743302,Baruipur,West Bengal,Y,Y,d
743304,Kolkata,West Bengal,Y,Y,d
743311,Canning Town,West Bengal,N,N,d
743312,Canning,West Bengal,Y,Y,d
743313,Kolkata,West Bengal,Y,Y,d
743316,Diamond Harbour,West Bengal,N,Y,d
743318,Fatepur,West Bengal,Y,Y,d
743319,Kolkata,West Bengal,Y,Y,d
743322,Diamond Harbour,West Bengal,N,Y,d
743329,Canning,West Bengal,Y,Y,d
743330,Baruipur,West Bengal,Y,Y,d
743331,Fatepur,West Bengal,Y,Y,d
743332,Fatepur,West Bengal,Y,Y,d
743336,Dakshin Barasat,West Bengal,Y,Y,d
743337,Dakshin Barasat,West Bengal,Y,Y,d
743338,Raidighi,West Bengal,Y,Y,d
743339,Kakdwip,West Bengal,Y,Y,d
743343,Diamond Harbour,West Bengal,N,N,d
743345,Dakshin Barasat,West Bengal,Y,Y,d
743347,Kakdwip,West Bengal,Y,Y,d
743348,Kakdwip,West Bengal,Y,Y,d
743349,Raidighi,West Bengal,Y,Y,d
743351,Dakshin Barasat,West Bengal,Y,Y,d
743352,Fatepur,West Bengal,Y,Y,d
743353,Baruipur,West Bengal,Y,Y,d
743354,Dakshin Barasat,West Bengal,Y,Y,d
743355,Dakshin Barasat,West Bengal,Y,Y,d
743356,Kakdwip,West Bengal,Y,Y,d
743357,Kakdwip,West Bengal,Y,Y,d
743358,Kolkata,West Bengal,Y,Y,d
743360,Diamond Harbour,West Bengal,N,Y,d
743363,Baruipur,West Bengal,Y,Y,d
743368,Fatepur,West Bengal,Y,Y,d
743369,Diamond Harbour,West Bengal,N,Y,d
743370,GOSABA,West Bengal,N,Y,d
743371,KAKDWIP,West Bengal,N,Y,d
743372,Dakshin Barasat,West Bengal,Y,Y,d
743373,GANGASAGAR,West Bengal,N,Y,d
743374,Kakdwip,West Bengal,Y,Y,d
743375,Fatepur,West Bengal,Y,Y,d
743376,Canning,West Bengal,Y,Y,d
743377,Fatepur,West Bengal,Y,Y,d
743378,Chhota Molla Khali,West Bengal,N,Y,d
743379,Baruipur,West Bengal,N,Y,d
743380,Diamond Harbour,West Bengal,N,Y,d
743381,Diamond Harbour,West Bengal,N,Y,d
743382,Diamond Harbour,West Bengal,N,Y,d
743383,Raidighi,West Bengal,Y,Y,d
743384,Fatepur,West Bengal,Y,Y,d
743385,Dakshin Barasat,West Bengal,Y,Y,d
743387,Baruipur,West Bengal,Y,Y,d
743388,Diamond Harbour,West Bengal,N,Y,d
743389,Dakshin Barasat,West Bengal,Y,Y,d
743390,GANGASAGAR,West Bengal,N,Y,d
743391,Dakshin Barasat,West Bengal,Y,Y,d
743392,GANGASAGAR,West Bengal,N,Y,d
743393,Kakdwip,West Bengal,N,Y,d
743394,Diamond Harbour,West Bengal,N,Y,d
743395,Dakshin Barasat,West Bengal,Y,Y,d
743396,Dakshin Barasat,West Bengal,Y,Y,d
743397,Diamond Harbour,West Bengal,N,Y,d
743398,Fatepur,West Bengal,Y,Y,d
743399,JOYNAGAR,West Bengal,Y,Y,d
743401,Basirhat,West Bengal,Y,Y,d
743402,Swarupnagar,West Bengal,Y,Y,d
743405,Bongaon,West Bengal,Y,Y,d
743411,Basirhat,West Bengal,Y,Y,d
743412,Basirhat,West Bengal,Y,Y,d
743413,HASNABAD,West Bengal,Y,Y,d
743414,HASNABAD,West Bengal,Y,Y,d
743422,Basirhat,West Bengal,Y,Y,d
743423,Barasat,West Bengal,Y,Y,d
743424,Joypul,West Bengal,Y,Y,d
743425,Minakhan,West Bengal,Y,Y,d
743426,Taki,West Bengal,Y,Y,d
743427,Basirhat,West Bengal,Y,Y,d
743428,Basirhat,West Bengal,Y,Y,d
743429,Basirhat,West Bengal,Y,Y,d
743434,North-24Parganas(Wb),West Bengal,N,N,d
743435,Taki,West Bengal,Y,Y,d
743436,Basirhat R S,West Bengal,N,N,d
743437,Basirhat,West Bengal,Y,Y,d
743438,Swarupnagar,West Bengal,Y,Y,d
743439,Hingalganj,West Bengal,Y,Y,d
743440,Habra,West Bengal,N,Y,d
743441,Minakhan,West Bengal,Y,Y,d
743442,Minakhan,West Bengal,Y,Y,d
743443,Joypul,West Bengal,Y,Y,d
743445,Joypul,West Bengal,Y,Y,d
743446,Hingalganj,West Bengal,Y,Y,d
743456,Minakhan,West Bengal,Y,Y,d
743486,Baduria,West Bengal,N,N,d
743492,North-24Parganas(Wb),West Bengal,N,N,d
743500,Bardhaman,West Bengal,N,N,d
743502,Ghatakpukur,West Bengal,Y,Y,d
743503,Fatepur,West Bengal,Y,Y,d
743504,Fatepur,West Bengal,Y,Y,d
743505,Baruipur,West Bengal,Y,Y,d
743506,Kolkata,West Bengal,N,Y,d
743507,Ghatakpukur,West Bengal,Y,Y,d
743508,BARUIPUR,West Bengal,Y,Y,d
743510,Rajarhat,West Bengal,N,Y,d
743511,Kolkata,West Bengal,Y,Y,d
743512,Barrackpore,West Bengal,Y,Y,d
743513,Fatepur,West Bengal,Y,Y,d
743514,Diamond Harbour,West Bengal,N,N,d
743515,Kolkata,West Bengal,Y,Y,d
743516,Kolkata,West Bengal,N,Y,d
743517,Kolkata,West Bengal,Y,Y,d
743601,Dakshin Barasat,West Bengal,Y,Y,d
743602,Kolkata,West Bengal,Y,Y,d
743603,Raidighi,West Bengal,Y,Y,d
743604,Kolkata,West Bengal,Y,Y,d
743605,Kolkata,West Bengal,Y,Y,d
743606,GANGASAGAR,West Bengal,N,Y,d
743607,Kolkata,West Bengal,Y,Y,d
743608,Kolkata,West Bengal,Y,Y,d
743609,Dakshin Barasat,West Bengal,Y,Y,d
743610,Baruipur,West Bengal,Y,Y,d
743611,GOSABA,West Bengal,Y,Y,d
743612,Batanagar,West Bengal,Y,Y,d
743613,Baruipur,West Bengal,Y,Y,d
743700,Kolkata,West Bengal,Y,Y,d
743701,Bongaon,West Bengal,Y,Y,d
743702,Joypul,West Bengal,Y,Y,d
743703,Swarupnagar,West Bengal,Y,Y,d
743704,Habra,West Bengal,Y,Y,d
743705,Bongaon,West Bengal,Y,Y,d
743706,Barasat,West Bengal,Y,Y,d
743707,Bongaon,West Bengal,Y,Y,d
743708,BARASAT,West Bengal,Y,Y,d
743710,Bongaon,West Bengal,Y,Y,d
743711,Haringhata,West Bengal,Y,Y,d
743744,Basirhat,West Bengal,Y,Y,d
744101,PortBlair,Andaman & Nicobar,N,Y,e
744102,PortBlair,Andaman & Nicobar,Y,Y,e
744103,Port Blair,Andaman & Nicobar,Y,Y,e
744104,PORT BLAIR,Andaman & Nicobar,N,Y,e
744105,Port Blair,Andaman & Nicobar,Y,Y,e
744106,Port Blair,Andaman & Nicobar,Y,Y,e
744107,Port Blair,Andaman & Nicobar,Y,Y,e
744112,PortBlair,Andaman & Nicobar,Y,Y,e
744127,Ranaghat,West Bengal,N,N,d
744201,Mayabunder,Andaman & Nicobar,Y,Y,e
744202,Port Blair,Andaman & Nicobar,N,N,e
744204,Mayabunder,Andaman & Nicobar,Y,Y,e
744205,Bakultala,Andaman & Nicobar,Y,Y,e
744206,Port Blair,Andaman & Nicobar,Y,Y,e
744209,Bakultala,Andaman & Nicobar,Y,Y,e
745010,Bhubaneswar,Orissa,N,Y,d
745428,Muzaffarpur,Bihar,N,Y,d
747273,Swarupnagar,West Bengal,Y,Y,d
748706,Ashok Nagar,West Bengal,N,N,d
750000,Bhubaneswar,Odisha,N,Y,d
750014,Khurda,Orissa,N,N,d
750017,North-24Parganas(Wb),West Bengal,N,N,d
750019,Khordha,Orissa,N,N,d
750026,Duburi,Orissa,N,N,d
750122,Bhubaneshwar,Orissa,N,N,d
751000,Bhubaneshwar,Orissa,N,N,d
751001,Bhubaneshwar,Odisha,Y,Y,d
751002,Bhubaneshwar,Odisha,Y,Y,d
751003,Bhubaneshwar,Odisha,Y,Y,d
751004,Bhubaneshwar,Odisha,Y,Y,d
751005,Bhubaneshwar,Odisha,Y,Y,d
751006,Bhubaneshwar,Odisha,Y,Y,d
751007,Bhubaneshwar,Odisha,Y,Y,d
751008,Bhubaneshwar,Odisha,Y,Y,d
751009,Bhubaneshwar,Odisha,Y,Y,d
751010,Bhubaneshwar,Odisha,Y,Y,d
751011,Bhubaneshwar,Odisha,Y,Y,d
751012,Bhubaneshwar,Odisha,Y,Y,d
751013,Bhubaneshwar,Odisha,Y,Y,d
751014,Bhubaneshwar,Odisha,Y,Y,d
751015,Bhubaneshwar,Odisha,Y,Y,d
751016,Bhubaneshwar,Odisha,Y,Y,d
751017,Bhubaneshwar,Odisha,Y,Y,d
751018,Bhubaneshwar,Odisha,Y,Y,d
751019,Bhubaneshwar,Odisha,Y,Y,d
751020,Bhubaneshwar,Odisha,Y,Y,d
751021,Bhubaneshwar,Odisha,Y,Y,d
751022,Bhubaneshwar,Odisha,Y,Y,d
751023,Bhubaneshwar,Odisha,Y,Y,d
751024,Bhubaneshwar,Odisha,Y,Y,d
751025,Bhubaneshwar,Odisha,Y,Y,d
751026,Bhubaneshwar,Odisha,Y,Y,d
751027,Bhubaneshwar,Orissa,Y,Y,d
751028,Bhubaneshwar,Orissa,Y,Y,d
751029,Bhubaneshwar,Odisha,Y,Y,d
751030,Bhubaneshwar,Odisha,Y,Y,d
751031,Bhubaneshwar,Odisha,Y,Y,d
751032,Cuttack,Orissa,N,N,d
751033,Bhubneshwar,Orissa,N,N,d
751034,Bhubneshwar,Orissa,N,N,d
751035,#REF!,#REF!,N,N,d
751054,Bhubaneshwar,Orissa,Y,Y,d
751062,Bhubaneswar,Odisha,Y,Y,d
752000,Bhubaneswar,Orissa,Y,Y,d
752001,Puri,Odisha,Y,Y,d
752002,Puri,Odisha,Y,Y,d
752003,Puri,Odisha,Y,Y,d
752004,#REF!,#REF!,N,N,d
752006,Puri,Orissa,Y,Y,d
752010,Puri,Odisha,N,Y,d
752011,BRAHMAGIRI,Odisha,Y,Y,d
752012,Puri,Odisha,Y,Y,d
752013,Puri,Odisha,Y,Y,d
752014,Puri,Odisha,Y,Y,d
752015,Delang,Odisha,Y,Y,d
752016,Delang,Odisha,Y,Y,d
752017,Nirakarpur,Odisha,Y,Y,d
752018,Nirakarpur,Odisha,Y,Y,d
752019,Nirakarpur,Odisha,Y,Y,d
752020,Nirakarpur,Odisha,Y,Y,d
752021,Nirakarpur,Odisha,Y,Y,d
752022,Tangi,Odisha,Y,Y,d
752023,Tangi,Odisha,Y,Y,d
752024,Tangi,Odisha,Y,Y,d
752025,Tangi,Odisha,Y,Y,d
752026,Gopalapur,Odisha,Y,Y,d
752027,Tangi,Odisha,Y,Y,d
752028,Balugaon,Orissa,Y,Y,d
752029,Balugaon,Orissa,Y,Y,d
752030,Balugaon,Odisha,Y,Y,d
752031,Balugaon,Odisha,Y,Y,d
752032,Maludkhas,Orissa,Y,Y,d
752033,Balugaon,Orissa,N,N,d
752034,Balugaon,Odisha,Y,Y,d
752035,Balugaon,Odisha,Y,Y,d
752036,Abhimanpur,Orissa,N,N,d
752037,Balugaon,Odisha,Y,Y,d
752038,Gopalapur,Odisha,Y,Y,d
752041,Sakhigopal,Orissa,N,N,d
752042,Brahmagiri,Orissa,N,N,d
752043,Puri,Orissa,Y,Y,d
752044,Puri,Orissa,Y,Y,d
752045,Puri,Odisha,Y,Y,d
752046,Delang,Odisha,Y,Y,d
752050,Khurdha,Odisha,Y,Y,d
752054,Khurdha,Odisha,Y,Y,d
752055,Khurdha,Odisha,Y,Y,d
752056,Khurdha,Odisha,Y,Y,d
752057,Khurdha,Odisha,Y,Y,d
752058,Khordha,Orissa,N,Y,d
752059,Bhubaneshwar,Orissa,Y,Y,d
752060,Khurdha,Odisha,Y,Y,d
752061,Khurdha,Odisha,Y,Y,d
752062,Khurdha,Odisha,Y,Y,d
752063,Kalapathar,Odisha,Y,Y,d
752064,Kalapathar,Odisha,Y,Y,d
752065,Kalapathar,Odisha,Y,Y,d
752066,Nayagarh,Odisha,Y,Y,d
752067,Puri,Orissa,Y,Y,d
752068,Nayagarh,Odisha,Y,Y,d
752069,Nayagarh,Odisha,Y,Y,d
752070,Nayagarh,Odisha,Y,Y,d
752077,Kalapathar,Odisha,Y,Y,d
752078,Kalapathar,Odisha,Y,Y,d
752079,Nayagarh,Odisha,Y,Y,d
752080,Nayagarh,Odisha,Y,Y,d
752081,Nayagarh,Odisha,Y,Y,d
752082,Nayagarh,Odisha,Y,Y,d
752083,Daspalla,Odisha,Y,Y,d
752084,Daspalla,Odisha,Y,Y,d
752085,Daspalla,Odisha,Y,Y,d
752086,Baghamari,Orissa,N,N,d
752087,Nayagarh,Odisha,Y,Y,d
752088,Bhapur,Orissa,N,N,d
752089,Daspalla,Orissa,Y,Y,d
752090,Nayagarh,Odisha,Y,Y,d
752091,Daspalla,Odisha,Y,Y,d
752092,RANPUR,Odisha,Y,Y,d
752093,Daspalla,Odisha,Y,Y,d
752094,Nayagarh,Odisha,Y,Y,d
752095,Nayagarh,Orissa,N,N,d
752096,Khandapadagarh,Orissa,N,N,d
752100,Pipili,Odisha,Y,Y,d
752101,Bhubaneshwar,Odisha,Y,Y,d
752102,Nimapara,Odisha,Y,Y,d
752103,Nimapara,Odisha,Y,Y,d
752104,Pipili,Odisha,Y,Y,d
752105,Nimapara,Odisha,Y,Y,d
752106,Nimapara,Odisha,Y,Y,d
752107,Konark,Odisha,Y,Y,d
752108,Konark,Odisha,Y,Y,d
752109,Konark,Odisha,Y,Y,d
752110,Konark,Odisha,Y,Y,d
752111,Konark,Odisha,Y,Y,d
752112,Pipili,Orissa,Y,Y,d
752113,Nimapara,Odisha,Y,Y,d
752114,Nimapara,Odisha,Y,Y,d
752115,Bhubaneshwar,Odisha,Y,Y,d
752116,Konark,Odisha,Y,Y,d
752117,Bhubanipur,Orissa,N,N,d
752118,Konark,Odisha,Y,Y,d
752119,Astaranga,Odisha,Y,Y,d
752120,Nimapara,Odisha,Y,Y,d
752121,Nimapara,Odisha,Y,Y,d
752201,Bhubaneswar,Orissa,N,Y,d
753000,Cuttack,Orissa,Y,Y,d
753001,Cuttack,Odisha,Y,Y,d
753002,Cuttack,Odisha,Y,Y,d
753003,Cuttack,Odisha,Y,Y,d
753004,Cuttack,Odisha,Y,Y,d
753005,Cuttack,Odisha,Y,Y,d
753006,Cuttack,Odisha,Y,Y,d
753007,Cuttack,Odisha,Y,Y,d
753008,Cuttack,Odisha,Y,Y,d
753009,Cuttack,Odisha,Y,Y,d
753010,Cuttack,Odisha,Y,Y,d
753011,Cuttack,Odisha,Y,Y,d
753012,Cuttack,Odisha,Y,Y,d
753013,Cuttack,Odisha,Y,Y,d
753014,Cuttack,Odisha,Y,Y,d
753015,Cuttack,Odisha,Y,Y,d
753016,Cuttack,Orissa,N,N,d
753021,Cuttack,Odisha,Y,Y,d
753023,Cuttack,Orissa,N,N,d
753025,Cuttack,Orissa,Y,Y,d
753027,Cuttack,Orissa,Y,Y,d
753051,Cuttack,Odisha,Y,Y,d
753052,Cuttack,Orissa,Y,Y,d
753059,Bhubaneswar,Odisha,N,N,d
753071,Cuttack,Orissa,Y,Y,d
753121,Jalpaiguri,West Bengal,Y,Y,d
753127,Jalpaiguri,West Bengal,N,Y,d
753132,Jalpaiguri,West Bengal,N,Y,d
753141,Cuttack,Orissa,Y,Y,d
753295,Cuttack,Orissa,Y,Y,d
754001,Bhubaneshwar,Odisha,Y,Y,d
754002,Adaspur,Odisha,Y,Y,d
754003,Cuttack,Odisha,Y,Y,d
754004,Nimapara,Odisha,Y,Y,d
754005,Cuttack,Odisha,Y,Y,d
754006,Cuttack,Odisha,Y,Y,d
754007,Kalapathar,Odisha,Y,Y,d
754008,Kalapathar,Odisha,Y,Y,d
754009,Kalapathar,Odisha,Y,Y,d
754010,Adaspur,Odisha,Y,Y,d
754011,Adaspur,Odisha,Y,Y,d
754012,Bhubaneshwar,Odisha,Y,Y,d
754013,Cuttack,Odisha,Y,Y,d
754014,Bhubaneshwar,Orissa,Y,Y,d
754015,Bhubaneswar,Orissa,N,Y,d
754016,Jagatsinghpur,Orissa,Y,Y,d
754017,Jagatsinghpur,Orissa,N,Y,d
754018,Adaspur,Orissa,Y,Y,d
754020,Cuttack,Orissa,Y,Y,d
754021,Jagatpur,Odisha,Y,Y,d
754022,Salipur,Odisha,Y,Y,d
754023,Chandikhol,Odisha,Y,Y,d
754024,Chandikhol,Odisha,Y,Y,d
754025,Jagatpur,Odisha,Y,Y,d
754026,Cuttack,Orissa,Y,Y,d
754027,Cuttack,Odisha,Y,Y,d
754028,Jagatpur,Odisha,Y,Y,d
754029,Athagarh,Odisha,Y,Y,d
754030,Badamba,Odisha,Y,Y,d
754031,Badamba,Odisha,Y,Y,d
754032,Narasinghpur,Odisha,Y,Y,d
754033,Athgarh,Orissa,N,N,d
754034,Badamba,Orissa,Y,Y,d
754035,Badamba,Odisha,Y,Y,d
754036,Athgarh,Orissa,N,N,d
754037,Badamba,Odisha,Y,Y,d
754070,Talcher,Orissa,Y,Y,d
754071,Jagatpur,Odisha,Y,Y,d
754080,Cuttack,Orissa,N,N,d
754081,Chandikhol,Orissa,Y,Y,d
754082,Chandikhol,Odisha,Y,Y,d
754100,Cuttack,Odisha,Y,Y,d
754101,Cuttack,Orissa,Y,Y,d
754102,Jagatsinghpur,Odisha,Y,Y,d
754103,Jagatsinghpur,Odisha,Y,Y,d
754104,Jagatsinghpur,Odisha,Y,Y,d
754105,ADASPUR,Odisha,Y,Y,d
754106,Jagatsinghpur,Odisha,Y,Y,d
754107,Balikuda,Odisha,Y,Y,d
754108,Balikuda,Odisha,Y,Y,d
754109,Jagatsinghpur,Odisha,Y,Y,d
754110,Balikuda,Odisha,Y,Y,d
754111,Paikana,Odisha,Y,Y,d
754112,Cuttack,Odisha,Y,Y,d
754113,Balikuda,Odisha,Y,Y,d
754114,Jagatsinghpur,Odisha,Y,Y,d
754115,Jagatsinghpur,Orissa,N,Y,d
754116,Jagatsinghpur,Orissa,N,Y,d
754117,Jagatsinghpur,Orissa,N,Y,d
754118,Balikuda,Orissa,Y,Y,d
754119,Balikuda,Odisha,Y,Y,d
754120,Paradip,Odisha,Y,Y,d
754130,Paikana,Odisha,Y,Y,d
754131,Salipur,Odisha,Y,Y,d
754132,Jagatsinghpur,Odisha,Y,Y,d
754133,Jagatsinghpur,Odisha,Y,Y,d
754134,Babujang,Odisha,Y,Y,d
754135,Babujang,Odisha,Y,Y,d
754136,Tirtol,Odisha,Y,Y,d
754137,Tirtol,Odisha,Y,Y,d
754138,Tirtol,Odisha,Y,Y,d
754139,TIRTOL,Odisha,N,Y,d
754140,Tirtol,Odisha,Y,Y,d
754141,Paradip,Odisha,Y,Y,d
754142,Paradip,Odisha,Y,Y,d
754143,Paradip,Odisha,Y,Y,d
754144,Paradip,Orissa,Y,Y,d
754145,Paradip,Odisha,Y,Y,d
754153,Babujang,Odisha,Y,Y,d
754154,Amberi,Orissa,N,Y,d
754155,Kendrapara,Orissa,Y,Y,d
754156,Kendrapara,Orissa,Y,Y,d
754157,Kendrapara,Orissa,Y,Y,d
754158,Jagatsinghpur,Orissa,N,Y,d
754159,Jagatsinghpur,Orissa,Y,Y,d
754160,Tirtol,Odisha,Y,Y,d
754161,Kendrapara,Orissa,Y,Y,d
754162,Patkura,Odisha,Y,Y,d
754163,Amberi,Orissa,N,Y,d
754200,Salipur,Odisha,Y,Y,d
754201,Salipur,Odisha,Y,Y,d
754202,Salipur,Odisha,Y,Y,d
754203,Salipur,Odisha,Y,Y,d
754204,Chandikhol,Odisha,Y,Y,d
754205,Chandikhol,Odisha,Y,Y,d
754206,Salipur,Odisha,Y,Y,d
754207,Salipur,Odisha,Y,Y,d
754208,Salipur,Odisha,Y,Y,d
754209,Salipur,Odisha,Y,Y,d
754210,Kendrapara,Odisha,Y,Y,d
754211,Kendrapara,Odisha,Y,Y,d
754212,MAHAKALAPARA,Odisha,N,Y,d
754213,Kendrapara,Odisha,Y,Y,d
754214,Kendrapara,Odisha,Y,Y,d
754215,Kendrapara,Odisha,Y,Y,d
754216,Rajnagar Or,Orissa,Y,Y,d
754217,Garjanpur,Odisha,Y,Y,d
754218,Dandisahi,Odisha,Y,Y,d
754219,Aul,Odisha,Y,Y,d
754220,Chandbali,Odisha,Y,Y,d
754221,Salipur,Odisha,Y,Y,d
754222,Dandisahi,Odisha,Y,Y,d
754223,Patkura,Odisha,Y,Y,d
754224,MAHAKALAPARA,Odisha,N,Y,d
754225,Garjanpur,Odisha,Y,Y,d
754226,Garjanpur,Orissa,Y,Y,d
754227,Aul,Odisha,Y,Y,d
754228,Patkura,Odisha,Y,Y,d
754229,Kendrapara,Orissa,Y,Y,d
754230,Aul,Orissa,Y,Y,d
754231,Aul,Odisha,Y,Y,d
754232,Sribaldevjew,Orissa,N,N,d
754233,Garjanpur,Orissa,Y,Y,d
754234,Chandaroad,Orissa,N,N,d
754235,Pattamundai,Orissa,N,Y,d
754237,Aul,Orissa,Y,Y,d
754238,Dandisahi,Odisha,Y,Y,d
754239,Aul,Odisha,Y,Y,d
754240,Dandisahi,Odisha,Y,Y,d
754241,Garjanpur,Orissa,Y,Y,d
754243,Chandbali,Orissa,Y,Y,d
754244,Patkura,Odisha,Y,Y,d
754245,RAJNAGAR OR,Orissa,Y,Y,d
754246,Garjanpur,Odisha,Y,Y,d
754247,Cuttack,Orissa,Y,Y,d
754248,Rajnagar Or,Orissa,Y,Y,d
754250,Kendrapara,Odisha,Y,Y,d
754251,Kendrapara,Orissa,Y,Y,d
754252,Marshaghai,Orissa,N,Y,d
754253,Patkura,Odisha,Y,Y,d
754260,Amberi,Orissa,N,Y,d
754261,Kendrapara,Orissa,Y,Y,d
754280,Cuttack,Orissa,Y,Y,d
754281,Cuttack,Orissa,Y,Y,d
754282,Kendrapara,Orissa,Y,Y,d
754283,Cuttack,Orissa,Y,Y,d
754284,Salipur,Orissa,Y,Y,d
754285,Chandikhol,Orissa,Y,Y,d
754286,Salipur,Orissa,Y,Y,d
754287,Salipur,Orissa,Y,Y,d
754288,Chandikhol,Orissa,Y,Y,d
754289,Salipur,Odisha,Y,Y,d
754290,Salipur,Odisha,Y,Y,d
754291,Cuttack,Orissa,Y,Y,d
754292,Chandipur,Odisha,Y,Y,d
754293,Salipur,Odisha,Y,Y,d
754294,Jagatsinghpur,Odisha,Y,Y,d
754295,ATHAGARH,Odisha,Y,Y,d
754296,Chandikhol,Odisha,Y,Y,d
754297,Athagarh,Orissa,Y,Y,d
754298,#REF!,#REF!,N,N,d
754299,#REF!,#REF!,N,N,d
755001,Jajpur,Odisha,Y,Y,d
755003,Chandipur,Odisha,Y,Y,d
755004,Binjharpur,Odisha,Y,Y,d
755005,Chandipur,Odisha,Y,Y,d
755006,Mangalpur,Odisha,Y,Y,d
755007,Jajpur,Odisha,Y,Y,d
755008,Chandipur,Odisha,Y,Y,d
755009,Chandipur,Odisha,Y,Y,d
755010,Dandisahi,Orissa,Y,Y,d
755011,Mangalpur,Odisha,Y,Y,d
755012,Binjharpur,Odisha,Y,Y,d
755013,Mangalpur,Odisha,Y,Y,d
755014,Mangalpur,Odisha,Y,Y,d
755015,Jajpur,Odisha,Y,Y,d
755016,Binjharpur,Odisha,Y,Y,d
755017,Chandipur,Odisha,Y,Y,d
755018,SUKINDA,Odisha,Y,Y,d
755019,Jajpur,Odisha,Y,Y,d
755020,Jajpur,Odisha,Y,Y,d
755021,Chandipur,Orissa,Y,Y,d
755022,Jajpur,Odisha,Y,Y,d
755023,Chandikhol,Odisha,Y,Y,d
755024,Jaraka,Odisha,Y,Y,d
755025,Jajpur,Odisha,Y,Y,d
755026,Jajpur,Odisha,Y,Y,d
755027,Binjharpur,Odisha,Y,Y,d
755028,SUKINDA,Odisha,Y,Y,d
755029,Jajpur,Orissa,N,N,d
755030,Jajpur Town,Odisha,Y,Y,d
755031,Chandikhol,Orissa,Y,Y,d
755032,Chandikhol,Orissa,Y,Y,d
755033,Jajpur,Orissa,Y,Y,d
755034,Jajpur,Orissa,N,N,d
755035,Jajpur,Orissa,Y,Y,d
755036,Mangalpur,Odisha,Y,Y,d
755037,Dhamanagar,Orissa,Y,Y,d
755038,Jajpur,Orissa,Y,Y,d
755039,Mangalpur,Orissa,Y,Y,d
755040,Cuttack,Orissa,Y,Y,d
755041,Chandikhol,Orissa,Y,Y,d
755042,Jajpur,Orissa,Y,Y,d
755043,Jajpur,Odisha,Y,Y,d
755044,Jaraka,Odisha,Y,Y,d
755045,Chandipur,Orissa,Y,Y,d
755046,Sukinda,Orissa,Y,Y,d
755047,Sukinda,Orissa,N,N,d
755048,Jajpur,Orissa,N,N,d
755049,Chandikhol,Odisha,Y,Y,d
755050,Jaraka,Odisha,Y,Y,d
755051,Chandipur,Orissa,Y,Y,d
755061,Aul,Odisha,Y,Y,d
755062,Binjharpur,Odisha,Y,Y,d
755063,#REF!,#REF!,N,N,d
755231,Aul,Orissa,N,N,d
756001,Balasore,Odisha,Y,Y,d
756002,Balasore,Odisha,Y,Y,d
756003,Balasore,Odisha,Y,Y,d
756009,Balasore,Orissa,Y,Y,d
756017,Balasore,Orissa,Y,Y,d
756018,Balasore,Odisha,Y,Y,d
756019,Balasore,Odisha,Y,Y,d
756020,Balasore,Odisha,Y,Y,d
756021,Balasore,Odisha,Y,Y,d
756022,Basta,Odisha,Y,Y,d
756023,Baliapal,Odisha,Y,Y,d
756024,Basta,Odisha,Y,Y,d
756025,Balasore,Odisha,Y,Y,d
756026,Baliapal,Odisha,Y,Y,d
756027,Basta,Odisha,N,Y,d
756028,Basta,Odisha,Y,Y,d
756029,Basta,Odisha,Y,Y,d
756030,Basta,Odisha,Y,Y,d
756032,Dantan,West Bengal,Y,Y,d
756033,Jaleswar,Odisha,Y,Y,d
756034,Dantan,West Bengal,Y,Y,d
756035,Baliapal,Odisha,Y,Y,d
756036,Baliapal,Odisha,Y,Y,d
756037,Ramnagarwb,West Bengal,Y,Y,d
756038,Baliapal,Odisha,Y,Y,d
756039,Baliapal,Odisha,Y,Y,d
756040,Raj Berhampur,Odisha,Y,Y,d
756041,Raj Berhampur,Orissa,Y,Y,d
756042,Soro,Odisha,Y,Y,d
756043,Raj Berhampur,Odisha,Y,Y,d
756044,Soro,Odisha,Y,Y,d
756045,Soro,Odisha,Y,Y,d
756046,Soro,Odisha,Y,Y,d
756047,Soro,Odisha,Y,Y,d
756048,Agarpada,Odisha,Y,Y,d
756049,Soro,Odisha,Y,Y,d
756050,Soro,Orissa,Y,Y,d
756051,Soro,Odisha,Y,Y,d
756052,Soro,Orissa,Y,Y,d
756053,Soro,Orissa,Y,Y,d
756054,Soro,Orissa,Y,Y,d
756055,Soro,Orissa,Y,Y,d
756056,Balasore,Odisha,Y,Y,d
756057,Balasore,Orissa,Y,Y,d
756058,Raj Berhampur,Odisha,Y,Y,d
756059,Kupari,Odisha,Y,Y,d
756060,Balasore,Odisha,Y,Y,d
756071,Balasore,Orissa,Y,Y,d
756072,Balasore,Orissa,Y,Y,d
756073,Balasore,Orissa,Y,Y,d
756074,Balasore,Orissa,Y,Y,d
756075,Balasore,Orissa,Y,Y,d
756076,Balasore,Orissa,Y,Y,d
756077,Balasore,Orissa,Y,Y,d
756078,Baliapal,Orissa,N,Y,d
756079,RamnagarWB,West Bengal,Y,Y,d
756080,Basta,Odisha,Y,Y,d
756081,Basta,Odisha,Y,Y,d
756082,Basta,Orissa,Y,Y,d
756083,Baliapal,Odisha,Y,Y,d
756084,Dantan,West Bengal,Y,Y,d
756085,RamnagarWB,West Bengal,Y,Y,d
756086,Dantan,West Bengal,Y,Y,d
756087,Dantan,West Bengal,Y,Y,d
756088,Jaleswar,West Bengal,N,Y,d
756089,Remuna,Orissa,N,N,d
756100,Bhadrak,Odisha,Y,Y,d
756101,Bhadrak,Odisha,Y,Y,d
756110,Bhadrak,Orissa,Y,Y,d
756111,Bhadrak,Odisha,Y,Y,d
756112,Bhadrak,Odisha,Y,Y,d
756113,Bhadrak,Odisha,Y,Y,d
756114,Bhadrak,Odisha,Y,Y,d
756115,Agarpada,Odisha,Y,Y,d
756116,Bhadrak,Odisha,Y,Y,d
756117,Dhamanagar,Odisha,Y,Y,d
756118,Dhamanagar,Odisha,Y,Y,d
756119,Mangalpur,Odisha,Y,Y,d
756120,Dhamanagar,Odisha,Y,Y,d
756121,Balipokhari,Odisha,Y,Y,d
756122,Balipokhari,Odisha,Y,Y,d
756123,Bhadrak,Odisha,Y,Y,d
756124,Bhadrak,Odisha,Y,Y,d
756125,Bhadrak,Odisha,Y,Y,d
756126,Bhadrak,Odisha,Y,Y,d
756127,Bhadrak,Odisha,Y,Y,d
756128,Bhadrak,Odisha,Y,Y,d
756129,Tihidi,Odisha,Y,Y,d
756130,Tihidi,Odisha,Y,Y,d
756131,Tihidi,Odisha,Y,Y,d
756132,Chandbali,Odisha,Y,Y,d
756133,Chandbali,Odisha,Y,Y,d
756134,Bhadrak,Odisha,Y,Y,d
756135,Bhadrak,Odisha,Y,Y,d
756136,Basudevpur,Orissa,Y,Y,d
756137,Bhadrak,Odisha,Y,Y,d
756138,Mangalpur,Orissa,Y,Y,d
756139,Bhadrak,Odisha,Y,Y,d
756140,Bhadrak,Orissa,Y,Y,d
756141,Chandbali,Orissa,Y,Y,d
756142,Bhadrak,Orissa,Y,Y,d
756144,Bonth,Odisha,Y,Y,d
756161,Bhadrak,Orissa,N,N,d
756162,Bhadrak,Odisha,Y,Y,d
756163,Bhadrak,Odisha,Y,Y,d
756164,Bhadrak,Odisha,Y,Y,d
756165,Bhadrak,Odisha,Y,Y,d
756166,Bhadrak,Orissa,Y,Y,d
756167,Bhadrak,Odisha,Y,Y,d
756168,Bhadrak,Odisha,Y,Y,d
756169,Basudebpur,Odisha,N,Y,d
756171,Dhamara,Odisha,Y,Y,d
756181,Bhadrak,Odisha,Y,Y,d
756182,Kupari,Odisha,Y,Y,d
757001,Baripada,Odisha,Y,Y,d
757002,Baripada,Odisha,Y,Y,d
757003,Sankerko,Odisha,Y,Y,d
757012,Baripada,Orissa,Y,Y,d
757013,Baripada,Orissa,N,Y,d
757014,Sankerko,Odisha,Y,Y,d
757015,Baripada,Orissa,Y,Y,d
757016,Morada,Odisha,Y,Y,d
757017,Betnoti,Odisha,Y,Y,d
757018,Morada,Odisha,Y,Y,d
757019,Udala,Odisha,Y,Y,d
757020,Morada,Odisha,Y,Y,d
757021,Sankerko,Odisha,Y,Y,d
757022,Morada,Orissa,Y,Y,d
757023,Sankerko,Odisha,Y,Y,d
757024,Sankerko,Odisha,Y,Y,d
757025,Betnoti,Odisha,Y,Y,d
757026,Betnoti,Odisha,Y,Y,d
757027,Raj Berhampur,Orissa,Y,Y,d
757028,Betnoti,Odisha,Y,Y,d
757029,Betnoti,Orissa,Y,Y,d
757030,Sankerko,Odisha,Y,Y,d
757031,Bangriposi,Odisha,Y,Y,d
757032,Bangriposi,Odisha,Y,Y,d
757033,Rairangpur,Odisha,Y,Y,d
757034,Jashipur,Odisha,Y,Y,d
757035,Raruan,Odisha,Y,Y,d
757036,Raruan,Odisha,Y,Y,d
757037,Karanjia,Odisha,Y,Y,d
757038,Thakurmunda,Odisha,N,Y,d
757039,Raruan,Odisha,Y,Y,d
757040,Udala,Odisha,Y,Y,d
757041,Udala,Odisha,Y,Y,d
757042,Rairangpur,Odisha,Y,Y,d
757043,Rairangpur,Odisha,Y,Y,d
757045,Rairangpur,Orissa,Y,Y,d
757046,Rairangpur,Odisha,Y,Y,d
757047,Jashipur,Odisha,Y,Y,d
757048,Rairangpur,Odisha,Y,Y,d
757049,Baripada,Odisha,Y,Y,d
757050,Rairangpur,Odisha,Y,Y,d
757051,Bangriposi,Odisha,Y,Y,d
757052,Baisinga,Odisha,Y,Y,d
757053,BAHALDA,Odisha,Y,Y,d
757054,Rairangpur,Odisha,Y,Y,d
757055,Morada,Odisha,Y,Y,d
757056,Rairangpur,Orissa,Y,Y,d
757072,Rasagovindpur,Orissa,N,N,d
757073,Morada,Odisha,Y,Y,d
757074,Udala,Orissa,Y,Y,d
757075,Dukura,Odisha,Y,Y,d
757076,Soro,Odisha,Y,Y,d
757077,Udala,Odisha,Y,Y,d
757079,Raj Berhampur,Orissa,Y,Y,d
757081,Bangriposi,Odisha,Y,Y,d
757082,Baisinga,Odisha,Y,Y,d
757083,Betnoti,Orissa,Y,Y,d
757084,Sankerko,Odisha,Y,Y,d
757085,Udala,Odisha,Y,Y,d
757086,Bangriposi,Odisha,Y,Y,d
757087,Udala,Odisha,Y,Y,d
757091,Jashipur,Odisha,Y,Y,d
757092,Bangriposi,Orissa,Y,Y,d
757093,Bangriposi,Orissa,Y,Y,d
757100,Betnoti,Orissa,Y,Y,d
757101,Udala,Odisha,Y,Y,d
757102,Udala,Odisha,Y,Y,d
757103,Baripada,Orissa,Y,Y,d
757104,Udala,Orissa,Y,Y,d
757105,Baripada,Odisha,Y,Y,d
757106,Raj Berhampur,Orissa,Y,Y,d
757107,Baripada,Odisha,Y,Y,d
758001,Kendujhar,Odisha,Y,Y,d
758002,Kendujhar,Odisha,Y,Y,d
758013,Kendujhar,Odisha,Y,Y,d
758014,Kendujhar,Odisha,Y,Y,d
758015,Anandapur,Odisha,Y,Y,d
758016,Karanjia,Odisha,Y,Y,d
758017,GHATAGAON,Odisha,Y,Y,d
758018,Kendujhar,Orissa,N,Y,d
758019,Telkoi,Odisha,Y,Y,d
758020,Anandapur,Odisha,Y,Y,d
758021,Anandapur,Odisha,Y,Y,d
758022,Anandapur,Odisha,Y,Y,d
758023,Agarpada,Odisha,Y,Y,d
758025,Anandapur,Odisha,Y,Y,d
758026,Anandapur,Orissa,Y,Y,d
758027,Ghatgaon,Odisha,Y,Y,d
758028,Ghatgaon,Odisha,Y,Y,d
758029,Ghatgaon,Odisha,Y,Y,d
758030,Ghatgaon,Odisha,Y,Y,d
758031,KEONJHAR,Odisha,Y,Y,d
758032,CHAMPUA,Odisha,Y,Y,d
758033,Keonjhar,Orissa,N,N,d
758034,Barbil,Orissa,Y,Y,d
758035,Barbil,Odisha,Y,Y,d
758036,Barbil,Orissa,Y,Y,d
758037,Barbil,Odisha,Y,Y,d
758038,Joda,Odisha,Y,Y,d
758040,Barbil,Orissa,Y,Y,d
758041,Champua,Odisha,N,Y,d
758042,Barbil,Orissa,N,N,d
758043,Anandapur,Odisha,Y,Y,d
758044,CHAMPUA,Odisha,Y,Y,d
758045,Karanjia,Odisha,Y,Y,d
758046,Karanjia,Odisha,Y,Y,d
758047,Champua,Odisha,N,Y,d
758051,Barbil,Orissa,N,N,d
758052,Barbil,Orissa,Y,Y,d
758054,Keonjhar,Orissa,N,N,d
758061,Keonjhar,Orissa,N,N,d
758072,Keonjhar,Keonjhar,N,Y,d
758073,Champua,Odisha,N,N,d
758074,Kendujhar,Orissa,Y,Y,d
758075,Telkoi,Orissa,Y,Y,d
758076,Telkoi,Orissa,Y,Y,d
758078,Agarpada,Odisha,Y,Y,d
758079,Ghatgaon,Orissa,Y,Y,d
758080,Ghatgaon,Orissa,Y,Y,d
758081,Thakurmunda,Orissa,N,Y,d
758082,Anandapur,Odisha,Y,Y,d
758083,Bonth,Odisha,Y,Y,d
758084,Pallahara,Odisha,Y,Y,d
758085,Kendujhar,Orissa,Y,Y,d
758086,Kendujhar,Orissa,Y,Y,d
758087,Kendujhar,Orissa,Y,Y,d
758128,Hindol,Orissa,N,Y,d
759001,Dhenkanal,Odisha,Y,Y,d
759003,Dhenkanal,Orissa,N,N,d
759013,Dhenkanal,Odisha,Y,Y,d
759014,Bhuban,Odisha,Y,Y,d
759015,Dhenkanal,Odisha,Y,Y,d
759016,Bhuban,Odisha,Y,Y,d
759017,Bhuban,Odisha,Y,Y,d
759018,Kamakhyanagar,Odisha,Y,Y,d
759019,Dhenkanal,Odisha,Y,Y,d
759020,Dhenkanal,Odisha,Y,Y,d
759021,Dhenkanal,Odisha,Y,Y,d
759022,Dhenkanal,Odisha,Y,Y,d
759023,Kamakhyanagar,Odisha,Y,Y,d
759024,Kamakhyanagar,Odisha,Y,Y,d
759025,Dhenkanal,Odisha,Y,Y,d
759026,Kamakhyanagar,Odisha,Y,Y,d
759027,Dhenkanal,Odisha,Y,Y,d
759028,Kamakhyanagar,Orissa,Y,Y,d
759029,Angul,Orissa,N,Y,d
759030,Kamakhyanagar Orrissa,Orissa,N,Y,d
759031,Kamakhyanagar Orrissa,Orissa,N,Y,d
759032,Dhenkanal,Orissa,Y,Y,d
759033,Kamakhyanagar Orrissa,Orissa,N,Y,d
759034,Kamakhyanagar Orrissa,Orissa,N,Y,d
759035,Kamakhyanagar Orrissa,Orissa,N,Y,d
759036,Ambapalas,Orissa,N,N,d
759037,Talcher,Odisha,Y,Y,d
759039,Kamakhyanagar,Odisha,Y,Y,d
759040,Dhenkanal,Odisha,Y,Y,d
759100,Talcher,Odisha,Y,Y,d
759101,Talcher,Odisha,Y,Y,d
759102,TALCHER,Odisha,Y,Y,d
759103,Talcher,Odisha,Y,Y,d
759104,Talcher,Odisha,Y,Y,d
759105,KANIHA,Odisha,N,Y,d
759106,Talcher,Odisha,Y,Y,d
759107,Talcher,Odisha,Y,Y,d
759111,Angul,Odisha,Y,Y,d
759114,Angul,Orissa,N,Y,d
759116,Talcher,Odisha,Y,Y,d
759117,KANIHA,Odisha,Y,Y,d
759118,Pallahara,Odisha,N,Y,d
759119,Pallahara,Odisha,Y,Y,d
759120,Kamakhyanagar,Odisha,Y,Y,d
759121,Angul,Odisha,Y,Y,d
759122,Angul,Odisha,Y,Y,d
759123,Angul,Odisha,Y,Y,d
759124,Chhendipada,Odisha,Y,Y,d
759125,Kishorenagar,Odisha,Y,Y,d
759126,Kishorenagar,Odisha,N,Y,d
759127,Kishorenagar,Odisha,N,Y,d
759128,Angul,Odisha,Y,Y,d
759129,Angul,Odisha,Y,Y,d
759130,Chhendipada,Odisha,Y,Y,d
759131,Angul,Orissa,Y,Y,d
759132,Angul,Odisha,Y,Y,d
759133,Angul,Orissa,N,Y,d
759134,Angul,Orissa,N,Y,d
759135,Kamakhyanagar,Orissa,Y,Y,d
759136,Angul,Orissa,N,Y,d
759137,Angul,Orissa,N,Y,d
759138,Angul,Orissa,N,Y,d
759139,Angul,Orissa,N,Y,d
759140,Angul,Orissa,N,N,d
759141,Chhendipada,Odisha,Y,Y,d
759142,Angul,Orissa,N,Y,d
759143,Angul,Odisha,Y,Y,d
759144,Angul,Orissa,Y,Y,d
759145,Angul,Odisha,Y,Y,d
759146,Talcher,Odisha,Y,Y,d
759147,KANIHA,Odisha,Y,Y,d
759148,Talcher,Odisha,Y,Y,d
759149,#REF!,#REF!,N,N,d
759150,#REF!,#REF!,N,N,d
759151,Chhendipada,Orissa,Y,Y,d
760001,Behrampur,Odisha,Y,Y,d
760002,Behrampur,Odisha,Y,Y,d
760003,Behrampur,Odisha,Y,Y,d
760004,Behrampur,Odisha,Y,Y,d
760005,Behrampur,Odisha,Y,Y,d
760006,Behrampur,Odisha,Y,Y,d
760007,Behrampur,Odisha,Y,Y,d
760008,Behrampur,Odisha,Y,Y,d
760009,Behrampur,Odisha,Y,Y,d
760010,Behrampur,Odisha,Y,Y,d
760011,Behrampur,Orissa,Y,Y,d
760020,Kantamal,Orissa,N,Y,d
760031,Berhampur,Orissa,Y,Y,d
760032,Berhampur,Orissa,Y,Y,d
760033,Berhampur,Orissa,Y,Y,d
760034,Behrampur,Orissa,Y,Y,d
760100,Berhampur,Orissa,Y,Y,d
761001,Behrampur,Odisha,Y,Y,d
761002,Behrampur,Odisha,Y,Y,d
761003,Behrampur,Odisha,Y,Y,d
761004,Chikiti,Odisha,Y,Y,d
761005,Chikiti,Odisha,Y,Y,d
761006,Chikiti,Odisha,Y,Y,d
761007,Digapahandi,Odisha,Y,Y,d
761008,Behrampur,Odisha,Y,Y,d
761009,Chikiti,Odisha,Y,Y,d
761010,Chikiti,Odisha,Y,Y,d
761011,Chikiti,Orissa,Y,Y,d
761012,Digapahandi,Odisha,Y,Y,d
761013,Digapahandi,Odisha,Y,Y,d
761014,Digapahandi,Odisha,Y,Y,d
761015,Mohana,Odisha,Y,Y,d
761016,Mohana,Odisha,Y,Y,d
761017,Mohana,Odisha,Y,Y,d
761018,Hinjilicut,Odisha,Y,Y,d
761019,Bhutasarasingi,Odisha,Y,Y,d
761020,Behrampur,Odisha,Y,Y,d
761021,Chhatrapur,Orissa,N,Y,d
761022,Chhatrapur,Orissa,N,Y,d
761025,Behrampur,Orissa,Y,Y,d
761026,Behrampur,Odisha,Y,Y,d
761027,Behrampur,Odisha,Y,Y,d
761028,Behrampur,Odisha,Y,Y,d
761029,Kodala,Odisha,Y,Y,d
761030,Kodala,Odisha,Y,Y,d
761031,Kodala,Odisha,Y,Y,d
761032,Kodala,Odisha,Y,Y,d
761033,Balugaon,Orissa,N,Y,d
761034,Berhampur -Or,Orissa,N,N,d
761035,Kodala,Odisha,Y,Y,d
761036,Digapahandi,Orissa,Y,Y,d
761037,Chikiti,Odisha,Y,Y,d
761038,Digapahandi,Orissa,N,N,d
761039,Khallikote,Orissa,N,N,d
761040,Asika,Orissa,Y,Y,d
761041,Bhutasarasingi,Odisha,Y,Y,d
761042,Digapahandi,Odisha,Y,Y,d
761043,Bhutasarasingi,Odisha,Y,Y,d
761044,Chhatrapur,Orissa,N,Y,d
761045,Behrampur,Odisha,Y,Y,d
761046,Chhatrapur,Orissa,N,Y,d
761051,Chhatrapur,Orissa,N,Y,d
761052,Behrampur,Orissa,Y,Y,d
761053,Berhampur,Orissa,Y,Y,d
761054,Digapahandi,Odisha,Y,Y,d
761055,Digapahandi,Odisha,Y,Y,d
761100,Hinjilicut,Odisha,Y,Y,d
761101,Hinjilicut,Odisha,Y,Y,d
761102,Hinjilicut,Odisha,Y,Y,d
761103,Hinjilicut,Odisha,Y,Y,d
761104,Asika,Odisha,Y,Y,d
761105,Polasara,Odisha,Y,Y,d
761106,Digapahandi,Odisha,Y,Y,d
761107,Badagada,Odisha,Y,Y,d
761108,Badagada,Odisha,Y,Y,d
761109,Badagada,Odisha,Y,Y,d
761110,Asika,Odisha,Y,Y,d
761111,Asika,Odisha,Y,Y,d
761112,Asika,Orissa,Y,Y,d
761113,Sergada,Orissa,N,N,d
761114,Asika,Odisha,Y,Y,d
761115,Asika,Odisha,Y,Y,d
761116,Asika,Odisha,Y,Y,d
761117,Polasara,Odisha,Y,Y,d
761118,Polasara,Odisha,Y,Y,d
761119,Bhanjanagar,Odisha,Y,Y,d
761120,Bhanjanagar,Odisha,Y,Y,d
761121,Jagannathprasad,Odisha,Y,Y,d
761122,Asika,Odisha,Y,Y,d
761123,Jagannathprasad,Odisha,Y,Y,d
761124,Bhanjanagar,Odisha,Y,Y,d
761125,Bhanjanagar,Odisha,Y,Y,d
761126,Bhanjanagar,Odisha,Y,Y,d
761127,Bhanjanagar,Orissa,Y,Y,d
761128,Gangapur,Orissa,N,N,d
761131,Bhanjanagar,Odisha,Y,Y,d
761132,Galleri,Odisha,Y,Y,d
761133,Bhanjanagar,Odisha,Y,Y,d
761134,Burupada,Orissa,N,N,d
761135,Bhanjanagar,Odisha,Y,Y,d
761136,Bhanjanagar,Orissa,N,Y,d
761137,Bhanjanagar,Odisha,N,N,d
761138,Bhanjanagar,Odisha,N,N,d
761140,Bhanjanagar,Odisha,Y,Y,d
761141,Galleri,Orissa,Y,Y,d
761143,Polasara,Odisha,Y,Y,d
761144,Digapahandi,Odisha,Y,Y,d
761145,Aska,Orissa,N,N,d
761146,Hinjilicut,Odisha,Y,Y,d
761151,SURADA,Odisha,Y,Y,d
761200,Paralakhemundi,Odisha,Y,Y,d
761201,Paralakhemundi,Odisha,Y,Y,d
761206,Paralakhemundi,Odisha,Y,Y,d
761207,Paralakhemundi,Orissa,Y,Y,d
761208,Paralakhemundi,Odisha,Y,Y,d
761209,Chikiti,Odisha,Y,Y,d
761210,Paralakhemundi,Odisha,Y,Y,d
761211,Paralakhemundi,Odisha,Y,Y,d
761212,Paralakhemundi,Orissa,Y,Y,d
761213,Rayagada,Orissa,Y,Y,d
761214,Rayagada,Orissa,Y,Y,d
761215,Paralakhemundi,Orissa,Y,Y,d
761216,Gunupur,Orissa,Y,Y,d
761217,Mohana,Orissa,Y,Y,d
762000,Boudh,Odisha,N,N,d
762001,Phulbani,Odisha,Y,Y,d
762002,Phulbani,Odisha,Y,Y,d
762010,Phulbani,Odisha,Y,Y,d
762011,PHULBANI,Odisha,Y,Y,d
762012,Phulbani,Orissa,Y,Y,d
762013,Puranakatak,Odisha,Y,Y,d
762014,Boudh,Odisha,Y,Y,d
762015,Boudh,Odisha,Y,Y,d
762016,Boudh,Odisha,Y,Y,d
762017,Kantamal,Odisha,N,Y,d
762018,Kantamal,Orissa,N,Y,d
762019,Phulbani,Orissa,Y,Y,d
762020,Kishorenagar,Orissa,Y,Y,d
762021,MOHANA,Orissa,N,N,d
762022,G. Udayagiri,Odisha,Y,Y,d
762023,Puranakatak,Odisha,Y,Y,d
762024,Boudh,Orissa,Y,Y,d
762025,Boudh,Orissa,Y,Y,d
762026,Boudh,Odisha,Y,Y,d
762027,PHULBANI,Orissa,N,N,d
762028,Galleri,Orissa,Y,Y,d
762029,Phulbani,Odisha,Y,Y,d
762030,Kantamal,Odisha,N,Y,d
762100,G. Udayagiri,Odisha,Y,Y,d
762101,Raikia,Odisha,Y,Y,d
762102,BALLIGUDA,Odisha,Y,Y,d
762103,Balliguda,Odisha,Y,Y,d
762104,DARINGBADI,Odisha,Y,Y,d
762105,M Rampur,Orissa,Y,Y,d
762106,Phulbani,Orissa,Y,Y,d
762107,M Rampur,Orissa,Y,Y,d
762108,Berhampur -Or,Orissa,N,N,d
762109,Balliguda,Orissa,Y,Y,d
762110,Balliguda,Orissa,Y,Y,d
762111,Berhampur -Or,Orissa,N,N,d
762112,G. Udayagiri,Orissa,Y,Y,d
763001,Semiliguda,Odisha,Y,Y,d
763002,Semiliguda,Odisha,Y,Y,d
763003,Semiliguda,Odisha,Y,Y,d
763004,Semiliguda,Odisha,Y,Y,d
763008,Semiliguda,Odisha,Y,Y,d
763036,Koraput,Orissa,N,N,d
763202,Smk,West Bengal,N,N,d
764001,Jeypore,Odisha,Y,Y,d
764002,Jeypore,Odisha,Y,Y,d
764003,Jeypore,Odisha,Y,Y,d
764004,Jeypore,Odisha,Y,Y,d
764005,Jeypore,Odisha,Y,Y,d
764006,Jeypore,Odisha,Y,Y,d
764008,Koraput,Orissa,N,N,d
764011,JEYPORE,Odisha,N,Y,d
764012,Jeypore,Orissa,Y,Y,d
764014,Koraput,Orissa,N,N,d
764020,Koraput,Odisha,Y,Y,d
764021,Koraput,Odisha,Y,Y,d
764022,Koraput,Orissa,N,N,d
764027,Bandhugaon,Odisha,N,Y,d
764028,Tikiri,Orissa,Y,Y,d
764036,Semiliguda,Odisha,Y,Y,d
764037,Semiliguda,Orissa,Y,Y,d
764038,Koraput,Orissa,Y,Y,d
764039,Semiliguda,Orissa,Y,Y,d
764040,Lamptaput,Orissa,N,Y,d
764041,Koraput,Orissa,Y,Y,d
764042,BALIMELA,Orissa,N,N,d
764043,Boipariguda,Odisha,N,Y,d
764044,Boipariguda,Orissa,Y,Y,d
764045,Malkangiri,Odisha,N,Y,d
764046,Balimela,Orissa,Y,Y,d
764047,Kalimela,Odisha,Y,Y,d
764048,Malkangiri,Orissa,Y,Y,d
764049,Nabarangapur,Odisha,Y,Y,d
764051,Balimela,Orissa,Y,Y,d
764052,Balimela,Orissa,Y,Y,d
764053,Malkangiri,Orissa,N,N,d
764054,Koraput,Orissa,N,N,d
764055,Jeypore,Orissa,Y,Y,d
764056,Borigumma,Odisha,Y,Y,d
764057,Borigumma,Orissa,Y,Y,d
764058,Kotapad,Orissa,Y,Y,d
764059,Nabarangapur,Odisha,Y,Y,d
764061,Kotapad,Odisha,Y,Y,d
764062,GUNUPUR,Odisha,N,Y,d
764063,Nabarangapur,Odisha,Y,Y,d
764069,Nabarangapur,Orissa,Y,Y,d
764070,Nabarangapur,Odisha,Y,Y,d
764071,Pappadahandi,Odisha,N,Y,d
764072,Pappadahandi,Odisha,N,Y,d
764073,Umerkote,Odisha,Y,Y,d
764074,Raighar,Orissa,Y,Y,d
764075,Pappadahandi,Orissa,N,Y,d
764076,Umerkote,Odisha,Y,Y,d
764077,Umerkote,Orissa,Y,Y,d
764078,Nabarangapur,Orissa,Y,Y,d
764081,Lamptaput,Odisha,N,Y,d
764082,Koraput,Orissa,N,N,d
764083,Koraput,Orissa,N,N,d
764084,Kotapad,Orissa,Y,Y,d
764085,Nabarangapur,Orissa,Y,Y,d
764086,Kalimela,Odisha,Y,Y,d
764087,Kalimela,Odisha,Y,Y,d
764088,Raighar,Orissa,Y,Y,d
765001,Raygada,Odisha,Y,Y,d
765002,Raygada,Odisha,Y,Y,d
765010,#REF!,#REF!,N,N,d
765011,#REF!,#REF!,N,N,d
765012,Jaykapur Chandli,Orissa,N,N,d
765013,Tikiri,Orissa,Y,Y,d
765014,TIKIRI,Orissa,N,N,d
765015,Tikiri,Odisha,Y,Y,d
765016,RAYAGADA,Odisha,Y,Y,d
765017,Raygada,Odisha,Y,Y,d
765018,Raygada,Orissa,Y,Y,d
765019,Muniguda,Odisha,Y,Y,d
765020,Muniguda,Odisha,Y,Y,d
765021,BISSAMCUTTACK,Odisha,Y,Y,d
765022,Gunupur,Odisha,Y,Y,d
765023,GUNUPUR,Odisha,Y,Y,d
765024,GUNUPUR,Odisha,Y,Y,d
765025,Gunupur,Odisha,Y,Y,d
765026,Gunupur,Orissa,Y,Y,d
765028,Rayagada,Orissa,N,Y,d
765029,GUNUPUR,Odisha,Y,Y,d
765030,Rayagada,Orissa,N,N,d
765031,Rayagada,Orissa,N,N,d
765032,Rambha,Odisha,N,N,d
765033,Gunupur,Odisha,Y,Y,d
765034,Gunupur,Orissa,Y,Y,d
765056,Borigumma,Orissa,N,Y,d
765062,Gunupur,Orissa,N,N,d
766001,Bhawanipatna,Odisha,Y,Y,d
766002,Bhawanipatna,Odisha,Y,Y,d
766003,#REF!,#REF!,N,N,d
766011,Kesinga,Odisha,Y,Y,d
766012,Kesinga,Odisha,Y,Y,d
766013,Jaipatna,Odisha,Y,Y,d
766014,Junagarh-OR,Odisha,Y,Y,d
766015,Junagarh-OR,Odisha,Y,Y,d
766016,Junagarh-OR,Odisha,Y,Y,d
766017,JUNAGADA,Odisha,Y,Y,d
766018,Jaipatna,Odisha,Y,Y,d
766019,Jaipatna,Odisha,Y,Y,d
766020,Muniguda,Orissa,Y,Y,d
766021,Bhawanipatna,Orissa,Y,Y,d
766023,Junagarh-OR,Odisha,Y,Y,d
766025,Jaipatna,Orissa,Y,Y,d
766026,Jaipatna,Orissa,Y,Y,d
766027,Muniguda,Orissa,Y,Y,d
766028,Junagarh-Or,Orissa,Y,Y,d
766029,Junagarh-OR,Odisha,Y,Y,d
766031,RAMPUR,Odisha,Y,Y,d
766032,KESINGA,Odisha,Y,Y,d
766036,SINDHEKELA,Odisha,Y,Y,d
766037,JAYAPATNA,Orissa,N,N,d
766100,M. Rampur,Odisha,Y,Y,d
766101,Kesinga,Odisha,Y,Y,d
766102,M. Rampur,Odisha,Y,Y,d
766103,Junagarh-Or,Orissa,Y,Y,d
766104,Nuapada,Odisha,Y,Y,d
766105,Nuapada,Odisha,Y,Y,d
766106,Komana,Odisha,Y,Y,d
766107,Khariar,Odisha,Y,Y,d
766108,Sinapali,Odisha,Y,Y,d
766109,Bhawanipatna,Orissa,N,Y,d
766110,M. Rampur,Odisha,Y,Y,d
766111,KHARIAR,Odisha,Y,Y,d
766112,Kesinga,Orissa,N,N,d
766113,Nuapada,Orissa,N,N,d
766116,Bhawanipatna,Orissa,Y,Y,d
766117,Komana,Orissa,Y,Y,d
766118,Sinapali,Odisha,Y,Y,d
766692,Duliajan,Assam,Y,Y,e
767001,Balangir,Odisha,Y,Y,d
767002,Balangir,Odisha,Y,Y,d
767003,Balangir,Orissa,Y,Y,d
767004,Balangir,Orissa,Y,Y,d
767005,Balangir,Orissa,Y,Y,d
767006,Balangir,Orissa,Y,Y,d
767016,Sonepur-OR,Odisha,Y,Y,d
767017,Sonepur-OR,Odisha,Y,Y,d
767018,Birmaharajpur,Odisha,Y,Y,d
767019,Binka,Odisha,Y,Y,d
767020,Loisingha,Odisha,Y,Y,d
767021,Dunguripali,Odisha,Y,Y,d
767022,Melchhamunda,Odisha,Y,Y,d
767023,Dunguripali,Odisha,Y,Y,d
767024,Balangir,Odisha,Y,Y,d
767025,Patnagarh,Odisha,Y,Y,d
767026,Kantabanji,Odisha,Y,Y,d
767027,Patnagarh,Odisha,Y,Y,d
767028,Khaprakhol,Odisha,Y,Y,d
767029,Saintala,Odisha,Y,Y,d
767030,Saintala,Odisha,Y,Y,d
767031,Saintala,Orissa,Y,Y,d
767032,Saintala,Odisha,Y,Y,d
767033,Titilagarh,Odisha,Y,Y,d
767034,Sambalpur,Orissa,Y,Y,d
767035,Muribahal,Odisha,Y,Y,d
767036,Titlagarh,Orissa,Y,Y,d
767037,Muribahal,Odisha,Y,Y,d
767038,Khaprakhol,Odisha,Y,Y,d
767039,Kantabanji,Odisha,Y,Y,d
767040,Muribahal,Odisha,Y,Y,d
767041,Patnagarh,Odisha,Y,Y,d
767042,Titilagarh,Orissa,Y,Y,d
767043,Titlagarh,Orissa,Y,Y,d
767045,Dunguripali,Odisha,Y,Y,d
767046,Saintala,Orissa,Y,Y,d
767047,Saintala,Orissa,Y,Y,d
767048,PATNAGARH,Odisha,Y,Y,d
767049,Khariar,Orissa,N,Y,d
767051,Kantabanji,Orissa,N,Y,d
767060,Kantabanji,Orissa,Y,Y,d
767061,Loisingha,Odisha,Y,Y,d
767062,Birmaharajpur,Odisha,Y,Y,d
767064,Balangir,Orissa,Y,Y,d
767065,Balangir,Odisha,Y,Y,d
767066,Titilagarh,Orissa,Y,Y,d
767067,Saintala,Odisha,Y,Y,d
767068,Loisingha,Orissa,Y,Y,d
767070,Saintala,Odisha,Y,Y,d
767071,Balangir,Orissa,Y,Y,d
767091,Talcher,Orissa,Y,Y,d
767184,Talcher,Orissa,Y,Y,d
768001,Sambalpur,Odisha,Y,Y,d
768002,Sambalpur,Odisha,Y,Y,d
768003,Sambalpur,Odisha,Y,Y,d
768004,Sambalpur,Odisha,Y,Y,d
768005,Sambalpur,Odisha,Y,Y,d
768006,Sambalpur,Odisha,Y,Y,d
768007,Jamankira,Odisha,N,N,d
768011,Sambalpur,Orissa,Y,Y,d
768016,Sambalpur,Odisha,Y,Y,d
768017,Sambalpur,Odisha,Y,Y,d
768018,Sambalpur,Odisha,Y,Y,d
768019,Sambalpur,Odisha,Y,Y,d
768020,Sambalpur,Odisha,Y,Y,d
768024,Burla,Odisha,N,N,d
768025,Kadobahal,Odisha,Y,Y,d
768026,Kadobahal,Odisha,Y,Y,d
768027,Kadobahal,Odisha,Y,Y,d
768028,Bargarh,Odisha,Y,Y,d
768029,Bargarh,Odisha,Y,Y,d
768030,BHATLI,Odisha,Y,Y,d
768031,Bargarh,Orissa,Y,Y,d
768032,Sohela,Odisha,Y,Y,d
768033,Sohela,Odisha,Y,Y,d
768034,Sohela,Odisha,Y,Y,d
768035,Melchhamunda,Odisha,Y,Y,d
768036,Padampur,Odisha,Y,Y,d
768037,Melchhamunda,Odisha,Y,Y,d
768038,Bargarh,Odisha,Y,Y,d
768039,Nuapada,Odisha,Y,Y,d
768040,Bargarh,Odisha,Y,Y,d
768042,Nuapada,Orissa,Y,Y,d
768043,Barpali,Orissa,N,N,d
768045,Bargarh,Orissa,Y,Y,d
768046,Kadobahal,Orissa,Y,Y,d
768047,Bargarh,Orissa,Y,Y,d
768048,Melchhamunda,Odisha,Y,Y,d
768049,Padampur,Orissa,Y,Y,d
768050,Nuapada,Odisha,Y,Y,d
768051,Bargarh,Orissa,N,N,d
768052,BHATLI,Orissa,N,N,d
768053,BHATLI,Orissa,N,N,d
768100,Bhatli,Orissa,N,N,d
768101,Sambalpur,Orissa,Y,Y,d
768102,Kadobahal,Odisha,Y,Y,d
768103,Kadobahal,Odisha,Y,Y,d
768104,Bargarh,Odisha,Y,Y,d
768105,Rairakhol,Odisha,Y,Y,d
768106,Rairakhol,Odisha,Y,Y,d
768107,Kuchinda,Orissa,Y,Y,d
768108,Deogarh,Orissa,Y,Y,d
768109,Riamal,Orissa,Y,Y,d
768110,Pallahara,Odisha,Y,Y,d
768111,Kadobahal,Odisha,Y,Y,d
768112,Parmanpur,Odisha,Y,Y,d
768113,Sambalpur,Orissa,Y,Y,d
768114,Chaudakulata,Orissa,N,N,d
768115,Kadobahal,Orissa,Y,Y,d
768116,Sambalpur,Orissa,Y,Y,d
768117,Sambalpur,Orissa,N,Y,d
768118,Rairakhol,Orissa,Y,Y,d
768119,Deogarh,Orissa,Y,Y,d
768120,Kuchinda,Orissa,Y,Y,d
768121,Riamal,Orissa,N,Y,d
768130,Sambalpur,Orissa,Y,Y,d
768142,Deogarh,Orissa,N,N,d
768150,Sambalpur,Orissa,Y,Y,d
768200,Parmanpur,Odisha,Y,Y,d
768201,Jharsuguda,Odisha,Y,Y,d
768202,Jharsuguda,Odisha,Y,Y,d
768203,Jharsuguda,Odisha,Y,Y,d
768204,Jharsuguda,Odisha,Y,Y,d
768205,Jharsuguda,Orissa,Y,Y,d
768210,Jharsuguda,Odisha,N,Y,d
768211,Brajrajnagar,Odisha,Y,Y,d
768212,Parmanpur,Odisha,Y,Y,d
768213,Kuchinda,Odisha,Y,Y,d
768214,Kuchinda,Odisha,Y,Y,d
768215,Bamra,Orissa,Y,Y,d
768216,Brajrajnagar,Odisha,Y,Y,d
768217,Gumadera,Odisha,Y,Y,d
768218,Gumadera,Odisha,Y,Y,d
768219,Brajrajnagar,Orissa,Y,Y,d
768220,Jharsuguda,Odisha,Y,Y,d
768221,Bamra,Orissa,Y,Y,d
768222,Kuchinda,Odisha,Y,Y,d
768223,Kuchinda,Orissa,Y,Y,d
768224,Bamra,Orissa,Y,Y,d
768225,Brajrajnagar,Odisha,Y,Y,d
768226,BELPAHAR,Odisha,N,Y,d
768227,Kuchinda,Odisha,Y,Y,d
768228,Bamra,Odisha,Y,Y,d
768229,Jharsuguda,Orissa,N,N,d
768230,Jharsuguda,Orissa,N,N,d
768231,Jharsuguda,Orissa,N,N,d
768232,Jharsuguda,Orissa,Y,Y,d
768233,Brajrajnagar,Odisha,Y,Y,d
768234,Brajrajnagar,Odisha,Y,Y,d
769001,Rourkela,Odisha,Y,Y,d
769002,Rourkela,Odisha,Y,Y,d
769003,Rourkela,Odisha,Y,Y,d
769004,Rourkela,Odisha,Y,Y,d
769005,Rourkela,Odisha,Y,Y,d
769006,Rourkela,Odisha,Y,Y,d
769007,Rourkela,Odisha,Y,Y,d
769008,Rourkela,Odisha,Y,Y,d
769009,Rourkela,Odisha,Y,Y,d
769010,Rourkela,Odisha,Y,Y,d
769011,Rourkela,Odisha,Y,Y,d
769012,Rourkela,Odisha,Y,Y,d
769013,Rourkela,Odisha,Y,Y,d
769014,Rourkela,Odisha,Y,Y,d
769015,Rourkela,Odisha,Y,Y,d
769016,Rourkela,Odisha,Y,Y,d
769017,Rourkela,Orissa,Y,Y,d
769018,Rourkela,Orissa,Y,Y,d
769019,Rourkela,Orissa,Y,Y,d
769031,Rourkela,Orissa,N,N,d
769032,Rourkela,Orissa,Y,Y,d
769034,Rourkela,Orissa,N,N,d
769037,Rourkela,Orissa,N,N,d
769041,Rourkela,Orissa,Y,Y,d
769042,Rourkela,Odisha,Y,Y,d
769043,Rourkela,Odisha,Y,Y,d
770001,Sundargarh,Odisha,Y,Y,d
770002,Sundargarh,Odisha,Y,Y,d
770011,Sundargarh,Odisha,Y,Y,d
770012,Ballinga,Odisha,Y,Y,d
770013,Sundargarh,Orissa,Y,Y,d
770014,Subdega,Odisha,Y,Y,d
770015,SUBDEGA,Odisha,Y,Y,d
770016,Sundargarh,Odisha,Y,Y,d
770017,Rajgangpur,Odisha,Y,Y,d
770018,Rajgangpur,Odisha,Y,Y,d
770019,Sundargarh,Orissa,Y,Y,d
770020,Sundargarh,Odisha,Y,Y,d
770021,Sundargarh,Orissa,Y,Y,d
770022,Bamra,Orissa,Y,Y,d
770023,Rajgangpur,Orissa,Y,Y,d
770024,Sundargarh,Orissa,Y,Y,d
770025,Sundargarh,Orissa,Y,Y,d
770027,SUNDERGARH,Odisha,N,N,d
770031,Rourkela,Odisha,Y,Y,d
770032,Rourkela,Odisha,Y,Y,d
770033,Birmitrapur,Odisha,Y,Y,d
770034,Rajgangpur,Odisha,Y,Y,d
770035,Birmitrapur,Odisha,Y,Y,d
770036,Rourkela,Odisha,Y,Y,d
770037,Rourkela,Orissa,Y,Y,d
770038,Lahunipara,Odisha,Y,Y,d
770039,Birmitrapur,Odisha,Y,Y,d
770040,Lahunipara,Odisha,Y,Y,d
770041,Koira,Orissa,Y,Y,d
770042,Koira,Orissa,Y,Y,d
770043,BANEI,Orissa,N,N,d
770044,Lahunipara,Orissa,Y,Y,d
770046,Birmitrapur,Orissa,Y,Y,d
770047,BARBIL,Odisha,N,N,d
770048,Koira,Orissa,Y,Y,d
770049,Rourkela,Orissa,Y,Y,d
770051,Lahunipara,Odisha,Y,Y,d
770052,Koira,Orissa,Y,Y,d
770057,Nowdapara,West Bengal,N,N,d
770070,Rajgangpur,Orissa,Y,Y,d
770072,Sundargarh,Orissa,Y,Y,d
770073,Sundargarh,Odisha,Y,Y,d
770074,Subdega,Orissa,Y,Y,d
770075,Brajrajnagar,Orissa,Y,Y,d
770076,Sundargarh,Orissa,Y,Y,d
770077,Sundergarh,Orissa,N,N,d
773235,Bongaon,West Bengal,N,N,d
777777,SOUTH 24 PARGANAS,KOLKATA HUB ( CCUH ),N,N,d
780015,Silchar,Assam,N,N,d
781000,Guwahati,Assam,Y,Y,d
781001,Guwahati,Assam,Y,Y,e
781002,Guwahati,Assam,Y,Y,e
781003,Guwahati,Assam,Y,Y,e
781004,Guwahati,Assam,Y,Y,e
781005,Guwahati,Assam,Y,Y,e
781006,Guwahati,Assam,Y,Y,e
781007,Guwahati,Assam,Y,Y,e
781008,Guwahati,Assam,Y,Y,e
781009,Guwahati,Assam,Y,Y,e
781010,Guwahati,Assam,Y,Y,e
781011,Guwahati,Assam,Y,Y,e
781012,Guwahati,Assam,Y,Y,e
781013,Guwahati,Assam,Y,Y,e
781014,Guwahati,Assam,Y,Y,e
781015,Guwahati,Assam,Y,Y,e
781016,Guwahati,Assam,Y,Y,e
781017,Guwahati,Assam,Y,Y,e
781018,Guwahati,Assam,Y,Y,e
781019,Guwahati,Assam,Y,Y,e
781020,Guwahati,Assam,Y,Y,e
781021,Guwahati,Assam,Y,Y,e
781022,Guwahati,Assam,Y,Y,e
781023,Jorabat,Assam,Y,Y,e
781024,Guwahati,Assam,Y,Y,e
781025,Guwahati,Assam,Y,Y,e
781026,Guwahati,Assam,Y,Y,e
781027,Guwahati,Assam,Y,Y,e
781028,Guwahati,Assam,Y,Y,e
781029,Guwahati,Assam,Y,Y,e
781030,Guwahati,Assam,Y,Y,e
781031,Guwahati,Assam,Y,Y,e
781032,Guwahati,Assam,Y,Y,e
781033,Guwahati,Assam,Y,Y,e
781034,Guwahati,Assam,Y,Y,e
781035,Guwahati,Assam,Y,Y,e
781036,Guwahati,Assam,Y,Y,e
781037,Guwahati,Assam,Y,Y,e
781038,Guwahati,Assam,Y,Y,e
781039,Guwahati,Assam,Y,Y,e
781040,Guwahati,Assam,Y,Y,e
781068,Guwahati,Assam,Y,Y,e
781071,GUWAHATI,Assam,Y,Y,e
781101,Baihata,Assam,Y,Y,e
781102,Hajo,Assam,Y,Y,e
781103,Hajo,Assam,Y,Y,e
781104,Hajo,Assam,Y,Y,e
781111,Bijaynagar,Assam,Y,Y,e
781112,Chhaygaon,Assam,Y,Y,e
781120,Kawasing F V,Assam,N,Y,e
781121,Baihata,Assam,Y,Y,e
781122,Mirza,Assam,Y,Y,e
781123,Boko,Assam,Y,Y,e
781124,Chhaygaon,Assam,Y,Y,e
781125,Mirza,Assam,Y,Y,e
781126,Hajo,Assam,Y,Y,e
781127,DHUPDHARA,Assam,Y,Y,e
781128,Guwahati,Assam,Y,Y,e
781129,DHUPDHARA,Assam,Y,Y,e
781130,Guwahati,Assam,Y,Y,e
781131,GUWAHATI,Assam,N,Y,e
781132,Mirza,Assam,Y,Y,e
781133,GUWAHATI,Assam,Y,Y,e
781134,Chhaygaon,Assam,Y,Y,e
781135,DHUPDHARA,Assam,Y,Y,e
781136,Chhaygaon,Assam,Y,Y,e
781137,Chhaygaon,Assam,Y,Y,e
781138,Sarthebari,Assam,Y,Y,e
781141,Chhaygaon,Assam,Y,Y,e
781150,Guwahati,Assam,Y,Y,e
781171,Guwahati,Assam,Y,Y,e
781301,Barpeta,Assam,Y,Y,e
781302,Barpeta,Assam,Y,Y,e
781303,Nalbari,Assam,Y,Y,e
781304,Nalbari,Assam,Y,Y,e
781305,Sarthebari,Assam,Y,Y,e
781306,Nalbari,Assam,Y,Y,e
781307,Sarthebari,Assam,Y,Y,e
781308,Barpeta,Assam,Y,Y,e
781309,Sarthebari,Assam,Y,Y,e
781310,Nalbari,Assam,Y,Y,e
781311,Sarthebari,Assam,Y,Y,e
781312,Sarthebari,Assam,Y,Y,e
781313,Barpeta,Assam,Y,Y,e
781314,Barpeta,Assam,Y,Y,e
781315,Barpeta,Assam,Y,Y,e
781316,Barpeta,Assam,Y,Y,e
781317,Barpeta,Assam,Y,Y,e
781318,Barpeta,Assam,Y,Y,e
781319,Kalgachia,Assam,Y,Y,e
781320,Goalpara,Assam,Y,Y,e
781321,Kalgachia,Assam,Y,Y,e
781325,Barpeta,Assam,Y,Y,e
781326,Tihu,Assam,Y,Y,e
781327,JALAHGAON,Assam,Y,Y,e
781328,BARPETA,Assam,Y,Y,e
781329,BARPETA,Assam,Y,Y,e
781330,JALAHGAON,Assam,Y,Y,e
781333,BARAMA,Assam,N,Y,e
781334,Nalbari,Assam,Y,Y,e
781335,Nalbari,Assam,Y,Y,e
781336,Nalbari,Assam,Y,Y,e
781337,Nalbari,Assam,Y,Y,e
781338,Sarthebari,Assam,Y,Y,e
781339,Nalbari,Assam,Y,Y,e
781340,Nalbari,Assam,Y,Y,e
781341,Nalbari,Assam,Y,Y,e
781343,Rangia,Assam,Y,Y,e
781344,Nalbari,Assam,Y,Y,e
781345,Barama,Assam,Y,Y,e
781346,Tihu,Assam,Y,Y,e
781347,Nalbari,Assam,Y,Y,e
781348,Nalbari,Assam,Y,Y,e
781349,Nalbari,Assam,Y,Y,e
781350,NALBARI,Assam,Y,Y,e
781351,Nalbari,Assam,Y,Y,e
781352,Barpeta,Assam,Y,Y,e
781353,Nalbari,Assam,Y,Y,e
781354,Rangia,Assam,Y,Y,e
781355,Tihu,Assam,Y,Y,e
781360,Rangia,Assam,Y,Y,e
781364,TAMULPUR,Assam,Y,Y,e
781365,Rangia,Assam,Y,Y,e
781366,Baihata,Assam,Y,Y,e
781367,Rangia,Assam,Y,Y,e
781368,Rangia,Assam,Y,Y,e
781369,Nalbari,Assam,Y,Y,e
781370,Nalbari,Assam,Y,Y,e
781371,Tihu,Assam,Y,Y,e
781372,Rangia,Assam,Y,Y,e
781373,Rangia,Assam,Y,Y,e
781374,Sarthebari,Assam,Y,Y,e
781375,Nalbari,Assam,Y,Y,e
781376,Rangia,Assam,Y,Y,e
781377,Rangia,Assam,Y,Y,e
781378,Tihu,Assam,Y,Y,e
781380,Rangia,Assam,Y,Y,e
781381,Baihata,Assam,Y,Y,e
781382,Rangia,Assam,Y,Y,e
781385,Rangiya,Assam,N,Y,e
781402,Sonapur,Assam,Y,Y,e
782001,Nagaon,Assam,Y,Y,e
782002,Nagaon,Assam,Y,Y,e
782003,Nagaon,Assam,Y,Y,e
782010,Nagaon,Assam,Y,Y,e
782101,Nagaon,Assam,Y,Y,e
782102,Puranaigudam,Assam,Y,Y,e
782103,Chaparmukh,Assam,Y,Y,e
782104,Morigaon,Assam,Y,Y,e
782105,Morigaon,Assam,Y,Y,e
782106,Morigaon,Assam,Y,Y,e
782107,RAHA,Assam,Y,Y,e
782108,Morigaon,Assam,Y,Y,e
782120,Kaliabor,Assam,Y,Y,e
782121,LAHORIGHAT,Assam,Y,Y,e
782122,Dhing Town,Assam,Y,Y,e
782123,Dhing Town,Assam,Y,Y,e
782124,NAGAON,Assam,N,Y,e
782125,Puranaigudam,Assam,N,Y,e
782126,Dhing Town,Assam,Y,Y,e
782127,LAHORIGHAT,Assam,Y,Y,e
782128,LAHARIGHAT,Assam,N,N,e
782130,LAHARIGHAT,Assam,N,Y,d
782135,Puranaigudam,Assam,Y,Y,e
782136,Kaliabor,Assam,Y,Y,e
782137,Kaliabor,Assam,Y,Y,e
782138,Kaliabor,Assam,Y,Y,e
782139,Kaliabor,Assam,Y,Y,e
782140,Puranaigudam,Assam,Y,Y,e
782141,Puranaigudam,Assam,Y,Y,e
782142,Jamugiri,Assam,Y,Y,e
782143,Kaliabor,Assam,Y,Y,e
782144,Jamugiri,Assam,Y,Y,e
782401,Khetri,Assam,Y,Y,e
782402,Jorabat,Assam,Y,Y,e
782403,Khetri,Assam,Y,Y,e
782410,Morigaon,Assam,Y,Y,e
782411,JAGIROAD,Assam,Y,Y,e
782412,Morigaon,Assam,Y,Y,e
782413,Khetri,Assam,Y,Y,e
782425,Chaparmukh,Assam,Y,Y,e
782426,Kampur Town,Assam,Y,Y,e
782427,Kampur Town,Assam,Y,Y,e
782428,KAMPUR,Assam,Y,Y,e
782429,Hojai,Assam,Y,Y,e
782435,Hojai,Assam,Y,Y,e
782436,Hojai,Assam,N,N,e
782439,Hojai,Assam,Y,Y,e
782440,Hojai,Assam,Y,Y,e
782441,Dokmoka,Assam,Y,Y,e
782442,Lanka,Assam,Y,Y,e
782445,Hojai,Assam,Y,Y,e
782446,Lanka,Assam,Y,Y,e
782447,Lumding,Assam,Y,Y,e
782448,Lanka,Assam,Y,Y,e
782450,HOJAI,Assam,Y,Y,e
782460,Diphu,Assam,Y,Y,e
782461,DIPHU,Assam,Y,Y,e
782462,Diphu,Assam,Y,Y,e
782470,BOKAJAN,Assam,Y,Y,e
782475,Golaghat,Assam,Y,Y,d
782480,Bokajan,Assam,Y,Y,e
782481,Howraghat,Assam,Y,Y,e
782482,Bokolia,Assam,Y,Y,e
782485,Hojai,Assam,Y,Y,e
782486,HOJAI,Assam,Y,Y,e
782490,BOKAJAN,Assam,Y,Y,e
783101,Goalpara,Assam,Y,Y,e
783120,Goalpara,Assam,Y,Y,e
783121,Goalpara,Assam,Y,Y,e
783122,Goalpara,Assam,Y,Y,e
783123,DHUPDHARA,Assam,Y,Y,e
783124,Goalpara,Assam,Y,Y,e
783125,Goalpara,Assam,Y,Y,e
783126,Goalpara,Assam,Y,Y,e
783127,Fekamari,Assam,Y,Y,e
783128,Fekamari,Assam,Y,Y,e
783129,Lakhipur,Assam,Y,Y,e
783130,DHUPDHARA,Assam,Y,Y,e
783131,Fekamari,Assam,Y,Y,e
783132,Lakhipur,Assam,Y,Y,e
783133,KRISHNAI,Assam,N,Y,e
783134,DUDHNOI,Assam,Y,Y,e
783135,Fekamari,Assam,Y,Y,e
783301,Dhubri,Assam,Y,Y,e
783302,Dhubri,Assam,Y,Y,e
783303,Dhubri,Assam,Y,Y,e
783304,Dhubri,Assam,N,N,d
783305,Dhubri,Assam,N,N,d
783306,Dhubri,Assam,N,N,d
783307,Dhubri,Assam,Y,Y,e
783308,Dhubri,Assam,N,N,d
783309,Dhubri,Assam,N,N,d
783310,Dhubri,Assam,Y,Y,e
783311,Dhubri,Assam,N,N,d
783312,Dhubri,Assam,Y,Y,e
783313,Dhubri,Assam,N,N,d
783314,Dhubri,Assam,N,Y,e
783315,Dhubri,Assam,N,Y,e
783316,Dhubri,Assam,N,N,d
783317,Dhubri,Assam,N,N,d
783318,Dhubri,Assam,N,N,d
783319,Dhubri,Assam,N,N,d
783320,Dhubri,Assam,Y,Y,e
783321,Dhubri,Assam,Y,Y,e
783322,Dhubri,Assam,N,N,d
783323,Dhubri,Assam,Y,Y,e
783324,Dhubri,Assam,Y,Y,e
783325,Dhubri,Assam,Y,Y,e
783330,Lakhipur,Assam,N,Y,e
783331,Dhubri,Assam,Y,Y,e
783332,Agomani,Assam,Y,Y,e
783333,Tamarhat,Assam,Y,Y,e
783334,Golakganj,Assam,Y,Y,e
783335,Agomani,Assam,Y,Y,e
783336,Gossaigaon,Assam,Y,Y,e
783337,Balapara,Assam,N,Y,e
783338,Golakganj,Assam,Y,Y,e
783339,Dhubri,Assam,Y,Y,e
783344,Bilashipara,Assam,Y,Y,e
783345,Balapara,Assam,Y,Y,e
783346,KOKRAJHAR,Assam,N,Y,e
783347,Kokrajhar,Assam,N,Y,e
783348,Bilasipara,Assam,Y,Y,e
783349,Bilasipara,Assam,Y,Y,e
783350,GOSSAIGAON,Assam,N,Y,e
783351,Bilasipara,Assam,Y,Y,e
783354,Dotma,Assam,N,Y,e
783360,Gossaigaon,Assam,Y,Y,e
783361,Gossaigaon,Assam,Y,Y,e
783362,Kokrajhar,Assam,N,N,d
783369,Kokrajhar,Assam,Y,Y,e
783370,Kokrajhar,Assam,Y,Y,e
783371,Chapar,Assam,Y,Y,e
783372,Kokrajhar,Assam,Y,Y,e
783373,Kokrajhar,Assam,Y,Y,e
783374,Kokrajhar,Assam,Y,Y,e
783375,BENGTOL,Assam,Y,Y,e
783376,Kokrajhar,Assam,Y,Y,e
783380,Bongaigaon,Assam,Y,Y,e
783381,Bongaigaon,Assam,Y,Y,e
783382,Goalpara,Assam,Y,Y,e
783383,ABHAYAPURI,Assam,Y,Y,e
783384,Bongaigaon,Assam,Y,Y,e
783385,Bongaigaon,Assam,Y,Y,e
783386,ABHAYAPURI,Assam,Y,Y,e
783387,Goalpara,Assam,N,N,d
783388,ABHAYAPURI,Assam,Y,Y,e
783389,Chapar,Assam,Y,Y,e
783390,Bijni,Assam,Y,Y,e
783391,Manikpur,Assam,Y,Y,e
783392,Manikpur,Assam,Y,Y,e
783393,BIJNI,Assam,Y,Y,e
783394,Kokrajhar,Assam,Y,Y,e
784001,Tezpur,Assam,Y,Y,e
784002,Tezpur,Assam,Y,Y,e
784003,Tezpur,Assam,Y,Y,e
784004,Tezpur,Assam,Y,Y,e
784010,Thelamara,Assam,Y,Y,e
784025,Tezpur,Assam,Y,Y,e
784026,Chariduar,Assam,Y,Y,e
784027,Kaliabor,Assam,Y,Y,e
784028,Tezpur,Assam,Y,Y,e
784101,Chariduar,Assam,Y,Y,e
784102,Chariduar,Assam,Y,Y,e
784103,Chariduar,Assam,Y,Y,e
784104,Chariduar,Assam,Y,Y,e
784105,Chariduar,Assam,Y,Y,e
784110,Thelamara,Assam,Y,Y,e
784111,Thelamara,Assam,N,Y,e
784112,Thelamara,Assam,N,Y,e
784113,KHARUPETIA,Assam,N,Y,e
784114,Mazbat,Assam,Y,Y,e
784115,Mangaldoi,Assam,Y,Y,e
784116,Mangaldoi,Assam,Y,Y,e
784117,Thelamara,Assam,Y,Y,e
784118,Thelamara,Assam,Y,Y,e
784119,Dhekiajuli,Assam,N,Y,e
784120,Dhekiajuli,Assam,N,Y,e
784125,Mangaldoi,Assam,Y,Y,e
784144,MONGOLDOI,Assam,Y,Y,e
784145,Mangaldoi,Assam,Y,Y,e
784146,Mangaldoi,Assam,Y,Y,e
784147,MONGOLDOI,Assam,Y,Y,e
784148,Baihata,Assam,Y,Y,e
784149,Thelamara,Assam,Y,Y,e
784150,Tezpur,Assam,Y,Y,e
784151,Sivasagar,Assam,Y,Y,e
784152,Dhekiajuli,Assam,N,Y,e
784153,Tezpur,Assam,Y,Y,e
784154,Tezpur,Assam,Y,Y,e
784160,Itanagar,Arunachal Pradesh,Y,Y,e
784161,Narayanpur,Assam,Y,Y,e
784162,Narayanpur,Assam,Y,Y,e
784163,Itanagar,Arunachal Pradesh,Y,Y,e
784164,Narayanpur,Assam,Y,Y,e
784165,Narayanpur,Assam,Y,Y,e
784166,Behali,Assam,Y,Y,e
784167,BiswanathCH,Assam,Y,Y,e
784168,Gohpur,Assam,Y,Y,e
784169,GOHPUR,Assam,Y,Y,e
784170,Behali,Assam,Y,Y,e
784171,Behali,Assam,Y,Y,e
784172,Gohpur,Assam,Y,Y,e
784173,BISWANATH CHARIALI,Assam,N,Y,e
784174,BiswanathCH,Assam,Y,Y,e
784175,BiswanathCH,Assam,Y,Y,e
784176,BiswanathCH,Assam,Y,Y,e
784177,BiswanathCH,Assam,Y,Y,e
784178,Gohpur,Assam,Y,Y,e
784179,Behali,Assam,Y,Y,e
784180,Kusumtala,Assam,Y,Y,e
784181,JAMUGURI,Assam,Y,Y,e
784182,Kusumtala,Assam,Y,Y,e
784183,JAMUGURI,Assam,Y,Y,e
784184,BiswanathCH,Assam,Y,Y,e
784185,JAMUGURI,Assam,Y,Y,e
784189,Kusumtala,Assam,Y,Y,e
784190,Kalaigaon,Assam,Y,Y,e
784501,Tezpur,Assam,Y,Y,e
784502,Thelamara,Assam,Y,Y,e
784503,BALIPARA,Assam,N,Y,e
784504,Thelamara,Assam,Y,Y,e
784505,Chariduar,Assam,Y,Y,e
784506,Thelamara,Assam,Y,Y,e
784507,Mazbat,Assam,N,Y,e
784508,Rowta,Assam,Y,Y,e
784509,Udalguri,Assam,Y,Y,e
784510,Udalguri,Assam,Y,Y,e
784513,Mazbat,Assam,Y,Y,e
784514,Rowta,Assam,Y,Y,e
784521,Paneri,Assam,Y,Y,e
784522,Bhergaon,Assam,Y,Y,e
784523,Paneri,Assam,Y,Y,e
784524,UDALGURI,Assam,Y,Y,e
784525,Kalaigaon,Assam,Y,Y,e
784526,Bhergaon,Assam,Y,Y,e
784527,Rangia,Assam,Y,Y,e
784528,Bhergaon,Assam,Y,Y,e
784529,Mangaldoi,Assam,Y,Y,e
785001,Jorhat,Assam,Y,Y,e
785002,Jorhat,Assam,Y,Y,e
785003,Jorhat,Assam,Y,Y,e
785004,Jorhat,Assam,Y,Y,e
785005,Jorhat,Assam,Y,Y,e
785006,Jorhat,Assam,Y,Y,e
785007,Jorhat,Assam,Y,Y,e
785008,Jorhat,Assam,Y,Y,e
785009,Titabor,Assam,Y,Y,e
785010,Jorhat,Assam,Y,Y,e
785011,Jorhat,Assam,Y,Y,e
785012,Jorhat,Assam,Y,Y,e
785013,Jorhat,Assam,Y,Y,e
785014,Jorhat,Assam,Y,Y,e
785015,Jorhat,Assam,Y,Y,e
785016,Jorhat,Assam,Y,Y,e
785018,Jorhat,Assam,Y,Y,e
785020,Jorhat,Assam,N,Y,e
785057,Jorhat,Assam,N,Y,e
785100,SONITPUR,GUWAHATI,N,N,d
785101,Jorhat,Assam,Y,Y,e
785102,Majuli,Assam,Y,Y,e
785103,Majuli,Assam,N,Y,e
785104,Majuli,Assam,Y,Y,e
785105,Majuli,Assam,Y,Y,e
785106,Majuli,Assam,Y,Y,e
785107,Teok,Assam,Y,Y,e
785108,JORHAT,Assam,N,Y,e
785109,Bokakhat,Assam,Y,Y,d
785110,Majuli,Assam,Y,Y,e
785111,Jorhat,Assam,Y,Y,e
785112,Teok,Assam,Y,Y,e
785113,Jorhat,Assam,Y,Y,e
785203,Binnaguri,West Bengal,N,N,d
785232,Binnaguri,West Bengal,N,N,d
785601,Sarupathar,Assam,Y,Y,e
785602,Sarupathar,Assam,Y,Y,e
785603,Golaghat,Assam,Y,Y,e
785604,Sarupathar,Assam,Y,Y,d
785609,Bokakhat,Assam,Y,Y,e
785610,Golaghat,Assam,Y,Y,e
785611,Dergaon,Assam,Y,Y,e
785612,Bokakhat,Assam,Y,Y,e
785613,Golaghat,Assam,Y,Y,e
785614,Dergaon,Assam,Y,Y,e
785615,Bokakhat,Assam,Y,Y,e
785616,Jorhat,Assam,Y,Y,e
785617,Jorhat,Assam,Y,Y,e
785618,Dergaon,Assam,Y,Y,e
785619,GOLAGHAT,Assam,Y,Y,e
785620,Jorhat,Assam,Y,Y,e
785621,Golaghat,Assam,Y,Y,e
785622,Golaghat,Assam,Y,Y,e
785623,Golaghat,Assam,Y,Y,e
785624,Golaghat,Assam,N,Y,e
785625,Golaghat,Assam,Y,Y,e
785626,Dergaon,Assam,Y,Y,e
785627,Golaghat,Assam,N,Y,e
785628,Golaghat,Assam,N,Y,e
785629,Mariani,Assam,Y,Y,e
785630,Titabor,Assam,Y,Y,e
785631,Titabor,Assam,Y,Y,e
785632,Titabor,Assam,Y,Y,e
785633,Titabor,Assam,Y,Y,e
785634,Titabor,Assam,Y,Y,e
785635,Titabor,Assam,Y,Y,e
785636,Teok,Assam,Y,Y,e
785637,Teok,Assam,N,Y,e
785638,Teok,Assam,Y,Y,e
785639,Sivsagar,Assam,N,Y,e
785640,Sivasagar,Assam,Y,Y,e
785641,Golaghat,Assam,Y,Y,e
785642,Sivsagar,Assam,N,Y,e
785643,Sivasagar,Assam,Y,Y,e
785644,Sivasagar,Assam,Y,Y,e
785645,Sivsagar,Assam,N,Y,e
785646,Sivsagar,Assam,N,Y,e
785647,Sivsagar,Assam,N,Y,e
785648,Sivasagar,Assam,Y,Y,e
785649,Sivasagar,Assam,Y,Y,e
785650,Sivsagar,Assam,N,Y,e
785651,Sivsagar,Assam,N,Y,e
785652,Sivsagar,Assam,N,Y,e
785653,Sivsagar,Assam,N,Y,e
785654,Sivsagar,Assam,N,Y,e
785655,Sivsagar,Assam,N,Y,e
785656,Sivsagar,Assam,N,Y,e
785657,Sivsagar,Assam,N,Y,e
785658,Sivsagar,Assam,N,Y,e
785659,Sivsagar,Assam,N,Y,e
785660,Sivasagar,Assam,Y,Y,e
785661,Teok,Assam,Y,Y,e
785662,Demow,Assam,N,Y,e
785663,Sivasagar,Assam,Y,Y,e
785664,Sivasagar,Assam,Y,Y,e
785665,Sivasagar,Assam,Y,Y,e
785666,Nazira,Assam,Y,Y,e
785667,Sivasagar,Assam,Y,Y,e
785668,Sivasagar,Assam,Y,Y,e
785669,Moranhat,Assam,Y,Y,e
785670,Moranhat,Assam,Y,Y,e
785671,Demow,Assam,N,Y,e
785672,Sivasagar,Assam,Y,Y,e
785673,Moranhat,Assam,Y,Y,e
785674,Nazira,Assam,Y,Y,e
785675,Moranhat,Assam,Y,Y,e
785676,Moranhat,Assam,Y,Y,e
785677,Moran,Assam,N,Y,e
785678,Nazira,Assam,Y,Y,e
785679,Sivsagar,Assam,N,Y,e
785680,Teok,Assam,Y,Y,e
785681,Teok,Assam,Y,Y,e
785682,Teok,Assam,Y,Y,e
785683,Teok,Assam,Y,Y,e
785684,Nazira,Assam,Y,Y,e
785685,Nazira,Assam,Y,Y,e
785686,Nazira,Assam,Y,Y,e
785687,Nazira,Assam,Y,Y,e
785688,Sonari,Assam,Y,Y,e
785689,Sonari,Assam,Y,Y,e
785690,Sonari,Assam,Y,Y,e
785691,SONARI,Assam,Y,Y,e
785692,SAPEKHATI,Assam,Y,Y,e
785693,SAPEKHATI,Assam,N,Y,e
785694,Sonari,Assam,Y,Y,e
785695,Sonari,Assam,Y,Y,e
785696,Nazira,Assam,Y,Y,e
785697,Sivasagar,Assam,Y,Y,e
785698,Nazira,Assam,Y,Y,e
785699,Bokakhat,Assam,Y,Y,e
785700,Teok,Assam,Y,Y,e
785701,Nazira,Assam,Y,Y,e
785702,Golaghat,Assam,Y,Y,e
785703,Dergaon,Assam,Y,Y,e
785704,Jorhat,Assam,Y,Y,e
785705,Golaghat,Assam,Y,Y,e
786001,Dibrugarh,Assam,Y,Y,e
786002,Dibrugarh,Assam,Y,Y,e
786003,Dibrugarh,Assam,Y,Y,e
786004,Dibrugarh,Assam,Y,Y,e
786005,Dibrugarh,Assam,Y,Y,e
786006,Dibrugarh,Assam,Y,Y,e
786007,Dibrugarh,Assam,Y,Y,e
786008,Dibrugarh,Assam,Y,Y,e
786009,Dibrugarh,Assam,Y,Y,e
786010,Dibrugarh,Assam,Y,Y,e
786011,SONITPUR,GUWAHATI,N,N,d
786012,Dibrugarh,Assam,Y,Y,e
786013,TINSUKIA,GUWAHATI,N,N,d
786014,DIBRUGARH,GUWAHATI,N,N,d
786015,Bongaigaon,Assam,N,N,d
786016,North-Lakhimpur,Assam,N,N,d
786052,Dibrugarh,Assam,Y,Y,e
786053,Dibrugarh,Assam,Y,Y,e
786054,Dibrugarh,Assam,Y,Y,e
786101,Tengakhat,Assam,Y,Y,e
786102,Chabua,Assam,Y,Y,e
786103,Tengakhat,Assam,Y,Y,e
786110,Silapathar,Assam,Y,Y,d
786121,Golaghat,Assam,Y,Y,e
786124,Tinsukia,Assam,Y,Y,e
786125,Tinsukia,Assam,Y,Y,e
786126,Tinsukia,Assam,Y,Y,e
786130,SIBSAGAR,GUWAHATI,N,N,d
786131,Tinsukia,Assam,N,N,d
786132,Dibrugarh,Assam,N,N,d
786133,Tinsukia,Assam,N,N,d
786134,Tinsukia,Assam,N,N,d
786135,TINSUKIA,GUWAHATI,N,N,d
786136,Morigaon,Assam,N,N,d
786137,Tinsukia,Assam,N,N,d
786138,Kamrup,Assam,N,N,d
786139,Sibsagar,Assam,N,N,d
786145,Tinsukia,Assam,Y,Y,e
786146,Tinsukia,Assam,Y,Y,e
786147,Tinsukia,Assam,Y,Y,e
786148,Tinsukia,Assam,Y,Y,e
786150,Doom Dooma,Assam,Y,Y,e
786151,Doom Dooma,Assam,Y,Y,e
786152,Doom Dooma,Assam,Y,Y,e
786153,Doom Dooma,Assam,Y,Y,e
786154,DOOMDOOMA,Assam,Y,Y,e
786155,JaytishNagar,Assam,Y,Y,e
786156,Doom Dooma,Assam,Y,Y,e
786157,JaytishNagar,Assam,Y,Y,e
786158,JaytishNagar,Assam,Y,Y,e
786159,Doom Dooma,Assam,Y,Y,e
786160,Doom Dooma,Assam,Y,Y,e
786170,Tinsukia,Assam,Y,Y,e
786171,Digboi,Assam,Y,Y,e
786172,Margherita,Assam,Y,Y,e
786173,Digboi,Assam,Y,Y,e
786174,Bordumsa,Arunachal Pradesh,Y,Y,e
786179,JAGUN,Assam,Y,Y,e
786180,Digboi,Assam,Y,Y,e
786181,Margherita,Assam,Y,Y,e
786182,Margherita,Assam,Y,Y,e
786183,Chabua,Assam,Y,Y,e
786184,Chabua,Assam,Y,Y,e
786185,Chabua,Assam,Y,Y,e
786186,Digboi,Assam,Y,Y,e
786187,Margherita,Assam,Y,Y,e
786188,Margherita,Assam,Y,Y,e
786189,Chabua,Assam,Y,Y,e
786190,Doom Dooma,Assam,Y,Y,e
786191,Duliajan,Assam,Y,Y,e
786192,Tinsukia,Assam,Y,Y,e
786601,Duliajan,Assam,Y,Y,e
786602,Duliajan,Assam,Y,Y,e
786610,Naharkatia,Assam,Y,Y,e
786611,Naharkatia,Assam,Y,Y,e
786612,Naharkatia,Assam,Y,Y,e
786613,Moranhat,Assam,Y,Y,e
786614,Naharkatia,Assam,Y,Y,e
786615,Naharkatia,Assam,N,Y,e
786616,Namrup,Assam,N,Y,e
786621,Naharkatia,Assam,Y,Y,e
786622,Naharkatia,Assam,Y,Y,e
786623,Naharkatia,Assam,Y,Y,e
786624,Sonari,Assam,Y,Y,d
786629,Namrup,Assam,N,N,d
786630,Namrup,Assam,N,N,d
786631,Namrup,Assam,N,N,d
786678,Namrup,Assam,N,Y,e
786684,Namrup,Assam,N,Y,e
786692,Duliajan,Assam,Y,Y,e
787001,North Lakhimpur,Assam,Y,Y,e
787023,North Lakhimpur,Assam,Y,Y,e
787026,Gogamukh,Assam,Y,Y,e
787027,Gogamukh,Assam,N,N,d
787029,Gogamukh,Assam,Y,Y,e
787031,North Lakhimpur,Assam,Y,Y,e
787032,North Lakhimpur,Assam,Y,Y,e
787033,BANDERDEWA,Assam,Y,Y,e
787034,Gogamukh,Assam,Y,Y,e
787035,Gogamukh,Assam,Y,Y,e
787051,North Lakhimpur,Assam,Y,Y,e
787052,North Lakhimpur,Assam,Y,Y,e
787053,Dhakuakhana,Assam,Y,Y,e
787054,BANDERDEWA,Assam,Y,Y,e
787055,Dhakuakhana,Assam,Y,Y,e
787056,Gogamukh,Assam,Y,Y,e
787057,Dhemaji,Assam,Y,Y,e
787058,Dhemaji,Assam,Y,Y,e
787059,Silapathar,Assam,Y,Y,e
787060,Jonai,Assam,Y,Y,e
787061,JONAI,Assam,Y,Y,e
787110,Silapathar,Assam,Y,Y,e
787160,Dhemaji,Assam,N,N,d
787878,Hyderabad,Telangana,Y,Y,d
788001,Silchar,Assam,Y,Y,e
788002,Silchar,Assam,Y,Y,e
788003,Silchar,Assam,Y,Y,e
788004,Silchar,Assam,Y,Y,e
788005,Silchar,Assam,Y,Y,e
788006,Silchar,Assam,Y,Y,e
788007,Silchar,Assam,Y,Y,e
788008,Silchar,Assam,N,Y,e
788009,Udarbond,Assam,Y,Y,e
788010,Silchar,Assam,Y,Y,e
788011,Silchar,Assam,Y,Y,e
788012,Silchar,Assam,Y,Y,e
788013,Sonabarighat,Assam,Y,Y,e
788014,Silchar,Assam,Y,Y,e
788015,Silchar,Assam,Y,Y,e
788016,Cachar,Assam,N,N,d
788017,Kamrup,Assam,N,N,d
788018,Silcoorie,Assam,Y,Y,d
788019,Silchar,Assam,N,N,d
788025,Balighat,Assam,Y,Y,e
788026,Balighat,Assam,Y,Y,e
788030,Udarbond,Assam,Y,Y,e
788031,Udarbond,Assam,Y,Y,e
788098,Pailapool,Assam,Y,Y,e
788099,Sonabarighat,Assam,Y,Y,e
788101,Pailapool,Assam,Y,Y,e
788102,Pailapool,Assam,Y,Y,e
788103,Pailapool,Assam,Y,Y,e
788104,Pailapool,Assam,Y,Y,e
788106,Pailapool,Assam,Y,Y,e
788107,Pailapool,Assam,Y,Y,e
788108,Udarbond,Assam,Y,Y,e
788109,Udarbond,Assam,Y,Y,e
788110,Balighat,Assam,Y,Y,e
788111,Udarbond,Assam,Y,Y,e
788112,Bhaga,Assam,Y,Y,e
788113,Bhaga,Assam,Y,Y,e
788114,Bhaga,Assam,Y,Y,e
788115,Sonabarighat,Assam,Y,Y,e
788116,Sonabarighat,Assam,Y,Y,e
788117,Silchar,Assam,Y,Y,e
788118,Silchar,Assam,Y,Y,e
788119,Sonabarighat,Assam,Y,Y,e
788120,Bhaga,Assam,Y,Y,e
788121,Sonabarighat,Assam,Y,Y,e
788122,CACHAR,GUWAHATI,N,N,d
788123,Sonabarighat,Assam,Y,Y,e
788124,SILCHAR,GUWAHATI,N,N,d
788125,Lakhipur,Assam,N,Y,e
788126,Pailapool,Assam,Y,Y,e
788127,Balighat,Assam,Y,Y,e
788130,Fulertal,Assam,N,Y,e
788145,Hailakandi,Assam,N,Y,e
788150,Hailakandi,Assam,Y,Y,e
788151,Hailakandi,Assam,Y,Y,e
788152,Hailakandi,Assam,Y,Y,e
788155,Hailakandi,Assam,Y,Y,e
788156,Hailakandi,Assam,Y,Y,e
788160,Lalapur,Assam,Y,Y,e
788161,Lalapur,Assam,Y,Y,e
788162,Lalapur,Assam,Y,Y,e
788163,Lalapur,Assam,Y,Y,e
788164,Lalapur,Assam,Y,Y,e
788165,Lalapur,Assam,Y,Y,e
788166,Ramkrishna Nagar,Assam,Y,Y,e
788167,Hailakandi,Assam,Y,Y,e
788168,Lalapur,Assam,Y,Y,e
788169,Hailakandi,Assam,Y,Y,e
788701,Badarpur,Assam,Y,Y,e
788702,Karimganj,Assam,Y,Y,e
788705,Karimganj,Assam,N,Y,e
788706,Karimganj,Assam,Y,Y,e
788708,Karimganj,Assam,N,Y,e
788709,Karimganj,Assam,Y,Y,e
788710,Karimganj,Assam,Y,Y,e
788711,Karimganj,Assam,Y,Y,e
788712,Karimganj,Assam,Y,Y,e
788713,Karimganj,Assam,Y,Y,e
788716,Karimganj,Assam,N,Y,e
788719,Karimganj,Assam,Y,Y,e
788720,Karimganj,Assam,Y,Y,e
788722,Karimganj,Assam,Y,Y,e
788723,Karimganj,Assam,Y,Y,e
788724,Patharkandi,Assam,Y,Y,e
788725,Patharkandi,Assam,Y,Y,e
788726,Patharkandi,Assam,Y,Y,e
788727,Patharkandi,Assam,Y,Y,e
788728,Patharkandi,Assam,Y,Y,e
788729,Karimganj,Assam,N,Y,e
788731,Hailakandi,Assam,N,Y,e
788733,KARIMGANJ,Assam,Y,Y,e
788734,Ramkrishna Nagar,Assam,Y,Y,e
788735,SHIVBARI,Assam,Y,Y,e
788736,Ramkrishna Nagar,Assam,Y,Y,e
788737,Shivbari,Assam,N,Y,e
788738,Hailakandi,Assam,Y,Y,e
788781,KARIMGANJ,Assam,N,Y,e
788790,Karimganj,Assam,N,Y,e
788801,Badarpur,Assam,N,Y,e
788802,Badarpur,Assam,Y,Y,e
788803,Badarpur,Assam,Y,Y,e
788804,KATIGORAH,Assam,Y,Y,e
788805,Badarpur,Assam,Y,Y,e
788806,Badarpur,Assam,Y,Y,e
788808,Katigorah,Assam,N,Y,e
788812,Katigorah,Assam,N,Y,e
788814,Katigorah,Assam,N,Y,e
788815,Kalain,Assam,Y,Y,e
788816,Kalain,Assam,Y,Y,e
788817,Balighat,Assam,N,Y,e
788818,Haflong,Assam,Y,Y,e
788819,Haflong,Assam,Y,Y,e
788820,Haflong,Assam,N,Y,e
788830,MAIBANG,Assam,Y,Y,e
788831,MAIBANG,Assam,Y,Y,e
788832,Lumding,Assam,Y,Y,e
788834,LUMDING,Assam,Y,Y,e
788931,UMRANGSO,Assam,Y,Y,e
790001,Bomdila,Arunachal Pradesh,Y,Y,e
790002,Kalaktang,Arunachal Pradesh,Y,Y,e
790003,BOMDILA,ARUNACHAL PRADESH,Y,Y,e
790101,Dirang,Arunachal Pradesh,Y,Y,e
790102,Seppa,Arunachal Pradesh,Y,Y,e
790103,Seijosa,Arunachal Pradesh,Y,Y,e
790104,Tawang,Arunachal Pradesh,Y,Y,e
790105,Tawang,Arunachal Pradesh,Y,Y,e
790106,Lumla,Arunachal Pradesh,Y,Y,e
790114,Bhalukpong,Arunachal Pradesh,Y,Y,e
790115,Bomdila,Arunachal Pradesh,N,Y,e
790116,Bomdila,Arunachal Pradesh,Y,Y,e
791001,Aalo,Arunachal Pradesh,Y,Y,e
791002,Yingkiong,Arunachal Pradesh,Y,Y,e
791009,Tezpur,Assam,N,N,d
791101,Basar,Arunachal Pradesh,Y,Y,e
791102,Pasighat,Arunachal Pradesh,Y,Y,e
791103,Boleng,Arunachal Pradesh,Y,Y,e
791104,Pasighat,Arunachal Pradesh,Y,Y,e
791109,Nirjuli,Arunachal Pradesh,Y,Y,e
791110,Naharlagun,Arunachal Pradesh,Y,Y,e
791111,Itanagar,Arunachal Pradesh,Y,Y,e
791112,Nirjuli,Arunachal Pradesh,Y,Y,e
791113,Itanagar,Arunachal Pradesh,Y,Y,e
791114,Sagalee,Arunachal Pradesh,Y,Y,e
791118,Palin,Arunachal Pradesh,Y,Y,e
791119,Yazali,Arunachal Pradesh,Y,Y,e
791120,Ziro,Arunachal Pradesh,Y,Y,e
791121,North Lakhimpur,Assam,Y,Y,e
791122,Daporijo,Arunachal Pradesh,Y,Y,e
791123,Nirjuli,Arunachal Pradesh,Y,Y,e
791125,Likabali,Arunachal Pradesh,Y,Y,e
791304,Shillong,Meghalaya,N,Y,d
792001,Tezu,Arunachal Pradesh,Y,Y,e
792056,Bordumsa,Arunachal Pradesh,Y,Y,e
792102,Chowkham,Arunachal Pradesh,Y,Y,e
792103,Diyun,Arunachal Pradesh,Y,Y,e
792104,Lohit,Arunachal Pradesh,Y,Y,e
792105,Diyun,Arunachal Pradesh,Y,Y,e
792110,Roing,Arunachal Pradesh,Y,Y,e
792111,Chowkham,Arunachal Pradesh,Y,Y,e
792120,Changlang,Arunachal Pradesh,Y,Y,e
792121,Jairampur,Arunachal Pradesh,Y,Y,e
792122,Kharsang,Arunachal Pradesh,Y,Y,e
792123,Jairampur,Arunachal Pradesh,Y,Y,e
792124,Kharsang,Arunachal Pradesh,Y,Y,e
792129,Deomali,Arunachal Pradesh,Y,Y,e
792130,Khonsa,Arunachal Pradesh,Y,Y,e
792131,Longding,Arunachal Pradesh,Y,Y,e
793001,Shillong,Meghalaya,Y,Y,e
793002,Shillong,Meghalaya,Y,Y,e
793003,Shillong,Meghalaya,Y,Y,e
793004,Shillong,Meghalaya,Y,Y,e
793005,Shillong,Meghalaya,Y,Y,e
793006,Shillong,Meghalaya,Y,Y,e
793007,Shillong,Meghalaya,Y,Y,e
793008,Shillong,Meghalaya,Y,Y,e
793009,SHILLONG,Meghalaya,Y,Y,e
793010,Shillong,Meghalaya,Y,Y,e
793011,Shillong,Meghalaya,Y,Y,e
793012,SHILLONG,Meghalaya,Y,Y,e
793013,Shillong,Meghalaya,Y,Y,e
793014,Shillong,Meghalaya,Y,Y,e
793015,SHILLONG,Meghalaya,Y,Y,e
793016,Shillong,Meghalaya,Y,Y,e
793017,Shillong,Meghalaya,Y,Y,e
793018,Shillong,Meghalaya,Y,Y,e
793019,Shillong,Meghalaya,Y,Y,e
793021,SHILLONG,Meghalaya,Y,Y,e
793022,Shillong,Meghalaya,Y,Y,e
793101,Nongpoh,Meghalaya,Y,Y,e
793102,Nongpoh,Meghalaya,Y,Y,e
793103,SHILLONG,Meghalaya,Y,Y,e
793104,Shillong,MEGHALAYA,Y,Y,e
793105,Nongpoh,Meghalaya,Y,Y,e
793106,Ranikor,Meghalaya,Y,Y,e
793107,Cherrapunji,Meghalaya,Y,Y,e
793108,Cherrapunji,Meghalaya,Y,Y,e
793109,JOWAI,MEGHALAYA,Y,Y,e
793110,Pynursla,Meghalaya,Y,Y,e
793111,SHILLONG,Meghalaya,Y,Y,e
793112,Cherrapunji,Meghalaya,Y,Y,e
793113,Marshillong,MEGHALAYA,Y,Y,e
793114,Marshillong,Meghalaya,Y,Y,e
793115,West Khasi,MEGHALAYA,Y,Y,e
793116,Shillong,Meghalaya,Y,Y,e
793119,Nongstoin,Meghalaya,Y,Y,e
793120,Mairang,Meghalaya,Y,Y,e
793121,Shillong,MEGHALAYA,Y,Y,e
793122,Shillong,Meghalaya,Y,Y,e
793126,West Khasi Hills,Meghalaya,Y,Y,e
793150,Jowai,Meghalaya,Y,Y,e
793151,JOWAI,Meghalaya,Y,Y,e
793160,Dkhiah West,Meghalaya,Y,Y,e
793161,Amlari,Meghalaya,N,Y,e
793200,Khliehriat,Meghalaya,Y,Y,e
793210,KHLIEHRIAT,MEGHALAYA,Y,Y,e
794001,Tura,Meghalaya,Y,Y,e
794002,Tura,Meghalaya,Y,Y,e
794003,Tura,Meghalaya,Y,Y,e
794004,Resubelpara,Meghalaya,Y,Y,e
794005,Tura,Meghalaya,Y,Y,e
794101,Tura,Meghalaya,Y,Y,e
794102,Baghmara,MEGHALAYA,Y,Y,e
794103,Dalu,Meghalaya,Y,Y,e
794104,Phulbari,Meghalaya,Y,Y,e
794105,Garobadha,Meghalaya,Y,Y,e
794106,MAHENDRAGANJ,Meghalaya,Y,Y,e
794107,Garo Hills,Meghalaya,Y,Y,e
794108,DEKACHANG,Meghalaya,Y,Y,e
794109,Tikrikilla,Meghalaya,Y,Y,e
794110,Rongjeng,Meghalaya,Y,Y,e
794111,Williamnagar,Meghalaya,Y,Y,e
794112,Resubelpara,Meghalaya,Y,Y,e
794113,East Garo Hills,Meghalaya,N,N,e
794114,South Garo Hills,Meghalaya,N,N,e
794115,Garobadha,Meghalaya,Y,Y,e
795001,Imphal,Manipur,Y,Y,e
795002,Imphal,Manipur,Y,Y,e
795003,Imphal,Manipur,Y,Y,e
795004,Imphal,Manipur,Y,Y,e
795005,Imphal,Manipur,Y,Y,e
795006,Churchanpur,Manipur,N,N,e
795007,Senapati,Manipur,N,Y,e
795008,Imphal,Manipur,Y,Y,e
795009,IMPHAL OFFICE,Manipur,Y,Y,e
795010,Imphal,Manipur,Y,Y,e
795011,Moirang,Manipur,Y,Y,e
795101,Kakching,Manipur,Y,Y,e
795103,Kakching,Manipur,Y,Y,e
795104,Tadubi,Manipur,Y,Y,e
795106,Senapati,Manipur,N,Y,e
795107,Kangpopki,MANIPUR,N,Y,e
795112,Senapati,Manipur,N,Y,e
795113,Imphal,Manipur,Y,Y,e
795114,IMPHAL,Manipur,Y,Y,e
795115,LAMSHANG,Manipur,Y,Y,e
795116,Jiribam,Manipur,N,Y,e
795117,Churachandpur,Manipur,N,N,e
795122,Kangpokpi,Manipur,N,Y,e
795124,Moirang,Manipur,Y,Y,e
795126,Moirang,Manipur,Y,Y,e
795127,IMPHAL,Manipur,Y,Y,e
795128,Churchanpur,Manipur,N,N,e
795129,Senapati,Manipur,N,Y,e
795130,Imphal,Manipur,Y,Y,e
795132,MAYANGIMPHAL,Manipur,Y,Y,e
795133,Moirang,Manipur,Y,Y,e
795134,NAMBOL,Manipur,Y,Y,e
795135,IMPHAL,Manipur,N,Y,e
795136,Imphal,Manipur,Y,Y,e
795138,Imphal,Manipur,Y,Y,e
795140,Imphal,Manipur,Y,Y,e
795141,Tamenglong,Manipur,Y,Y,e
795142,Ukhrul?,Manipur,N,Y,e
795145,Imphal,Manipur,Y,Y,e
795146,Imphal,Manipur,Y,Y,e
795148,Imphal,Manipur,Y,Y,e
795149,Imphal,Manipur,Y,Y,e
795150,Tadubi,Manipur,Y,Y,e
795158,Churchanpur,Manipur,N,N,d
795159,Noney,Manipur,Y,Y,e
796001,Aizawl,Mizoram,Y,Y,e
796002,Aizawl,Mizoram,N,Y,e
796003,Aizawl,Mizoram,N,Y,e
796004,Aizawl,Mizoram,Y,Y,e
796005,Aizawl,Mizoram,Y,Y,e
796006,AIZAWL,Mizoram,N,Y,e
796007,Aizawl,Mizoram,Y,Y,e
796008,Aizawl,Mizoram,Y,Y,e
796009,Aizawl,Mizoram,Y,Y,e
796012,Aizawl,Mizoram,Y,Y,e
796014,AIZAWL,Mizoram,Y,Y,e
796015,AIZAWL,Mizoram,Y,Y,e
796016,Aizawl,Mizoram,Y,Y,e
796017,AIZAWL,Mizoram,Y,Y,e
796025,AIZAWL,Mizoram,Y,Y,e
796036,Aizawl,Mizoram,Y,Y,e
796070,Kolasib,Mizoram,Y,Y,e
796075,Kolasib,Mizoram,Y,Y,e
796081,Kolasib,Mizoram,Y,Y,e
796082,Kolasib,Mizoram,Y,Y,e
796091,Kolasib,Mizoram,N,N,e
796101,Kolasib,Mizoram,Y,Y,e
796111,Darlawn,Mizoram,Y,Y,e
796161,Saitual,Mizoram,Y,Y,e
796181,Serchhip,Mizoram,Y,Y,e
796186,Thenzawl,Mizoram,Y,Y,e
796190,Aizawl,Mizoram,Y,Y,e
796261,Saitual,Mizoram,Y,Y,e
796290,Ngopa,Mizoram,Y,Y,e
796310,Khawzawl,Mizoram,Y,Y,e
796321,Champhai,Mizoram,Y,Y,e
796410,Aizawl,Mizoram,Y,Y,e
796421,Aizawl,Mizoram,Y,Y,e
796431,Westphaileng,Mizoram,Y,Y,e
796441,Mamit,Mizoram,Y,Y,e
796470,Mamit,Mizoram,N,N,d
796471,Zawlnuam,Mizoram,Y,Y,e
796571,Hnahthial,Mizoram,Y,Y,e
796691,LUNGLEI,Mizoram,N,Y,e
796701,Lunglei,Mizoram,Y,Y,e
796730,Chawngte,Mizoram,Y,Y,e
796751,Tlabung,Mizoram,Y,Y,e
796770,Chawngte,Mizoram,Y,Y,e
796772,Chawngte,Mizoram,Y,Y,e
796810,Sangau,Mizoram,Y,Y,e
796891,Lawngtlai,Mizoram,Y,Y,e
796901,Siaha,Mizoram,Y,Y,e
797001,Kohima,Nagaland,N,Y,e
797002,KOHIMA,Nagaland,N,Y,e
797003,Tlabung,Nagaland,N,Y,e
797004,Kohima,Nagaland,Y,Y,e
797005,Kohima,Nagaland,Y,Y,e
797006,Kohima,Nagaland,Y,Y,e
797011,Kohima,Nagaland,Y,Y,e
797021,Kohima,Nagaland,Y,Y,e
797099,Bhandari,Nagaland,N,N,e
797101,Peren,Nagaland,N,Y,e
797102,Phek,Nagaland,N,N,d
797103,Chumukeidma,Nagaland,Y,Y,e
797104,Phek,Nagaland,N,N,e
797105,Tseminyu,Nagaland,N,Y,e
797106,CHUMUKIDIMA,Nagaland,Y,Y,e
797107,Pfutsero,Nagaland,Y,Y,e
797108,Phek,Nagaland,Y,Y,e
797109,Tseminyu,Nagaland,Y,Y,e
797110,Chumukeidma,Nagaland,Y,Y,e
797111,Wokha,Nagaland,N,Y,e
797112,Dimapur,Nagaland,Y,Y,e
797113,Dimapur,Nagaland,Y,Y,e
797114,Phek,Nagaland,Y,Y,e
797115,Dimapur,Nagaland,N,Y,e
797116,Dimapur,Nagaland,Y,Y,e
797117,Dimapur,Nagaland,N,Y,e
797118,DIMAPUR,Nagaland,N,Y,e
797120,KOHIMA,Nagaland,Y,Y,e
797121,Kohima,Nagaland,Y,Y,e
797123,Dimapur,Nagaland,N,Y,e
798601,Mokokchung,Nagaland,N,Y,e
798602,Mon,Nagaland,N,Y,e
798603,Aboi,Nagaland,Y,Y,e
798611,Kiphire,Nagaland,N,Y,e
798612,Tuensang,Nagaland,Y,Y,e
798613,Longleng,Nagaland,N,Y,e
798614,CHANGTONGYA,Nagaland,N,Y,e
798617,Mokokchung,Nagaland,Y,Y,e
798618,TULI,Nagaland,N,Y,e
798620,Zunheboto,Nagaland,N,Y,e
798621,Mon,Nagaland,Y,Y,e
798622,Mon,Nagaland,N,N,d
798623,TULI,Nagaland,N,Y,e
798625,Longleng,Nagaland,N,Y,e
798626,Noklak,Nagaland,N,Y,e
798627,Mokokchung,Nagaland,Y,Y,e
799001,Agartala,Tripura,N,Y,e
799002,Agartala,Tripura,N,Y,e
799003,Agartala,Tripura,N,Y,e
799004,Agartala,Tripura,Y,Y,e
799005,Agartala,Tripura,N,Y,e
799006,Agartala,Tripura,Y,Y,e
799007,Agartala,Tripura,N,Y,e
799008,Agartala,Tripura,N,Y,e
799009,Agartala,Tripura,N,Y,e
799010,Agartala,Tripura,N,Y,e
799011,AGARTALA REACH,Tripura,N,Y,e
799012,Agartala,Tripura,N,Y,e
799013,Udaipur-TR,Tripura,N,Y,e
799014,Agartala,Tripura,N,Y,e
799015,AGARTALA,Tripura,N,Y,e
799022,Agartala,Tripura,N,Y,e
799035,Agartala,Tripura,Y,Y,e
799045,JIRANIA,Tripura,Y,Y,e
799046,Agartala,Tripura,Y,Y,e
799055,Agartala,Tripura,N,N,d
799100,Bishalgarh,Tripura,N,Y,e
799101,Amarpur TP,Tripura,N,Y,e
799102,Bishalgarh,Tripura,N,Y,e
799103,Udaipur-TR,Tripura,N,Y,e
799104,Amarpur Tp,Tripura,N,Y,e
799105,Udaipur-TR,Tripura,N,Y,e
799113,UDAIPUR TRIPURA,Tripura,N,Y,e
799114,Udaipur-TR,Tripura,N,Y,e
799115,Udaipur-TR,Tripura,N,Y,e
799116,Rajarbag,Tripura,N,N,d
799120,Udaipur-TR,Tripura,N,Y,e
799123,Jamjuri,Tripura,N,N,d
799125,AGARTALA,Tripura,N,Y,e
799130,Agartala,Tripura,N,Y,e
799131,Udaipur-TR,Tripura,N,Y,e
799132,SONAMURA,Tripura,N,Y,e
799141,Santirbazar,Tripura,N,Y,e
799142,Santirbazar,Tripura,N,Y,e
799143,Manu Bazar,Tripura,N,Y,e
799144,Santirbazar,Tripura,N,Y,e
799145,Manu Bazar,Tripura,N,Y,e
799150,AGARTALA,Tripura,N,Y,e
799153,Belonia,Tripura,N,Y,e
799155,Santirbazar,Tripura,N,Y,e
799156,Manu Bazar,Tripura,N,Y,e
799157,Siddhinagar,Tripura,N,Y,e
799158,Belonia,Tripura,N,N,d
799159,Agartala,Tripura,N,Y,e
799181,Agartala,Tripura,N,N,d
799201,Khowai,Tripura,N,Y,e
799202,Khowai,Tripura,N,Y,e
799203,Teliamura,Tripura,N,Y,e
799204,Aambasa,Tripura,Y,Y,e
799205,Teliamura,Tripura,N,Y,e
799206,Panisagar,Tripura,N,N,d
799207,Khowai,Tripura,N,Y,e
799210,Agartala,Tripura,N,Y,e
799211,AGARTALA,Tripura,Y,Y,e
799212,AGARTALA,Tripura,Y,Y,e
799250,Dharmanagar,Tripura,N,Y,e
799251,Dharmanagar,Tripura,N,Y,e
799252,Bagbassa,Tripura,N,N,d
799253,Dharmanagar,Tripura,N,Y,e
799254,Dharmanagar,Tripura,N,Y,e
799256,DHARMANAGAR,Tripura,N,Y,e
799260,Dharmanagar,Tripura,Y,Y,e
799261,DHARMANAGAR,Tripura,N,Y,e
799262,DHARMANAGAR,Tripura,N,Y,e
799263,Kumarghat,Tripura,N,Y,e
799264,Kumarghat,Tripura,N,Y,e
799266,Kumarghat,Tripura,N,Y,e
799269,KANCHANPUR,Tripura,N,Y,e
799270,KANCHANPUR,Tripura,N,Y,e
799271,KANCHANPUR,Tripura,N,Y,e
799273,MANOGHAT,Tripura,N,Y,e
799275,Aambasa,Tripura,N,Y,e
799277,Kailashahar,Tripura,Y,Y,e
799278,Aambasa,Tripura,Y,Y,e
799279,Kailashahar,Tripura,Y,Y,e
799280,Kailashahar,Tripura,Y,Y,e
799281,Kailashahar,Tripura,Y,Y,e
799282,AGARTALA,Tripura,Y,Y,e
799284,GANDACHARA,Tripura,N,Y,e
799285,Kamalpur,Tripura,N,Y,e
799286,Kamalpur,Tripura,N,Y,e
799287,Kamalpur,Tripura,N,Y,e
799288,Kumarghat,Tripura,N,Y,e
799289,Aambasa,Tripura,Y,Y,e
799290,Kumarghat,Tripura,N,Y,e
799999,Kolkata,West Bengal,N,Y,d
800000,Patna,Bihar,N,Y,d
800001,Patna,Bihar,Y,Y,d
800002,Patna,Bihar,Y,Y,d
800003,Patna,Bihar,Y,Y,d
800004,Patna,Bihar,Y,Y,d
800005,Patna,Bihar,Y,Y,d
800006,Patna,Bihar,Y,Y,d
800007,Patna,Bihar,Y,Y,d
800008,Patna,Bihar,Y,Y,d
800009,Patna,Bihar,Y,Y,d
800010,Patna,Bihar,Y,Y,d
800011,Patna,Bihar,Y,Y,d
800012,Patna,Bihar,Y,Y,d
800013,Patna,Bihar,Y,Y,d
800014,Patna,Bihar,Y,Y,d
800015,Patna,Bihar,Y,Y,d
800016,Patna,Bihar,Y,Y,d
800017,Patna,Bihar,Y,Y,d
800018,Patna,Bihar,Y,Y,d
800019,Patna,Bihar,Y,Y,d
800020,Patna,Bihar,Y,Y,d
800021,Patna,Bihar,Y,Y,d
800022,Patna,Bihar,Y,Y,d
800023,Patna,Bihar,Y,Y,d
800024,Patna,Bihar,Y,Y,d
800025,Patna,Bihar,Y,Y,d
800026,Patna,Bihar,Y,Y,d
800027,Patna,Bihar,Y,Y,d
800028,Patna,Bihar,Y,Y,d
800029,Patna,Bihar,Y,Y,d
800030,Patna,Bihar,Y,Y,d
800031,Patna,Bihar,N,N,d
800032,#REF!,#REF!,N,N,d
800034,#REF!,#REF!,N,N,d
800108,Patna,Bihar,Y,Y,d
800111,Bihta,Bihar,Y,Y,d
801101,Bihta,Bihar,N,N,d
801102,BIHTA,Bihar,Y,Y,d
801103,Bihta,Bihar,Y,Y,d
801104,Bihta,Bihar,Y,Y,d
801105,Danapur,Bihar,Y,Y,d
801106,Bihta,Bihar,Y,Y,d
801107,#REF!,#REF!,N,N,d
801108,Bihta,Bihar,Y,Y,d
801109,BIHTA,Bihar,Y,Y,d
801110,Arwal,Bihar,Y,Y,d
801111,Bihta,Bihar,Y,Y,d
801112,Bihta,Bihar,Y,Y,d
801113,Bihta,Bihar,Y,Y,d
801114,Darbhanga,Bihar,N,N,d
801115,Patna,Bihar,Y,Y,d
801116,Patna,Bihar,N,N,d
801117,Bihta,Bihar,Y,Y,d
801118,Bihta,Bihar,Y,Y,d
801119,Patna,Bihar,Y,Y,d
801301,Hilsa,Bihar,Y,Y,d
801302,Hilsa,Bihar,Y,Y,d
801303,Khodaganj,Bihar,Y,Y,d
801304,Hilsa,Bihar,Y,Y,d
801305,Chandi,Bihar,Y,Y,d
801306,Hilsa,Bihar,Y,Y,d
801307,Chandi,Bihar,Y,Y,d
801308,Chandi,Bihar,N,Y,d
801501,Bihta,Bihar,Y,Y,d
801502,Danapur,Bihar,Y,Y,d
801503,Patna,Bihar,Y,Y,d
801504,Patna,Bihar,Y,Y,d
801505,Patna,Bihar,Y,Y,d
801506,Patna,Bihar,Y,Y,d
801507,Patna,Bihar,Y,Y,d
801508,Neora,Bihar,N,N,d
801509,Patna,Bihar,Y,Y,d
802101,Buxar,Bihar,Y,Y,d
802102,Buxar,Bihar,Y,Y,d
802103,Buxar,Bihar,Y,Y,d
802111,Dumraon,Bihar,Y,Y,d
802112,Brahmapur,Bihar,Y,Y,d
802113,Buxar,Bihar,Y,Y,d
802114,Rajpur,Bihar,Y,Y,d
802115,Dumraon,Bihar,Y,Y,d
802116,Buxar,Bihar,Y,Y,d
802117,Dinara,Bihar,Y,Y,d
802118,Buxar,Bihar,Y,Y,d
802119,Dumraon,Bihar,Y,Y,d
802120,Dumraon,Bihar,Y,Y,d
802122,Rajpur,Bihar,Y,Y,d
802123,Buxar,Bihar,Y,Y,d
802125,Malyabag,Bihar,Y,Y,d
802126,Dumraon,Bihar,Y,Y,d
802127,Dumraon,Bihar,Y,Y,d
802128,Rajpur,Bihar,Y,Y,d
802129,Malyabag,Bihar,Y,Y,d
802130,Brahmapur,Bihar,Y,Y,d
802131,Buxar,Bihar,Y,Y,d
802132,Nuaon,Bihar,Y,Y,d
802133,Dumraon,Bihar,Y,Y,d
802134,Brahmapur,Bihar,Y,Y,d
802135,Buxar,Bihar,Y,Y,d
802136,Dumraon,Bihar,Y,Y,d
802151,Arrah,Bihar,Y,Y,d
802152,Jagdishpur,Bihar,Y,Y,d
802153,Bihiya Office,Bihar,N,Y,d
802154,Brahmapur,Bihar,Y,Y,d
802155,Jagdishpur,Bihar,Y,Y,d
802156,Arrah,Bihar,Y,Y,d
802157,Brahmapur,Bihar,Y,Y,d
802158,Jagdishpur,Bihar,Y,Y,d
802159,Piro,Bihar,Y,Y,d
802160,Arrah,Bihar,Y,Y,d
802161,Arrah,Bihar,Y,Y,d
802162,Jagdishpur,Bihar,Y,Y,d
802163,Arrah,Bihar,Y,Y,d
802164,Sandesh,Bihar,Y,Y,d
802165,Brahmapur,Bihar,Y,Y,d
802166,Brahmapur,Bihar,Y,Y,d
802174,Arrah,Bihar,Y,Y,d
802178,Arrah,Bihar,Y,Y,d
802182,Sasaram,Bihar,Y,Y,d
802183,Brahmapur,Bihar,Y,Y,d
802201,Sandesh,Bihar,Y,Y,d
802202,Piro,Bihar,Y,Y,d
802203,Sandesh,Bihar,Y,Y,d
802204,Piro,Bihar,Y,Y,d
802205,Piro,Bihar,Y,Y,d
802206,Sandesh,Bihar,Y,Y,d
802207,Piro,Bihar,Y,Y,d
802208,Arwal,Bihar,Y,Y,d
802209,Piro,Bihar,Y,Y,d
802210,Arrah,Bihar,Y,Y,d
802211,Malyabag,Bihar,Y,Y,d
802212,Bikramganj,Bihar,Y,Y,d
802213,Dinara,Bihar,Y,Y,d
802214,Bikramganj,Bihar,Y,Y,d
802215,Sasaram,Bihar,Y,Y,d
802216,Malyabag,Bihar,Y,Y,d
802217,Sasaram,Bihar,Y,Y,d
802218,Dinara,Bihar,Y,Y,d
802219,Sasaram,Bihar,Y,Y,d
802220,Bikramganj,Bihar,Y,Y,d
802221,Bikramganj,Bihar,Y,Y,d
802222,Piro,Bihar,Y,Y,d
802223,Sandesh,Bihar,Y,Y,d
802224,#REF!,#REF!,N,N,d
802226,Bikramganj,Bihar,Y,Y,d
802229,Bihiya Office,Bihar,N,Y,d
802230,Arrah,Bihar,Y,Y,d
802231,Arrah,Bihar,Y,Y,d
802237,Arrah,Bihar,Y,Y,d
802301,Arrah,Bihar,Y,Y,d
802302,Arrah,Bihar,Y,Y,d
802304,Arrah,Bihar,Y,Y,d
802311,Arrah,Bihar,Y,Y,d
802312,Arrah,Bihar,Y,Y,d
802313,Arrah,Bihar,Y,Y,d
802314,Arrah,Bihar,Y,Y,d
802315,Arrah,Bihar,Y,Y,d
802316,Arrah,Bihar,Y,Y,d
802317,Arrah,Bihar,Y,Y,d
802318,Saraiya,Bihar,N,Y,d
802351,Brahmapur,Bihar,Y,Y,d
802352,Arrah,Bihar,Y,Y,d
802366,Arrah,Bihar,Y,Y,d
803101,Bihar Sharif,Bihar,Y,Y,d
803102,Hilsa,Bihar,Y,Y,d
803103,Hisua,Bihar,N,N,d
803104,Chandi,Bihar,N,N,d
803106,Patna,Bihar,N,N,d
803107,Barbigha,Bihar,Y,Y,d
803108,Chandi,Bihar,Y,Y,d
803109,Pavapuri,Bihar,Y,Y,d
803110,Chandi,Bihar,Y,Y,d
803111,Pavapuri,Bihar,Y,Y,d
803112,Nalanda,Bihar,N,N,d
803113,Chandi,Bihar,Y,Y,d
803114,Chandi,Bihar,Y,Y,d
803115,Pavapuri,Bihar,Y,Y,d
803116,Rajgir,Bihar,Y,Y,d
803117,Rajgir,Bihar,Y,Y,d
803118,Bihar Sharif,Bihar,Y,Y,d
803119,BIHARSHARIF,Bihar,Y,Y,d
803120,Chandi,Bihar,Y,Y,d
803121,Rajgir,Bihar,Y,Y,d
803122,Hilsa,Bihar,Y,Y,d
803123,Chandi,Bihar,Y,Y,d
803124,Bihar Sharif,Bihar,Y,Y,d
803129,Biharsharif,Bihar,Y,Y,d
803130,Biharsharif,Bihar,Y,Y,d
803201,Fatuha,Bihar,Y,Y,d
803202,Fatuha,Bihar,Y,Y,d
803203,Patna,Bihar,N,Y,d
803204,Chandi,Bihar,Y,Y,d
803205,Patna,Bihar,Y,Y,d
803206,Patna,Bihar,Y,Y,d
803211,Barh,Bihar,Y,Y,d
803212,Bakhtiarpur,Bihar,Y,Y,d
803213,Barh,Bihar,Y,Y,d
803214,Barh,Bihar,Y,Y,d
803215,Barh,Bihar,Y,Y,d
803216,Bihar Sharif,Bihar,Y,Y,d
803217,Patna,Bihar,N,N,d
803218,Barh,Bihar,Y,Y,d
803219,Nalanda,Bihar,N,N,d
803220,Darbhanga,Bihar,N,N,d
803221,Barh,Bihar,Y,Y,d
803232,Rajgir,Bihar,Y,Y,d
803301,Sheonar,Bihar,Y,Y,d
803302,Sheonar,Bihar,Y,Y,d
803303,Sheonar,Bihar,Y,Y,d
803306,Sheonar,Bihar,Y,Y,d
803307,Sheonar,Bihar,Y,Y,d
804401,Arwal,Bihar,Y,Y,d
804402,Arwal,Bihar,Y,Y,d
804403,Makhdumpur,Bihar,Y,Y,d
804404,Khizasarai,Bihar,Y,Y,d
804405,Makhdumpur,Bihar,Y,Y,d
804406,Jehanabad,Bihar,Y,Y,d
804407,Khodaganj,Bihar,Y,Y,d
804408,Jehanabad,Bihar,Y,Y,d
804409,#REF!,#REF!,N,N,d
804417,Jehanabad,Bihar,Y,Y,d
804418,Jehanabad,Bihar,Y,Y,d
804419,Arwal,Bihar,Y,Y,d
804420,Jehanabad,Bihar,Y,Y,d
804421,Tekari,Bihar,Y,Y,d
804422,Makhdumpur,Bihar,Y,Y,d
804423,Jehanabad,Bihar,Y,Y,d
804424,Makhdumpur,Bihar,Y,Y,d
804425,Jehanabad,Bihar,Y,Y,d
804426,Arwal,Bihar,Y,Y,d
804427,Makhdumpur,Bihar,Y,Y,d
804428,Arwal,Bihar,Y,Y,d
804429,Jehanabad,Bihar,Y,Y,d
804430,Arwal,Bihar,Y,Y,d
804431,Hilsa,Bihar,Y,Y,d
804432,Jehanabad,Bihar,Y,Y,d
804433,Makhdumpur,Bihar,Y,Y,d
804434,Jehanabad,Bihar,Y,Y,d
804435,Tekari,Bihar,Y,Y,d
804448,Jehanabad,Bihar,N,N,d
804450,Smt,Bihar,N,N,d
804451,Masaurhi,Bihar,Y,Y,d
804452,Masaurhi,Bihar,Y,Y,d
804453,Patna,Bihar,Y,Y,d
804454,Masaurhi,Bihar,Y,Y,d
804457,Patna,Bihar,N,N,d
805101,Pakribarwan,Bihar,Y,Y,d
805102,Nawada,Bihar,Y,Y,d
805103,Nawada,Bihar,Y,Y,d
805104,Nawada,Bihar,Y,Y,d
805105,Pavapuri,Bihar,Y,Y,d
805106,Pakribarwan,Bihar,Y,Y,d
805107,Nawada,Bihar,Y,Y,d
805108,Pakribarwan,Bihar,Y,Y,d
805109,Rajgir,Bihar,Y,Y,d
805110,Nawada,Bihar,Y,Y,d
805111,Nawada,Bihar,Y,Y,d
805112,Nawada,Bihar,Y,Y,d
805113,Pakribarwan,Bihar,N,Y,d
805114,#REF!,#REF!,N,N,d
805121,Nawada,Bihar,Y,Y,d
805122,Sirdala,Bihar,Y,Y,d
805123,Nawada,Bihar,Y,Y,d
805124,Pakribarwan,Bihar,Y,Y,d
805125,Sirdala,Bihar,Y,Y,d
805126,Nawada,Bihar,Y,Y,d
805127,Sirdala,Bihar,Y,Y,d
805128,Wazirganj,Bihar,Y,Y,d
805129,Wazirganj,Bihar,Y,Y,d
805130,Pakribarwan,Bihar,Y,Y,d
805131,Wazirganj,Bihar,Y,Y,d
805132,Pakribarwan,Bihar,Y,Y,d
805133,Rajgir,Bihar,Y,Y,d
805135,Khizasarai,Bihar,Y,Y,d
805137,Lakhisarai,Bihar,N,N,d
805138,Pakribarwan,Bihar,Y,Y,d
805141,Nawada,Bihar,Y,Y,d
805143,Nawada,Bihar,Y,Y,d
805236,Wazirganj,Bihar,Y,Y,d
808022,Piro,Bihar,N,Y,d
811101,Barbigha,Bihar,Y,Y,d
811102,Sheikhpura,Bihar,Y,Y,d
811103,Barbigha,Bihar,Y,Y,d
811104,Barbigha,Bihar,Y,Y,d
811105,Sheikhpura,Bihar,Y,Y,d
811106,Surajgarha,Bihar,Y,Y,d
811107,Sheikhpura,Bihar,Y,Y,d
811108,Biharsharif,Bihar,Y,Y,d
811109,Sheikhpura,Bihar,N,N,d
811112,Surajgarha,Bihar,Y,Y,d
811201,Munger,Bihar,Y,Y,d
811202,Munger,Bihar,Y,Y,d
811203,Munger,Bihar,Y,Y,d
811204,Munger,Bihar,Y,Y,d
811205,Munger,Bihar,Y,Y,d
811206,Munger,Bihar,Y,Y,d
811207,Munger,Bihar,Y,Y,d
811208,Munger,Bihar,Y,Y,d
811209,Munger,Bihar,Y,Y,d
811210,Munger,Bihar,Y,Y,d
811211,Munger,Bihar,Y,Y,d
811212,Munger,Bihar,Y,Y,d
811213,Kharagpur,Bihar,Y,Y,d
811214,Munger,Bihar,Y,Y,d
811241,Munger,Bihar,Y,Y,d
811269,Munger,Bihar,Y,Y,d
811301,Sikandara,Bihar,Y,Y,d
811302,Lakhisarai,Bihar,Y,Y,d
811303,Chakai,Bihar,Y,Y,d
811304,Sheikhpura,Bihar,Y,Y,d
811305,Jhajha,Bihar,Y,Y,d
811306,Halsi (Munger),Bihar,N,N,d
811307,Jamui,Bihar,Y,Y,d
811308,Jhajha,Bihar,Y,Y,d
811309,Surajgarha,Bihar,Y,Y,d
811310,Lakhisarai,Bihar,Y,Y,d
811311,Lakhisarai,Bihar,Y,Y,d
811312,JAMUI,Bihar,N,Y,d
811313,Jamui,Bihar,Y,Y,d
811314,Jhajha,Bihar,Y,Y,d
811315,Sikandara,Bihar,Y,Y,d
811316,CHAKAI,Bihar,N,N,d
811317,Jamui,Bihar,Y,Y,d
811538,Siwan Office,Bihar,N,Y,d
812001,Bhagalpur,Bihar,Y,Y,d
812002,Bhagalpur,Bihar,Y,Y,d
812003,Bhagalpur,Bihar,Y,Y,d
812004,Bhagalpur,Bihar,Y,Y,d
812005,Bhagalpur,Bihar,Y,Y,d
812006,Bhagalpur,Bihar,Y,Y,d
812007,Bhagalpur,Bihar,Y,Y,d
812008,Bhagalpur,Bihar,Y,Y,d
812009,Bhagalpur,Bihar,Y,Y,d
812010,Bhagalpur,Bihar,Y,Y,d
813101,Amarpur,Bihar,Y,Y,d
813102,Banka,Bihar,Y,Y,d
813103,Banka,Bihar,Y,Y,d
813104,Punsia,Bihar,Y,Y,d
813105,Bhagalpur,Bihar,Y,Y,d
813106,Banka,Bihar,Y,Y,d
813107,Punsia,Bihar,Y,Y,d
813108,Sultanganj,Bihar,Y,Y,d
813109,Punsia,Bihar,Y,Y,d
813110,Punsia,Bihar,Y,Y,d
813111,Bhagalpur,Bihar,N,N,d
813112,Bhagalpur,Bihar,Y,Y,d
813113,Bhagalpur,Bihar,Y,Y,d
813114,Sultanganj,Bihar,N,Y,d
813115,Banka,Bihar,Y,Y,d
813116,Banka,Bihar,Y,Y,d
813118,Banka,Bihar,Y,Y,d
813121,Punsia,Bihar,Y,Y,d
813123,Punsia,Bihar,Y,Y,d
813124,Amarpur,Bihar,Y,Y,d
813125,Amarpur,Bihar,Y,Y,d
813126,Amarpur,Bihar,Y,Y,d
813127,Amarpur,Bihar,Y,Y,d
813128,Banka Office,Bihar,Y,Y,d
813129,Bhagalpur,Bihar,Y,Y,d
813201,Sultanganj,Bihar,Y,Y,d
813202,Sangrampur,Bihar,Y,Y,d
813203,Kahalgaon,Bihar,Y,Y,d
813204,Kahalgaon,Bihar,Y,Y,d
813205,Ghogha,Bihar,Y,Y,d
813206,Kahalgaon,Bihar,Y,Y,d
813207,Sangrampur,Bihar,Y,Y,d
813208,Boarijore,Jharkhand,N,N,d
813209,KAHALGAON,Bihar,Y,Y,d
813210,Ghogha,Bihar,Y,Y,d
813211,Amarpur,Bihar,Y,Y,d
813212,Sangrampur,Bihar,Y,Y,d
813213,Sultanganj,Bihar,Y,Y,d
813214,Kahalgaon,Bihar,Y,Y,d
813221,Kharagpur,Bihar,Y,Y,d
813222,Kahalgaon,Bihar,Y,Y,d
813223,Sultanganj,Bihar,Y,Y,d
813224,Ghogha,Bihar,Y,Y,d
813225,Ghogha,Bihar,Y,Y,d
813227,Sultanganj,Bihar,Y,Y,d
813228,Sultanganj,Bihar,Y,Y,d
813229,Kahalgaon,Bihar,N,N,d
813231,Kahalgaon,Bihar,Y,Y,d
813233,Bhagalpur,Bihar,Y,Y,d
813321,Banka,Bihar,N,Y,d
814101,Dumka,Jharkhand,Y,Y,d
814102,HANSDIHA,Jharkhand,Y,Y,d
814103,Shikaripara,Jharkhand,Y,Y,d
814110,Dumka,Jharkhand,Y,Y,d
814111,Maheshpur,Jharkhand,Y,Y,d
814112,Deoghar,Jharkhand,Y,Y,d
814113,Deoghar,Jharkhand,Y,Y,d
814114,Deoghar,Jharkhand,Y,Y,d
814115,Deoghar,Jharkhand,Y,Y,d
814116,Deoghar,Jharkhand,Y,Y,d
814117,Dumka,Jharkhand,Y,Y,d
814118,DUMKA,Jharkhand,Y,Y,d
814119,Shikaripara,Jharkhand,Y,Y,d
814120,Ghormara,Jharkhand,Y,Y,d
814122,Deoghar,Jharkhand,Y,Y,d
814124,Shikaripara,Jharkhand,Y,Y,d
814131,Banka,Bihar,Y,Y,d
814132,Godda,Jharkhand,Y,Y,d
814133,Godda,Jharkhand,Y,Y,d
814140,Dumka,Jharkhand,Y,Y,d
814141,DUMKA,Jharkhand,Y,Y,d
814142,Deoghar,Jharkhand,Y,Y,d
814143,Deoghar,Jharkhand,Y,Y,d
814144,Rangalia,Jharkhand,Y,Y,d
814145,HANSDIHA,Jharkhand,Y,Y,d
814146,Madhupur,Jharkhand,Y,Y,d
814147,Mahagama,Jharkhand,Y,Y,d
814148,Rangalia,Jharkhand,Y,Y,d
814149,Madhupur,Jharkhand,Y,Y,d
814150,Madhupur,Jharkhand,Y,Y,d
814151,HANSDIHA,Jharkhand,Y,Y,d
814152,DEOGHAR,Jharkhand,Y,Y,d
814153,Poriyahat,Jharkhand,Y,Y,d
814154,Mahagama,Jharkhand,Y,Y,d
814155,Mahagama,Jharkhand,Y,Y,d
814156,Godda,Jharkhand,Y,Y,d
814157,Ghormara,Jharkhand,Y,Y,d
814158,DUMKA,Jharkhand,Y,Y,d
814160,Boarijore,Jharkhand,Y,Y,d
814162,Dumka,Jharkhand,Y,Y,d
814165,GODDA,Jharkhand,Y,Y,d
814166,Madhupur,Jharkhand,Y,Y,d
814167,DUMKA OFFICE,Jharkhand,N,Y,d
815201,Giridih,Jharkhand,Y,Y,d
815257,Karon,Jharkhand,Y,Y,d
815301,Giridih,Jharkhand,Y,Y,d
815302,Giridih,Jharkhand,Y,Y,d
815303,Giridih,Jharkhand,Y,Y,d
815304,Giridih,Jharkhand,Y,Y,d
815305,Giridih,Jharkhand,Y,Y,d
815311,GIRIDIH,Jharkhand,Y,Y,d
815312,Giridih,Jharkhand,Y,Y,d
815313,Tisri,Jharkhand,Y,Y,d
815314,Giridih,Jharkhand,Y,Y,d
815315,Giridih,Jharkhand,Y,Y,d
815316,Giridih,Jharkhand,Y,Y,d
815317,Tisri,Jharkhand,Y,Y,d
815318,Rajdhanwar,Jharkhand,Y,Y,d
815351,Jamtara,Jharkhand,Y,Y,d
815352,JAMTARA,Jharkhand,Y,Y,d
815353,Madhupur,Jharkhand,Y,Y,d
815354,Jamtara,Jharkhand,Y,Y,d
815355,Kundahit,Jharkhand,Y,Y,d
815356,Jamtara,Jharkhand,Y,Y,d
815357,Madhupur,Jharkhand,Y,Y,d
815359,Kundahit,Jharkhand,Y,Y,d
816101,Barharwa,Jharkhand,Y,Y,d
816102,BARARWA,Jharkhand,Y,Y,d
816103,Shikaripara,Jharkhand,Y,Y,d
816104,Pakur,Jharkhand,Y,Y,d
816105,BARARWA,Jharkhand,N,Y,d
816106,Maheshpur,Jharkhand,Y,Y,d
816107,Pakur,Jharkhand,Y,Y,d
816108,Rajmahal,Jharkhand,Y,Y,d
816109,Sahebganj,Jharkhand,Y,Y,d
816110,Barharwa,Jharkhand,Y,Y,d
816115,SAHIBGANJ,Jharkhand,Y,Y,d
816116,Rajmahal,Jharkhand,Y,Y,d
816117,Maheshpur,Jharkhand,Y,Y,d
816118,Shikaripara,Jharkhand,Y,Y,d
816119,Barharwa,Jharkhand,Y,Y,d
816120,Boarijore,Jharkhand,Y,Y,d
816122,Pakur,Jharkhand,Y,Y,d
816123,Ranishwar,Jharkhand,N,Y,d
816124,Madhupur,Jharkhand,Y,Y,d
816129,Rajmahal,Jharkhand,Y,Y,d
818142,#REF!,#REF!,N,N,d
821001,Sasaram,Bihar,N,Y,d
821002,Bhagalpur,Bihar,Y,Y,d
821003,Sasaram,Bihar,N,N,d
821004,Jamshedpur,Jharkhand,Y,Y,d
821005,Sasaram,Bihar,N,N,d
821006,Sasaram,Bihar,N,Y,d
821015,#REF!,#REF!,N,N,d
821101,Mohania,Bihar,Y,Y,d
821102,Bhabua,Bihar,N,Y,d
821103,Chainpur,Bihar,Y,Y,d
821104,Kudra,Bihar,Y,Y,d
821105,Mohania,Bihar,Y,Y,d
821106,Chainpur,Bihar,Y,Y,d
821107,Kochas,Bihar,Y,Y,d
821108,Kudra,Bihar,Y,Y,d
821109,Mohania,Bihar,Y,Y,d
821110,Nuaon,Bihar,Y,Y,d
821111,Kudra,Bihar,Y,Y,d
821112,Dinara,Bihar,Y,Y,d
821113,Sasaram,Bihar,Y,Y,d
821114,Goh,Bihar,Y,Y,d
821115,Sasaram,Bihar,Y,Y,d
821116,Sasaram,Bihar,N,N,d
821117,Kishanganj,Bihar,N,N,d
821118,Thakurganj,Bihar,Y,Y,d
821119,Kishanganj,West Bengal,N,Y,d
821121,Kishanganj,West Bengal,N,Y,d
821122,Kishanganj,West Bengal,N,Y,d
821124,Mohania,Bihar,Y,Y,d
821301,Dehri On Sone,Bihar,Y,Y,d
821302,Rohtas,Bihar,Y,Y,d
821303,Rohtas,Bihar,Y,Y,d
821304,Rohtas,Bihar,Y,Y,d
821305,Dehri On Sone,Bihar,Y,Y,d
821306,Dehri On Sone,Bihar,Y,Y,d
821307,Dehri On Sone,Bihar,Y,Y,d
821308,Dehri On Sone,Bihar,Y,Y,d
821309,Piro,Bihar,Y,Y,d
821310,Daudnagar,Bihar,Y,Y,d
821311,Rohtas,Bihar,Y,Y,d
821312,Dehri On Sone,Bihar,Y,Y,d
821315,Sasaram,Bihar,Y,Y,d
821316,Sasaram,Bihar,Y,Y,d
822101,Daltonganj,Jharkhand,Y,Y,d
822102,Daltonganj,Jharkhand,Y,Y,d
822110,Daltonganj,Jharkhand,Y,Y,d
822111,Barwadih,Jharkhand,Y,Y,d
822112,Nagar Untari,Jharkhand,Y,Y,d
822113,Chhatarpur-JR,Jharkhand,Y,Y,d
822114,Garhwa,Jharkhand,Y,Y,d
822115,Japla,Jharkhand,Y,Y,d
822116,Japla,Jharkhand,Y,Y,d
822117,Japla,Jharkhand,Y,Y,d
822118,MEDININAGAR,Jharkhand,Y,Y,d
822119,CHAINPUR,Jharkhand,Y,Y,d
822120,Kandi,Jharkhand,Y,Y,d
822121,Nagar Untari,Jharkhand,Y,Y,d
822122,Panki,Jharkhand,Y,Y,d
822123,Panki,Jharkhand,Y,Y,b
822124,Bisrampur,Jharkhand,Y,Y,d
822125,Ranka,Jharkhand,Y,Y,d
822126,Satbarwa,Jharkhand,Y,Y,d
822127,Mahagama,Jharkhand,Y,Y,d
822128,Nagar Untari,Jharkhand,Y,Y,d
822129,Nagar Untari,Jharkhand,Y,Y,d
822131,Hariharganj,Jharkhand,Y,Y,d
822132,Bisrampur,Jharkhand,Y,Y,d
822133,Garhwa,Jharkhand,Y,Y,d
822134,GARHWA,Jharkhand,Y,Y,d
822199,Dhanbad,Jharkhand,Y,Y,d
822212,Saharsa,Bihar,Y,Y,d
823000,Gaya,Bihar,Y,Y,d
823001,Gaya,Bihar,Y,Y,d
823002,Gaya,Bihar,Y,Y,d
823003,Gaya,Bihar,Y,Y,d
823004,Gaya,Bihar,Y,Y,d
823005,Gaya,Bihar,Y,Y,d
823201,Bhagalpur,Bihar,Y,Y,d
823311,Khizasarai,Bihar,Y,Y,d
824000,Aurangabad,Maharashtra,N,Y,b
824101,Aurangabad-BR,Bihar,Y,Y,d
824102,Aurangabad-Br,Bihar,Y,Y,d
824103,Madanpur,Bihar,Y,Y,d
824111,Amba,Bihar,Y,Y,d
824112,Dehri On Sone,Bihar,Y,Y,d
824113,Daudnagar,Bihar,Y,Y,d
824114,Goh,Bihar,Y,Y,d
824115,Daudnagar,Bihar,Y,Y,d
824116,Goh,Bihar,Y,Y,d
824118,Tekari,Bihar,Y,Y,d
824120,Daudnagar,Bihar,Y,Y,d
824121,Aurangabad-BR,Bihar,Y,Y,d
824122,Goh,Bihar,Y,Y,d
824123,Amba,Bihar,Y,Y,d
824124,Aurangabad-BR,Bihar,Y,Y,d
824125,Goh,Bihar,Y,Y,d
824126,RAFIGANJ,Bihar,N,N,d
824127,Daudnagar,Bihar,Y,Y,d
824129,Goh,Bihar,Y,Y,d
824130,Aurangabad-Br,Bihar,Y,Y,d
824143,Daudnagar,Bihar,Y,Y,d
824201,Barachatti,Bihar,Y,Y,d
824202,Deo,Bihar,Y,Y,d
824203,Goh,Bihar,Y,Y,d
824205,Sherghati,Bihar,Y,Y,d
824206,Imamganj,Bihar,Y,Y,d
824207,Tekari,Bihar,Y,Y,d
824208,Madanpur,Bihar,Y,Y,d
824209,Gaya,Bihar,Y,Y,d
824210,Imamganj,Bihar,Y,Y,d
824211,Sherghati,Bihar,Y,Y,d
824212,Aurangabad,Maharashtra,N,Y,b
824213,Daudnagar,Bihar,Y,Y,d
824216,Deo,Bihar,Y,Y,d
824217,Imamganj,Bihar,Y,Y,d
824218,Deo,Bihar,Y,Y,d
824219,Madanpur,Bihar,Y,Y,d
824220,Barachatti,Bihar,Y,Y,d
824221,Imamganj,Bihar,Y,Y,d
824230,Gaya,Bihar,Y,Y,d
824231,Gaya,Bihar,Y,Y,d
824232,Gaya,Bihar,Y,Y,d
824233,Khizasarai,Bihar,Y,Y,d
824234,Gaya,Bihar,Y,Y,d
824235,Tekari,Bihar,Y,Y,d
824236,Tekari,Bihar,Y,Y,d
824237,Sherghati,Bihar,Y,Y,d
824301,Amba,Bihar,Y,Y,d
824302,KankerBR,Bihar,Y,Y,d
824303,KankerBR,Bihar,Y,Y,d
824304,#REF!,#REF!,N,N,d
824401,Arwal,Bihar,N,N,d
824402,Arwal,Bihar,N,N,d
825101,Ramgarh,Jharkhand,Y,Y,d
825102,Phusro,Jharkhand,Y,Y,d
825103,CHATRA,Jharkhand,Y,Y,d
825106,Gomoh,Jharkhand,Y,Y,d
825107,Dhawatand,Jharkhand,Y,Y,d
825108,GIRIDIH,Jharkhand,N,Y,d
825109,JAINAGAR JH,Jharkhand,Y,Y,d
825110,Ranchi,Jharkhand,N,N,d
825132,SATGAWAN,Jharkhand,Y,Y,d
825137,Domchanch,Jharkhand,Y,Y,d
825167,Gomoh,Jharkhand,Y,Y,d
825223,Barakatha,Jharkhand,N,Y,d
825301,Hazaribagh,Jharkhand,Y,Y,d
825302,Hazaribagh,Jharkhand,Y,Y,d
825303,Hazaribagh,Jharkhand,Y,Y,d
825304,Hazaribagh,Jharkhand,Y,Y,d
825308,Ramgarh,Jharkhand,Y,Y,d
825311,Barkagaon,Jharkhand,Y,Y,d
825312,Bagodar,Jharkhand,Y,Y,d
825313,Bagodar,Jharkhand,Y,Y,d
825314,Kedla,Jharkhand,Y,Y,d
825315,Gumia,Jharkhand,Y,Y,d
825316,Ramgarh,Jharkhand,Y,Y,d
825317,Hazaribagh,Jharkhand,Y,Y,d
825318,Domchanch,Jharkhand,Y,Y,d
825319,Hazaribagh,Jharkhand,Y,Y,d
825320,Barki Saria,Jharkhand,Y,Y,d
825321,Tandwa,Jharkhand,Y,Y,d
825322,Barki Saria,Jharkhand,Y,Y,d
825323,BARKATHA,Jharkhand,Y,Y,d
825324,Barki Saria,Jharkhand,Y,Y,d
825325,Kedla,Jharkhand,Y,Y,d
825326,Kedla,Jharkhand,Y,Y,d
825327,Hazaribagh,Jharkhand,Y,Y,d
825328,Bagodar,Jharkhand,N,N,d
825329,ISHRI,Jharkhand,N,Y,d
825330,Ramgarh,Jharkhand,Y,Y,d
825335,Hazaribagh,Jharkhand,Y,Y,d
825336,Hazaribagh,Jharkhand,Y,Y,d
825401,Chatra,Jharkhand,Y,Y,d
825402,Padma,Jharkhand,Y,Y,d
825403,Godabar,Jharkhand,Y,Y,d
825404,Jori,Jharkhand,N,Y,d
825405,Chouparan,Jharkhand,Y,Y,d
825406,Chouparan,Jharkhand,Y,Y,d
825407,Domchanch,Jharkhand,Y,Y,d
825408,Itkhori,Jharkhand,Y,Y,d
825409,Jhumri Telaiya,Jharkhand,Y,Y,d
825410,Jhumri Telaiya,Jharkhand,Y,Y,d
825411,Padma,Jharkhand,Y,Y,d
825412,Rajdhanwar,Jharkhand,Y,Y,d
825413,Jhumri Telaiya,Jharkhand,Y,Y,d
825414,Hazaribagh,Jharkhand,Y,Y,d
825415,#REF!,#REF!,N,N,d
825418,Domchanch,Jharkhand,Y,Y,d
825420,Godabar,Jharkhand,Y,Y,d
825421,Domchanch,Jharkhand,Y,Y,d
826001,Dhanbad,Jharkhand,Y,Y,d
826002,Dhanbad,Jharkhand,Y,Y,d
826003,Dhanbad,Jharkhand,Y,Y,d
826004,Dhanbad,Jharkhand,Y,Y,d
826005,Dhanbad,Jharkhand,Y,Y,d
826006,Bokaro,Jharkhand,Y,Y,d
826007,Dhanbad,Jharkhand,Y,Y,d
826008,Dhanbad,Jharkhand,N,N,d
826009,Dhanbad,Jharkhand,Y,Y,d
826010,Dhanbad,Jharkhand,N,N,d
826011,Dhanbad,Jharkhand,N,N,d
826012,Dhanbad,Jharkhand,Y,Y,d
826013,Dhanbad,Jharkhand,Y,Y,d
826014,Dhanbad,Jharkhand,Y,Y,d
826015,Dhanbad,Jharkhand,Y,Y,d
826016,Dhanbad,Jharkhand,Y,Y,d
826017,Dhanbad,Jharkhand,Y,Y,d
826106,DHANBAD,Jharkhand,Y,Y,d
826109,Govindpur,Jharkhand,Y,Y,d
826116,Patratu,Jharkhand,N,Y,d
826124,Dhanbad,Jharkhand,Y,Y,d
827001,Bokaro,Jharkhand,Y,Y,d
827002,Bokaro,Jharkhand,Y,Y,d
827003,Bokaro,Jharkhand,Y,Y,d
827004,Bokaro,Jharkhand,Y,Y,d
827005,Bokaro,Jharkhand,Y,Y,d
827006,Bokaro,Jharkhand,Y,Y,d
827007,Bokaro,Jharkhand,Y,Y,d
827008,Bokaro,Jharkhand,Y,Y,d
827009,Bokaro,Jharkhand,Y,Y,d
827010,Bokaro,Jharkhand,Y,Y,d
827011,Bokaro,Jharkhand,Y,Y,d
827012,Bokaro,Jharkhand,Y,Y,d
827013,Bokaro,Jharkhand,Y,Y,d
827014,Bokaro,Jharkhand,Y,Y,d
827015,Bokaro,Jharkhand,Y,Y,d
827016,Bokaro,Jharkhand,Y,Y,d
827301,Petarbar,Jharkhand,Y,Y,d
827302,Peterbar,Jharkhand,Y,Y,d
827611,Bokaro,Jharkhand,Y,Y,d
828101,Dhanbad,Jharkhand,Y,Y,d
828102,Phusro,Jharkhand,Y,Y,d
828103,Dhanbad,Jharkhand,Y,Y,d
828104,Dhanbad,Jharkhand,Y,Y,d
828105,Dhanbad,Jharkhand,Y,Y,d
828106,Dhanbad,Jharkhand,Y,Y,d
828107,Dhanbad,Jharkhand,Y,Y,d
828108,Dhanbad,Jharkhand,Y,Y,d
828109,Dhanbad,Jharkhand,Y,Y,d
828110,Dhanbad,Jharkhand,Y,Y,d
828111,Dhanbad,Jharkhand,Y,Y,d
828112,Dhanbad,Jharkhand,Y,Y,d
828113,Dhanbad,Jharkhand,Y,Y,d
828114,Dhanbad,Jharkhand,Y,Y,d
828115,Dhanbad,Jharkhand,Y,Y,d
828116,Dhanbad,Jharkhand,Y,Y,d
828117,Dhanbad,Jharkhand,Y,Y,d
828119,Dhanbad,Jharkhand,Y,Y,d
828120,Dhanbad,Jharkhand,Y,Y,d
828121,Dhanbad,Jharkhand,Y,Y,d
828122,Dhanbad,Jharkhand,Y,Y,d
828123,Dhanbad,Jharkhand,Y,Y,d
828124,Dhanbad,Jharkhand,Y,Y,d
828125,Dhanbad,Jharkhand,Y,Y,d
828126,Dhanbad,Jharkhand,Y,Y,d
828127,Dhanbad,Jharkhand,Y,Y,d
828128,Dhanbad,Jharkhand,Y,Y,d
828129,Dhanbad,Jharkhand,Y,Y,d
828130,Dhanbad,Jharkhand,Y,Y,d
828131,Dhanbad,Jharkhand,Y,Y,d
828132,Dhanbad,Jharkhand,Y,Y,d
828133,Dhanbad,Jharkhand,Y,Y,d
828134,Chandankiyari,Jharkhand,Y,Y,d
828135,Dhanbad,Jharkhand,Y,Y,d
828140,Dnb,Jharkhand,N,N,d
828142,Dhanbad,Jharkhand,Y,Y,d
828144,Baliapur,Jharkhand,Y,Y,d
828147,Dhanbad,Jharkhand,Y,Y,d
828201,Dhanbad,Jharkhand,Y,Y,d
828202,Chirkunda,Jharkhand,Y,Y,d
828203,Chirkunda,Jharkhand,Y,Y,d
828204,Chirkunda,Jharkhand,Y,Y,d
828205,Chirkunda,Jharkhand,Y,Y,d
828206,Chirkunda,Jharkhand,Y,Y,d
828207,Chirkunda,Jharkhand,Y,Y,d
828209,Chirkunda,Jharkhand,Y,Y,d
828301,Dhanbad,Jharkhand,Y,Y,d
828302,Dhanbad,Jharkhand,Y,Y,d
828303,Chandankiyari,Jharkhand,Y,Y,d
828304,Dhanbad,Jharkhand,Y,Y,d
828305,Dhanbad,Jharkhand,Y,Y,d
828306,Gomoh,Jharkhand,Y,Y,d
828307,Gomoh,Jharkhand,Y,Y,d
828308,Dhanbad,Jharkhand,Y,Y,d
828309,Dhanbad,Jharkhand,Y,Y,d
828311,Chandankiyari,Jharkhand,Y,Y,d
828401,Gomoh,Jharkhand,Y,Y,d
828402,Gomoh,Jharkhand,Y,Y,d
828403,Phusro,Jharkhand,Y,Y,d
828404,Phusro,Jharkhand,Y,Y,d
828828,Dhanbad,Jharkhand,N,N,d
829101,Ramgarh,Jharkhand,Y,Y,d
829102,Ramgarh,Jharkhand,Y,Y,d
829103,Ramgarh,Jharkhand,Y,Y,d
829104,Phusro,Jharkhand,Y,Y,d
829105,Patratu,Jharkhand,Y,Y,d
829106,Patratu,Jharkhand,Y,Y,d
829107,Phusro,Jharkhand,Y,Y,d
829108,Ramgarh,Jharkhand,Y,Y,d
829109,RAMGARH,Jharkhand,Y,Y,d
829110,Peterbar,Jharkhand,Y,Y,d
829111,Phusro,Jharkhand,Y,Y,d
829112,Gumia,Jharkhand,Y,Y,d
829113,Phusro,Jharkhand,Y,Y,d
829114,Phusro,Jharkhand,Y,Y,d
829115,Phusro,Jharkhand,Y,Y,d
829116,Phusro,Jharkhand,Y,Y,d
829117,Ramgarh,Jharkhand,Y,Y,d
829118,Patratu,Jharkhand,Y,Y,d
829119,Patratu,Jharkhand,Y,Y,d
829120,Patratu,Jharkhand,Y,Y,d
829121,Peterbar,Jharkhand,Y,Y,d
829122,Ramgarh,Jharkhand,Y,Y,d
829123,Peterbar,Jharkhand,Y,Y,d
829124,Patratu,Jharkhand,Y,Y,d
829125,Patratu,Jharkhand,Y,Y,d
829126,Patratu,Jharkhand,Y,Y,d
829127,Gumia,Jharkhand,Y,Y,d
829128,Peterbar,Jharkhand,Y,Y,d
829129,Ramgarh,Jharkhand,Y,Y,d
829130,Kedla,Jharkhand,Y,Y,d
829131,Ramgarh,Jharkhand,Y,Y,d
829132,Phusro,Jharkhand,Y,Y,d
829133,Patratu,Jharkhand,Y,Y,d
829134,Kedla,Jharkhand,Y,Y,d
829135,Patratu,Jharkhand,Y,Y,d
829136,Peterwar,Jharkhand,N,N,d
829137,Ramgarh,Jharkhand,Y,Y,d
829138,Phusro,Jharkhand,Y,Y,d
829141,Jarmundi,Jharkhand,Y,Y,d
829143,Patratu,Jharkhand,Y,Y,d
829144,Phusro,Jharkhand,Y,Y,d
829145,Kedla,Jharkhand,Y,Y,d
829146,Ramgarh,Jharkhand,Y,Y,d
829149,Gumia,Jharkhand,Y,Y,d
829150,GOLA,Jharkhand,Y,Y,d
829167,Ramgarh,Jharkhand,Y,Y,d
829201,Khalari-JR,Jharkhand,Y,Y,d
829202,Balumath,Jharkhand,Y,Y,d
829203,Chandwa,Jharkhand,N,Y,d
829204,Barwadih,Jharkhand,N,Y,d
829205,Khalari-JR,Jharkhand,Y,Y,d
829206,Latehar,Jharkhand,Y,Y,d
829207,Latehar,Jharkhand,Y,Y,d
829208,Khalari-JR,Jharkhand,Y,Y,d
829209,Khalari-Jr,Jharkhand,Y,Y,d
829210,Khalari-JR,Jharkhand,Y,Y,d
829211,Lohardaga,Jharkhand,Y,Y,d
829301,Peterbar,Jharkhand,Y,Y,d
829302,Petarbar,Jharkhand,Y,Y,d
829317,Petarbar,Jharkhand,Y,Y,d
829412,Petarbar,Jharkhand,Y,Y,d
830000,Ranchi,Jharkhand,N,Y,d
831000,Jamshedpur,Jharkhand,Y,Y,d
831001,Jamshedpur,Jharkhand,Y,Y,d
831002,Jamshedpur,Jharkhand,Y,Y,d
831003,Jamshedpur,Jharkhand,Y,Y,d
831004,Jamshedpur,Jharkhand,Y,Y,d
831005,Jamshedpur,Jharkhand,Y,Y,d
831006,Jamshedpur,Jharkhand,Y,Y,d
831007,Jamshedpur,Jharkhand,Y,Y,d
831008,Jamshedpur,Jharkhand,Y,Y,d
831009,Jamshedpur,Jharkhand,Y,Y,d
831010,Jamshedpur,Jharkhand,Y,Y,d
831011,Jamshedpur,Jharkhand,Y,Y,d
831012,Jamshedpur,Jharkhand,Y,Y,d
831013,Jamshedpur,Jharkhand,Y,Y,d
831014,Jamshedpur,Jharkhand,Y,Y,d
831015,Jamshedpur,Jharkhand,Y,Y,d
831016,Jamshedpur,Jharkhand,Y,Y,d
831017,Jamshedpur,Jharkhand,Y,Y,d
831018,Jamshedpur,Jharkhand,Y,Y,d
831019,Jamshedpur,Jharkhand,Y,Y,d
831020,Jamshedpur,Jharkhand,Y,Y,d
831021,Jamshedpur,Jharkhand,Y,Y,d
831025,East Singhbhum,Jharkhand,N,N,d
831035,Jamshedpur,Jharkhand,Y,Y,d
831107,Jamshedpur,Jharkhand,N,N,d
831109,Patratu,Jharkhand,N,Y,d
831110,Patratu,Jharkhand,N,Y,d
831219,Ranchi,Jharkhand,N,N,d
832012,Jamshedpur,Jharkhand,Y,Y,d
832014,Jamshedpur,Jharkhand,N,N,d
832101,Chakulia,Jharkhand,Y,Y,d
832102,Ghatshila,Jharkhand,Y,Y,d
832103,Ghatshila,Jharkhand,Y,Y,d
832104,Musabani,Jharkhand,Y,Y,d
832105,Jamshedpur Reach,Jharkhand,Y,Y,d
832106,Ghatshila,Jharkhand,Y,Y,d
832107,Jamshedpur,Jharkhand,Y,Y,d
832108,Jamshedpur,Jharkhand,Y,Y,d
832109,Jamshedpur,Jharkhand,Y,Y,d
832110,Jamshedpur,Jharkhand,Y,Y,d
832111,JADUGORA,Jharkhand,N,Y,d
832112,JAMSHEDPUR,Jharkhand,N,N,d
832113,Jamshedpur,Jharkhand,Y,Y,d
832119,Seraikella,Jharkhand,Y,Y,d
832301,Chakulia,Jharkhand,Y,Y,d
832302,Chakulia,Jharkhand,Y,Y,d
832303,Ghatshila,Jharkhand,Y,Y,d
832304,Ghatshila,Jharkhand,Y,Y,d
832401,Chandil,Jharkhand,Y,Y,d
832402,Jamshedpur,Jharkhand,Y,Y,d
832403,Chandil,Jharkhand,N,Y,d
832404,Chandil,Jharkhand,Y,Y,d
833101,KHARSAWAN,Jharkhand,Y,Y,d
833102,Chakradharpur,Jharkhand,Y,Y,d
833103,Manoharpur,Jharkhand,Y,Y,d
833104,Manoharpur,Jharkhand,Y,Y,d
833105,Chakradharpur,Jharkhand,Y,Y,d
833106,Manoharpur,Jharkhand,Y,Y,d
833108,Gamhariajh,Jharkhand,Y,Y,d
833201,Chaibasa,Jharkhand,Y,Y,d
833202,Chaibasa,Jharkhand,Y,Y,d
833203,Jagannathpur,Jharkhand,Y,Y,d
833204,CHAIBASA,Jharkhand,N,Y,d
833212,Jagannathpur,Jharkhand,Y,Y,d
833213,Noamundi,Jharkhand,Y,Y,d
833214,Jagannathpur,Jharkhand,Y,Y,d
833215,Chaibasa,Jharkhand,Y,Y,d
833216,Seraikella,Jharkhand,Y,Y,d
833217,Noamundi,Jharkhand,Y,Y,d
833218,Noamundi,Jharkhand,Y,Y,d
833219,Seraikella,Jharkhand,Y,Y,d
833220,Seraikella,Jharkhand,Y,Y,d
833221,Noamundi,Jharkhand,Y,Y,d
833222,Kiriburu,Jharkhand,N,Y,d
833223,Kiriburu,Jharkhand,N,Y,d
834001,Ranchi,Jharkhand,Y,Y,d
834002,Ranchi,Jharkhand,Y,Y,d
834003,Ranchi,Jharkhand,Y,Y,d
834004,Ranchi,Jharkhand,Y,Y,d
834005,Ranchi,Jharkhand,Y,Y,d
834006,Ranchi,Jharkhand,Y,Y,d
834007,Ranchi,Jharkhand,Y,Y,d
834008,Ranchi,Jharkhand,Y,Y,d
834009,Ranchi,Jharkhand,Y,Y,d
834010,Ranchi,Jharkhand,Y,Y,d
834011,Ranchi,Jharkhand,Y,Y,d
834012,Ranchi,Jharkhand,Y,Y,d
834013,Ranchi,Jharkhand,Y,Y,d
834014,Ranchi,Jharkhand,N,N,d
834015,Ranchi,Jharkhand,N,N,d
834016,Patratu,Jharkhand,N,Y,d
834025,Ranchi,Jharkhand,Y,Y,d
834111,Mot,Bihar,N,N,d
835022,Muri,Jharkhand,Y,Y,d
835101,Jhalda,West Bengal,Y,Y,d
835102,Jhalda,West Bengal,Y,Y,d
835103,Ranchi,Jharkhand,Y,Y,d
835104,Ranchi,Jharkhand,N,N,d
835125,Hazaribagh,Jharkhand,Y,Y,d
835201,Kolebira,Jharkhand,Y,Y,d
835202,Bero,Jharkhand,Y,Y,d
835203,Bero,Jharkhand,Y,Y,d
835204,Bundu,Jharkhand,Y,Y,d
835205,Ranchi,Jharkhand,Y,Y,d
835206,Chainpurjh,Jharkhand,Y,Y,d
835207,Gumla,Jharkhand,Y,Y,d
835208,Gumla,Jharkhand,Y,Y,d
835209,Khunti,Jharkhand,Y,Y,d
835210,Khunti,Jharkhand,Y,Y,d
835211,Kolebira,Jharkhand,Y,Y,d
835212,KURDEG,Jharkhand,N,N,d
835213,Lohardaga,Jharkhand,Y,Y,d
835214,Khalari-JR,Jharkhand,Y,Y,d
835215,Ranchi,Jharkhand,Y,Y,d
835216,Khunti,Jharkhand,Y,Y,d
835217,Ranchi,Jharkhand,Y,Y,d
835218,Mahuadanr,Jharkhand,Y,Y,d
835219,Ormanjhi,Jharkhand,Y,Y,d
835220,Gumla,Jharkhand,Y,Y,d
835221,Khunti,Jharkhand,Y,Y,d
835222,Ranchi,Jharkhand,Y,Y,d
835223,Simdega,Jharkhand,Y,Y,d
835224,Simdega,Jharkhand,Y,Y,d
835225,Tamar,Jharkhand,Y,Y,d
835226,Simdega,Jharkhand,Y,Y,d
835227,Torpa,Jharkhand,Y,Y,d
835228,Simdega,Jharkhand,Y,Y,d
835229,Torpa,Jharkhand,N,Y,d
835230,Chainpurjh,Jharkhand,Y,Y,d
835231,Gumla,Jharkhand,Y,Y,d
835232,Gumla,Jharkhand,Y,Y,d
835233,Gumla,Jharkhand,Y,Y,d
835234,Khunti,Jharkhand,Y,Y,d
835235,Simdega,Jharkhand,Y,Y,d
835236,Ranchi,Jharkhand,Y,Y,d
835237,Ranchi,Jharkhand,N,N,d
835238,Ranchi,Jharkhand,Y,Y,d
835239,Bijupara,Jharkhand,Y,Y,d
835240,Ranchi,Jharkhand,Y,Y,d
835242,Latehar,Jharkhand,Y,Y,d
835244,Simdega,Jharkhand,Y,Y,d
835301,Bero,Jharkhand,Y,Y,d
835302,Lohardaga,Jharkhand,Y,Y,d
835303,Ranchi,Jharkhand,Y,Y,d
835304,Lohardaga,Jharkhand,Y,Y,d
835305,Lohardaga,Jharkhand,Y,Y,d
835306,Lohardaga,Jharkhand,Y,Y,d
835314,Gumla,Jharkhand,N,N,d
835324,Gumla,Jharkhand,Y,Y,d
835325,Bero,Jharkhand,Y,Y,d
835412,Giridih,Jharkhand,N,N,d
838303,Lohardaga,Jharkhand,Y,Y,d
838325,Lohardaga,Jharkhand,Y,Y,d
840001,Gumla,Jharkhand,Y,Y,d
841101,Hajipur,Bihar,Y,Y,d
841105,Hajipur Town,Bihar,Y,Y,d
841201,Ekma,Bihar,Y,Y,d
841202,Dighwara,Bihar,Y,Y,d
841203,Raghunathpur-BR,Bihar,Y,Y,d
841204,Ekma,Bihar,Y,Y,d
841205,Ekma,Bihar,Y,Y,d
841206,Ekma,Bihar,Y,Y,d
841207,Dighwara,Bihar,Y,Y,d
841208,Ekma,Bihar,Y,Y,d
841209,Ekma,Bihar,Y,Y,d
841210,Raghunathpur-BR,Bihar,Y,Y,d
841211,Chhapra,Bihar,Y,Y,d
841212,Ekma,Bihar,Y,Y,d
841213,Chhapra,Bihar,Y,Y,d
841214,Chhapra,Bihar,Y,Y,d
841215,Saraiya,Bihar,Y,Y,d
841216,Dighwara,Bihar,Y,Y,d
841217,Hajipur,Bihar,Y,Y,d
841218,Marhowarah,Bihar,Y,Y,d
841219,Dighwara,Bihar,Y,Y,d
841220,Ekma,Bihar,Y,Y,d
841221,Dighwara,Bihar,Y,Y,d
841222,Dighwara,Bihar,Y,Y,d
841223,Ekma,Bihar,Y,Y,d
841224,Maharajganj-BH,Bihar,Y,Y,d
841225,Dighwara,Bihar,Y,Y,d
841226,Siwan,Bihar,Y,Y,d
841227,Siwan,Bihar,Y,Y,d
841228,#REF!,#REF!,N,N,d
841231,Andar,Bihar,Y,Y,d
841232,Mirganj,Bihar,Y,Y,d
841233,Maharajganj-BH,Bihar,Y,Y,d
841234,Andar,Bihar,Y,Y,d
841235,Mairwa,Bihar,Y,Y,d
841236,Siwan,Bihar,Y,Y,d
841237,Andar,Bihar,Y,Y,d
841238,Maharajganj-BH,Bihar,Y,Y,d
841239,Mairwa,Bihar,Y,Y,d
841240,Siwan,Bihar,Y,Y,d
841241,Siwan,Bihar,Y,Y,d
841242,Maharajganj-BH,Bihar,Y,Y,d
841243,Mairwa,Bihar,Y,Y,d
841244,Maharajganj-BH,Bihar,Y,Y,d
841245,Andar,Bihar,Y,Y,d
841246,Maharajaganj,Bihar,Y,Y,d
841247,Hajipur,Bihar,Y,Y,d
841250,Maharajaganj,Bihar,Y,Y,d
841251,Hajipur,Bihar,Y,Y,d
841252,Siwan,Bihar,Y,Y,d
841253,Maharajaganj,Bihar,Y,Y,d
841254,Maharajaganj,Bihar,Y,Y,d
841255,Maharajaganj,Bihar,Y,Y,d
841256,Maharajaganj,Bihar,Y,Y,d
841286,Siwan,Bihar,Y,Y,d
841287,Andar,Bihar,Y,Y,d
841301,Chhapra,Bihar,Y,Y,d
841302,Chhapra,Bihar,Y,Y,d
841305,Chhapra,Bihar,Y,Y,d
841311,Chhapra,Bihar,Y,Y,d
841312,Chhapra,Bihar,Y,Y,d
841313,Ekma,Bihar,Y,Y,d
841316,Chhapra,Bihar,Y,Y,d
841317,Chhapra,Bihar,Y,Y,d
841318,Chhapra,Bihar,Y,Y,d
841339,Chhapra,Bihar,Y,Y,d
841401,Marhowarah,Bihar,Y,Y,d
841402,Marhowarah,Bihar,Y,Y,d
841403,Baniapur,Bihar,Y,Y,d
841404,Siwan,Bihar,Y,Y,d
841405,Gopalganj,Bihar,Y,Y,d
841406,Malmaliya,Bihar,Y,Y,d
841407,Mohammadpur,Bihar,Y,Y,d
841408,Malmaliya,Bihar,Y,Y,d
841409,Mohammadpur,Bihar,Y,Y,d
841410,Mashrakh,Bihar,Y,Y,d
841411,Marhowarah,Bihar,Y,Y,d
841412,Chhapra,Bihar,Y,Y,d
841413,Malmaliya,Bihar,Y,Y,d
841414,Chhapra,Bihar,Y,Y,d
841415,Marhowarah,Bihar,Y,Y,d
841416,Malmaliya,Bihar,Y,Y,d
841417,Mashrakh,Bihar,Y,Y,d
841418,Marhowarah,Bihar,Y,Y,d
841419,Marhowarah,Bihar,Y,Y,d
841420,Mashrakh,Bihar,Y,Y,d
841421,Mashrakh,Bihar,Y,Y,d
841422,Baniapur,Bihar,Y,Y,d
841423,Mohammadpur,Bihar,Y,Y,d
841424,Mashrakh,Bihar,Y,Y,d
841425,Kuchaikote,Bihar,Y,Y,d
841426,Bhore,Bihar,Y,Y,d
841427,Gopalganj,Bihar,Y,Y,d
841428,Gopalganj,Bihar,Y,Y,d
841429,Gopalganj,Bihar,Y,Y,d
841430,Gopalganj,Bihar,Y,Y,d
841431,Gopalganj,Bihar,Y,Y,d
841432,Mirganj,Bihar,Y,Y,d
841433,Mashrakh,Bihar,Y,Y,d
841434,Malmaliya,Bihar,Y,Y,d
841435,Mairwa,Bihar,Y,Y,d
841436,Mirganj,Bihar,Y,Y,d
841437,BHORE,Bihar,Y,Y,d
841438,Mirganj,Bihar,Y,Y,d
841439,Malmaliya,Bihar,Y,Y,d
841440,Gopalganj,Bihar,Y,Y,d
841441,Bhore,Bihar,Y,Y,d
841442,Baniapur,Bihar,Y,Y,d
841443,Marhowarah,Bihar,Y,Y,d
841446,Andar,Bihar,Y,Y,d
841447,Mashrakh,Bihar,Y,Y,d
841460,Marhowarah,Bihar,Y,Y,d
841501,Kuchaikote,Bihar,Y,Y,d
841502,Andar,Bihar,Y,Y,d
841503,Kuchaikote,Bihar,Y,Y,d
841504,Raghunathpur-BR,Bihar,Y,Y,d
841505,Kuchaikote,Bihar,Y,Y,d
841506,Maharajganj-BH,Bihar,Y,Y,d
841507,Baniapur,Bihar,Y,Y,d
841508,Bhore,Bihar,Y,Y,d
841509,Raghunathpur-BR,Bihar,Y,Y,d
841512,Maharajaganj,Bihar,Y,Y,d
841823,Mothahan,Bihar,N,N,d
842001,Muzaffarpur,Bihar,Y,Y,d
842002,Muzaffarpur,Bihar,Y,Y,d
842003,Muzaffarpur,Bihar,Y,Y,d
842004,Muzaffarpur,Bihar,Y,Y,d
842005,Muzaffarpur,Bihar,Y,Y,d
842006,Muzaffarpur,Bihar,Y,Y,d
842007,Muzaffarpur,Bihar,Y,Y,d
842008,Muzaffarpur,Bihar,Y,Y,d
842009,Muzaffarpur,Bihar,Y,Y,d
842010,Muzaffarpur,Bihar,Y,Y,d
842101,Muzaffarpur,Bihar,Y,Y,d
842507,Begusarai,Bihar,N,Y,d
843001,Sitamarhi,Sitamarhi1,Y,Y,d
843002,Sitamarhi,Bihar,Y,Y,d
843014,Muzaffarpur,Bihar,Y,Y,d
843031,Muzaffarpur,Bihar,Y,Y,d
843100,Saraiya,Bihar,N,Y,d
843101,Saraiya,Bihar,Y,Y,d
843102,Dholi,Bihar,Y,Y,d
843103,Sharfuddinpur,Bihar,Y,Y,d
843104,Dholi,Bihar,Y,Y,d
843105,Dholi,Bihar,Y,Y,d
843106,Saraiya,Bihar,Y,Y,d
843107,MUZAFFARPUR,Bihar,Y,Y,d
843108,Muzaffarpur,Bihar,Y,Y,d
843109,Motipur,Bihar,Y,Y,d
843110,Tajpur,Bihar,Y,Y,d
843111,Motipur,Bihar,Y,Y,d
843112,Saraiya,Bihar,Y,Y,d
843113,Muzaffarpur,Bihar,Y,Y,d
843114,Dholi,Bihar,Y,Y,d
843115,Sharfuddinpur,Bihar,Y,Y,d
843116,Muzaffarpur,Bihar,Y,Y,d
843117,Aurai,Bihar,Y,Y,d
843118,Sharfuddinpur,Bihar,Y,Y,d
843119,Dholi,Bihar,Y,Y,d
843120,Sahebganj-BH,Bihar,Y,Y,d
843121,Dholi,Bihar,Y,Y,d
843122,Saraiya,Bihar,Y,Y,d
843123,Saraiya,Bihar,Y,Y,d
843124,Motipur,Bihar,Y,Y,d
843125,Sahebganj-BH,Bihar,Y,Y,d
843126,Saraiya,Bihar,Y,Y,d
843127,Motipur,Bihar,Y,Y,d
843128,Minapur,Bihar,Y,Y,d
843129,Minapur,Bihar,Y,Y,d
843130,Muzaffarpur,Bihar,Y,Y,d
843131,Muzaffarpur,Bihar,Y,Y,d
843132,Muzaffarpur,Bihar,Y,Y,d
843133,Muzaffarpur,Bihar,Y,Y,d
843134,Samastipur,Bihar,Y,Y,d
843135,Sarai,Bihar,N,Y,d
843136,Dholi,Bihar,N,N,d
843137,Madhubani,Bihar,N,N,d
843138,Buxar,Bihar,Y,Y,d
843139,Dholi,Bihar,Y,Y,d
843140,Muzaffarpur,Bihar,Y,Y,d
843141,Muzaffarpur,Bihar,Y,Y,d
843142,Muzaffarpur,Bihar,Y,Y,d
843143,Saraiya,Bihar,Y,Y,d
843144,Dholi,Bihar,Y,Y,d
843145,Muzaffarpur,Bihar,Y,Y,d
843146,Muzaffarpur,Bihar,Y,Y,d
843147,Dholi,Bihar,Y,Y,d
843148,Muzaffarpur,Bihar,Y,Y,d
843149,Vaishali,Bihar,N,N,d
843150,Muzaffarpur,Bihar,N,N,d
843151,Muzaffarpur,Bihar,Y,Y,d
843152,Sahebganj-Bh,Bihar,Y,Y,d
843153,Muzaffarpur,Bihar,Y,Y,d
843154,Muzaffarpur,Bihar,Y,Y,d
843155,Muzaffarpur,Bihar,Y,Y,d
843156,Muzaffarpur,Bihar,Y,Y,d
843157,Khagaria,Bihar,N,N,d
843158,Muzaffarpur,Bihar,Y,Y,d
843159,Muzaffarpur,Bihar,Y,Y,d
843160,Muzaffarpur,Bihar,Y,Y,d
843161,Aurai,Bihar,Y,Y,d
843162,Muzaffarpur,Bihar,Y,Y,d
843163,Muzaffarpur,Bihar,Y,Y,d
843164,Muzaffarpur,Bihar,Y,Y,d
843165,Muzaffarpur,Bihar,Y,Y,d
843301,Sitamarhi,Bihar,Y,Y,d
843302,Sitamarhi,Bihar,Y,Y,d
843311,Runnisaidpur,Bihar,Y,Y,d
843312,Aurai,Bihar,Y,Y,d
843313,Dhaka,Bihar,Y,Y,d
843314,Sitamarhi,Bihar,Y,Y,d
843315,Sonbarsa,Bihar,Y,Y,d
843316,Runnisaidpur,Bihar,Y,Y,d
843317,Sonbarsa,Bihar,Y,Y,d
843318,Runnisaidpur,Bihar,Y,Y,d
843319,Pupri,Bihar,Y,Y,d
843320,Pupri,Bihar,Y,Y,d
843321,Aurai,Bihar,Y,Y,d
843322,Sonbarsa,Bihar,Y,Y,d
843323,Sitamarhi,Bihar,Y,Y,d
843324,Sitamarhi,Bihar,Y,Y,d
843325,Sheohar,Bihar,Y,Y,d
843326,Pupri,Bihar,Y,Y,d
843327,Sitamarhi,Bihar,Y,Y,d
843328,Runnisaidpur,Bihar,Y,Y,d
843329,Sheohar,Bihar,Y,Y,d
843330,Sonbarsa,Bihar,Y,Y,d
843331,Sitamarhi,Bihar,Y,Y,d
843332,Sonbarsa,Bihar,Y,Y,d
843333,Pupri,Bihar,Y,Y,d
843334,Sheohar,Bihar,Y,Y,d
843335,Sheohar,Bihar,N,Y,d
843336,Sheohar,Bihar,N,N,d
843337,Sheohar,Bihar,Y,Y,d
843338,Dhaka,Bihar,N,N,d
843339,Begusarai,Bihar,N,Y,d
843340,Sitamarhi,Bihar,Y,Y,d
843341,Sitamarhi,Bihar,Y,Y,d
843342,Sitamarhi,Bihar,Y,Y,d
843343,Patna,Bihar,N,N,d
843344,Darbhanga,Bihar,N,N,d
843346,Madhubani,Bihar,N,N,d
843347,Sitamarhi,Bihar,Y,Y,d
843348,Sitamarhi,Bihar,Y,Y,d
843349,Sitamarhi,Bihar,Y,Y,d
843350,Sitamarhi,Bihar,Y,Y,d
843351,Sheohar,Bihar,Y,Y,d
843352,Sitamarhi,Bihar,Y,Y,d
843353,Sitamarhi,Bihar,N,N,d
843354,Madhubani,Bihar,N,N,d
843355,Sitamarhi,Bihar,Y,Y,d
843357,Muzaffarpur,Bihar,N,N,d
843358,Lakhminia,Bihar,N,N,d
843359,Gopalganj,Bihar,N,N,d
843360,Aurai,Bihar,Y,Y,d
843361,Sonbarsa,Bihar,Y,Y,d
843362,Muzaffarpur,Bihar,Y,Y,d
843363,Muzaffarpur,Bihar,Y,Y,d
843364,Muzaffarpur,Bihar,Y,Y,d
843365,Muzaffarpur,Bihar,N,N,d
843366,Sitamarhi,Bihar,Y,Y,d
843367,Muzaffarpur,Bihar,Y,Y,d
843368,Muzaffarpur,Bihar,Y,Y,d
843611,Muzaffarpur,Bihar,Y,Y,d
843801,Muzaffarpur,Bihar,Y,Y,d
844101,Hajipur,Bihar,Y,Y,d
844102,Hajipur,Bihar,Y,Y,d
844103,HAJIPUR OFFICE,Bihar,Y,Y,d
844111,Saraiya,Bihar,Y,Y,d
844112,Dholi,Bihar,Y,Y,d
844113,Lalganj-BH,Bihar,Y,Y,d
844114,Lalganj-BH,Bihar,Y,Y,d
844115,HAJIPUR,Bihar,Y,Y,d
844116,Hajipur,Bihar,Y,Y,d
844117,Lalganj-BH,Bihar,Y,Y,d
844118,Muzaffarpur,Bihar,Y,Y,d
844119,Lalganj-BH,Bihar,Y,Y,d
844120,Muzaffarpur,Bihar,Y,Y,d
844121,Lalganj-BH,Bihar,Y,Y,d
844122,Hazrat Jandaha,Bihar,Y,Y,d
844123,Lalganj-BH,Bihar,Y,Y,d
844124,Hajipur,Bihar,Y,Y,d
844125,Lalganj-BH,Bihar,Y,Y,d
844126,Hazrat Jandaha,Bihar,Y,Y,d
844127,Muzaffarpur,Bihar,Y,Y,d
844128,Saraiya,Bihar,Y,Y,d
844129,Buxar,Bihar,Y,Y,d
844130,Saraiya,Bihar,N,Y,d
844131,Lalganj-BH,Bihar,Y,Y,d
844132,Saraiya,Bihar,N,Y,d
844133,Lalganj-Bh,Bihar,Y,Y,d
844134,Lalganj-Bh,Bihar,Y,Y,d
844135,Saraiya,Bihar,N,Y,d
844136,Saraiya,Bihar,N,Y,d
844137,Saraiya,Bihar,N,Y,d
844138,Saraiya,Bihar,N,Y,d
844139,Hazrat Jandaha,Bihar,Y,Y,d
844140,Saraiya,Bihar,N,Y,d
844141,Tajpur,Bihar,Y,Y,d
844501,Hazrat Jandaha,Bihar,Y,Y,d
844502,HAJIPUR TOWN,Bihar,Y,Y,d
844503,Mahnar Bazar,Bihar,Y,Y,d
844504,Mahnar Bazar,Bihar,Y,Y,d
844505,Hazrat Jandaha,Bihar,Y,Y,d
844506,Mahnar Bazar,Bihar,Y,Y,d
844507,Hazrat Jandaha,Bihar,Y,Y,d
844508,PATNA,Bihar,N,N,d
844509,Mahnar Bazar,Bihar,Y,Y,d
844510,Saraiya,Bihar,N,Y,d
844511,Saraiya,Bihar,N,Y,d
844512,Saraiya,Bihar,N,Y,d
844513,Saraiya,Bihar,N,Y,d
844514,Saraiya,Bihar,N,Y,d
844515,Saraiya,Bihar,N,Y,d
844516,Saraiya,Bihar,N,Y,d
844517,Saraiya,Bihar,N,Y,d
844518,Saraiya,Bihar,N,Y,d
844519,Saraiya,Bihar,N,Y,d
844520,Saraiya,Bihar,N,Y,d
844521,Saraiya,Bihar,N,Y,d
844522,Saraiya,Bihar,N,Y,d
844532,Bihta,Bihar,N,Y,d
845101,Bagaha,Bihar,Y,Y,d
845102,NARKAIAGANJ,Bihar,Y,Y,d
845103,Ramnagar-BR,Bihar,Y,Y,d
845104,BAGAHA,Bihar,N,Y,d
845105,Bagaha,Bihar,Y,Y,d
845106,Narkatiaganj,Bihar,Y,Y,d
845107,Valmiki Nagar,Bihar,Y,Y,d
845113,Katihar,Bihar,Y,Y,d
845114,Dhaka,Bihar,N,N,d
845115,Katihar,Bihar,Y,Y,d
845116,Katihar,Bihar,Y,Y,d
845117,Katihar,Bihar,Y,Y,d
845119,Katihar,Bihar,Y,Y,d
845120,Katihar,Bihar,Y,Y,d
845145,Forbesganj,Bihar,Y,Y,d
845301,Raxaul,Bihar,Y,Y,d
845302,Motihari,Bihar,Y,Y,d
845303,Dhaka,Bihar,Y,Y,d
845304,Dhaka,Bihar,Y,Y,d
845305,Raxaul,Bihar,Y,Y,d
845306,NARKATIYAGANJ,Bihar,N,Y,d
845307,Narkatiaganj,Bihar,N,Y,d
845311,Bagaha,Bihar,Y,Y,d
845315,Motihari,Bihar,Y,Y,d
845318,Dhaka,Bihar,Y,Y,d
845335,Forbesganj,Bihar,Y,Y,d
845401,Motihari,Bihar,Y,Y,d
845402,Motihari,Bihar,Y,Y,d
845403,Sheohar,Bihar,N,Y,d
845404,BAGAHA,Bihar,N,N,d
845405,#REF!,#REF!,N,N,d
845406,Motipur,Bihar,Y,Y,d
845408,Motihari,Bihar,Y,Y,d
845411,Motihari,Bihar,Y,Y,d
845412,Chakia,Bihar,Y,Y,d
845413,Chakia,Bihar,Y,Y,d
845414,Chakia,Bihar,Y,Y,d
845415,Dhaka,Bihar,Y,Y,d
845416,Motihari,Bihar,Y,Y,d
845417,Motihari,Bihar,Y,Y,d
845418,Dhaka,Bihar,Y,Y,d
845419,Motihari,Bihar,Y,Y,d
845420,Chakia,Bihar,Y,Y,d
845421,Motihari,Bihar,N,Y,d
845422,Motihari,Bihar,Y,Y,d
845423,Jiwdhara,Bihar,Y,Y,d
845424,Sahebganj-BH,Bihar,Y,Y,d
845425,Motihari,Bihar,Y,Y,d
845426,Chakia,Bihar,Y,Y,d
845427,Dhaka,Bihar,Y,Y,d
845428,MUZAFFARPUR,Bihar,Y,Y,d
845429,Jiwdhara,Bihar,Y,Y,d
845430,Sheohar,Bihar,Y,Y,d
845431,Sugauli,Bihar,Y,Y,d
845432,Sahebganj-BH,Bihar,Y,Y,d
845433,Raxaul,Bihar,Y,Y,d
845434,Jiwdhara,Bihar,Y,Y,d
845435,Sugauli,Bihar,Y,Y,d
845436,SHEOHAR,Bihar,Y,Y,d
845437,Jiwdhara,Bihar,Y,Y,d
845438,Bettiah,Bihar,Y,Y,d
845439,#REF!,#REF!,N,N,d
845440,Bettiah,Bihar,Y,Y,d
845441,#REF!,#REF!,N,N,d
845449,Bettiah,Bihar,Y,Y,d
845450,Bettiah,Bihar,Y,Y,d
845451,Narkatiaganj,Bihar,Y,Y,d
845452,Lauria Nandangarh,Bihar,Y,Y,d
845453,Lauria Nandangarh,Bihar,Y,Y,d
845454,Bettiah,Bihar,Y,Y,d
845455,Narkatiaganj,Bihar,Y,Y,d
845456,Sugauli,Bihar,Y,Y,d
845457,Dhaka,Bihar,Y,Y,d
845458,Motihari,Bihar,Y,Y,d
845459,Bettiah,Bihar,Y,Y,d
845460,Bettiah,Bihar,Y,Y,d
845461,Bettiah,Bihar,Y,Y,d
845462,Bettiah,Bihar,Y,Y,d
845463,Bettiah,Bihar,Y,Y,d
845464,Bettiah,Bihar,Y,Y,d
845465,Muzaffarpur,Bihar,Y,Y,d
845466,Bettiah,Bihar,Y,Y,d
845468,Bettiah,Bihar,Y,Y,d
845471,Bettiah,Bihar,Y,Y,d
845472,Aurangabad,Maharashtra,N,Y,b
845473,Bettiah,Bihar,Y,Y,d
845474,Bettiah,Bihar,Y,Y,d
845475,Bettiah,Bihar,Y,Y,d
845476,Bettiah,Bihar,Y,Y,d
845477,Bettiah,Bihar,Y,Y,d
845478,Bettiah,Bihar,Y,Y,d
845479,Bettiah,Bihar,Y,Y,d
845480,Bettiah,Bihar,Y,Y,d
845481,Bettiah,Bihar,Y,Y,d
845483,Bettiah,Bihar,Y,Y,d
845485,Bettiah,Bihar,Y,Y,d
845486,Bettiah,Bihar,Y,Y,d
845487,Bettiah,Bihar,Y,Y,d
845488,Motihari,Bihar,N,Y,d
845490,Bettiah,Bihar,Y,Y,d
845491,Bettiah,Bihar,Y,Y,d
845492,Bettiah,Bihar,Y,Y,d
845494,Bettiah,Bihar,Y,Y,d
845495,Samastipur,Bihar,N,Y,d
845496,Bettiah,Bihar,Y,Y,d
845497,Motihari,Bihar,N,Y,d
845498,Bettiah,Bihar,Y,Y,d
845499,Bettiah,Bihar,Y,Y,d
845500,Bettiah,Bihar,Y,Y,d
845501,Bettiah,Bihar,Y,Y,d
845502,Chakia,Bihar,N,Y,d
845504,Motihari,Bihar,N,Y,d
845505,Dhaka,Bihar,N,N,d
845508,Bettiah,Bihar,Y,Y,d
845509,Bettiah,Bihar,Y,Y,d
845513,Bettiah,Bihar,Y,Y,d
845514,Motihari,Bihar,N,Y,d
845515,Motihari,Bihar,N,Y,d
845518,Motihari,Bihar,N,Y,d
845519,Motihari,Bihar,Y,Y,d
845520,Darbhanga,Bihar,Y,Y,d
845522,Narkatiaganj,Bihar,Y,Y,d
845523,Darbhanga,Bihar,Y,Y,d
845524,Darbhanga,Bihar,Y,Y,d
846001,Darbhanga,Bihar,Y,Y,d
846002,Darbhanga,Bihar,Y,Y,d
846003,Darbhanga,Bihar,Y,Y,d
846004,Darbhanga,Bihar,Y,Y,d
846005,Darbhanga,Bihar,Y,Y,d
846006,Darbhanga,Bihar,Y,Y,d
846007,Darbhanga,Bihar,Y,Y,d
846008,Darbhanga,Bihar,Y,Y,d
846009,Darbhanga,Bihar,Y,Y,d
846010,#REF!,#REF!,N,N,d
847101,Darbhanga,Bihar,Y,Y,d
847102,Benipatti,Bihar,Y,Y,d
847103,Benipur,Bihar,Y,Y,d
847104,Bharwara,Bihar,Y,Y,d
847105,Singhia,Bihar,Y,Y,d
847106,Bharwara,Bihar,Y,Y,d
847107,Sharfuddinpur,Bihar,Y,Y,d
847108,Phulparas,Bihar,Y,Y,d
847109,Jhanjharpur,Bihar,Y,Y,d
847110,Madhubani,Bihar,N,N,d
847111,Madhubani,Bihar,N,Y,d
847112,Madhubani,Bihar,Y,Y,d
847113,Darbhanga,Bihar,Y,Y,d
847114,Madhubani,Bihar,N,N,d
847115,Madhubani,Bihar,Y,Y,d
847116,Darbhanga,Bihar,Y,Y,d
847117,Darbhanga,Bihar,Y,Y,d
847118,Darbhanga,Bihar,Y,Y,d
847119,Bharwara,Bihar,Y,Y,d
847120,Darbhanga,Bihar,Y,Y,d
847121,Darbhanga,Bihar,Y,Y,d
847122,Darbhanga,Bihar,Y,Y,d
847123,Bharwara,Bihar,Y,Y,d
847124,Bharwara,Bihar,Y,Y,d
847125,Bhachau,Gujarat,N,N,d
847201,Benipur,Bihar,Y,Y,d
847202,Benipur,Bihar,Y,Y,d
847203,Benipur,Bihar,Y,Y,d
847204,JHANJHARPUR,Bihar,Y,Y,d
847211,Madhubani,Bihar,Y,Y,d
847212,Madhubani,Bihar,Y,Y,d
847213,Madhubani,Bihar,Y,Y,d
847214,Madhubani,Bihar,Y,Y,d
847215,Madhubani,Bihar,Y,Y,d
847222,Benipatti,Bihar,Y,Y,d
847223,Benipatti,Bihar,Y,Y,d
847224,Sugauna,Bihar,Y,Y,d
847225,Basopatti,Bihar,Y,Y,d
847226,Madhubani,Bihar,Y,Y,d
847227,Khutauna,Bihar,Y,Y,d
847228,Madhubani,Bihar,Y,Y,d
847229,Madhubani,Bihar,Y,Y,d
847230,Basopatti,Bihar,Y,Y,d
847231,Madhubani,Bihar,Y,Y,d
847232,Khutauna,Bihar,Y,Y,d
847233,Benipur,Bihar,Y,Y,d
847234,Madhubani,Bihar,Y,Y,d
847235,Sugauna,Bihar,Y,Y,d
847236,Madhubani,Bihar,Y,Y,d
847237,Madhubani,Bihar,Y,Y,d
847238,Madhubani,Bihar,Y,Y,d
847239,Madhubani,Bihar,Y,Y,d
847240,Basopatti,Bihar,Y,Y,d
847246,Madhubani,Bihar,N,N,d
847247,Madhubani,Bihar,N,N,d
847248,Madhubani,Bihar,N,N,d
847249,Forbesganj,Bihar,Y,Y,d
847250,Madhubani,Bihar,N,N,d
847251,Madhubani,Bihar,N,N,d
847252,Madhubani,Bihar,N,N,d
847253,Madhubani,Bihar,N,N,d
847254,Sultanganj,Bihar,N,Y,d
847256,Madhubani,Bihar,N,N,d
847257,Madhubani,Bihar,N,N,d
847301,KalyanpurBR,Bihar,Y,Y,d
847302,Pupri,Bihar,Y,Y,d
847303,Bharwara,Bihar,Y,Y,d
847304,Bharwara,Bihar,Y,Y,d
847305,Benipatti,Bihar,Y,Y,d
847306,Darbhanga,Bihar,Y,Y,d
847307,Bharwara,Bihar,Y,Y,d
847308,Basopatti,Bihar,Y,Y,d
847309,Balugaon,Orissa,Y,Y,d
847311,Rusera,Bihar,Y,Y,d
847313,Pupri,Bihar,Y,Y,d
847337,Madhubani,Bihar,Y,Y,d
847401,Sugauna,Bihar,Y,Y,d
847402,Phulparas,Bihar,Y,Y,d
847403,Jhanjharpur,Bihar,Y,Y,d
847404,Jhanjharpur,Bihar,Y,Y,d
847405,Benipur,Bihar,Y,Y,d
847406,Basopatti,Basopatti,N,Y,d
847407,Jhanjharpur,Bihar,Y,Y,d
847408,Jhanjharpur,Bihar,Y,Y,d
847409,Phulparas,Bihar,Y,Y,d
847410,Jhanjharpur,Bihar,Y,Y,d
847411,Jhanjharpur,Bihar,Y,Y,d
847412,Jhanjharpur,Bihar,Y,Y,d
847421,Khutauna,Bihar,Y,Y,d
847422,Benipur,Bihar,Y,Y,d
847423,BENIPUR,Bihar,N,Y,d
847424,Madhubani,Bihar,Y,Y,d
847425,Jhanjharpur,Bihar,Y,Y,d
847426,Jhanjharpur,Bihar,Y,Y,d
847427,Benipur,Bihar,Y,Y,d
847428,Bharwara,Bihar,Y,Y,d
847429,Darbhanga,Bihar,Y,Y,d
847451,NIRMALI,Bihar,Y,Y,d
847452,Phulparas,Bihar,Y,Y,d
848101,Samastipur,Bihar,Y,Y,d
848102,Samastipur,Bihar,Y,Y,d
848103,Samastipur,Bihar,Y,Y,d
848104,Samastipur,Bihar,N,N,d
848109,Samastipur,Bihar,Y,Y,d
848110,Samastipur,Bihar,Y,Y,d
848111,Samastipur,Bihar,N,Y,d
848112,Rusera,Bihar,Y,Y,d
848113,Tajpur,Bihar,Y,Y,d
848114,Dalsingh Sarai,Bihar,Y,Y,d
848115,Dholi,Bihar,Y,Y,d
848116,Dalsingh Sarai,Bihar,Y,Y,d
848117,Rusera,Bihar,Y,Y,d
848118,Dalsingh Sarai,Bihar,Y,Y,d
848121,Samastipur,Bihar,Y,Y,d
848122,Tajpur,Bihar,Y,Y,d
848124,Samastipur,Bihar,N,Y,d
848125,KalyanpurBR,Bihar,Y,Y,d
848127,Samastipur,Bihar,Y,Y,d
848128,Dalsinghsarai,Bihar,N,Y,d
848129,Samastipur,Bihar,Y,Y,d
848130,Tajpur,Bihar,Y,Y,d
848131,Tajpur,Bihar,Y,Y,d
848132,Samastipur,Bihar,Y,Y,d
848133,KalyanpurBR,Bihar,Y,Y,d
848134,Samastipur,Bihar,Y,Y,d
848135,Samastipur,Bihar,Y,Y,d
848136,Samastipur,Bihar,N,Y,d
848137,Samastipur,Bihar,N,Y,d
848138,Samastipur,Bihar,Y,Y,d
848139,Rusera,Bihar,N,Y,d
848140,Samastipur,Bihar,N,Y,d
848142,Tajpur,Bihar,Y,Y,d
848144,Samastipur,Bihar,N,Y,d
848148,Samastipur,Bihar,N,Y,d
848149,Samastipur,Bihar,N,Y,d
848150,Bihar Sharif,Bihar,N,N,d
848151,Biharsharif,Bihar,Y,Y,d
848152,Biharsharif,Bihar,Y,Y,d
848153,Biharsharif,Bihar,Y,Y,d
848154,Biharsharif,Bihar,Y,Y,d
848155,Samastipur,Bihar,N,Y,d
848156,Biharsharif,Bihar,Y,Y,d
848157,Biharsharif,Bihar,Y,Y,d
848159,Biharsharif,Bihar,Y,Y,d
848160,Dalsingh Sarai,Bihar,Y,Y,d
848177,Samastipur,Bihar,N,Y,d
848183,Samastipur,Bihar,N,Y,d
848201,Manjhaul,Bihar,Y,Y,d
848202,MAJHAUL,Bihar,N,Y,d
848203,Manjhaul,Bihar,Y,Y,d
848204,Manjhaul,Bihar,Y,Y,d
848205,Singhia,Bihar,Y,Y,d
848206,Singhia,Bihar,N,N,d
848207,RUSERA,Bihar,Y,Y,d
848208,Rusera,Bihar,Y,Y,d
848209,Singhia,Bihar,Y,Y,d
848210,Rusera,Bihar,Y,Y,d
848211,Rusera,Bihar,Y,Y,d
848213,Singhia,Bihar,Y,Y,d
848214,Dalsingh Sarai,Bihar,N,Y,d
848216,Rusera,Bihar,Y,Y,d
848218,Tajpur,Bihar,Y,Y,d
848220,RUSERA,Bihar,Y,Y,d
848226,Dumraon,Bihar,N,Y,d
848232,Samastipur,Bihar,N,N,d
848236,Rusera,Bihar,Y,Y,d
848237,RUSERA,Bihar,N,N,d
848239,Rusera,Bihar,N,Y,d
848301,KalyanpurBR,Bihar,Y,Y,d
848302,KalyanpurBR,Bihar,Y,Y,d
848303,Samastipur,Bihar,Y,Y,d
848501,Mohiuddin Nagar,Bihar,Y,Y,d
848502,Mohiuddin Nagar,Bihar,Y,Y,d
848503,Dalsingh Sarai,Bihar,Y,Y,d
848504,Mohiuddin Nagar,Bihar,Y,Y,d
848505,Tajpur,Bihar,Y,Y,d
848506,Mohiuddin Nagar,Bihar,Y,Y,d
848507,Dalsingh Sarai,Bihar,Y,Y,d
848509,Patna,Bihar,Y,Y,d
848510,Samastipur,Bihar,N,Y,d
848511,Dalsingh Sarai,Bihar,Y,Y,d
848512,Samastipur,Bihar,N,Y,d
848514,BACHHAWARA,Bihar,N,N,d
848516,Tajpur,Bihar,Y,Y,d
848518,Dalsingh Sarai,Bihar,N,Y,d
848519,Dalsingh Sarai,Bihar,N,N,d
851026,Begusarai,Bihar,Y,Y,d
851101,Begusarai,Bihar,Y,Y,d
851102,Begusarai,Bihar,Y,Y,d
851107,Begusarai,Bihar,Y,Y,d
851110,Begusarai,Bihar,Y,Y,d
851111,DALSINGH SARAI,Bihar,Y,Y,d
851112,Barauni,Bihar,Y,Y,d
851113,Barauni,Bihar,Y,Y,d
851114,Begusarai,Bihar,Y,Y,d
851115,Barauni,Bihar,Y,Y,d
851116,Barauni,Bihar,Y,Y,d
851117,Begusarai,Bihar,Y,Y,d
851118,Barauni,Bihar,Y,Y,d
851119,Barauni,Bihar,Y,Y,d
851120,Barauni,Bihar,Y,Y,d
851121,BARAUNI,Bihar,N,N,d
851122,Barauni,Bihar,Y,Y,d
851126,Barauni,Bihar,Y,Y,d
851127,Manjhaul,Bihar,Y,Y,d
851128,Dalsingh Sarai,Bihar,Y,Y,d
851129,BEGUSARAI,Bihar,N,Y,d
851130,Manjhaul,Bihar,Y,Y,d
851131,Begusarai,Bihar,Y,Y,d
851132,Manjhaul,Bihar,Y,Y,d
851133,Barauni,Bihar,Y,Y,d
851134,Begusarai,Bihar,Y,Y,d
851135,Barauni,Bihar,Y,Y,d
851136,Begusarai,Bihar,Y,Y,d
851137,Begusarai,Bihar,Y,Y,d
851138,Begusarai,Bihar,Y,Y,d
851139,Begusarai,Bihar,Y,Y,d
851201,Maheshkhunt,Bihar,Y,Y,d
851202,Maheshkhunt,Bihar,Y,Y,d
851203,Maheshkhunt,Bihar,Y,Y,d
851204,Khagaria,Bihar,Y,Y,d
851205,Khagaria,Bihar,Y,Y,d
851206,Khagaria,Bihar,Y,Y,d
851209,Begusarai,Bihar,Y,Y,d
851210,Begusarai,Bihar,Y,Y,d
851211,Sahebpur Kamal,Bihar,Y,Y,d
851212,Maheshkhunt,Bihar,Y,Y,d
851213,Maheshkhunt,Bihar,Y,Y,d
851214,Khagaria,Bihar,Y,Y,d
851215,Khagaria,Bihar,Y,Y,d
851216,PARBATTA,Bihar,Y,Y,d
851217,Sahebpur Kamal,Bihar,Y,Y,d
851218,Begusarai,Bihar,Y,Y,d
851219,Sahebpur Kamal,Bihar,Y,Y,d
851220,Khagaria,Bihar,Y,Y,d
851221,Lakhminia,Bihar,N,N,d
851222,Lakhminia,Bihar,N,N,d
851223,Bihta,Bihar,N,Y,d
851225,Begusarai,Bihar,Y,Y,d
851228,Begusarai,Bihar,Y,Y,d
851351,Dhanbad,Jharkhand,N,N,d
852101,Udakishanganj,Bihar,Y,Y,d
852105,Simrahi Bazar,Bihar,Y,Y,d
852106,Saharsa,Bihar,N,Y,d
852107,Madhepura,Bihar,Y,Y,d
852108,Supaul,Bihar,Y,Y,d
852109,Simrahi Bazar,Bihar,Y,Y,d
852110,Supaul,Bihar,Y,Y,d
852111,Simrahi Bazar,Bihar,Y,Y,d
852112,Kumarkhand,Bihar,Y,Y,d
852113,Madhepura,Bihar,Y,Y,d
852114,Madhepura,Bihar,Y,Y,d
852115,Udakishanganj,Bihar,Y,Y,d
852116,Udakishanganj,Bihar,Y,Y,d
852121,Madhepura,Bihar,N,Y,d
852122,Murliganj,Bihar,Y,Y,d
852123,SAHASRA,Bihar,N,N,d
852124,Saharsa,Bihar,N,Y,d
852125,Simrahi Bazar,Bihar,Y,Y,d
852126,Sonbarsa-BH,Bihar,Y,Y,d
852127,Sonbarsa-BH,Bihar,Y,Y,d
852128,Madhepura,Bihar,Y,Y,d
852129,Sonbarsa-Bh,Bihar,Y,Y,d
852130,Supaul,Bihar,Y,Y,d
852131,Supaul,Bihar,Y,Y,d
852132,MADHEPURA,Bihar,N,Y,d
852133,Supaul Office,Bihar,N,Y,d
852134,#REF!,#REF!,N,N,d
852136,Supaul,Bihar,N,Y,d
852137,Triveninganj,Bihar,Y,Y,d
852138,Supaul,Bihar,Y,Y,d
852139,Triveninganj,Bihar,Y,Y,d
852141,Madhepura,Bihar,N,N,d
852145,Katihar,Bihar,Y,Y,d
852147,Udakishanganj,Bihar,N,N,d
852148,Supaul,Bihar,N,Y,d
852151,Munger,Bihar,Y,Y,d
852153,Madhepura,Bihar,N,N,d
852154,Katihar,Bihar,Y,Y,d
852156,Supaul,Bihar,N,Y,d
852157,Supaul,Bihar,N,Y,d
852158,Supaul,Bihar,N,Y,d
852159,Supaul,Bihar,N,Y,d
852160,Supaul,Bihar,N,Y,d
852161,Sonbarsa-Bh,Bihar,Y,Y,d
852171,Raghopur,Bihar,N,N,d
852201,Saharsa,Bihar,Y,Y,d
852202,Saharsa,Bihar,Y,Y,d
852210,Madhepura,Andhra Pradesh,N,N,d
852212,Saharsa,Bihar,Y,Y,d
852213,NAUGACHIA,Bihar,N,Y,d
852214,Triveninganj,Bihar,Y,Y,d
852215,Simrahi Bazar,Bihar,Y,Y,d
852216,Saharsa,Bihar,Y,Y,d
852217,Sonbarsa-Bh,Bihar,Y,Y,d
852218,Triveninganj,Bihar,Y,Y,d
852219,Udakishanganj,Bihar,Y,Y,d
852220,Udakishanganj,Bihar,Y,Y,d
852221,Saharsa,Bihar,N,Y,d
852233,Purnia,Bihar,Y,Y,d
852235,Muzaffarpur,Bihar,Y,Y,d
853201,Naugachia,Bihar,Y,Y,d
853202,Naugachia,Bihar,Y,Y,d
853203,Maheshkhunt,Bihar,Y,Y,d
853204,Naugachia,Bihar,Y,Y,d
853205,Naugachia,Bihar,Y,Y,d
853206,Naugachia,Bihar,N,Y,d
853207,Naugachia,Bihar,Y,Y,d
853208,Purnia,Bihar,Y,Y,d
853314,Sitamarhi,Bihar,N,N,d
853327,Sitamarhi,Bihar,N,N,d
854001,Purnia,Bihar,Y,Y,d
854101,Kursela,Bihar,Y,Y,d
854102,Purnia,Bihar,Y,Y,d
854103,Katihar,Bihar,Y,Y,d
854104,Kursela,Bihar,Y,Y,d
854105,Katihar,Bihar,Y,Y,d
854106,Katihar,Bihar,Y,Y,d
854107,Katihar,Bihar,Y,Y,d
854108,Korha,Bihar,Y,Y,d
854109,Katihar,Bihar,Y,Y,d
854110,#REF!,#REF!,N,N,d
854111,Katihar,Bihar,N,Y,d
854112,Manihari,Bihar,Y,Y,d
854113,Manihari,Bihar,Y,Y,d
854114,Korha,Bihar,Y,Y,d
854115,Katihar,Bihar,Y,Y,d
854116,Gauripur,Bihar,Y,Y,d
854117,Manihari,Bihar,Y,Y,d
854119,Kursela,Bihar,Y,Y,d
854123,Katihar,Bihar,Y,Y,d
854124,Katihar,Bihar,Y,Y,d
854125,Katihar,Bihar,Y,Y,d
854126,Katihar,Bihar,Y,Y,d
854127,Katihar,Bihar,Y,Y,d
854201,Araria,Bihar,Y,Y,d
854202,Banmankhi Bazar,Bihar,Y,Y,d
854203,Bhawanipur Rajdham,Bihar,Y,Y,d
854204,Bhawanipur Rajdham,Bihar,Y,Y,d
854205,Bhawanipur Rajdham,Bihar,Y,Y,d
854206,Purnia,Bihar,Y,Y,d
854207,Purnia,Bihar,Y,Y,d
854208,Purnia,Bihar,Y,Y,d
854209,Purnia,Bihar,Y,Y,d
854301,Purnia,Bihar,Y,Y,d
854302,Purnia,Bihar,Y,Y,d
854303,Purnia,Bihar,Y,Y,d
854304,Purnia,Bihar,Y,Y,d
854305,Purnia,Bihar,Y,Y,d
854306,Purnia,Bihar,Y,Y,d
854311,Araria,Bihar,Y,Y,d
854312,Araria,Bihar,Y,Y,d
854315,Purnia,Bihar,Y,Y,d
854316,Forbesganj,Bihar,Y,Y,d
854317,Katihar,Bihar,Y,Y,d
854318,Forbesganj,Bihar,Y,Y,d
854319,Purnia,Bihar,Y,Y,d
854320,Khemchand,Bihar,N,N,d
854321,Araria,Bihar,Y,Y,d
854325,Purnia,Bihar,Y,Y,d
854326,Purnia,Bihar,Y,Y,d
854327,Purnia,Bihar,Y,Y,d
854328,Forbesganj,Bihar,Y,Y,d
854329,Araria,Bihar,Y,Y,d
854330,Purnia,Bihar,Y,Y,d
854331,Forbesganj,Bihar,Y,Y,d
854332,Forbesganj,Bihar,Y,Y,d
854333,Araria,Bihar,Y,Y,d
854334,Araria,Bihar,Y,Y,d
854335,Birpur,Bihar,Y,Y,d
854336,Birpur,Bihar,Y,Y,d
854337,Purnia,Bihar,Y,Y,d
854338,Birpur,Bihar,Y,Y,d
854339,Birpur,Bihar,Y,Y,d
854340,Birpur,Bihar,Y,Y,d
854344,Forbesganj,Bihar,Y,Y,d
854347,Katihar,Bihar,Y,Y,d
854349,Purnia,Bihar,Y,Y,d
854350,Purnia,Bihar,Y,Y,d
854351,Forbesganj,Bihar,Y,Y,d
854352,Purnia,Bihar,Y,Y,d
854353,Purnia,Bihar,Y,Y,d
854354,Bettiah,Bihar,Y,Y,d
854357,Forbesganj,Bihar,Y,Y,d
854358,Purnia,Bihar,Y,Y,d
854360,Chhapra,Bihar,Y,Y,d
854364,Purnia,Bihar,Y,Y,d
854365,Purnia,Bihar,Y,Y,d
854367,Darbhanga,Bihar,Y,Y,d
854368,Sitamarhi,Bihar,Y,Y,d
854369,Basantpur,Bihar,N,N,d
855101,Bahadurganj,Bihar,Y,Y,d
855102,Katihar,Bihar,Y,Y,d
855105,Katihar,Bihar,Y,Y,d
855106,Thakurganj,Bihar,Y,Y,d
855107,Kishanganj,Bihar,Y,Y,d
855108,Kishanganj,Bihar,Y,Y,d
855113,Katihar,Bihar,Y,Y,d
855114,Katihar,Bihar,Y,Y,d
855115,Bahadurganj,Bihar,Y,Y,d
855116,Thakurganj,Bihar,Y,Y,d
855117,Thakurganj,Bihar,Y,Y,d
855120,Bahadurganj,Bihar,Y,Y,d
855121,Kishanganj,West Bengal,N,Y,d
855122,Katihar,Bihar,Y,Y,d
855124,Katihar,Bihar,Y,Y,d
855126,Purnia,Bihar,Y,Y,d
855276,Purnia,Bihar,Y,Y,d
855315,Purnia,Bihar,Y,Y,d
855456,Motihari,Bihar,N,Y,d
857225,Benipatti,Bihar,Y,Y,d
858434,Madhubani,Bihar,N,N,d
858503,Begusarai,Bihar,N,Y,d
875102,Tiptur,Karnataka,N,Y,d
888887,MYSURU,MYSURU,N,N,d
896109,Sahibganj,Jharkhand,Y,Y,d
900011,Mumbai,Maharashtra,N,Y,b
900012,Bangalore,Karnataka,N,Y,d
900013,Kolkata,West Bengal,N,Y,d
900056,#N/A,#N/A,N,N,d
900099,#N/A,#N/A,N,N,d
910000,DHAKA,KOLKATA,N,N,d
989898,Delhi Ncr,Delhi,N,Y,d
990002,Delhi,Delhi,N,N,d
990006,Mumbai,Maharashtra,N,N,d
990016,Delhi,Delhi,N,N,d
990017,Delhi,Delhi,N,N,d
990018,Delhi,Delhi,N,N,d
990019,Gurgaon,Haryana,N,N,d
990020,Faridabad,Haryana,N,N,d
990021,Noida,Uttar Pradesh,N,N,d
990022,Ghaziabad,Gujarat,N,N,d
990023,Greater Noida,Uttar Pradesh,N,N,d
990024,Delhi,Delhi,N,N,d
990025,Delhi,Delhi,N,N,d
990026,Delhi,Delhi,N,N,d
993155,NJHH CPU,HARYANA,Y,Y,d
999111,Gurgaon,Haryana,N,Y,d
999543,Gurgaon,Del/Pc1-Dmg,N,Y,d
999787,Mumbai,Maharashtra,N,N,d
999788,Pune,Maharashtra,N,N,d
999789,Mumbai,Maharashtra,N,N,d
999921,Tungaturthihub_ttr,Telangana,N,N,d
999988,Ahmedabad,Gujarat,N,N,d
999996,Kolkata,West Bengal,N,N,d
999997,Tirupur,Tamil Nadu,N,N,d
999998,Coimbatore,Tamil Nadu,N,N,d
999999,Surat,Gujarat,N,N,a